settlementdate,totaldemand,rrp_actual,rrp_base_prediction,rrp_risk_ceiling
2025-12-01 00:00:00,6679.770000,51.980000,64.848417,70.871215
2025-12-01 00:05:00,6514.430000,59.280000,64.128288,67.146532
2025-12-01 00:10:00,6615.260000,69.780000,73.989865,76.605169
2025-12-01 00:15:00,6553.270000,79.950000,68.708549,75.266087
2025-12-01 00:20:00,6467.680000,65.000000,65.818584,72.256579
2025-12-01 00:25:00,6525.810000,57.060000,68.899256,75.027209
2025-12-01 00:30:00,6420.450000,68.300000,68.041157,74.357569
2025-12-01 00:35:00,6395.720000,68.310000,67.934642,74.643449
2025-12-01 00:40:00,6355.420000,57.060000,65.715547,72.016953
2025-12-01 00:45:00,6342.710000,71.020000,62.851655,71.330821
2025-12-01 00:50:00,6297.470000,60.360000,65.405759,71.457109
2025-12-01 00:55:00,6217.100000,59.140000,59.082885,68.548403
2025-12-01 01:00:00,6236.870000,59.230000,55.242684,66.285313
2025-12-01 01:05:00,6218.460000,57.060000,60.704565,71.101279
2025-12-01 01:10:00,6261.440000,57.060000,66.560664,73.093172
2025-12-01 01:15:00,6191.630000,51.950000,66.064906,74.324749
2025-12-01 01:20:00,6160.420000,56.980000,60.710431,73.411759
2025-12-01 01:25:00,6120.540000,51.710000,42.472553,63.930089
2025-12-01 01:30:00,6186.710000,52.010000,62.875072,74.140098
2025-12-01 01:35:00,6136.180000,52.680000,62.615530,74.790392
2025-12-01 01:40:00,6164.650000,53.040000,58.293875,66.958206
2025-12-01 01:45:00,6115.930000,52.470000,57.123781,74.280877
2025-12-01 01:50:00,6036.680000,51.990000,52.647166,67.619931
2025-12-01 01:55:00,6079.510000,53.020000,53.261647,66.893902
2025-12-01 02:00:00,6034.490000,52.670000,52.879684,67.516075
2025-12-01 02:05:00,6119.040000,57.060000,59.551528,65.661138
2025-12-01 02:10:00,6073.200000,54.460000,54.056803,65.140635
2025-12-01 02:15:00,6043.570000,56.980000,49.537055,65.343355
2025-12-01 02:20:00,6077.960000,57.060000,50.639793,65.643592
2025-12-01 02:25:00,6048.380000,57.060000,49.780813,65.798346
2025-12-01 02:30:00,6063.940000,56.980000,49.537055,66.070496
2025-12-01 02:35:00,6062.910000,56.980000,49.537055,65.631161
2025-12-01 02:40:00,5996.340000,52.160000,49.537055,65.553522
2025-12-01 02:45:00,6032.630000,53.170000,49.780813,66.070496
2025-12-01 02:50:00,6036.750000,57.060000,49.780813,66.441310
2025-12-01 02:55:00,6020.970000,56.980000,48.808358,64.792499
2025-12-01 03:00:00,6003.800000,56.980000,49.048533,65.089686
2025-12-01 03:05:00,5988.720000,57.060000,52.879684,64.756036
2025-12-01 03:10:00,6071.200000,60.560000,51.164298,65.734589
2025-12-01 03:15:00,6061.270000,60.050000,51.826247,67.175597
2025-12-01 03:20:00,6056.110000,57.060000,55.029093,66.746591
2025-12-01 03:25:00,6054.530000,53.460000,55.463113,67.453443
2025-12-01 03:30:00,6036.400000,59.440000,52.235014,67.349564
2025-12-01 03:35:00,6058.050000,61.000000,59.492009,67.776592
2025-12-01 03:40:00,6125.190000,61.380000,62.252372,66.769286
2025-12-01 03:45:00,6179.940000,56.980000,61.336701,65.360491
2025-12-01 03:50:00,6167.480000,61.330000,66.602386,66.367376
2025-12-01 03:55:00,6122.940000,57.060000,61.233034,66.265168
2025-12-01 04:00:00,6222.540000,61.300000,62.252372,66.907290
2025-12-01 04:05:00,6249.120000,62.090000,67.596647,66.907290
2025-12-01 04:10:00,6298.730000,63.690000,69.744626,69.810972
2025-12-01 04:15:00,6280.460000,65.000000,70.583248,70.105044
2025-12-01 04:20:00,6364.950000,74.420000,68.994630,67.517511
2025-12-01 04:25:00,6365.540000,72.840000,66.133560,69.065047
2025-12-01 04:30:00,6316.580000,73.940000,66.747542,71.300204
2025-12-01 04:35:00,6379.310000,65.000000,70.071100,74.120142
2025-12-01 04:40:00,6391.740000,63.680000,69.260973,72.435892
2025-12-01 04:45:00,6369.950000,65.000000,62.918938,70.094186
2025-12-01 04:50:00,6474.520000,72.040000,70.071100,73.100177
2025-12-01 04:55:00,6465.750000,64.400000,69.379749,71.603202
2025-12-01 05:00:00,6541.990000,65.000000,69.940327,73.190670
2025-12-01 05:05:00,6459.410000,62.030000,67.651384,72.550736
2025-12-01 05:10:00,6574.490000,61.560000,68.314953,73.377990
2025-12-01 05:15:00,6575.630000,53.600000,67.651384,74.064095
2025-12-01 05:20:00,6684.170000,54.410000,73.697811,78.553885
2025-12-01 05:25:00,6766.480000,57.060000,71.589049,77.810374
2025-12-01 05:30:00,6709.480000,33.700000,69.616337,74.309940
2025-12-01 05:35:00,6663.480000,51.670000,53.399340,69.030272
2025-12-01 05:40:00,6709.230000,36.060000,44.806310,62.753487
2025-12-01 05:45:00,6691.880000,32.820000,37.784374,60.992572
2025-12-01 05:50:00,6662.140000,0.030000,24.735640,51.966024
2025-12-01 05:55:00,6671.790000,31.840000,7.005291,49.194267
2025-12-01 06:00:00,6679.730000,0.000000,5.361830,46.057193
2025-12-01 06:05:00,6624.560000,0.000000,1.093038,43.774028
2025-12-01 06:10:00,6648.170000,0.000000,0.046263,39.173510
2025-12-01 06:15:00,6667.490000,16.330000,-0.788834,38.793156
2025-12-01 06:20:00,6658.800000,0.000000,-0.974171,34.376323
2025-12-01 06:25:00,6692.940000,-0.100000,-1.018911,34.196966
2025-12-01 06:30:00,6634.530000,-3.970000,-0.923655,30.939578
2025-12-01 06:35:00,6492.920000,0.000000,0.451168,32.855915
2025-12-01 06:40:00,6545.840000,-0.100000,0.209443,29.705851
2025-12-01 06:45:00,6545.330000,-4.000000,0.171907,28.829662
2025-12-01 06:50:00,6413.310000,-3.960000,-1.475541,15.149201
2025-12-01 06:55:00,6293.660000,-3.840000,0.224769,29.133091
2025-12-01 07:00:00,6285.870000,-3.770000,-4.720152,6.731048
2025-12-01 07:05:00,6247.960000,-3.800000,-6.003554,6.502935
2025-12-01 07:10:00,6196.500000,-3.840000,-6.149259,6.676509
2025-12-01 07:15:00,6057.120000,-4.680000,0.092944,15.488828
2025-12-01 07:20:00,5997.250000,-6.160000,-6.668514,2.085866
2025-12-01 07:25:00,6055.260000,0.000000,-6.606527,-0.113176
2025-12-01 07:30:00,6028.800000,-7.170000,-10.051465,-0.732168
2025-12-01 07:35:00,5959.030000,-3.590000,-6.518017,2.187109
2025-12-01 07:40:00,5837.320000,-6.400000,-6.255898,-0.142965
2025-12-01 07:45:00,5761.610000,-6.240000,-10.037021,-1.103142
2025-12-01 07:50:00,5719.660000,-6.230000,-9.790771,-0.652485
2025-12-01 07:55:00,5649.920000,-7.190000,-9.637875,-1.724302
2025-12-01 08:00:00,5633.880000,-8.650000,-9.658658,-1.692563
2025-12-01 08:05:00,5684.140000,-9.680000,-9.575544,-1.639188
2025-12-01 08:10:00,5612.470000,-7.830000,-9.575544,-1.414986
2025-12-01 08:15:00,5557.570000,-10.500000,-11.338675,-3.862801
2025-12-01 08:20:00,5542.320000,-10.750000,-10.879275,-3.493101
2025-12-01 08:25:00,5447.290000,-12.670000,-6.104487,-0.268720
2025-12-01 08:30:00,5381.470000,-13.490000,-12.453777,-6.476853
2025-12-01 08:35:00,5369.770000,-15.020000,-10.327792,-6.476853
2025-12-01 08:40:00,5326.100000,-14.990000,-11.158868,-6.153548
2025-12-01 08:45:00,5246.370000,-16.000000,-10.767838,-4.280673
2025-12-01 08:50:00,5134.920000,-19.620000,-11.549440,-6.099302
2025-12-01 08:55:00,5187.290000,-17.790000,-12.919147,-4.033693
2025-12-01 09:00:00,5009.930000,-16.230000,-12.272104,-6.773092
2025-12-01 09:05:00,5086.730000,-13.350000,-11.114475,-7.570974
2025-12-01 09:10:00,5122.270000,-14.390000,-12.505527,-6.274109
2025-12-01 09:15:00,5095.730000,-14.390000,-11.602938,-11.997545
2025-12-01 09:20:00,5080.250000,-15.290000,-13.442516,-12.147855
2025-12-01 09:25:00,5084.510000,-13.250000,-15.058837,-12.760857
2025-12-01 09:30:00,5025.210000,-15.450000,-14.375770,-13.082980
2025-12-01 09:35:00,5099.240000,-16.020000,-14.559772,-13.758893
2025-12-01 09:40:00,5157.520000,-14.030000,-14.253885,-12.880885
2025-12-01 09:45:00,5191.410000,-13.630000,-14.350898,-14.194603
2025-12-01 09:50:00,5241.420000,-10.120000,-17.611593,-12.777781
2025-12-01 09:55:00,5292.400000,-8.320000,-16.345646,-11.546773
2025-12-01 10:00:00,5203.190000,-11.300000,-14.729801,-14.337868
2025-12-01 10:05:00,5244.810000,-8.320000,-16.056556,-11.884431
2025-12-01 10:10:00,5162.410000,-8.070000,-13.516734,-13.382842
2025-12-01 10:15:00,5128.090000,-11.010000,-13.735703,-12.835795
2025-12-01 10:20:00,5093.510000,-14.160000,-16.502138,-13.815907
2025-12-01 10:25:00,5174.900000,-14.400000,-14.496370,-11.990051
2025-12-01 10:30:00,4918.860000,-14.070000,-16.671171,-13.449175
2025-12-01 10:35:00,4883.710000,-16.000000,-17.376683,-15.501203
2025-12-01 10:40:00,4861.800000,-16.840000,-17.816513,-15.230930
2025-12-01 10:45:00,4826.170000,-17.160000,-16.833624,-14.082281
2025-12-01 10:50:00,4860.560000,-18.320000,-14.323254,-12.349875
2025-12-01 10:55:00,4897.800000,-19.980000,-14.316356,-5.688185
2025-12-01 11:00:00,5086.650000,-18.470000,-15.034376,-9.734058
2025-12-01 11:05:00,5090.190000,-12.780000,-13.908777,-5.786006
2025-12-01 11:10:00,5075.170000,-10.280000,-13.234898,-4.850517
2025-12-01 11:15:00,5184.520000,-9.740000,-13.600479,-12.883866
2025-12-01 11:20:00,5213.560000,-12.830000,-13.857394,-13.413159
2025-12-01 11:25:00,5150.360000,-11.970000,-13.857394,-13.569180
2025-12-01 11:30:00,5028.060000,-12.720000,-14.100900,-13.336022
2025-12-01 11:35:00,4977.120000,-11.900000,-12.992334,-11.392719
2025-12-01 11:40:00,4982.220000,-18.350000,-10.734053,-8.638207
2025-12-01 11:45:00,4819.820000,-12.460000,-13.053732,-8.524178
2025-12-01 11:50:00,4858.320000,-11.840000,-12.853629,-8.345421
2025-12-01 11:55:00,4986.030000,-12.860000,-13.968298,-9.698146
2025-12-01 12:00:00,5004.930000,-11.010000,-15.355357,-10.943600
2025-12-01 12:05:00,4990.430000,-18.970000,-14.120122,-11.774041
2025-12-01 12:10:00,5104.480000,-17.440000,-11.337082,-11.583846
2025-12-01 12:15:00,5113.910000,-16.110000,-10.602427,-11.243102
2025-12-01 12:20:00,5143.560000,-11.010000,-13.324205,-12.135082
2025-12-01 12:25:00,5079.410000,-12.610000,-11.337082,-11.832363
2025-12-01 12:30:00,5017.930000,-18.160000,-14.357014,-12.236990
2025-12-01 12:35:00,5040.520000,-17.730000,-10.662217,-11.565907
2025-12-01 12:40:00,5197.630000,-13.000000,-15.382216,-11.542943
2025-12-01 12:45:00,5250.260000,-16.160000,-11.859305,-11.321224
2025-12-01 12:50:00,5439.320000,-17.610000,-9.639081,-10.587601
2025-12-01 12:55:00,5445.750000,-15.360000,-13.205101,-11.137616
2025-12-01 13:00:00,5694.650000,-12.850000,-3.866282,-0.262316
2025-12-01 13:05:00,5771.170000,-9.940000,-5.835039,-3.037864
2025-12-01 13:10:00,5901.180000,-10.790000,-7.501875,-2.152656
2025-12-01 13:15:00,5867.410000,-9.860000,-4.601360,-1.499045
2025-12-01 13:20:00,5997.360000,-12.810000,-3.761264,-0.120391
2025-12-01 13:25:00,6138.010000,-11.010000,-5.711192,-0.410237
2025-12-01 13:30:00,6200.390000,-10.060000,-7.698771,-2.318616
2025-12-01 13:35:00,6195.850000,-9.500000,-7.568271,-2.419504
2025-12-01 13:40:00,6123.350000,-11.460000,-5.668401,-0.488372
2025-12-01 13:45:00,6117.170000,-11.230000,-6.329573,-1.408638
2025-12-01 13:50:00,6120.820000,-10.830000,-7.688311,-3.039245
2025-12-01 13:55:00,6128.240000,-10.970000,-5.957205,-1.423092
2025-12-01 14:00:00,6124.760000,-8.880000,-7.419528,-1.105272
2025-12-01 14:05:00,6197.830000,-8.930000,-6.052530,-1.185485
2025-12-01 14:10:00,6268.380000,-8.290000,-5.149730,-1.084385
2025-12-01 14:15:00,6277.920000,-7.550000,-6.875265,-1.107903
2025-12-01 14:20:00,6451.560000,-6.840000,-7.332652,-0.963218
2025-12-01 14:25:00,6539.210000,-7.110000,-3.143154,-0.358467
2025-12-01 14:30:00,6601.190000,-6.950000,-2.418938,-0.358124
2025-12-01 14:35:00,6667.630000,0.000000,-3.677365,-0.120177
2025-12-01 14:40:00,6868.490000,0.000000,-2.149098,0.628220
2025-12-01 14:45:00,6935.310000,72.260000,-1.723202,4.136727
2025-12-01 14:50:00,6882.570000,0.000000,13.302775,72.912433
2025-12-01 14:55:00,6958.140000,44.950000,11.038545,71.567376
2025-12-01 15:00:00,6934.410000,0.000000,6.040165,66.329506
2025-12-01 15:05:00,6928.200000,14.220000,7.787029,69.347348
2025-12-01 15:10:00,7067.210000,-6.610000,5.744069,65.386086
2025-12-01 15:15:00,6888.350000,-8.720000,4.125334,64.254904
2025-12-01 15:20:00,6981.320000,-8.160000,1.338417,49.808881
2025-12-01 15:25:00,7045.360000,-8.000000,1.170064,50.517901
2025-12-01 15:30:00,7195.630000,-6.620000,1.815227,51.081303
2025-12-01 15:35:00,7031.210000,-10.130000,-0.356838,52.736083
2025-12-01 15:40:00,7079.170000,-7.420000,0.035032,54.036646
2025-12-01 15:45:00,7136.520000,-5.910000,5.275247,61.493277
2025-12-01 15:50:00,7117.890000,65.560000,3.529468,45.126764
2025-12-01 15:55:00,6986.430000,-5.010000,12.566329,70.861358
2025-12-01 16:00:00,6978.170000,-8.100000,6.317038,56.589664
2025-12-01 16:05:00,6993.220000,-8.470000,14.383088,71.249897
2025-12-01 16:10:00,7099.410000,-6.970000,8.131153,70.658914
2025-12-01 16:15:00,7122.310000,4.520000,7.274539,69.283313
2025-12-01 16:20:00,7262.150000,-6.920000,9.114371,72.198768
2025-12-01 16:25:00,7406.940000,42.040000,10.597179,74.049462
2025-12-01 16:30:00,7469.070000,30.760000,13.426049,74.031108
2025-12-01 16:35:00,7550.820000,75.190000,13.104559,73.112781
2025-12-01 16:40:00,7592.130000,59.210000,18.514533,78.070991
2025-12-01 16:45:00,7774.260000,77.710000,21.207594,87.111124
2025-12-01 16:50:00,7794.950000,84.040000,22.354494,94.913564
2025-12-01 16:55:00,7882.230000,79.950000,27.936968,98.264768
2025-12-01 17:00:00,7955.780000,101.040000,23.752023,97.110797
2025-12-01 17:05:00,8032.520000,97.270000,21.325869,116.622437
2025-12-01 17:10:00,7957.070000,95.410000,26.996099,109.963318
2025-12-01 17:15:00,7880.700000,-5.010000,40.613280,109.856090
2025-12-01 17:20:00,8092.640000,76.480000,36.450611,111.778669
2025-12-01 17:25:00,8244.800000,80.020000,51.289172,121.836492
2025-12-01 17:30:00,8276.800000,80.020000,49.725447,122.585346
2025-12-01 17:35:00,8260.000000,80.010000,68.533709,129.577484
2025-12-01 17:40:00,8262.410000,100.130000,80.894154,124.001441
2025-12-01 17:45:00,8204.580000,79.480000,58.786148,129.673116
2025-12-01 17:50:00,8299.190000,121.940000,83.149901,123.595488
2025-12-01 17:55:00,8212.330000,75.010000,73.018860,146.436760
2025-12-01 18:00:00,8174.540000,118.580000,84.499501,140.320070
2025-12-01 18:05:00,8214.060000,120.010000,84.131884,141.548123
2025-12-01 18:10:00,8130.550000,75.700000,73.584696,138.528204
2025-12-01 18:15:00,8172.780000,93.940000,54.166745,126.429919
2025-12-01 18:20:00,8100.820000,108.890000,101.861529,137.723632
2025-12-01 18:25:00,8062.100000,114.050000,95.323159,128.984330
2025-12-01 18:30:00,8167.040000,121.790000,107.082054,132.789840
2025-12-01 18:35:00,8062.410000,96.000000,111.152150,135.685663
2025-12-01 18:40:00,8155.200000,92.310000,133.571638,141.401966
2025-12-01 18:45:00,8222.590000,103.720000,120.879275,142.533747
2025-12-01 18:50:00,8233.840000,116.350000,148.847375,150.762371
2025-12-01 18:55:00,8137.400000,80.010000,114.462148,138.861839
2025-12-01 19:00:00,8211.710000,91.080000,141.918489,143.833145
2025-12-01 19:05:00,8310.000000,107.850000,143.456245,142.637910
2025-12-01 19:10:00,8226.030000,93.720000,117.029078,137.794022
2025-12-01 19:15:00,8374.110000,93.980000,132.529335,133.999587
2025-12-01 19:20:00,8290.390000,120.010000,140.008109,131.993798
2025-12-01 19:25:00,8242.790000,95.090000,142.596055,136.593410
2025-12-01 19:30:00,8324.000000,93.390000,145.615959,141.256484
2025-12-01 19:35:00,8275.090000,111.090000,121.150367,125.123819
2025-12-01 19:40:00,8137.770000,108.020000,113.047574,120.124555
2025-12-01 19:45:00,8172.130000,95.560000,119.509296,128.865315
2025-12-01 19:50:00,8257.170000,102.040000,115.248207,126.220885
2025-12-01 19:55:00,8189.050000,110.360000,92.573375,98.633609
2025-12-01 20:00:00,8113.930000,95.170000,103.406006,104.265324
2025-12-01 20:05:00,8143.160000,113.820000,113.088720,115.839505
2025-12-01 20:10:00,8041.260000,117.410000,104.777892,110.752800
2025-12-01 20:15:00,8011.970000,105.380000,101.387484,105.791879
2025-12-01 20:20:00,7938.230000,88.940000,109.757278,120.209062
2025-12-01 20:25:00,7879.860000,114.520000,100.276718,109.148561
2025-12-01 20:30:00,7895.980000,111.750000,98.992984,104.817156
2025-12-01 20:35:00,7860.310000,92.210000,103.632415,108.178853
2025-12-01 20:40:00,7885.930000,119.170000,108.048131,112.968468
2025-12-01 20:45:00,7655.190000,105.820000,92.895324,92.480338
2025-12-01 20:50:00,7748.690000,108.400000,103.356289,110.205378
2025-12-01 20:55:00,7772.820000,112.710000,109.005744,118.782455
2025-12-01 21:00:00,7625.740000,108.890000,96.367538,104.796208
2025-12-01 21:05:00,7620.260000,129.780000,106.036043,114.773014
2025-12-01 21:10:00,7664.250000,111.270000,107.411103,126.742718
2025-12-01 21:15:00,7664.960000,118.940000,107.053829,116.706775
2025-12-01 21:20:00,7604.530000,125.020000,96.848289,105.597765
2025-12-01 21:25:00,7703.910000,116.890000,109.581885,122.067830
2025-12-01 21:30:00,7575.780000,115.740000,107.411103,120.228752
2025-12-01 21:35:00,7564.480000,114.080000,99.853537,109.506680
2025-12-01 21:40:00,7560.560000,115.120000,109.581885,124.631100
2025-12-01 21:45:00,7593.110000,116.080000,108.686812,118.045546
2025-12-01 21:50:00,7526.100000,103.730000,108.057599,116.628763
2025-12-01 21:55:00,7491.950000,107.390000,109.581885,121.376200
2025-12-01 22:00:00,7451.380000,101.550000,103.989370,119.190283
2025-12-01 22:05:00,7404.560000,105.790000,99.031492,111.110411
2025-12-01 22:10:00,7410.090000,113.800000,82.363624,97.264110
2025-12-01 22:15:00,7331.510000,103.770000,58.734901,97.614291
2025-12-01 22:20:00,7239.270000,107.560000,59.147368,101.727643
2025-12-01 22:25:00,7326.550000,91.330000,73.646219,96.427111
2025-12-01 22:30:00,7336.820000,105.790000,81.433819,96.531430
2025-12-01 22:35:00,7347.510000,94.560000,100.954983,115.434784
2025-12-01 22:40:00,7256.530000,88.250000,97.128665,105.057643
2025-12-01 22:45:00,7299.990000,87.720000,97.128665,103.756851
2025-12-01 22:50:00,7275.740000,87.710000,94.887878,99.788136
2025-12-01 22:55:00,7207.010000,87.940000,91.608424,99.419793
2025-12-01 23:00:00,7256.170000,96.230000,89.128368,100.185377
2025-12-01 23:05:00,7162.520000,94.670000,96.763908,115.072352
2025-12-01 23:10:00,7220.150000,86.330000,99.536311,121.550653
2025-12-01 23:15:00,7191.400000,102.810000,100.227191,115.161463
2025-12-01 23:20:00,7144.060000,90.450000,103.008216,119.352519
2025-12-01 23:25:00,7107.650000,84.790000,88.300237,101.041356
2025-12-01 23:30:00,7097.850000,91.530000,95.671561,113.873432
2025-12-01 23:35:00,7076.500000,91.780000,82.602308,91.771916
2025-12-01 23:40:00,7073.890000,100.880000,81.224083,90.359244
2025-12-01 23:45:00,7036.540000,105.790000,78.617373,89.111858
2025-12-01 23:50:00,6952.410000,91.310000,79.743229,89.273614
2025-12-01 23:55:00,7014.690000,105.790000,82.399921,97.223443
2025-12-02 00:00:00,6934.530000,79.950000,75.257370,94.906453
2025-12-02 00:05:00,6912.700000,84.790000,79.324964,101.221292
2025-12-02 00:10:00,6872.730000,84.790000,74.935311,90.685750
2025-12-02 00:15:00,6832.220000,84.790000,82.790211,98.549417
2025-12-02 00:20:00,6863.840000,84.790000,79.604990,96.024575
2025-12-02 00:25:00,6791.580000,83.580000,74.726860,92.612481
2025-12-02 00:30:00,6802.920000,79.950000,81.195750,101.506409
2025-12-02 00:35:00,6705.190000,80.110000,80.184536,99.618056
2025-12-02 00:40:00,6709.940000,79.950000,82.797600,102.992543
2025-12-02 00:45:00,6705.230000,84.790000,85.740900,107.037361
2025-12-02 00:50:00,6724.670000,80.120000,81.108718,99.140479
2025-12-02 00:55:00,6762.060000,79.950000,85.776933,105.853374
2025-12-02 01:00:00,6663.060000,79.410000,70.527094,80.818411
2025-12-02 01:05:00,6663.500000,84.790000,74.726860,86.546461
2025-12-02 01:10:00,6693.670000,79.950000,76.237161,87.634820
2025-12-02 01:15:00,6650.760000,79.950000,73.928096,86.780742
2025-12-02 01:20:00,6527.990000,79.880000,72.498081,85.101144
2025-12-02 01:25:00,6462.200000,79.840000,69.886911,84.039956
2025-12-02 01:30:00,6585.670000,82.640000,70.583312,80.941040
2025-12-02 01:35:00,6555.550000,88.890000,71.784159,81.825288
2025-12-02 01:40:00,6533.520000,84.790000,80.663814,95.145980
2025-12-02 01:45:00,6544.020000,90.740000,84.486202,100.308447
2025-12-02 01:50:00,6548.210000,84.790000,81.634480,98.152593
2025-12-02 01:55:00,6504.690000,84.790000,80.663814,98.152593
2025-12-02 02:00:00,6447.400000,84.790000,82.579932,99.837241
2025-12-02 02:05:00,6345.630000,82.760000,89.194560,103.002430
2025-12-02 02:10:00,6326.860000,84.790000,80.663814,97.735068
2025-12-02 02:15:00,6359.030000,84.790000,84.294222,97.870354
2025-12-02 02:20:00,6313.580000,81.920000,84.294222,97.104720
2025-12-02 02:25:00,6347.720000,84.790000,85.435170,97.470358
2025-12-02 02:30:00,6381.660000,83.470000,86.183936,97.175957
2025-12-02 02:35:00,6315.930000,82.940000,90.631624,105.705409
2025-12-02 02:40:00,6323.680000,82.640000,75.722079,88.935454
2025-12-02 02:45:00,6293.650000,84.030000,79.936053,95.057268
2025-12-02 02:50:00,6314.010000,84.520000,77.704850,88.129717
2025-12-02 02:55:00,6302.750000,84.790000,77.704850,88.129717
2025-12-02 03:00:00,6283.290000,83.090000,77.704850,88.185201
2025-12-02 03:05:00,6238.460000,58.400000,75.451405,86.274913
2025-12-02 03:10:00,6306.060000,68.950000,79.440526,100.666464
2025-12-02 03:15:00,6309.550000,79.950000,78.845223,100.343814
2025-12-02 03:20:00,6352.330000,84.790000,77.821646,101.327535
2025-12-02 03:25:00,6298.450000,82.310000,75.705590,99.234661
2025-12-02 03:30:00,6364.530000,88.010000,77.465985,101.519236
2025-12-02 03:35:00,6371.120000,56.980000,78.203732,102.174820
2025-12-02 03:40:00,6408.510000,67.660000,81.090382,106.116420
2025-12-02 03:45:00,6395.620000,77.000000,82.463296,108.176257
2025-12-02 03:50:00,6379.470000,88.580000,82.918597,105.825122
2025-12-02 03:55:00,6417.740000,81.190000,84.922873,111.200444
2025-12-02 04:00:00,6435.030000,79.950000,82.820642,107.428062
2025-12-02 04:05:00,6397.000000,79.950000,69.500543,88.757863
2025-12-02 04:10:00,6442.340000,90.000000,74.618657,88.402983
2025-12-02 04:15:00,6515.820000,101.230000,80.997957,97.454587
2025-12-02 04:20:00,6588.390000,84.790000,88.189053,112.048777
2025-12-02 04:25:00,6715.820000,87.560000,88.104514,111.372369
2025-12-02 04:30:00,6725.060000,105.790000,91.790646,115.216038
2025-12-02 04:35:00,6777.030000,103.790000,70.742686,98.227039
2025-12-02 04:40:00,6764.690000,106.270000,77.942339,94.767633
2025-12-02 04:45:00,6821.200000,105.790000,82.905746,106.440825
2025-12-02 04:50:00,6743.210000,105.490000,92.933371,109.128855
2025-12-02 04:55:00,6811.440000,108.890000,84.201338,109.276494
2025-12-02 05:00:00,6800.100000,106.120000,82.355089,101.820679
2025-12-02 05:05:00,6818.080000,106.110000,82.355089,99.327113
2025-12-02 05:10:00,6943.230000,107.720000,91.529302,109.270253
2025-12-02 05:15:00,6993.430000,105.790000,90.800820,117.462807
2025-12-02 05:20:00,7054.410000,105.200000,79.905948,104.100238
2025-12-02 05:25:00,7077.600000,86.390000,83.158101,96.930037
2025-12-02 05:30:00,7162.220000,70.490000,77.472213,111.062276
2025-12-02 05:35:00,7117.630000,69.150000,79.422984,100.816934
2025-12-02 05:40:00,7148.690000,59.550000,62.881787,94.385630
2025-12-02 05:45:00,7146.960000,58.340000,52.715897,89.257137
2025-12-02 05:50:00,7079.650000,-5.010000,24.709984,76.733940
2025-12-02 05:55:00,7057.410000,-5.510000,2.262667,68.873475
2025-12-02 06:00:00,7027.850000,-7.580000,0.206651,58.332310
2025-12-02 06:05:00,6970.770000,-7.670000,-1.080356,57.430674
2025-12-02 06:10:00,6977.210000,-7.880000,-3.478695,55.826881
2025-12-02 06:15:00,6989.280000,-7.760000,-2.808188,52.166046
2025-12-02 06:20:00,6864.970000,-8.630000,-4.594323,42.803373
2025-12-02 06:25:00,6903.570000,-10.140000,-3.667994,37.289816
2025-12-02 06:30:00,6878.050000,-10.530000,-2.964563,30.345601
2025-12-02 06:35:00,6776.430000,-7.880000,-2.310222,29.461310
2025-12-02 06:40:00,6769.400000,-9.170000,-1.117253,31.909455
2025-12-02 06:45:00,6742.320000,-12.110000,0.213527,31.808395
2025-12-02 06:50:00,6698.280000,-8.650000,-7.656833,0.046771
2025-12-02 06:55:00,6575.490000,-12.270000,-12.430377,-0.312009
2025-12-02 07:00:00,6496.700000,-16.000000,-13.297238,-0.312240
2025-12-02 07:05:00,6376.580000,-10.020000,-12.567101,-0.635094
2025-12-02 07:10:00,6365.610000,-12.220000,-11.412373,-0.600125
2025-12-02 07:15:00,6224.570000,-16.000000,-11.988340,-0.678686
2025-12-02 07:20:00,6125.110000,-20.670000,-12.392510,-1.385420
2025-12-02 07:25:00,6055.480000,-16.000000,-14.354195,0.159879
2025-12-02 07:30:00,5975.910000,-23.500000,-14.180621,0.159879
2025-12-02 07:35:00,5771.710000,-16.000000,-15.137372,0.293222
2025-12-02 07:40:00,5725.470000,-16.000000,-14.389660,0.163372
2025-12-02 07:45:00,5594.500000,-23.500000,-15.498534,-0.279694
2025-12-02 07:50:00,5533.820000,-16.000000,-15.207624,-0.153491
2025-12-02 07:55:00,5336.070000,-23.500000,-17.012034,-1.088767
2025-12-02 08:00:00,5171.130000,-27.500000,-20.050040,-3.481629
2025-12-02 08:05:00,5088.240000,-17.070000,-17.276446,-5.398820
2025-12-02 08:10:00,5053.950000,-16.000000,-18.908569,-9.580599
2025-12-02 08:15:00,5041.790000,-17.330000,-20.164768,-11.872382
2025-12-02 08:20:00,4825.880000,-27.500000,-26.008378,-15.502193
2025-12-02 08:25:00,4757.910000,-27.500000,-18.267434,-10.145719
2025-12-02 08:30:00,4655.910000,-27.500000,-23.127753,-14.713537
2025-12-02 08:35:00,4561.500000,-32.800000,-17.947115,-4.263669
2025-12-02 08:40:00,4563.600000,-32.800000,-15.525974,-0.927150
2025-12-02 08:45:00,4467.780000,-24.720000,-18.383730,-2.009647
2025-12-02 08:50:00,4339.420000,-27.500000,-21.639440,-0.949440
2025-12-02 08:55:00,4357.130000,-32.800000,-25.568736,-10.160992
2025-12-02 09:00:00,4187.740000,-32.800000,-20.312572,-2.259241
2025-12-02 09:05:00,4181.200000,-32.800000,-9.608212,-1.319907
2025-12-02 09:10:00,4199.200000,-30.470000,-13.602061,-0.935330
2025-12-02 09:15:00,4238.270000,-30.250000,-20.137677,-13.318107
2025-12-02 09:20:00,4167.880000,-32.800000,-23.974244,-22.508888
2025-12-02 09:25:00,4118.780000,-32.800000,-25.307598,-25.089498
2025-12-02 09:30:00,4036.400000,-24.720000,-25.767347,-25.277176
2025-12-02 09:35:00,4048.830000,-28.270000,-28.802803,-28.836225
2025-12-02 09:40:00,4042.070000,-28.290000,-28.062930,-28.744052
2025-12-02 09:45:00,4039.080000,-29.030000,-25.224880,-19.432273
2025-12-02 09:50:00,4187.980000,-18.970000,-23.020094,-22.679295
2025-12-02 09:55:00,4246.220000,-15.090000,-26.554931,-20.922413
2025-12-02 10:00:00,4173.850000,-23.500000,-21.306273,-2.091976
2025-12-02 10:05:00,4172.710000,-32.800000,-20.514768,-9.307674
2025-12-02 10:10:00,4200.390000,-32.800000,-20.920902,-9.111096
2025-12-02 10:15:00,4197.270000,-32.800000,-17.362476,-1.772456
2025-12-02 10:20:00,4112.910000,-32.800000,-19.231614,-1.713341
2025-12-02 10:25:00,4175.800000,-32.800000,-15.641235,-1.475489
2025-12-02 10:30:00,4206.590000,-24.720000,-14.014694,-1.083495
2025-12-02 10:35:00,4158.800000,-32.800000,-14.561319,-1.641690
2025-12-02 10:40:00,4079.300000,-32.800000,-14.561319,-1.557993
2025-12-02 10:45:00,4045.880000,-32.800000,-7.526623,-1.540136
2025-12-02 10:50:00,4034.730000,-32.800000,-6.934722,-1.093999
2025-12-02 10:55:00,4109.260000,-32.800000,-12.985968,-0.706468
2025-12-02 11:00:00,4095.220000,-32.800000,-21.447748,-17.944619
2025-12-02 11:05:00,4083.130000,-16.000000,-26.191382,-26.056891
2025-12-02 11:10:00,4116.360000,-23.500000,-28.506627,-20.502816
2025-12-02 11:15:00,4085.250000,-16.000000,-27.507554,-11.369667
2025-12-02 11:20:00,4136.430000,-16.000000,-12.946469,-1.838678
2025-12-02 11:25:00,4198.540000,-16.000000,-12.864017,-0.927937
2025-12-02 11:30:00,4082.820000,-19.980000,-17.639178,-0.484125
2025-12-02 11:35:00,4145.930000,-32.800000,-18.062734,-0.398831
2025-12-02 11:40:00,4162.790000,-35.660000,-22.784472,-0.523768
2025-12-02 11:45:00,4123.030000,-35.660000,-22.594977,1.149799
2025-12-02 11:50:00,4114.090000,-35.000000,-23.267924,1.885353
2025-12-02 11:55:00,4124.350000,-35.000000,-23.267924,1.889358
2025-12-02 12:00:00,4134.840000,-35.000000,-23.055659,2.329700
2025-12-02 12:05:00,3979.780000,-40.000000,-15.494717,4.914123
2025-12-02 12:10:00,4043.000000,-35.660000,-19.643455,5.297176
2025-12-02 12:15:00,4035.220000,-37.480000,-15.114577,7.317471
2025-12-02 12:20:00,3960.800000,-35.660000,-14.988717,3.276048
2025-12-02 12:25:00,3928.350000,-35.950000,-15.116706,-0.707622
2025-12-02 12:30:00,4012.400000,-35.950000,-23.828189,-11.556191
2025-12-02 12:35:00,3995.720000,-36.580000,-30.982683,-28.307572
2025-12-02 12:40:00,4013.030000,-35.660000,-30.991444,-30.193937
2025-12-02 12:45:00,3922.640000,-44.810000,-31.251240,-30.871190
2025-12-02 12:50:00,3947.950000,-35.950000,-31.251240,-26.136723
2025-12-02 12:55:00,3958.540000,-35.660000,-32.636736,-26.261030
2025-12-02 13:00:00,3881.340000,-42.430000,-30.634531,-26.805870
2025-12-02 13:05:00,3929.690000,-44.810000,-29.333948,-25.445504
2025-12-02 13:10:00,3800.580000,-44.810000,-30.634531,-18.707361
2025-12-02 13:15:00,3863.360000,-44.810000,-30.861826,-20.279932
2025-12-02 13:20:00,3837.770000,-44.810000,-31.161118,-20.754722
2025-12-02 13:25:00,3952.080000,-42.610000,-29.773686,-18.753932
2025-12-02 13:30:00,3875.400000,-35.950000,-29.315129,-18.242123
2025-12-02 13:35:00,3955.670000,-40.340000,-26.616299,-18.208202
2025-12-02 13:40:00,3974.110000,-40.340000,-29.773686,-18.753932
2025-12-02 13:45:00,3971.740000,-41.430000,-29.333948,-18.668538
2025-12-02 13:50:00,4046.010000,-43.330000,-30.634531,-17.883637
2025-12-02 13:55:00,3932.950000,-44.810000,-29.773686,-26.197208
2025-12-02 14:00:00,3996.980000,-40.340000,-29.315129,-25.973450
2025-12-02 14:05:00,3931.720000,-41.310000,-31.161118,-27.448150
2025-12-02 14:10:00,4045.440000,-39.370000,-31.872111,-27.448150
2025-12-02 14:15:00,4067.490000,-40.340000,-29.333948,-26.797676
2025-12-02 14:20:00,4075.840000,-35.660000,-29.333948,-27.181374
2025-12-02 14:25:00,4105.280000,-37.570000,-31.161118,-27.448150
2025-12-02 14:30:00,4185.010000,-37.820000,-31.161118,-27.130254
2025-12-02 14:35:00,4262.930000,-37.980000,-31.136467,-25.101950
2025-12-02 14:40:00,4332.690000,-38.900000,-30.610296,-24.730771
2025-12-02 14:45:00,4377.370000,-35.660000,-30.445728,-24.661082
2025-12-02 14:50:00,4453.610000,-35.660000,-31.140415,-24.298777
2025-12-02 14:55:00,4592.070000,-32.800000,-29.127695,-23.420398
2025-12-02 15:00:00,4757.720000,-16.000000,-30.717679,-26.207384
2025-12-02 15:05:00,4793.770000,-32.800000,-15.559914,-1.036589
2025-12-02 15:10:00,4876.440000,-32.800000,-13.573237,-0.893336
2025-12-02 15:15:00,4885.580000,-32.800000,-14.588732,-0.944513
2025-12-02 15:20:00,4968.570000,-30.380000,-23.650679,-1.275175
2025-12-02 15:25:00,5132.280000,-19.840000,-19.902266,-1.041338
2025-12-02 15:30:00,5341.850000,-16.000000,-14.620448,-0.453437
2025-12-02 15:35:00,5421.490000,-19.980000,-11.850008,0.834480
2025-12-02 15:40:00,5438.980000,-19.540000,-11.286797,1.873093
2025-12-02 15:45:00,5548.560000,-16.000000,-12.869571,0.648005
2025-12-02 15:50:00,5731.600000,-16.000000,-11.382165,0.612042
2025-12-02 15:55:00,5897.240000,-12.020000,-11.191518,6.007838
2025-12-02 16:00:00,5911.180000,-11.500000,-6.599974,9.918511
2025-12-02 16:05:00,5952.520000,-13.290000,-13.315946,10.961826
2025-12-02 16:10:00,6090.200000,-16.000000,-12.625725,7.961983
2025-12-02 16:15:00,6200.620000,-11.230000,-15.105337,5.388718
2025-12-02 16:20:00,6326.080000,-11.350000,-30.869930,0.804599
2025-12-02 16:25:00,6386.230000,-11.370000,-20.692459,-1.005229
2025-12-02 16:30:00,6462.250000,-11.340000,-16.565421,-1.635226
2025-12-02 16:35:00,6602.920000,-10.330000,-15.294741,-2.324656
2025-12-02 16:40:00,6738.850000,-7.730000,-15.226139,-2.623046
2025-12-02 16:45:00,6811.710000,-7.500000,-11.769658,-1.960480
2025-12-02 16:50:00,6987.220000,-6.970000,-9.991765,-1.570311
2025-12-02 16:55:00,7028.460000,-6.770000,-6.934732,-0.478153
2025-12-02 17:00:00,7105.290000,-6.680000,-5.482610,0.136175
2025-12-02 17:05:00,7248.200000,-7.070000,-4.643099,0.727243
2025-12-02 17:10:00,7153.670000,-7.230000,-4.160698,-0.179707
2025-12-02 17:15:00,7238.730000,-6.140000,-3.413676,0.611536
2025-12-02 17:20:00,7332.900000,-5.510000,-1.944280,0.564815
2025-12-02 17:25:00,7414.340000,-5.510000,-1.153728,0.602192
2025-12-02 17:30:00,7558.010000,21.850000,-0.969525,1.231543
2025-12-02 17:35:00,7583.670000,1.040000,0.675642,59.303717
2025-12-02 17:40:00,7755.660000,35.880000,0.975137,59.999962
2025-12-02 17:45:00,7768.790000,59.680000,14.434744,64.487987
2025-12-02 17:50:00,7848.590000,45.750000,28.973182,84.067971
2025-12-02 17:55:00,7956.450000,64.890000,35.155367,86.760444
2025-12-02 18:00:00,7966.500000,81.620000,60.697053,88.817070
2025-12-02 18:05:00,7916.180000,79.950000,67.385796,97.646889
2025-12-02 18:10:00,7896.760000,84.100000,66.402997,98.593757
2025-12-02 18:15:00,7902.560000,113.490000,68.274185,105.018092
2025-12-02 18:20:00,8019.110000,133.000000,80.470599,129.122890
2025-12-02 18:25:00,8012.720000,133.480000,80.867730,145.003021
2025-12-02 18:30:00,8032.160000,124.270000,112.836590,149.128765
2025-12-02 18:35:00,8097.660000,124.120000,88.646766,152.976435
2025-12-02 18:40:00,8118.250000,127.740000,111.948674,151.591907
2025-12-02 18:45:00,8064.720000,120.010000,123.394868,158.187847
2025-12-02 18:50:00,8108.860000,126.100000,122.913002,155.514932
2025-12-02 18:55:00,8161.730000,127.500000,126.406804,156.642278
2025-12-02 19:00:00,8107.900000,132.640000,139.174720,148.763266
2025-12-02 19:05:00,8051.260000,131.650000,127.211878,149.318941
2025-12-02 19:10:00,8074.800000,147.240000,121.947223,143.590702
2025-12-02 19:15:00,8028.960000,132.880000,142.684488,143.644693
2025-12-02 19:20:00,8150.100000,125.280000,153.575628,155.375241
2025-12-02 19:25:00,8167.890000,146.280000,149.286692,158.861875
2025-12-02 19:30:00,8153.870000,142.360000,135.655482,148.534494
2025-12-02 19:35:00,8100.210000,133.090000,132.185577,148.859992
2025-12-02 19:40:00,8123.690000,141.510000,129.908635,151.194507
2025-12-02 19:45:00,8093.260000,138.470000,115.663472,135.718369
2025-12-02 19:50:00,8128.570000,139.560000,116.580907,145.311276
2025-12-02 19:55:00,8120.420000,139.100000,113.270744,139.779093
2025-12-02 20:00:00,8006.820000,121.290000,116.490502,137.023823
2025-12-02 20:05:00,8011.160000,119.950000,119.493887,146.822485
2025-12-02 20:10:00,8053.600000,141.750000,127.165973,158.200491
2025-12-02 20:15:00,7950.140000,122.140000,117.698544,145.143419
2025-12-02 20:20:00,7927.500000,110.840000,110.403852,132.745871
2025-12-02 20:25:00,7928.410000,114.420000,125.255368,152.268969
2025-12-02 20:30:00,7892.170000,137.880000,123.170299,151.208666
2025-12-02 20:35:00,7856.860000,123.450000,116.490502,147.338136
2025-12-02 20:40:00,7843.650000,126.040000,123.170299,149.739026
2025-12-02 20:45:00,7761.880000,125.080000,118.442450,147.648287
2025-12-02 20:50:00,7811.360000,125.070000,121.307362,152.190957
2025-12-02 20:55:00,7764.810000,125.970000,121.307362,152.407848
2025-12-02 21:00:00,7758.720000,124.110000,114.998551,140.459170
2025-12-02 21:05:00,7601.860000,108.890000,100.951328,127.154594
2025-12-02 21:10:00,7695.140000,123.190000,120.261394,150.367009
2025-12-02 21:15:00,7685.260000,124.700000,110.595619,139.163845
2025-12-02 21:20:00,7667.920000,136.460000,105.086778,127.171356
2025-12-02 21:25:00,7650.300000,123.900000,105.086778,127.171356
2025-12-02 21:30:00,7631.080000,132.850000,116.733594,145.771671
2025-12-02 21:35:00,7531.680000,125.200000,108.231525,131.077398
2025-12-02 21:40:00,7558.100000,127.310000,108.231525,137.350940
2025-12-02 21:45:00,7569.080000,137.530000,110.595619,137.610986
2025-12-02 21:50:00,7527.630000,116.540000,108.231525,132.106364
2025-12-02 21:55:00,7557.340000,124.440000,110.595619,145.113885
2025-12-02 22:00:00,7458.200000,118.040000,108.231525,133.987717
2025-12-02 22:05:00,7474.620000,115.990000,102.956810,125.809302
2025-12-02 22:10:00,7502.120000,116.100000,111.139742,137.505346
2025-12-02 22:15:00,7503.110000,108.890000,111.139742,138.384803
2025-12-02 22:20:00,7381.820000,108.890000,113.880677,145.237672
2025-12-02 22:25:00,7335.950000,108.170000,107.120643,133.476299
2025-12-02 22:30:00,7290.750000,123.690000,112.462356,142.145346
2025-12-02 22:35:00,7246.580000,116.400000,107.120643,137.684603
2025-12-02 22:40:00,7289.300000,108.890000,107.120643,143.067135
2025-12-02 22:45:00,7181.610000,108.890000,111.183526,139.680993
2025-12-02 22:50:00,7263.660000,116.680000,101.784878,122.367711
2025-12-02 22:55:00,7201.940000,102.410000,103.988844,125.669926
2025-12-02 23:00:00,7227.250000,102.430000,101.784878,124.480355
2025-12-02 23:05:00,7136.200000,137.330000,98.491309,117.140570
2025-12-02 23:10:00,7047.150000,108.890000,95.795865,107.992383
2025-12-02 23:15:00,7064.910000,108.890000,95.691327,112.438585
2025-12-02 23:20:00,7058.310000,108.890000,97.121279,116.669633
2025-12-02 23:25:00,6973.490000,105.400000,93.822348,110.058164
2025-12-02 23:30:00,7068.290000,108.890000,105.492165,132.312734
2025-12-02 23:35:00,6938.410000,105.400000,98.491309,119.343465
2025-12-02 23:40:00,7078.310000,106.450000,101.409910,121.634657
2025-12-02 23:45:00,6999.890000,105.400000,101.409910,122.526329
2025-12-02 23:50:00,7003.020000,105.400000,99.768539,123.014319
2025-12-02 23:55:00,6950.310000,89.550000,97.653784,116.069101
2025-12-03 00:00:00,6908.410000,90.740000,98.659038,108.823836
2025-12-03 00:05:00,6838.380000,105.400000,111.378557,133.062154
2025-12-03 00:10:00,6818.680000,101.070000,100.240551,114.238593
2025-12-03 00:15:00,6791.900000,99.750000,98.513529,113.235510
2025-12-03 00:20:00,6802.220000,99.780000,98.513529,113.235510
2025-12-03 00:25:00,6744.270000,105.400000,94.284877,109.221130
2025-12-03 00:30:00,6677.700000,105.400000,91.853268,104.353547
2025-12-03 00:35:00,6704.090000,92.300000,94.284877,107.969941
2025-12-03 00:40:00,6686.480000,84.790000,90.798137,100.937165
2025-12-03 00:45:00,6686.860000,91.200000,93.110673,104.075511
2025-12-03 00:50:00,6683.430000,91.880000,93.110673,104.102537
2025-12-03 00:55:00,6600.080000,91.260000,84.425003,92.251999
2025-12-03 01:00:00,6561.530000,79.950000,83.802258,89.842925
2025-12-03 01:05:00,6554.380000,88.020000,93.110673,107.585239
2025-12-03 01:10:00,6592.030000,93.160000,90.888721,105.257214
2025-12-03 01:15:00,6540.310000,79.950000,88.622592,103.052258
2025-12-03 01:20:00,6562.110000,79.950000,88.622592,103.983635
2025-12-03 01:25:00,6504.540000,79.950000,89.057587,108.922299
2025-12-03 01:30:00,6455.410000,79.950000,89.384668,107.539089
2025-12-03 01:35:00,6501.340000,95.910000,84.682845,101.742300
2025-12-03 01:40:00,6440.650000,95.800000,76.900100,89.173388
2025-12-03 01:45:00,6470.540000,96.500000,82.533213,95.849836
2025-12-03 01:50:00,6406.880000,79.950000,82.661370,98.853017
2025-12-03 01:55:00,6439.250000,79.950000,84.277386,99.326489
2025-12-03 02:00:00,6378.690000,88.780000,75.079013,85.648946
2025-12-03 02:05:00,6343.340000,96.830000,78.628325,95.483992
2025-12-03 02:10:00,6416.860000,95.490000,82.758884,104.316327
2025-12-03 02:15:00,6351.070000,80.710000,72.760858,85.464266
2025-12-03 02:20:00,6327.610000,84.790000,71.854676,84.507709
2025-12-03 02:25:00,6308.990000,82.570000,72.760858,84.795159
2025-12-03 02:30:00,6344.550000,84.020000,74.231432,85.648946
2025-12-03 02:35:00,6335.840000,87.750000,82.758884,103.474693
2025-12-03 02:40:00,6355.830000,88.120000,84.431493,105.182577
2025-12-03 02:45:00,6306.270000,83.900000,82.758884,103.650733
2025-12-03 02:50:00,6236.610000,83.260000,71.620179,83.585251
2025-12-03 02:55:00,6204.620000,83.820000,70.728200,82.008466
2025-12-03 03:00:00,6176.130000,83.810000,79.393621,94.432066
2025-12-03 03:05:00,6165.420000,83.750000,82.216980,104.259769
2025-12-03 03:10:00,6210.040000,85.160000,83.107885,102.648994
2025-12-03 03:15:00,6222.030000,84.790000,74.705778,84.998383
2025-12-03 03:20:00,6274.650000,84.790000,78.546868,87.535651
2025-12-03 03:25:00,6257.990000,84.790000,75.895591,85.555922
2025-12-03 03:30:00,6262.030000,84.790000,79.465589,86.473998
2025-12-03 03:35:00,6317.090000,84.790000,80.753699,92.629054
2025-12-03 03:40:00,6307.710000,84.790000,81.628750,93.076655
2025-12-03 03:45:00,6326.280000,79.950000,79.860417,87.665889
2025-12-03 03:50:00,6325.270000,84.790000,79.885177,87.401505
2025-12-03 03:55:00,6331.330000,84.440000,81.412932,87.492202
2025-12-03 04:00:00,6360.870000,84.790000,83.921168,88.217035
2025-12-03 04:05:00,6378.410000,79.950000,82.832510,88.217035
2025-12-03 04:10:00,6475.630000,84.790000,89.204408,89.780947
2025-12-03 04:15:00,6548.100000,88.070000,88.273715,97.620660
2025-12-03 04:20:00,6557.860000,87.990000,86.357594,90.648477
2025-12-03 04:25:00,6575.330000,84.790000,87.367659,93.605639
2025-12-03 04:30:00,6538.120000,70.390000,102.246452,105.710233
2025-12-03 04:35:00,6606.050000,70.310000,103.746492,111.834609
2025-12-03 04:40:00,6708.960000,84.790000,107.443207,116.412904
2025-12-03 04:45:00,6641.860000,71.740000,98.046768,112.559587
2025-12-03 04:50:00,6640.770000,79.950000,103.746492,118.043571
2025-12-03 04:55:00,6711.410000,70.900000,107.443207,118.455618
2025-12-03 05:00:00,6687.830000,65.000000,108.556534,121.227617
2025-12-03 05:05:00,6722.760000,58.450000,101.835117,119.140466
2025-12-03 05:10:00,6768.160000,59.530000,99.963252,114.490087
2025-12-03 05:15:00,6835.530000,57.060000,103.376704,117.915908
2025-12-03 05:20:00,6859.890000,56.980000,103.376704,117.593760
2025-12-03 05:25:00,6900.070000,36.920000,97.615990,115.390963
2025-12-03 05:30:00,6905.290000,14.750000,74.388325,87.745799
2025-12-03 05:35:00,6908.340000,28.260000,68.285887,87.123140
2025-12-03 05:40:00,6924.960000,25.470000,46.985302,80.009262
2025-12-03 05:45:00,7022.340000,27.690000,42.751794,75.822278
2025-12-03 05:50:00,7084.330000,22.060000,22.848220,73.578996
2025-12-03 05:55:00,7178.670000,0.000000,19.491960,68.365258
2025-12-03 06:00:00,7100.270000,-4.020000,4.349611,54.063693
2025-12-03 06:05:00,7026.890000,-4.780000,1.583542,48.840830
2025-12-03 06:10:00,6905.270000,-6.440000,0.293781,39.614910
2025-12-03 06:15:00,6894.570000,-5.510000,-0.197810,37.400506
2025-12-03 06:20:00,6822.830000,-7.660000,-0.315255,36.813947
2025-12-03 06:25:00,6802.600000,-7.650000,0.174480,33.878446
2025-12-03 06:30:00,6735.660000,-7.460000,-0.269117,26.700195
2025-12-03 06:35:00,6719.960000,-7.410000,-0.203949,30.044634
2025-12-03 06:40:00,6748.420000,-6.840000,-0.236149,30.052367
2025-12-03 06:45:00,6693.760000,-7.260000,-0.173588,29.324204
2025-12-03 06:50:00,6654.730000,-7.330000,-0.456329,28.515582
2025-12-03 06:55:00,6596.050000,-6.820000,-6.287060,4.365675
2025-12-03 07:00:00,6462.020000,-7.590000,-9.184737,-0.208952
2025-12-03 07:05:00,6407.110000,-6.980000,-7.696438,-0.100915
2025-12-03 07:10:00,6382.430000,-7.620000,-7.860037,-0.352683
2025-12-03 07:15:00,6331.550000,-7.850000,-9.665995,-0.347499
2025-12-03 07:20:00,6235.860000,-8.600000,-10.672946,-0.875390
2025-12-03 07:25:00,6136.300000,-8.770000,-11.839786,-0.838001
2025-12-03 07:30:00,6022.810000,-10.230000,-11.056852,-0.815343
2025-12-03 07:35:00,5887.700000,-8.850000,-11.846184,-0.822770
2025-12-03 07:40:00,5753.930000,-9.310000,-14.147580,-0.844954
2025-12-03 07:45:00,5647.070000,-10.180000,-16.326404,-1.032674
2025-12-03 07:50:00,5562.960000,-10.850000,-14.533899,-1.866065
2025-12-03 07:55:00,5477.760000,-11.380000,-16.006244,-1.823809
2025-12-03 08:00:00,5350.290000,-16.000000,-15.872623,-2.325704
2025-12-03 08:05:00,5356.100000,-16.000000,-12.871839,-1.429447
2025-12-03 08:10:00,5390.000000,-12.480000,-12.524165,-1.232471
2025-12-03 08:15:00,5270.700000,-12.100000,-12.558199,-1.698674
2025-12-03 08:20:00,5170.710000,-15.540000,-13.500135,-3.018189
2025-12-03 08:25:00,5146.500000,-16.340000,-13.500135,-5.110157
2025-12-03 08:30:00,4977.220000,-16.370000,-16.126133,-7.243123
2025-12-03 08:35:00,4996.270000,-19.030000,-15.759263,-5.834117
2025-12-03 08:40:00,4878.630000,-19.080000,-15.759263,-10.569229
2025-12-03 08:45:00,4765.270000,-19.630000,-15.759263,-8.909407
2025-12-03 08:50:00,4722.590000,-27.500000,-15.413597,-8.975566
2025-12-03 08:55:00,4627.700000,-27.500000,-15.413597,-6.518472
2025-12-03 09:00:00,4533.940000,-31.010000,-18.326057,-10.135589
2025-12-03 09:05:00,4486.020000,-25.330000,-14.546230,-0.787039
2025-12-03 09:10:00,4514.990000,-27.860000,-13.764031,-0.612143
2025-12-03 09:15:00,4402.100000,-32.630000,-13.120734,-0.609126
2025-12-03 09:20:00,4364.310000,-32.800000,-13.874973,-0.669585
2025-12-03 09:25:00,4348.690000,-32.630000,-14.422873,-0.725749
2025-12-03 09:30:00,4286.130000,-32.630000,-14.422873,-0.710543
2025-12-03 09:35:00,4254.410000,-31.400000,-22.078606,-6.895218
2025-12-03 09:40:00,4360.560000,-32.800000,-22.078606,-13.885749
2025-12-03 09:45:00,4317.860000,-31.550000,-21.794951,-15.563255
2025-12-03 09:50:00,4344.250000,-32.630000,-23.803030,-22.405998
2025-12-03 09:55:00,4370.770000,-32.800000,-24.159962,-22.177949
2025-12-03 10:00:00,4240.500000,-32.800000,-29.367925,-27.817911
2025-12-03 10:05:00,4209.190000,-32.630000,-27.417586,-21.753421
2025-12-03 10:10:00,4236.510000,-34.190000,-27.327982,-24.527394
2025-12-03 10:15:00,4097.900000,-32.630000,-29.749961,-29.425830
2025-12-03 10:20:00,4077.600000,-33.380000,-29.170497,-27.990796
2025-12-03 10:25:00,4029.520000,-32.630000,-29.749961,-29.401243
2025-12-03 10:30:00,4001.120000,-33.030000,-29.734166,-29.643052
2025-12-03 10:35:00,3980.010000,-32.800000,-29.734166,-29.592955
2025-12-03 10:40:00,4030.300000,-32.630000,-29.448566,-29.224547
2025-12-03 10:45:00,4028.850000,-32.800000,-28.377785,-29.458444
2025-12-03 10:50:00,3999.850000,-32.800000,-28.759912,-29.634954
2025-12-03 10:55:00,3962.610000,-32.630000,-28.759912,-30.128203
2025-12-03 11:00:00,3977.700000,-35.660000,-28.532756,-28.524543
2025-12-03 11:05:00,4044.050000,-31.160000,-27.354889,-27.369576
2025-12-03 11:10:00,3933.500000,-32.630000,-29.731771,-31.202888
2025-12-03 11:15:00,3926.580000,-32.800000,-25.697613,-27.496600
2025-12-03 11:20:00,3954.520000,-32.630000,-29.780392,-30.466936
2025-12-03 11:25:00,3970.100000,-32.630000,-25.285549,-26.888985
2025-12-03 11:30:00,3999.980000,-32.630000,-28.513190,-30.621150
2025-12-03 11:35:00,3906.550000,-32.800000,-26.842387,-28.147645
2025-12-03 11:40:00,3884.680000,-32.800000,-27.881907,-27.713647
2025-12-03 11:45:00,3844.590000,-30.550000,-27.244820,-27.753750
2025-12-03 11:50:00,3887.250000,-30.600000,-26.842387,-27.834422
2025-12-03 11:55:00,3947.320000,-29.920000,-26.813726,-27.284713
2025-12-03 12:00:00,3899.580000,-32.630000,-30.367113,-30.985463
2025-12-03 12:05:00,3894.240000,-29.070000,-27.389514,-27.877037
2025-12-03 12:10:00,3968.930000,-32.630000,-30.003077,-28.023492
2025-12-03 12:15:00,3941.590000,-32.800000,-30.843036,-28.030900
2025-12-03 12:20:00,3868.040000,-35.660000,-30.843036,-28.030900
2025-12-03 12:25:00,3968.560000,-32.800000,-30.003077,-26.935965
2025-12-03 12:30:00,3951.630000,-32.630000,-29.924399,-26.935965
2025-12-03 12:35:00,3990.780000,-30.290000,-27.360270,-26.919055
2025-12-03 12:40:00,4008.110000,-30.690000,-28.021076,-26.910732
2025-12-03 12:45:00,4032.570000,-32.630000,-28.081641,-26.910732
2025-12-03 12:50:00,3987.700000,-32.800000,-28.060299,-27.000328
2025-12-03 12:55:00,4009.670000,-32.800000,-30.041719,-27.577188
2025-12-03 13:00:00,4036.260000,-28.220000,-26.434684,-26.372673
2025-12-03 13:05:00,4113.800000,-32.800000,-27.181603,-26.200615
2025-12-03 13:10:00,4115.920000,-26.890000,-28.301460,-27.154922
2025-12-03 13:15:00,4109.660000,-45.000000,-29.124447,-23.168538
2025-12-03 13:20:00,4086.270000,-53.000000,-29.757643,-21.859492
2025-12-03 13:25:00,4104.460000,-50.610000,-12.093125,-0.749086
2025-12-03 13:30:00,4179.250000,-45.000000,-9.884752,2.727265
2025-12-03 13:35:00,4179.790000,-45.000000,-15.212559,2.991699
2025-12-03 13:40:00,4278.880000,-45.000000,-12.051835,2.987703
2025-12-03 13:45:00,4216.910000,-51.090000,-11.228748,3.121801
2025-12-03 13:50:00,4356.890000,-44.810000,-9.973950,6.606340
2025-12-03 13:55:00,4403.900000,-44.810000,-9.973950,3.611329
2025-12-03 14:00:00,4375.740000,-44.810000,-9.571673,3.061577
2025-12-03 14:05:00,4435.870000,-39.370000,-8.555108,-0.566945
2025-12-03 14:10:00,4502.220000,-32.800000,-6.244255,-1.125484
2025-12-03 14:15:00,4588.330000,-32.800000,-19.814377,-7.464073
2025-12-03 14:20:00,4644.890000,-32.630000,-6.458838,-1.131045
2025-12-03 14:25:00,4791.800000,-31.010000,-10.921427,-1.210154
2025-12-03 14:30:00,4907.000000,-26.800000,-6.014902,-0.807591
2025-12-03 14:35:00,4901.360000,-27.500000,-7.870872,-0.348769
2025-12-03 14:40:00,5000.100000,-26.090000,-4.668706,0.700252
2025-12-03 14:45:00,5050.120000,-25.890000,-6.293049,5.258300
2025-12-03 14:50:00,5184.410000,-25.710000,-8.898085,-0.110256
2025-12-03 14:55:00,5375.900000,-18.740000,-8.139026,-0.254996
2025-12-03 15:00:00,5480.000000,-16.000000,-10.389484,1.956847
2025-12-03 15:05:00,5550.190000,-23.940000,-9.164630,4.102260
2025-12-03 15:10:00,5650.920000,-23.560000,-19.833216,-0.037538
2025-12-03 15:15:00,5679.740000,-18.970000,-18.113107,-0.613104
2025-12-03 15:20:00,5818.170000,-15.350000,-22.627795,0.018783
2025-12-03 15:25:00,5951.550000,-11.410000,-20.447144,0.036508
2025-12-03 15:30:00,6095.940000,-10.370000,-21.322560,0.839716
2025-12-03 15:35:00,6161.250000,-7.960000,-12.188592,6.016298
2025-12-03 15:40:00,6260.790000,-7.060000,-3.523934,7.462925
2025-12-03 15:45:00,6388.300000,-6.920000,-1.946493,8.614980
2025-12-03 15:50:00,6523.540000,-6.880000,-4.818148,8.288890
2025-12-03 15:55:00,6611.450000,-6.710000,-2.899994,8.952257
2025-12-03 16:00:00,6746.350000,-5.010000,-1.183437,19.218874
2025-12-03 16:05:00,6802.180000,-6.940000,-1.569760,15.184085
2025-12-03 16:10:00,6917.450000,4.660000,-2.094220,12.904239
2025-12-03 16:15:00,7010.420000,-6.590000,-2.296532,14.650443
2025-12-03 16:20:00,7128.910000,-6.460000,-4.256155,2.223084
2025-12-03 16:25:00,7213.420000,0.000000,-2.823761,3.216383
2025-12-03 16:30:00,7365.730000,24.350000,-2.483895,3.728830
2025-12-03 16:35:00,7467.340000,-6.230000,-0.177891,38.909793
2025-12-03 16:40:00,7532.320000,9.340000,-0.066239,40.958707
2025-12-03 16:45:00,7705.680000,41.090000,-0.009503,38.433625
2025-12-03 16:50:00,7874.320000,47.540000,3.124426,58.312657
2025-12-03 16:55:00,7998.740000,47.560000,8.934172,74.323015
2025-12-03 17:00:00,8089.780000,51.250000,14.414028,83.229531
2025-12-03 17:05:00,8119.240000,50.390000,15.475911,82.233677
2025-12-03 17:10:00,8180.360000,50.650000,16.915672,85.745143
2025-12-03 17:15:00,8254.180000,59.740000,22.940509,86.537703
2025-12-03 17:20:00,8316.950000,67.490000,25.247991,88.179532
2025-12-03 17:25:00,8381.730000,65.190000,45.397034,93.932521
2025-12-03 17:30:00,8486.260000,70.330000,62.062186,95.106435
2025-12-03 17:35:00,8546.480000,77.810000,52.388835,96.449884
2025-12-03 17:40:00,8639.310000,77.680000,67.188125,86.421453
2025-12-03 17:45:00,8673.130000,82.990000,96.289425,97.915634
2025-12-03 17:50:00,8733.090000,82.320000,95.937464,101.880706
2025-12-03 17:55:00,8754.270000,84.790000,112.857028,105.047759
2025-12-03 18:00:00,8797.810000,101.800000,112.067806,104.819932
2025-12-03 18:05:00,8778.210000,80.300000,116.817873,123.553106
2025-12-03 18:10:00,8787.330000,80.020000,120.432668,124.702373
2025-12-03 18:15:00,8750.740000,107.870000,124.781962,122.980090
2025-12-03 18:20:00,8745.570000,103.830000,133.507036,128.683675
2025-12-03 18:25:00,8788.900000,103.730000,129.829883,128.729407
2025-12-03 18:30:00,8789.800000,112.010000,135.678922,132.655487
2025-12-03 18:35:00,8747.350000,109.840000,146.508241,141.364080
2025-12-03 18:40:00,8717.690000,120.010000,146.508241,141.364080
2025-12-03 18:45:00,8720.830000,142.890000,151.946208,150.764517
2025-12-03 18:50:00,8696.400000,131.190000,153.010590,163.602372
2025-12-03 18:55:00,8677.280000,158.980000,143.808771,167.546813
2025-12-03 19:00:00,8614.840000,133.720000,157.459243,174.057141
2025-12-03 19:05:00,8618.690000,141.340000,133.756933,178.316174
2025-12-03 19:10:00,8571.170000,136.960000,124.113326,172.822995
2025-12-03 19:15:00,8556.740000,134.580000,144.017101,167.598425
2025-12-03 19:20:00,8630.230000,145.310000,141.136222,162.941816
2025-12-03 19:25:00,8662.160000,139.480000,137.956870,161.824753
2025-12-03 19:30:00,8670.060000,138.310000,138.725678,159.589391
2025-12-03 19:35:00,8640.980000,127.860000,129.635394,146.546440
2025-12-03 19:40:00,8651.870000,120.010000,123.665026,144.269632
2025-12-03 19:45:00,8656.020000,145.640000,140.856032,158.747593
2025-12-03 19:50:00,8526.470000,136.060000,128.711714,147.193796
2025-12-03 19:55:00,8580.930000,138.630000,138.945006,158.729455
2025-12-03 20:00:00,8468.040000,146.030000,128.711714,146.176226
2025-12-03 20:05:00,8457.730000,134.220000,134.248603,150.575989
2025-12-03 20:10:00,8408.410000,134.680000,130.334949,146.478865
2025-12-03 20:15:00,8450.500000,142.360000,129.936564,150.064898
2025-12-03 20:20:00,8375.370000,146.260000,134.893284,154.257370
2025-12-03 20:25:00,8311.170000,139.150000,128.779829,146.621709
2025-12-03 20:30:00,8256.340000,120.010000,124.489465,145.121393
2025-12-03 20:35:00,8238.470000,157.110000,118.323300,139.944665
2025-12-03 20:40:00,8088.900000,153.370000,108.626604,119.661035
2025-12-03 20:45:00,8061.140000,158.990000,127.483552,133.474709
2025-12-03 20:50:00,8048.870000,158.990000,122.309274,138.647925
2025-12-03 20:55:00,7987.640000,165.970000,123.465320,131.428234
2025-12-03 21:00:00,7992.350000,162.590000,130.678021,154.323265
2025-12-03 21:05:00,7930.390000,158.990000,123.687615,144.350537
2025-12-03 21:10:00,8031.820000,158.990000,126.182079,151.024389
2025-12-03 21:15:00,8005.650000,158.990000,128.217631,146.502099
2025-12-03 21:20:00,7998.880000,158.990000,130.678021,151.523593
2025-12-03 21:25:00,7965.920000,158.990000,126.559106,151.875498
2025-12-03 21:30:00,7942.090000,151.340000,113.931168,139.079239
2025-12-03 21:35:00,7912.090000,158.990000,130.678021,156.187886
2025-12-03 21:40:00,7931.720000,165.900000,137.023707,160.126956
2025-12-03 21:45:00,7956.010000,193.970000,137.023707,160.483433
2025-12-03 21:50:00,7800.720000,158.980000,135.707009,163.586186
2025-12-03 21:55:00,7855.690000,148.740000,152.435666,177.662233
2025-12-03 22:00:00,7794.950000,120.010000,150.147035,168.030878
2025-12-03 22:05:00,7739.460000,129.880000,130.278214,169.275453
2025-12-03 22:10:00,7673.200000,139.910000,127.702779,160.217485
2025-12-03 22:15:00,7663.150000,143.030000,127.986693,166.759554
2025-12-03 22:20:00,7613.880000,155.960000,127.658703,165.959049
2025-12-03 22:25:00,7553.200000,139.000000,129.944352,168.520547
2025-12-03 22:30:00,7553.660000,155.770000,129.944352,168.465881
2025-12-03 22:35:00,7515.850000,143.520000,130.345886,171.282286
2025-12-03 22:40:00,7503.180000,129.880000,143.328341,177.107763
2025-12-03 22:45:00,7468.810000,126.060000,144.486460,188.694445
2025-12-03 22:50:00,7405.870000,128.670000,128.686277,166.676402
2025-12-03 22:55:00,7414.210000,120.010000,128.073628,158.071100
2025-12-03 23:00:00,7474.970000,120.010000,113.710107,144.185577
2025-12-03 23:05:00,7426.140000,120.010000,121.069648,157.055005
2025-12-03 23:10:00,7461.780000,158.980000,126.316583,166.306651
2025-12-03 23:15:00,7321.580000,146.820000,128.467264,169.734142
2025-12-03 23:20:00,7310.670000,120.010000,130.427605,171.823987
2025-12-03 23:25:00,7299.700000,120.010000,126.316583,168.049579
2025-12-03 23:30:00,7264.410000,114.740000,128.686277,169.788267
2025-12-03 23:35:00,7218.660000,153.180000,126.148665,156.525929
2025-12-03 23:40:00,7204.190000,128.700000,118.884554,150.800600
2025-12-03 23:45:00,7115.350000,120.010000,109.130537,148.264333
2025-12-03 23:50:00,7130.580000,113.510000,113.084055,149.710165
2025-12-03 23:55:00,7142.860000,108.890000,106.006405,138.963002
2025-12-04 00:00:00,7109.330000,106.730000,107.311493,133.230947
2025-12-04 00:05:00,7029.500000,105.790000,104.212036,133.062652
2025-12-04 00:10:00,7034.840000,108.890000,122.278606,155.014996
2025-12-04 00:15:00,6929.520000,102.980000,122.550461,153.767497
2025-12-04 00:20:00,6900.700000,103.080000,104.715518,130.155618
2025-12-04 00:25:00,6825.330000,84.790000,103.854037,122.345739
2025-12-04 00:30:00,6845.410000,84.790000,104.715518,134.605029
2025-12-04 00:35:00,6817.920000,98.310000,121.292623,156.531302
2025-12-04 00:40:00,6853.090000,105.790000,113.598150,140.175701
2025-12-04 00:45:00,6762.510000,82.530000,106.044542,125.848580
2025-12-04 00:50:00,6736.790000,83.090000,104.179250,121.341429
2025-12-04 00:55:00,6744.040000,84.790000,102.199069,117.512163
2025-12-04 01:00:00,6735.470000,84.790000,102.400402,119.633506
2025-12-04 01:05:00,6704.850000,80.020000,103.598085,116.813492
2025-12-04 01:10:00,6644.660000,82.680000,101.972357,117.273714
2025-12-04 01:15:00,6635.930000,83.770000,101.394724,115.520451
2025-12-04 01:20:00,6523.720000,82.680000,100.079179,111.516735
2025-12-04 01:25:00,6497.340000,99.250000,86.873598,94.144758
2025-12-04 01:30:00,6523.970000,84.790000,89.090175,96.172540
2025-12-04 01:35:00,6536.140000,84.790000,98.604552,109.228607
2025-12-04 01:40:00,6547.280000,84.790000,103.598085,115.280520
2025-12-04 01:45:00,6464.180000,95.100000,86.443664,89.312664
2025-12-04 01:50:00,6512.590000,84.440000,86.918014,92.015135
2025-12-04 01:55:00,6497.770000,84.790000,89.484794,93.158706
2025-12-04 02:00:00,6430.690000,84.470000,89.463360,92.447489
2025-12-04 02:05:00,6387.070000,100.750000,81.256225,85.151738
2025-12-04 02:10:00,6466.900000,84.790000,86.826562,93.059886
2025-12-04 02:15:00,6465.710000,84.790000,87.053608,94.117882
2025-12-04 02:20:00,6365.110000,84.790000,84.208839,92.439280
2025-12-04 02:25:00,6358.010000,84.790000,95.764897,107.983241
2025-12-04 02:30:00,6345.380000,84.790000,87.150478,91.964797
2025-12-04 02:35:00,6367.630000,95.190000,88.169815,91.532968
2025-12-04 02:40:00,6404.230000,84.790000,88.169815,91.833699
2025-12-04 02:45:00,6375.680000,100.080000,93.679577,104.622562
2025-12-04 02:50:00,6409.540000,84.790000,87.150478,93.336057
2025-12-04 02:55:00,6388.460000,99.440000,87.150478,94.044305
2025-12-04 03:00:00,6411.950000,84.790000,87.665156,95.314732
2025-12-04 03:05:00,6351.650000,80.020000,99.863794,113.287682
2025-12-04 03:10:00,6351.460000,84.790000,87.665156,95.905737
2025-12-04 03:15:00,6318.760000,84.090000,84.564544,94.255139
2025-12-04 03:20:00,6313.420000,84.790000,85.985399,95.011624
2025-12-04 03:25:00,6344.110000,98.950000,89.007289,97.585475
2025-12-04 03:30:00,6357.740000,92.830000,89.007289,99.198231
2025-12-04 03:35:00,6357.580000,98.290000,95.675478,110.651483
2025-12-04 03:40:00,6337.780000,103.180000,89.007289,95.604210
2025-12-04 03:45:00,6353.640000,103.230000,99.863794,116.696064
2025-12-04 03:50:00,6407.070000,105.000000,87.054630,102.940075
2025-12-04 03:55:00,6449.510000,108.890000,96.691356,117.128897
2025-12-04 04:00:00,6497.290000,108.890000,91.328715,111.170415
2025-12-04 04:05:00,6525.230000,105.790000,90.154963,102.611277
2025-12-04 04:10:00,6534.610000,105.000000,94.421553,110.301428
2025-12-04 04:15:00,6622.820000,108.890000,97.282258,110.938189
2025-12-04 04:20:00,6650.740000,108.890000,98.009542,111.758548
2025-12-04 04:25:00,6635.600000,105.000000,104.497567,109.733978
2025-12-04 04:30:00,6585.900000,105.790000,101.495317,108.698624
2025-12-04 04:35:00,6655.420000,102.660000,105.278787,106.530139
2025-12-04 04:40:00,6716.140000,108.460000,111.349842,116.733352
2025-12-04 04:45:00,6672.350000,105.400000,111.349842,114.032586
2025-12-04 04:50:00,6694.790000,108.890000,110.610285,113.965530
2025-12-04 04:55:00,6758.440000,108.890000,111.647398,120.483827
2025-12-04 05:00:00,6763.790000,108.260000,114.789173,125.643484
2025-12-04 05:05:00,6838.480000,108.890000,112.157298,118.752098
2025-12-04 05:10:00,6806.870000,105.400000,110.156225,114.921573
2025-12-04 05:15:00,6877.040000,105.400000,109.911083,120.239606
2025-12-04 05:20:00,6956.390000,100.170000,109.285855,120.239606
2025-12-04 05:25:00,6902.720000,84.790000,88.780787,113.666158
2025-12-04 05:30:00,6965.550000,66.670000,79.049498,119.731865
2025-12-04 05:35:00,7054.370000,66.110000,84.217913,122.609799
2025-12-04 05:40:00,7096.200000,57.080000,79.808724,117.329086
2025-12-04 05:45:00,6971.270000,35.600000,57.323106,94.513254
2025-12-04 05:50:00,7131.640000,35.600000,44.064811,93.177342
2025-12-04 05:55:00,7140.100000,-5.510000,9.437735,83.956163
2025-12-04 06:00:00,7097.160000,-7.190000,0.742501,64.279017
2025-12-04 06:05:00,7095.940000,-8.160000,-0.001147,61.676152
2025-12-04 06:10:00,7124.670000,-7.880000,-0.173284,57.195025
2025-12-04 06:15:00,7089.830000,-7.320000,-0.665652,50.260124
2025-12-04 06:20:00,7033.140000,-7.210000,-1.952182,42.007252
2025-12-04 06:25:00,7113.590000,-7.280000,-1.337753,35.100112
2025-12-04 06:30:00,6979.740000,-7.410000,-1.653072,34.821708
2025-12-04 06:35:00,7020.170000,-7.880000,-0.514125,39.339971
2025-12-04 06:40:00,6903.400000,-8.230000,-0.393076,36.502580
2025-12-04 06:45:00,6868.030000,-8.450000,0.059496,34.963002
2025-12-04 06:50:00,6854.570000,-8.500000,0.060633,32.531640
2025-12-04 06:55:00,6787.220000,-9.280000,-6.942578,0.132926
2025-12-04 07:00:00,6689.220000,-9.820000,-5.724139,0.049280
2025-12-04 07:05:00,6517.360000,-8.340000,-7.254300,-0.216549
2025-12-04 07:10:00,6561.610000,-8.320000,-6.562462,-0.129946
2025-12-04 07:15:00,6585.830000,-7.880000,-5.813518,-0.121365
2025-12-04 07:20:00,6433.900000,-8.240000,-6.215666,-0.150883
2025-12-04 07:25:00,6435.190000,-8.730000,-5.979026,-0.093314
2025-12-04 07:30:00,6410.780000,-8.190000,-4.284653,-0.065392
2025-12-04 07:35:00,6249.290000,-9.440000,-9.469934,-0.356361
2025-12-04 07:40:00,6184.650000,-9.340000,-9.074212,-0.684382
2025-12-04 07:45:00,6091.990000,-10.020000,-10.146187,-0.711848
2025-12-04 07:50:00,5987.880000,-10.520000,-10.151677,-0.700134
2025-12-04 07:55:00,5891.490000,-11.610000,-12.884408,-1.742017
2025-12-04 08:00:00,5837.040000,-11.470000,-13.431983,-1.688020
2025-12-04 08:05:00,5788.120000,-11.260000,-11.162712,-0.637287
2025-12-04 08:10:00,5705.670000,-10.710000,-12.457492,-0.637287
2025-12-04 08:15:00,5642.440000,-11.000000,-13.581527,-0.733343
2025-12-04 08:20:00,5665.510000,-11.010000,-12.321076,-0.706046
2025-12-04 08:25:00,5537.080000,-11.640000,-14.210469,-3.214393
2025-12-04 08:30:00,5505.090000,-13.180000,-16.442921,-1.655932
2025-12-04 08:35:00,5489.990000,-12.770000,-15.562065,-3.204911
2025-12-04 08:40:00,5458.040000,-13.910000,-15.938438,-3.184967
2025-12-04 08:45:00,5411.410000,-13.460000,-15.938438,-4.057926
2025-12-04 08:50:00,5322.810000,-14.990000,-16.460539,-6.098592
2025-12-04 08:55:00,5346.310000,-13.930000,-15.706244,-3.259876
2025-12-04 09:00:00,5292.100000,-13.460000,-15.934279,-5.901049
2025-12-04 09:05:00,5150.760000,-13.480000,-19.806787,-8.624598
2025-12-04 09:10:00,5137.880000,-14.990000,-19.356476,-8.208921
2025-12-04 09:15:00,5101.590000,-13.200000,-19.356476,-12.341480
2025-12-04 09:20:00,5148.620000,-15.700000,-19.356476,-13.079117
2025-12-04 09:25:00,5217.870000,-13.110000,-19.356476,-7.739197
2025-12-04 09:30:00,5129.690000,-12.870000,-18.252095,-12.565075
2025-12-04 09:35:00,5151.830000,-12.880000,-18.252095,-8.082639
2025-12-04 09:40:00,5208.530000,-12.700000,-17.979009,-7.206384
2025-12-04 09:45:00,5222.970000,-11.380000,-17.979009,-7.206384
2025-12-04 09:50:00,5235.090000,-11.950000,-14.413016,-8.242013
2025-12-04 09:55:00,5232.550000,-13.230000,-17.979009,-7.318855
2025-12-04 10:00:00,5246.410000,-13.100000,-15.233046,-5.092883
2025-12-04 10:05:00,5198.670000,-13.120000,-16.197187,-7.000054
2025-12-04 10:10:00,5139.390000,-14.440000,-17.450645,-11.087743
2025-12-04 10:15:00,5140.970000,-13.010000,-16.643896,-11.292048
2025-12-04 10:20:00,5098.190000,-11.360000,-17.821009,-13.066009
2025-12-04 10:25:00,5092.730000,-14.990000,-16.661706,-11.387014
2025-12-04 10:30:00,5062.490000,-13.280000,-16.369441,-11.242732
2025-12-04 10:35:00,5127.910000,-14.780000,-16.369441,-11.317807
2025-12-04 10:40:00,5108.100000,-15.060000,-16.661706,-11.463639
2025-12-04 10:45:00,5066.770000,-13.820000,-12.377011,-10.991685
2025-12-04 10:50:00,5099.690000,-16.500000,-17.950905,-11.179520
2025-12-04 10:55:00,5060.690000,-14.990000,-16.661706,-11.332315
2025-12-04 11:00:00,5076.550000,-14.560000,-17.194780,-11.173289
2025-12-04 11:05:00,5124.910000,-14.840000,-16.162209,-6.747488
2025-12-04 11:10:00,5198.170000,-16.000000,-16.220435,-10.936020
2025-12-04 11:15:00,5148.120000,-16.020000,-16.369441,-11.173530
2025-12-04 11:20:00,5094.720000,-17.570000,-13.045423,-10.870890
2025-12-04 11:25:00,5193.860000,-13.680000,-17.056478,-11.800928
2025-12-04 11:30:00,5152.970000,-13.140000,-16.113927,-7.264635
2025-12-04 11:35:00,5285.050000,-16.000000,-13.514225,-8.390579
2025-12-04 11:40:00,5197.850000,-16.000000,-16.747740,-11.732087
2025-12-04 11:45:00,5273.980000,-10.700000,-13.904671,-3.631476
2025-12-04 11:50:00,5290.750000,-14.840000,-14.692506,-18.853652
2025-12-04 11:55:00,5237.170000,-12.980000,-16.558905,-10.097539
2025-12-04 12:00:00,5235.490000,-12.430000,-15.399796,-9.567031
2025-12-04 12:05:00,5302.690000,-18.890000,-18.580802,-10.622170
2025-12-04 12:10:00,5419.740000,-13.350000,-16.114453,-11.074707
2025-12-04 12:15:00,5392.100000,-16.000000,-15.614753,-11.027220
2025-12-04 12:20:00,5438.470000,-13.260000,-18.028653,-12.638771
2025-12-04 12:25:00,5495.390000,-13.860000,-13.942151,-3.089319
2025-12-04 12:30:00,5491.850000,-12.870000,-13.884056,-3.023030
2025-12-04 12:35:00,5490.940000,-11.160000,-15.876127,-17.666319
2025-12-04 12:40:00,5540.180000,-11.500000,-15.614753,-11.078290
2025-12-04 12:45:00,5555.450000,-11.360000,-11.960569,-2.839300
2025-12-04 12:50:00,5629.920000,-10.000000,-14.362857,-2.642847
2025-12-04 12:55:00,5648.860000,-10.860000,-14.090521,-0.935905
2025-12-04 13:00:00,5599.300000,-9.620000,-9.892853,-1.240931
2025-12-04 13:05:00,5674.470000,-8.540000,-8.322632,-3.898236
2025-12-04 13:10:00,5677.200000,-8.320000,-8.329861,-0.383923
2025-12-04 13:15:00,5756.680000,-8.320000,-9.918418,-3.799548
2025-12-04 13:20:00,5871.200000,-8.320000,-8.193991,-0.401388
2025-12-04 13:25:00,5975.390000,-8.310000,-8.402126,-0.453062
2025-12-04 13:30:00,6032.840000,-7.650000,-8.193991,-0.532078
2025-12-04 13:35:00,6058.360000,-7.060000,-5.486043,-0.418279
2025-12-04 13:40:00,6028.600000,-7.080000,-5.454180,-0.475482
2025-12-04 13:45:00,6061.730000,-7.000000,-5.454180,-0.453317
2025-12-04 13:50:00,6138.870000,-7.000000,-5.335423,-0.596298
2025-12-04 13:55:00,6268.190000,-7.000000,-5.541281,-0.607981
2025-12-04 14:00:00,6252.040000,-6.520000,-5.772270,-0.641238
2025-12-04 14:05:00,6358.410000,-7.000000,-5.775824,0.028239
2025-12-04 14:10:00,6500.180000,-5.510000,-5.216673,0.447982
2025-12-04 14:15:00,6577.610000,-5.510000,-3.954664,0.496856
2025-12-04 14:20:00,6652.670000,-7.000000,-4.200418,0.462016
2025-12-04 14:25:00,6624.220000,-7.690000,-4.309261,0.451700
2025-12-04 14:30:00,6789.330000,-7.000000,-3.373816,0.697650
2025-12-04 14:35:00,6906.890000,-6.620000,-3.859268,0.660989
2025-12-04 14:40:00,6851.550000,-8.030000,-3.220202,0.620270
2025-12-04 14:45:00,7028.450000,-6.700000,-4.119873,0.598537
2025-12-04 14:50:00,7167.930000,-5.510000,-4.224439,0.590802
2025-12-04 14:55:00,7278.830000,-5.510000,-4.224544,0.595098
2025-12-04 15:00:00,7258.970000,-3.960000,-4.555267,0.919499
2025-12-04 15:05:00,7371.280000,-7.770000,-4.415426,0.679410
2025-12-04 15:10:00,7556.560000,-7.760000,-4.043175,1.670798
2025-12-04 15:15:00,7703.070000,-5.510000,-2.362564,1.792065
2025-12-04 15:20:00,7714.480000,-3.960000,-2.463414,1.833730
2025-12-04 15:25:00,7900.950000,-4.060000,-2.363312,1.839506
2025-12-04 15:30:00,8049.140000,0.000000,-1.737193,1.836061
2025-12-04 15:35:00,7987.840000,-7.000000,-1.280884,2.209747
2025-12-04 15:40:00,8234.120000,16.700000,-0.151423,2.366246
2025-12-04 15:45:00,8303.460000,19.110000,2.394545,39.815174
2025-12-04 15:50:00,8369.830000,0.800000,2.318740,56.642013
2025-12-04 15:55:00,8454.900000,0.510000,5.368164,58.260227
2025-12-04 16:00:00,8562.800000,51.230000,5.956623,57.696347
2025-12-04 16:05:00,8565.680000,13.160000,9.759910,70.090969
2025-12-04 16:10:00,8720.110000,22.060000,10.476855,70.150801
2025-12-04 16:15:00,8741.960000,34.360000,10.715376,69.613322
2025-12-04 16:20:00,8863.910000,-1.140000,14.292627,70.609206
2025-12-04 16:25:00,8981.160000,27.730000,16.257899,71.883868
2025-12-04 16:30:00,9004.450000,27.510000,17.347539,75.303316
2025-12-04 16:35:00,9101.280000,33.930000,13.298402,70.738549
2025-12-04 16:40:00,9092.640000,42.830000,20.748245,87.179051
2025-12-04 16:45:00,9245.030000,43.550000,25.384737,90.270401
2025-12-04 16:50:00,9421.390000,61.250000,17.800975,77.324156
2025-12-04 16:55:00,9566.090000,84.790000,41.417089,92.325519
2025-12-04 17:00:00,9598.390000,77.740000,84.787358,118.725752
2025-12-04 17:05:00,9603.370000,75.270000,67.601201,114.929175
2025-12-04 17:10:00,9613.620000,52.840000,49.456475,115.148267
2025-12-04 17:15:00,9672.850000,95.410000,56.416895,114.999229
2025-12-04 17:20:00,9716.320000,120.510000,75.428038,113.943748
2025-12-04 17:25:00,9738.390000,124.050000,102.444381,152.844175
2025-12-04 17:30:00,9821.870000,136.350000,112.386425,156.201519
2025-12-04 17:35:00,9909.990000,147.020000,121.139069,168.825861
2025-12-04 17:40:00,9890.820000,106.310000,130.209203,171.678221
2025-12-04 17:45:00,9993.830000,123.760000,138.192349,181.190464
2025-12-04 17:50:00,10035.090000,133.510000,147.337147,186.787798
2025-12-04 17:55:00,10075.820000,140.660000,162.886195,184.787918
2025-12-04 18:00:00,9991.000000,140.840000,162.890558,185.413363
2025-12-04 18:05:00,9958.410000,140.330000,158.417819,184.213620
2025-12-04 18:10:00,9865.200000,127.340000,143.505475,181.542197
2025-12-04 18:15:00,9935.490000,127.640000,179.536816,161.821085
2025-12-04 18:20:00,9986.280000,142.190000,189.524338,158.650986
2025-12-04 18:25:00,9765.420000,134.560000,162.925138,159.260336
2025-12-04 18:30:00,9744.930000,158.290000,169.520042,166.101544
2025-12-04 18:35:00,9708.310000,130.490000,168.218082,169.501953
2025-12-04 18:40:00,9709.920000,147.850000,145.472880,158.676764
2025-12-04 18:45:00,9600.100000,144.060000,151.357289,152.167702
2025-12-04 18:50:00,9517.170000,136.060000,145.877195,157.407912
2025-12-04 18:55:00,9627.410000,135.450000,157.490764,159.758848
2025-12-04 19:00:00,9620.910000,139.740000,146.282980,158.358817
2025-12-04 19:05:00,9465.430000,139.730000,132.519865,150.821303
2025-12-04 19:10:00,9512.230000,159.170000,127.899368,148.603123
2025-12-04 19:15:00,9487.860000,142.070000,127.899368,145.469349
2025-12-04 19:20:00,9545.620000,149.900000,141.698465,152.269060
2025-12-04 19:25:00,9428.290000,146.010000,144.021516,155.872242
2025-12-04 19:30:00,9449.380000,138.690000,151.823520,166.446207
2025-12-04 19:35:00,9521.030000,158.960000,140.930530,151.737917
2025-12-04 19:40:00,9308.930000,147.610000,138.945006,161.793636
2025-12-04 19:45:00,9336.240000,139.680000,136.856655,158.022436
2025-12-04 19:50:00,9405.180000,147.570000,138.507709,155.452107
2025-12-04 19:55:00,9321.130000,170.080000,130.007985,146.034053
2025-12-04 20:00:00,9156.740000,159.280000,130.177814,144.391740
2025-12-04 20:05:00,9141.930000,142.390000,140.800481,159.999864
2025-12-04 20:10:00,9091.760000,146.200000,141.254957,166.133599
2025-12-04 20:15:00,9031.000000,147.890000,138.903567,155.656634
2025-12-04 20:20:00,8979.040000,146.520000,137.125278,155.668735
2025-12-04 20:25:00,8957.390000,145.130000,138.903466,157.907978
2025-12-04 20:30:00,8897.920000,158.980000,132.803160,149.634804
2025-12-04 20:35:00,8810.270000,147.890000,135.200265,148.607815
2025-12-04 20:40:00,8679.590000,147.210000,136.321745,150.372544
2025-12-04 20:45:00,8709.360000,147.890000,132.024953,145.514711
2025-12-04 20:50:00,8605.820000,134.430000,133.036040,140.074026
2025-12-04 20:55:00,8571.220000,137.840000,145.289855,151.573902
2025-12-04 21:00:00,8516.010000,132.000000,134.139569,153.501142
2025-12-04 21:05:00,8543.760000,132.600000,130.821459,137.260436
2025-12-04 21:10:00,8537.020000,132.830000,133.036040,141.460356
2025-12-04 21:15:00,8562.980000,135.060000,133.036040,145.612598
2025-12-04 21:20:00,8548.500000,135.160000,133.036040,144.700831
2025-12-04 21:25:00,8497.310000,133.130000,133.036040,143.137863
2025-12-04 21:30:00,8486.050000,132.730000,133.036040,147.764136
2025-12-04 21:35:00,8432.890000,129.120000,133.036040,147.871724
2025-12-04 21:40:00,8390.810000,114.280000,134.139569,152.303572
2025-12-04 21:45:00,8420.800000,120.570000,134.139569,150.564642
2025-12-04 21:50:00,8306.970000,111.890000,125.251577,140.391609
2025-12-04 21:55:00,8282.280000,108.890000,122.505487,139.563834
2025-12-04 22:00:00,8180.150000,104.700000,116.912015,130.621146
2025-12-04 22:05:00,8100.150000,93.720000,116.746736,125.455160
2025-12-04 22:10:00,8158.620000,103.680000,116.912015,126.813591
2025-12-04 22:15:00,8092.570000,115.700000,118.295622,128.197825
2025-12-04 22:20:00,8056.250000,108.890000,118.784718,127.436498
2025-12-04 22:25:00,8041.220000,103.310000,115.140493,127.235774
2025-12-04 22:30:00,8012.340000,108.890000,117.305325,124.457709
2025-12-04 22:35:00,7953.390000,115.670000,118.534489,142.544428
2025-12-04 22:40:00,7908.740000,128.070000,110.791771,128.641997
2025-12-04 22:45:00,7772.010000,127.990000,110.246479,127.263451
2025-12-04 22:50:00,7715.590000,127.020000,107.798839,127.286834
2025-12-04 22:55:00,7790.260000,122.990000,107.496337,126.579315
2025-12-04 23:00:00,7744.740000,127.300000,106.834362,130.695717
2025-12-04 23:05:00,7673.840000,120.810000,101.780869,123.732291
2025-12-04 23:10:00,7660.950000,121.700000,109.664353,129.105145
2025-12-04 23:15:00,7594.180000,132.270000,109.699141,131.742303
2025-12-04 23:20:00,7594.000000,142.710000,108.173224,128.750063
2025-12-04 23:25:00,7561.580000,145.330000,107.168380,128.438685
2025-12-04 23:30:00,7477.360000,121.160000,105.618478,129.531245
2025-12-04 23:35:00,7522.700000,164.260000,99.284188,107.060418
2025-12-04 23:40:00,7463.520000,135.310000,98.159277,118.860293
2025-12-04 23:45:00,7386.290000,108.890000,103.642049,118.860293
2025-12-04 23:50:00,7395.900000,108.890000,103.642049,118.903018
2025-12-04 23:55:00,7412.060000,105.790000,103.642049,116.161690
2025-12-05 00:00:00,7355.000000,108.890000,105.625664,119.767368
2025-12-05 00:05:00,7289.350000,105.260000,104.399381,119.619352
2025-12-05 00:10:00,7293.400000,105.330000,104.625971,120.155862
2025-12-05 00:15:00,7271.540000,104.680000,103.727563,122.866211
2025-12-05 00:20:00,7217.220000,98.510000,101.438281,125.368463
2025-12-05 00:25:00,7171.600000,86.600000,86.940667,116.278938
2025-12-05 00:30:00,7122.050000,85.630000,73.620827,104.958356
2025-12-05 00:35:00,7032.630000,69.320000,115.652231,144.105211
2025-12-05 00:40:00,7044.960000,81.840000,105.528166,119.513007
2025-12-05 00:45:00,6962.150000,81.900000,86.600470,98.285704
2025-12-05 00:50:00,6929.010000,81.390000,86.600470,97.925790
2025-12-05 00:55:00,6857.340000,79.950000,74.995758,93.373019
2025-12-05 01:00:00,6858.060000,79.950000,85.622843,97.860520
2025-12-05 01:05:00,6862.520000,79.950000,84.827454,94.213724
2025-12-05 01:10:00,6807.580000,71.050000,84.827454,94.322910
2025-12-05 01:15:00,6762.910000,83.120000,84.827454,92.775299
2025-12-05 01:20:00,6710.450000,71.060000,77.722964,88.831101
2025-12-05 01:25:00,6748.320000,79.950000,78.184293,88.973932
2025-12-05 01:30:00,6727.100000,83.010000,76.487150,87.330330
2025-12-05 01:35:00,6652.920000,79.950000,65.419059,78.558117
2025-12-05 01:40:00,6649.120000,79.950000,72.351478,85.544156
2025-12-05 01:45:00,6613.260000,79.950000,73.400992,86.180811
2025-12-05 01:50:00,6587.140000,71.570000,72.713685,86.407466
2025-12-05 01:55:00,6564.350000,69.600000,72.768894,83.677039
2025-12-05 02:00:00,6593.170000,70.150000,71.987010,84.407237
2025-12-05 02:05:00,6633.480000,65.000000,71.756684,82.769690
2025-12-05 02:10:00,6565.480000,64.890000,65.362880,79.144224
2025-12-05 02:15:00,6581.250000,60.060000,72.018636,88.711457
2025-12-05 02:20:00,6541.450000,64.890000,67.720305,81.328696
2025-12-05 02:25:00,6566.710000,64.890000,71.802517,85.319707
2025-12-05 02:30:00,6572.190000,69.810000,73.689103,90.364165
2025-12-05 02:35:00,6446.800000,64.890000,71.015013,84.699249
2025-12-05 02:40:00,6421.050000,64.890000,69.831105,82.435950
2025-12-05 02:45:00,6489.040000,69.850000,73.395734,84.609410
2025-12-05 02:50:00,6501.980000,69.850000,70.038133,77.913436
2025-12-05 02:55:00,6406.450000,64.890000,68.216432,77.440058
2025-12-05 03:00:00,6415.150000,64.890000,66.735622,76.814716
2025-12-05 03:05:00,6464.140000,68.970000,64.291009,74.334079
2025-12-05 03:10:00,6484.760000,59.900000,65.590433,73.595035
2025-12-05 03:15:00,6482.460000,60.980000,65.590433,71.965697
2025-12-05 03:20:00,6481.370000,60.540000,65.590433,74.412550
2025-12-05 03:25:00,6461.090000,64.890000,66.384221,76.735792
2025-12-05 03:30:00,6375.630000,60.570000,67.516217,78.092956
2025-12-05 03:35:00,6395.300000,64.890000,67.725942,76.514532
2025-12-05 03:40:00,6449.930000,70.780000,67.725942,76.804764
2025-12-05 03:45:00,6489.830000,70.310000,70.472869,79.129141
2025-12-05 03:50:00,6527.730000,69.800000,70.472869,79.835915
2025-12-05 03:55:00,6503.290000,68.910000,67.725942,77.922616
2025-12-05 04:00:00,6593.590000,69.790000,70.451435,78.197283
2025-12-05 04:05:00,6641.210000,72.650000,73.885081,81.033460
2025-12-05 04:10:00,6710.310000,84.790000,69.440437,75.983304
2025-12-05 04:15:00,6749.080000,87.740000,72.534182,78.758884
2025-12-05 04:20:00,6778.650000,87.750000,73.377208,81.234962
2025-12-05 04:25:00,6681.060000,79.950000,72.075095,86.325083
2025-12-05 04:30:00,6731.420000,84.790000,73.867844,81.655458
2025-12-05 04:35:00,6757.890000,99.150000,73.867844,92.492989
2025-12-05 04:40:00,6847.600000,100.450000,80.063801,105.075813
2025-12-05 04:45:00,6746.710000,79.950000,78.376638,93.419477
2025-12-05 04:50:00,6848.820000,84.790000,78.761373,92.471703
2025-12-05 04:55:00,6842.100000,94.890000,79.288004,91.266721
2025-12-05 05:00:00,6792.640000,91.980000,77.981407,100.751076
2025-12-05 05:05:00,6867.240000,86.470000,79.891057,89.356108
2025-12-05 05:10:00,6960.250000,80.640000,86.929339,102.662279
2025-12-05 05:15:00,6927.530000,85.830000,85.465379,105.775667
2025-12-05 05:20:00,6921.770000,78.820000,82.862368,102.502070
2025-12-05 05:25:00,6973.000000,78.320000,74.542516,90.177713
2025-12-05 05:30:00,7056.000000,76.620000,78.003142,100.776360
2025-12-05 05:35:00,7021.320000,75.420000,82.168981,105.691370
2025-12-05 05:40:00,7026.980000,65.330000,78.566993,92.586932
2025-12-05 05:45:00,7009.030000,59.110000,46.395612,72.191134
2025-12-05 05:50:00,7041.210000,48.080000,34.609320,71.272263
2025-12-05 05:55:00,6991.090000,-6.660000,17.588182,73.182012
2025-12-05 06:00:00,6948.370000,-7.530000,0.778824,53.044846
2025-12-05 06:05:00,7026.870000,-7.680000,-0.259226,48.688365
2025-12-05 06:10:00,7001.320000,-7.670000,-2.448053,37.080458
2025-12-05 06:15:00,7040.830000,-7.800000,-2.216424,38.816878
2025-12-05 06:20:00,7087.740000,-7.740000,-5.144349,33.155902
2025-12-05 06:25:00,7070.290000,-7.800000,-4.628953,34.908432
2025-12-05 06:30:00,7061.800000,-7.920000,-4.125821,36.099335
2025-12-05 06:35:00,7066.840000,-7.000000,-2.998659,34.403074
2025-12-05 06:40:00,7030.440000,-7.000000,-2.320988,35.882177
2025-12-05 06:45:00,7024.180000,-7.800000,-1.411110,36.524347
2025-12-05 06:50:00,7093.310000,-7.000000,0.461798,36.510126
2025-12-05 06:55:00,6984.510000,-7.000000,-14.777443,-0.384721
2025-12-05 07:00:00,6970.010000,-10.800000,-15.573183,-0.422795
2025-12-05 07:05:00,6881.180000,-8.000000,-17.014999,-0.705976
2025-12-05 07:10:00,6905.000000,-5.720000,-15.895358,-0.703657
2025-12-05 07:15:00,6863.570000,-8.640000,-11.966841,-0.640196
2025-12-05 07:20:00,6896.670000,-9.500000,-11.559476,-0.579980
2025-12-05 07:25:00,6878.090000,-8.860000,-11.471506,-0.521524
2025-12-05 07:30:00,6835.460000,-9.500000,-11.778389,-0.526226
2025-12-05 07:35:00,6833.270000,-7.000000,-10.488705,-0.404263
2025-12-05 07:40:00,6725.860000,-10.540000,-10.031855,-0.463359
2025-12-05 07:45:00,6625.970000,-12.950000,-10.841375,-0.657570
2025-12-05 07:50:00,6592.450000,-11.010000,-10.752645,-0.555566
2025-12-05 07:55:00,6595.930000,-11.000000,-10.537502,-0.555566
2025-12-05 08:00:00,6446.030000,-16.000000,-11.020624,-1.349908
2025-12-05 08:05:00,6482.170000,-13.230000,-9.715267,-0.103198
2025-12-05 08:10:00,6542.620000,-10.000000,-6.900496,-0.055201
2025-12-05 08:15:00,6555.200000,-11.010000,-7.817359,-0.948485
2025-12-05 08:20:00,6469.380000,-14.990000,-8.292560,-0.996681
2025-12-05 08:25:00,6442.630000,-10.810000,-8.108408,-0.484110
2025-12-05 08:30:00,6457.980000,-11.000000,-7.997815,-0.481441
2025-12-05 08:35:00,6392.900000,-9.500000,-8.292560,-0.253998
2025-12-05 08:40:00,6395.950000,-12.870000,-8.966975,-1.166031
2025-12-05 08:45:00,6294.080000,-11.540000,-8.643155,-1.221706
2025-12-05 08:50:00,6261.000000,-11.010000,-11.724830,-0.622224
2025-12-05 08:55:00,6249.140000,-11.010000,-10.645659,-1.194069
2025-12-05 09:00:00,6281.440000,-11.010000,-12.307320,-6.553368
2025-12-05 09:05:00,6256.720000,-14.990000,-11.503342,-1.724324
2025-12-05 09:10:00,6196.330000,-16.000000,-11.175972,-1.476231
2025-12-05 09:15:00,6280.800000,-10.000000,-9.803411,-1.438376
2025-12-05 09:20:00,6310.740000,-12.870000,-13.733674,-2.659101
2025-12-05 09:25:00,6264.900000,-12.870000,-14.000290,-1.439628
2025-12-05 09:30:00,6223.680000,-16.000000,-12.166501,-1.479045
2025-12-05 09:35:00,6248.040000,-11.010000,-12.441967,-1.395734
2025-12-05 09:40:00,6443.220000,-9.500000,-12.747266,-1.309510
2025-12-05 09:45:00,6498.610000,-8.320000,-8.873091,-1.174684
2025-12-05 09:50:00,6547.600000,-5.720000,-8.518965,-1.103653
2025-12-05 09:55:00,6574.730000,-17.120000,-9.979927,-0.573408
2025-12-05 10:00:00,6663.880000,-0.970000,-8.633784,0.283459
2025-12-05 10:05:00,6544.340000,-5.510000,-13.092617,0.241881
2025-12-05 10:10:00,6568.060000,-15.560000,-13.038605,0.314244
2025-12-05 10:15:00,6670.380000,-13.820000,-7.793712,0.917530
2025-12-05 10:20:00,6654.060000,-7.800000,-11.827496,0.689278
2025-12-05 10:25:00,6572.600000,-6.100000,-11.657895,0.785837
2025-12-05 10:30:00,6572.050000,-12.000000,-13.677197,0.284180
2025-12-05 10:35:00,6626.080000,-11.850000,-9.883639,0.705750
2025-12-05 10:40:00,6692.990000,-7.250000,-14.698865,0.598034
2025-12-05 10:45:00,6612.360000,-10.000000,-16.294629,0.899258
2025-12-05 10:50:00,6652.890000,-11.850000,-12.957004,0.899258
2025-12-05 10:55:00,6640.440000,-12.000000,-19.649807,-0.908877
2025-12-05 11:00:00,6696.840000,-5.810000,-3.344602,1.959089
2025-12-05 11:05:00,6685.860000,-10.000000,-10.131869,0.815895
2025-12-05 11:10:00,6810.760000,-5.720000,-16.677292,-1.515723
2025-12-05 11:15:00,6869.850000,0.000000,-16.941549,-0.405842
2025-12-05 11:20:00,6848.500000,-1.490000,-8.989622,2.470798
2025-12-05 11:25:00,6932.060000,9.610000,-7.223410,2.343278
2025-12-05 11:30:00,6921.800000,0.960000,-2.971825,15.129219
2025-12-05 11:35:00,6888.100000,-0.400000,-1.944470,15.934880
2025-12-05 11:40:00,6932.310000,8.910000,-2.260234,22.637625
2025-12-05 11:45:00,6951.750000,-5.720000,-2.213397,23.109519
2025-12-05 11:50:00,7048.610000,-6.030000,-2.185695,22.202138
2025-12-05 11:55:00,7199.800000,15.770000,-2.667582,21.432455
2025-12-05 12:00:00,7140.970000,13.640000,-2.408096,22.165165
2025-12-05 12:05:00,7284.740000,45.440000,-3.031525,38.143187
2025-12-05 12:10:00,7282.020000,-0.430000,-0.118686,49.851827
2025-12-05 12:15:00,7401.920000,8.640000,0.521979,50.330034
2025-12-05 12:20:00,7369.510000,-7.610000,0.401298,47.799475
2025-12-05 12:25:00,7588.910000,-0.960000,1.607045,55.505545
2025-12-05 12:30:00,7507.210000,-16.550000,1.091446,47.923122
2025-12-05 12:35:00,7634.670000,0.000000,0.431787,47.832511
2025-12-05 12:40:00,7659.810000,-5.510000,1.431260,55.322533
2025-12-05 12:45:00,7726.900000,-11.680000,0.327719,48.340072
2025-12-05 12:50:00,7807.750000,-13.330000,0.592802,48.522121
2025-12-05 12:55:00,7739.890000,-10.000000,2.070011,59.863301
2025-12-05 13:00:00,7879.780000,8.840000,1.877403,63.826807
2025-12-05 13:05:00,7875.150000,0.670000,4.304674,75.837265
2025-12-05 13:10:00,7933.050000,-5.720000,-2.418681,45.287305
2025-12-05 13:15:00,8002.430000,0.670000,-0.518351,60.986868
2025-12-05 13:20:00,7971.530000,0.680000,-0.477303,29.375491
2025-12-05 13:25:00,8065.980000,-0.980000,-1.065025,34.497935
2025-12-05 13:30:00,8060.200000,0.690000,-1.812832,29.651960
2025-12-05 13:35:00,8125.250000,-1.320000,-1.797105,34.531623
2025-12-05 13:40:00,8275.340000,-6.230000,-1.284758,28.340275
2025-12-05 13:45:00,8358.960000,-13.750000,-1.029221,28.341220
2025-12-05 13:50:00,8531.750000,-0.960000,-0.536982,30.002151
2025-12-05 13:55:00,8555.510000,0.000000,-0.340920,31.529003
2025-12-05 14:00:00,8626.450000,-5.510000,0.368237,69.538401
2025-12-05 14:05:00,8688.260000,-0.950000,-0.216612,69.960396
2025-12-05 14:10:00,8770.740000,-12.100000,-0.764997,17.953224
2025-12-05 14:15:00,8936.480000,-9.120000,1.086856,72.907620
2025-12-05 14:20:00,9017.640000,-7.000000,1.293935,72.907620
2025-12-05 14:25:00,9207.300000,0.000000,0.740139,20.814120
2025-12-05 14:30:00,9236.590000,-3.610000,1.163729,72.419067
2025-12-05 14:35:00,9409.290000,12.290000,0.921025,22.283137
2025-12-05 14:40:00,9474.130000,-7.610000,1.082853,30.669114
2025-12-05 14:45:00,9632.710000,0.000000,3.508603,34.168333
2025-12-05 14:50:00,9582.240000,8.960000,2.625184,40.041178
2025-12-05 14:55:00,9643.460000,34.450000,3.002525,40.814781
2025-12-05 15:00:00,9700.260000,41.280000,2.533027,68.598034
2025-12-05 15:05:00,9786.050000,42.930000,1.534662,71.355229
2025-12-05 15:10:00,9812.820000,43.650000,2.698444,89.516544
2025-12-05 15:15:00,9931.560000,40.630000,1.950287,83.205788
2025-12-05 15:20:00,10011.050000,38.970000,1.846216,80.916659
2025-12-05 15:25:00,10195.190000,39.780000,1.787310,88.187439
2025-12-05 15:30:00,10331.110000,34.710000,2.084998,92.841490
2025-12-05 15:35:00,10490.490000,23.970000,2.429408,99.402879
2025-12-05 15:40:00,10672.380000,22.530000,1.833513,77.023699
2025-12-05 15:45:00,10779.260000,32.040000,1.734441,73.468224
2025-12-05 15:50:00,10940.530000,53.180000,1.990830,81.827594
2025-12-05 15:55:00,11023.130000,184.330000,5.173539,83.261920
2025-12-05 16:00:00,11004.070000,239.330000,16.131680,194.811871
2025-12-05 16:05:00,11053.750000,129.540000,13.170552,251.307545
2025-12-05 16:10:00,11110.900000,453.170000,42.752848,255.582354
2025-12-05 16:15:00,11182.900000,514.150000,78.622966,339.700112
2025-12-05 16:20:00,11237.540000,460.900000,62.873856,337.793157
2025-12-05 16:25:00,11281.290000,465.980000,159.377842,339.700112
2025-12-05 16:30:00,11339.470000,465.630000,124.506115,324.068041
2025-12-05 16:35:00,11409.740000,441.340000,104.206802,319.218330
2025-12-05 16:40:00,11380.580000,419.540000,102.482390,319.218330
2025-12-05 16:45:00,11314.080000,248.880000,52.320700,312.407836
2025-12-05 16:50:00,11497.440000,424.140000,91.742370,326.995477
2025-12-05 16:55:00,11529.770000,427.040000,109.470662,323.142153
2025-12-05 17:00:00,11499.620000,421.860000,113.268032,382.259264
2025-12-05 17:05:00,11542.900000,427.440000,129.050910,382.363506
2025-12-05 17:10:00,11498.170000,-76.830000,159.413366,347.465374
2025-12-05 17:15:00,11541.660000,-16.000000,211.845926,361.149864
2025-12-05 17:20:00,11710.000000,49.040000,227.182417,476.415944
2025-12-05 17:25:00,11669.220000,0.000000,227.182417,388.204655
2025-12-05 17:30:00,11790.000000,62.470000,245.738857,381.511312
2025-12-05 17:35:00,11816.280000,91.820000,216.383649,397.420992
2025-12-05 17:40:00,11854.170000,75.010000,205.003035,381.234448
2025-12-05 17:45:00,11812.390000,164.580000,209.382142,433.626184
2025-12-05 17:50:00,11819.550000,135.820000,216.383649,550.763954
2025-12-05 17:55:00,11843.830000,246.290000,258.525405,582.611641
2025-12-05 18:00:00,11635.110000,152.220000,224.677608,576.605445
2025-12-05 18:05:00,11708.890000,147.310000,258.525405,558.502825
2025-12-05 18:10:00,11611.540000,143.180000,56.918196,287.481190
2025-12-05 18:15:00,11590.310000,186.160000,71.432807,296.822301
2025-12-05 18:20:00,11419.630000,175.550000,144.561113,327.185145
2025-12-05 18:25:00,11518.680000,179.700000,82.860252,318.089857
2025-12-05 18:30:00,11451.670000,188.680000,128.399981,291.415519
2025-12-05 18:35:00,11457.320000,158.690000,170.187398,292.303896
2025-12-05 18:40:00,11503.530000,136.410000,142.510691,278.643241
2025-12-05 18:45:00,11342.460000,137.500000,217.177960,330.236465
2025-12-05 18:50:00,11370.870000,136.500000,205.901411,277.428712
2025-12-05 18:55:00,11388.970000,157.580000,233.529785,363.580393
2025-12-05 19:00:00,11304.260000,154.450000,205.178730,229.783078
2025-12-05 19:05:00,11112.290000,112.360000,179.112949,208.473659
2025-12-05 19:10:00,11188.570000,130.860000,177.274493,221.365796
2025-12-05 19:15:00,11098.600000,144.310000,180.715196,244.646272
2025-12-05 19:20:00,11074.920000,142.050000,184.639559,227.915521
2025-12-05 19:25:00,11065.240000,130.810000,170.822227,218.203519
2025-12-05 19:30:00,10931.400000,83.970000,170.197779,222.803726
2025-12-05 19:35:00,10893.900000,158.990000,157.499135,177.133550
2025-12-05 19:40:00,10708.060000,121.850000,142.977994,160.516138
2025-12-05 19:45:00,10764.850000,121.780000,147.559846,158.419558
2025-12-05 19:50:00,10704.690000,120.010000,142.977994,161.931287
2025-12-05 19:55:00,10666.420000,114.870000,158.584910,197.391118
2025-12-05 20:00:00,10659.880000,115.140000,158.809416,191.205704
2025-12-05 20:05:00,10620.480000,151.720000,135.002365,157.612236
2025-12-05 20:10:00,10428.050000,117.940000,145.377449,153.411357
2025-12-05 20:15:00,10482.060000,120.010000,152.808454,173.481056
2025-12-05 20:20:00,10399.000000,120.010000,152.135902,161.978788
2025-12-05 20:25:00,10291.950000,114.410000,143.263686,151.499089
2025-12-05 20:30:00,10270.650000,116.470000,106.670452,117.718838
2025-12-05 20:35:00,10070.810000,85.850000,160.930994,154.783065
2025-12-05 20:40:00,10059.940000,125.510000,136.052417,131.263539
2025-12-05 20:45:00,9962.920000,121.010000,134.561587,130.245843
2025-12-05 20:50:00,9985.310000,123.870000,128.504715,139.524280
2025-12-05 20:55:00,9848.080000,121.050000,122.661586,135.398915
2025-12-05 21:00:00,9811.460000,120.010000,122.661586,135.410155
2025-12-05 21:05:00,9787.970000,123.960000,144.870695,161.069784
2025-12-05 21:10:00,9767.260000,120.890000,125.984183,135.663195
2025-12-05 21:15:00,9745.440000,158.990000,117.333051,135.663195
2025-12-05 21:20:00,9644.540000,121.610000,111.532161,137.286609
2025-12-05 21:25:00,9618.590000,117.810000,112.434282,137.121681
2025-12-05 21:30:00,9548.360000,119.770000,110.457426,136.040721
2025-12-05 21:35:00,9518.180000,121.890000,96.514179,117.356452
2025-12-05 21:40:00,9421.660000,113.220000,116.228410,137.459871
2025-12-05 21:45:00,9338.370000,120.010000,116.228410,136.345689
2025-12-05 21:50:00,9375.310000,147.610000,116.228410,138.456513
2025-12-05 21:55:00,9182.780000,148.060000,114.091291,132.303947
2025-12-05 22:00:00,9129.520000,148.910000,107.957237,135.783490
2025-12-05 22:05:00,9019.940000,110.900000,92.628258,128.905428
2025-12-05 22:10:00,8971.500000,143.170000,91.691275,127.249842
2025-12-05 22:15:00,8980.700000,154.090000,100.126546,147.391566
2025-12-05 22:20:00,8963.680000,148.280000,93.016727,124.582109
2025-12-05 22:25:00,8852.950000,148.530000,85.647415,123.158034
2025-12-05 22:30:00,8803.270000,147.490000,85.647415,122.310672
2025-12-05 22:35:00,8799.410000,147.680000,99.117606,130.277085
2025-12-05 22:40:00,8747.950000,147.350000,89.491309,126.580023
2025-12-05 22:45:00,8747.080000,158.980000,92.941745,125.795787
2025-12-05 22:50:00,8641.370000,158.980000,111.032810,148.353809
2025-12-05 22:55:00,8548.920000,158.980000,126.385670,150.518219
2025-12-05 23:00:00,8496.650000,158.980000,121.455321,149.267058
2025-12-05 23:05:00,8505.000000,153.070000,111.112114,133.593343
2025-12-05 23:10:00,8469.540000,183.250000,120.348295,146.935877
2025-12-05 23:15:00,8336.270000,160.270000,119.539225,146.288626
2025-12-05 23:20:00,8231.520000,156.310000,119.539225,137.291379
2025-12-05 23:25:00,8267.940000,161.510000,120.263430,142.835640
2025-12-05 23:30:00,8217.710000,158.590000,119.951288,146.910132
2025-12-05 23:35:00,8177.940000,141.250000,119.638427,134.952530
2025-12-05 23:40:00,8191.320000,156.410000,119.539225,140.773953
2025-12-05 23:45:00,8111.840000,122.790000,116.716068,146.001828
2025-12-05 23:50:00,8008.310000,120.880000,114.059679,143.055769
2025-12-05 23:55:00,7974.630000,105.200000,113.679816,146.406538
2025-12-06 00:00:00,7982.290000,120.990000,116.055328,147.183048
2025-12-06 00:05:00,7873.380000,117.670000,106.842919,145.437508
2025-12-06 00:10:00,7876.610000,108.890000,114.820082,160.361989
2025-12-06 00:15:00,7813.380000,104.280000,110.565739,142.675858
2025-12-06 00:20:00,7737.750000,102.980000,110.565739,142.787059
2025-12-06 00:25:00,7664.800000,81.270000,94.460687,139.100616
2025-12-06 00:30:00,7585.350000,80.600000,77.659328,128.631560
2025-12-06 00:35:00,7507.090000,81.090000,60.176285,116.091282
2025-12-06 00:40:00,7516.650000,83.760000,60.821969,127.288324
2025-12-06 00:45:00,7473.950000,84.790000,61.232573,112.019761
2025-12-06 00:50:00,7421.580000,100.890000,75.683741,108.862907
2025-12-06 00:55:00,7365.340000,81.700000,63.246920,97.471854
2025-12-06 01:00:00,7340.580000,81.630000,74.658945,107.796444
2025-12-06 01:05:00,7328.340000,81.620000,76.811696,119.416560
2025-12-06 01:10:00,7309.990000,82.250000,81.156784,117.976985
2025-12-06 01:15:00,7260.620000,80.990000,80.402876,112.130911
2025-12-06 01:20:00,7135.160000,79.950000,73.063797,97.917955
2025-12-06 01:25:00,7123.940000,79.950000,67.969512,84.183134
2025-12-06 01:30:00,7058.470000,79.770000,67.969512,80.783594
2025-12-06 01:35:00,7075.140000,79.950000,68.605531,85.921651
2025-12-06 01:40:00,7094.270000,79.950000,69.250308,87.164356
2025-12-06 01:45:00,7080.850000,79.950000,70.561900,88.057070
2025-12-06 01:50:00,7007.410000,79.830000,79.664120,97.933876
2025-12-06 01:55:00,7035.870000,79.950000,69.269591,84.270694
2025-12-06 02:00:00,7006.710000,79.950000,67.257669,84.243896
2025-12-06 02:05:00,6900.610000,79.950000,61.851206,83.139920
2025-12-06 02:10:00,6935.860000,79.560000,62.376565,83.429215
2025-12-06 02:15:00,6860.460000,79.890000,64.874218,82.688936
2025-12-06 02:20:00,6880.860000,78.800000,67.786271,80.753280
2025-12-06 02:25:00,6866.110000,78.250000,67.786271,79.988693
2025-12-06 02:30:00,6870.250000,79.450000,71.400329,79.844302
2025-12-06 02:35:00,6792.900000,79.860000,68.491536,79.533956
2025-12-06 02:40:00,6817.020000,79.320000,69.890448,79.721255
2025-12-06 02:45:00,6797.350000,79.900000,69.235712,79.721255
2025-12-06 02:50:00,6833.850000,59.060000,69.655192,80.361140
2025-12-06 02:55:00,6806.280000,65.000000,68.871673,83.089039
2025-12-06 03:00:00,6826.560000,65.000000,71.053743,86.035026
2025-12-06 03:05:00,6693.450000,57.880000,72.242626,86.769827
2025-12-06 03:10:00,6779.530000,59.650000,72.169176,87.673038
2025-12-06 03:15:00,6740.130000,63.110000,71.977214,88.359288
2025-12-06 03:20:00,6682.230000,66.330000,71.862781,87.205059
2025-12-06 03:25:00,6668.590000,57.060000,69.115310,85.835575
2025-12-06 03:30:00,6696.710000,58.150000,70.276627,87.568204
2025-12-06 03:35:00,6675.180000,57.060000,70.276627,87.673038
2025-12-06 03:40:00,6673.780000,58.590000,70.648090,86.994715
2025-12-06 03:45:00,6671.280000,59.460000,72.242626,89.790471
2025-12-06 03:50:00,6612.070000,57.060000,61.056783,71.903329
2025-12-06 03:55:00,6631.490000,62.640000,63.335547,76.348517
2025-12-06 04:00:00,6639.200000,57.060000,64.504864,75.961558
2025-12-06 04:05:00,6655.950000,60.470000,62.229999,70.523751
2025-12-06 04:10:00,6641.230000,56.980000,60.728344,70.519739
2025-12-06 04:15:00,6604.570000,57.060000,64.164088,72.937807
2025-12-06 04:20:00,6679.310000,58.550000,68.264407,76.671014
2025-12-06 04:25:00,6691.090000,58.980000,65.013121,67.926590
2025-12-06 04:30:00,6683.030000,67.770000,66.261797,69.221023
2025-12-06 04:35:00,6714.040000,82.950000,69.469819,69.818523
2025-12-06 04:40:00,6665.550000,79.950000,68.171045,78.857812
2025-12-06 04:45:00,6686.260000,79.950000,66.289817,84.302203
2025-12-06 04:50:00,6750.120000,80.560000,71.215401,92.595155
2025-12-06 04:55:00,6747.560000,79.950000,73.233962,93.879469
2025-12-06 05:00:00,6754.410000,79.950000,78.532845,98.302534
2025-12-06 05:05:00,6672.360000,80.470000,75.778553,95.265494
2025-12-06 05:10:00,6680.180000,81.610000,76.042445,98.073424
2025-12-06 05:15:00,6649.920000,82.220000,76.969205,96.373252
2025-12-06 05:20:00,6615.660000,80.340000,67.950003,88.256037
2025-12-06 05:25:00,6630.850000,68.740000,65.692421,78.721223
2025-12-06 05:30:00,6529.800000,57.340000,66.695856,81.205507
2025-12-06 05:35:00,6566.490000,57.010000,72.654766,96.982454
2025-12-06 05:40:00,6552.290000,56.320000,70.422423,88.550040
2025-12-06 05:45:00,6599.590000,28.300000,69.439310,86.455166
2025-12-06 05:50:00,6562.660000,12.960000,56.741479,77.011172
2025-12-06 05:55:00,6509.870000,0.000000,24.999898,70.766287
2025-12-06 06:00:00,6589.920000,0.000000,11.464424,62.464175
2025-12-06 06:05:00,6669.460000,-8.340000,8.213353,61.781475
2025-12-06 06:10:00,6722.110000,-8.630000,3.584097,62.084831
2025-12-06 06:15:00,6763.630000,-8.610000,3.611922,61.955288
2025-12-06 06:20:00,6710.770000,-8.670000,2.563035,60.094835
2025-12-06 06:25:00,6681.530000,-10.000000,1.341679,55.932723
2025-12-06 06:30:00,6705.420000,-10.000000,1.411850,55.381776
2025-12-06 06:35:00,6717.450000,-9.500000,2.876267,55.631599
2025-12-06 06:40:00,6698.860000,-7.880000,4.007474,56.105218
2025-12-06 06:45:00,6774.210000,-5.890000,4.814526,47.108601
2025-12-06 06:50:00,6803.820000,0.010000,2.992159,39.437371
2025-12-06 06:55:00,6815.480000,-5.890000,-3.429983,17.544404
2025-12-06 07:00:00,6821.570000,-5.350000,-2.214152,16.428709
2025-12-06 07:05:00,6655.210000,-7.000000,-3.833391,0.437177
2025-12-06 07:10:00,6716.970000,0.000000,-3.833391,-0.054160
2025-12-06 07:15:00,6761.090000,18.920000,-3.576528,0.749526
2025-12-06 07:20:00,6670.710000,-23.500000,-2.077508,13.790694
2025-12-06 07:25:00,6781.910000,-23.500000,-1.417295,18.825906
2025-12-06 07:30:00,6839.620000,-2.750000,-0.647361,37.920585
2025-12-06 07:35:00,6826.580000,-7.000000,-1.882333,19.126313
2025-12-06 07:40:00,6827.780000,-16.000000,-2.237653,19.817168
2025-12-06 07:45:00,6792.100000,-11.000000,-0.309630,25.124948
2025-12-06 07:50:00,6793.230000,-11.010000,-0.476181,23.516568
2025-12-06 07:55:00,6714.690000,-16.000000,-1.376861,20.963130
2025-12-06 08:00:00,6711.100000,-13.590000,-2.461837,17.284665
2025-12-06 08:05:00,6723.500000,-7.880000,-1.959644,19.958546
2025-12-06 08:10:00,6755.730000,-7.880000,-0.915053,20.178268
2025-12-06 08:15:00,6864.950000,-5.890000,0.662592,39.397090
2025-12-06 08:20:00,6820.290000,-12.220000,-6.156022,4.012700
2025-12-06 08:25:00,6747.920000,-14.990000,-19.770341,-0.157110
2025-12-06 08:30:00,6727.770000,-12.770000,-11.189533,0.568012
2025-12-06 08:35:00,6648.210000,-15.790000,-13.175156,0.667733
2025-12-06 08:40:00,6648.010000,-14.990000,-15.600342,-0.818460
2025-12-06 08:45:00,6717.960000,-15.590000,-13.065406,-0.010393
2025-12-06 08:50:00,6635.290000,-16.000000,-12.598673,-0.183514
2025-12-06 08:55:00,6616.430000,-22.220000,-15.885429,-0.248418
2025-12-06 09:00:00,6551.200000,-16.000000,-15.054272,0.258986
2025-12-06 09:05:00,6425.690000,-16.000000,-14.401506,0.526135
2025-12-06 09:10:00,6573.590000,-19.980000,-12.727537,0.578074
2025-12-06 09:15:00,6544.880000,-17.270000,-11.657212,0.579023
2025-12-06 09:20:00,6386.720000,-16.000000,-15.215897,-1.121260
2025-12-06 09:25:00,6430.730000,-26.430000,-16.713399,-2.005413
2025-12-06 09:30:00,6499.610000,-19.980000,-14.715874,0.451843
2025-12-06 09:35:00,6599.200000,-16.000000,-16.440335,-0.842513
2025-12-06 09:40:00,6748.200000,-16.000000,-14.192742,-0.434344
2025-12-06 09:45:00,6739.280000,-16.990000,-15.168492,-0.881245
2025-12-06 09:50:00,6754.750000,-16.000000,-14.802571,-0.812562
2025-12-06 09:55:00,6780.140000,-16.000000,-15.926090,-2.402926
2025-12-06 10:00:00,6883.650000,-16.000000,-16.205917,-1.649477
2025-12-06 10:05:00,7036.410000,-16.000000,-15.140562,-0.848715
2025-12-06 10:10:00,7190.230000,-14.990000,-13.309628,-2.513079
2025-12-06 10:15:00,7272.130000,-9.500000,-12.218731,-1.533172
2025-12-06 10:20:00,7386.660000,-10.220000,-7.616829,1.287259
2025-12-06 10:25:00,7379.850000,-10.550000,-9.854665,-0.047537
2025-12-06 10:30:00,7456.310000,-7.620000,-10.370326,-1.779609
2025-12-06 10:35:00,7549.110000,-6.660000,-8.400489,-0.439432
2025-12-06 10:40:00,7515.530000,-13.990000,-7.454448,1.172433
2025-12-06 10:45:00,7496.060000,-7.000000,-7.136776,1.252151
2025-12-06 10:50:00,7462.440000,-11.010000,-8.372241,1.003851
2025-12-06 10:55:00,7428.960000,-18.970000,-7.686052,0.824071
2025-12-06 11:00:00,7520.320000,-9.310000,-7.574331,0.916310
2025-12-06 11:05:00,7571.290000,-10.760000,-7.758200,0.890587
2025-12-06 11:10:00,7685.510000,-13.490000,-6.536773,1.113563
2025-12-06 11:15:00,7641.140000,-11.870000,-6.842094,0.789284
2025-12-06 11:20:00,7691.510000,-11.270000,-6.670705,0.792970
2025-12-06 11:25:00,7881.240000,-6.660000,-5.023042,0.985809
2025-12-06 11:30:00,7962.200000,-5.510000,-5.799974,12.180567
2025-12-06 11:35:00,8106.700000,-5.510000,-4.015435,14.749015
2025-12-06 11:40:00,8135.290000,-5.510000,-3.835819,12.194570
2025-12-06 11:45:00,8248.250000,-3.730000,-3.613169,14.100277
2025-12-06 11:50:00,8417.320000,-3.740000,-2.677330,11.948332
2025-12-06 11:55:00,8509.340000,-3.840000,-2.848412,4.798554
2025-12-06 12:00:00,8528.100000,0.000000,-2.386414,12.718676
2025-12-06 12:05:00,8381.860000,0.510000,-3.066155,12.355448
2025-12-06 12:10:00,8415.140000,0.060000,-3.027840,13.507903
2025-12-06 12:15:00,8382.560000,-3.780000,-2.903271,13.023421
2025-12-06 12:20:00,8422.590000,-3.750000,-2.437090,1.007930
2025-12-06 12:25:00,8500.730000,-5.510000,-2.853851,1.379716
2025-12-06 12:30:00,8502.890000,-5.510000,-3.007098,1.168599
2025-12-06 12:35:00,8716.620000,-6.330000,-2.006079,1.246612
2025-12-06 12:40:00,8863.550000,-5.890000,-1.947952,1.517961
2025-12-06 12:45:00,9002.710000,-4.000000,-1.423935,1.758285
2025-12-06 12:50:00,9084.070000,-4.070000,-0.892063,1.807108
2025-12-06 12:55:00,9126.690000,-4.100000,-1.525038,1.688217
2025-12-06 13:00:00,9211.870000,-4.150000,-0.775436,11.528851
2025-12-06 13:05:00,9156.330000,-4.110000,-0.996177,21.985141
2025-12-06 13:10:00,9272.660000,-4.090000,-0.258360,15.073933
2025-12-06 13:15:00,9201.710000,-4.200000,-0.147541,2.097153
2025-12-06 13:20:00,9104.180000,-1.130000,0.083412,2.066094
2025-12-06 13:25:00,9034.090000,-4.180000,0.033117,1.938274
2025-12-06 13:30:00,9028.680000,-4.290000,0.094832,1.956582
2025-12-06 13:35:00,8927.810000,-4.110000,0.033117,1.923115
2025-12-06 13:40:00,8915.990000,-7.590000,-0.155478,1.365924
2025-12-06 13:45:00,9037.230000,-11.010000,-0.146478,1.296303
2025-12-06 13:50:00,9307.910000,-7.910000,-0.101497,1.521536
2025-12-06 13:55:00,9377.670000,-5.510000,0.401694,3.068910
2025-12-06 14:00:00,9436.260000,-4.110000,0.335070,3.047518
2025-12-06 14:05:00,9563.310000,-4.290000,0.335070,3.068910
2025-12-06 14:10:00,9679.120000,-4.350000,0.259961,3.047518
2025-12-06 14:15:00,9886.580000,16.760000,0.473433,3.207552
2025-12-06 14:20:00,10000.140000,0.510000,3.323911,53.669053
2025-12-06 14:25:00,10288.850000,27.340000,3.351547,45.818481
2025-12-06 14:30:00,10283.210000,0.820000,6.573102,74.921193
2025-12-06 14:35:00,10470.370000,0.870000,8.477980,78.145959
2025-12-06 14:40:00,10492.200000,0.510000,8.460321,87.897045
2025-12-06 14:45:00,10410.730000,-5.510000,5.820602,83.179423
2025-12-06 14:50:00,10405.330000,0.510000,5.828411,91.389105
2025-12-06 14:55:00,10481.460000,-0.490000,4.292747,68.112021
2025-12-06 15:00:00,10537.520000,28.430000,3.487557,69.966641
2025-12-06 15:05:00,10498.540000,-7.000000,5.451487,98.334847
2025-12-06 15:10:00,10411.260000,-2.090000,5.371689,97.581954
2025-12-06 15:15:00,10506.620000,0.000000,8.715385,113.011603
2025-12-06 15:20:00,10578.130000,0.510000,5.527224,99.859204
2025-12-06 15:25:00,10625.980000,0.900000,10.022286,119.611155
2025-12-06 15:30:00,10721.010000,13.650000,2.713637,84.756288
2025-12-06 15:35:00,10838.830000,0.000000,3.048445,82.628984
2025-12-06 15:40:00,10939.050000,96.900000,3.360798,106.772239
2025-12-06 15:45:00,10968.690000,79.520000,10.907025,117.764670
2025-12-06 15:50:00,11048.700000,79.460000,11.037088,120.737907
2025-12-06 15:55:00,11075.530000,16.210000,12.721462,127.999386
2025-12-06 16:00:00,11073.850000,12.350000,11.479451,130.469340
2025-12-06 16:05:00,11084.420000,28.710000,13.210580,128.081471
2025-12-06 16:10:00,11037.340000,0.510000,11.795302,119.314370
2025-12-06 16:15:00,11053.710000,0.510000,11.717855,116.276412
2025-12-06 16:20:00,11149.960000,11.440000,11.264187,116.379321
2025-12-06 16:25:00,11340.910000,131.280000,11.991383,128.158454
2025-12-06 16:30:00,11368.230000,98.590000,42.731029,165.021920
2025-12-06 16:35:00,11383.700000,125.650000,37.309025,175.346590
2025-12-06 16:40:00,11469.490000,120.010000,75.597505,195.671790
2025-12-06 16:45:00,11512.540000,158.990000,59.762597,203.163282
2025-12-06 16:50:00,11402.590000,166.340000,63.476333,210.019683
2025-12-06 16:55:00,11502.780000,124.300000,46.661505,189.236982
2025-12-06 17:00:00,11534.350000,170.920000,43.314110,196.560269
2025-12-06 17:05:00,11489.270000,167.530000,43.643419,206.997441
2025-12-06 17:10:00,11412.200000,93.840000,27.953659,218.398450
2025-12-06 17:15:00,11554.850000,168.530000,31.824807,199.626858
2025-12-06 17:20:00,11386.530000,166.610000,33.608196,180.307028
2025-12-06 17:25:00,11362.430000,164.490000,52.234411,178.165808
2025-12-06 17:30:00,11426.960000,172.400000,69.778780,160.748005
2025-12-06 17:35:00,11390.410000,134.350000,106.757088,184.476748
2025-12-06 17:40:00,11482.380000,237.200000,101.786136,178.896023
2025-12-06 17:45:00,11443.270000,240.900000,100.524794,210.456732
2025-12-06 17:50:00,11445.150000,376.180000,103.812449,234.927463
2025-12-06 17:55:00,11375.140000,76.590000,127.606623,267.732536
2025-12-06 18:00:00,11429.890000,83.290000,134.715754,235.831983
2025-12-06 18:05:00,11460.260000,83.770000,141.690608,252.753242
2025-12-06 18:10:00,11439.990000,104.030000,137.763598,277.756988
2025-12-06 18:15:00,11391.340000,82.670000,135.239951,239.519189
2025-12-06 18:20:00,11391.180000,98.410000,152.311874,275.321784
2025-12-06 18:25:00,11289.120000,105.400000,149.633926,269.143632
2025-12-06 18:30:00,11258.780000,104.760000,141.838300,257.666456
2025-12-06 18:35:00,11215.960000,105.360000,129.226877,274.782828
2025-12-06 18:40:00,11121.650000,96.230000,123.872418,261.573394
2025-12-06 18:45:00,11055.420000,105.400000,119.753105,261.244823
2025-12-06 18:50:00,10986.740000,99.780000,116.097772,267.598998
2025-12-06 18:55:00,10909.710000,85.830000,97.683897,104.415837
2025-12-06 19:00:00,10941.120000,101.680000,101.691814,113.131944
2025-12-06 19:05:00,10902.340000,79.830000,91.663647,110.104343
2025-12-06 19:10:00,10854.840000,79.950000,110.896653,133.307365
2025-12-06 19:15:00,10896.350000,95.110000,92.856930,112.714433
2025-12-06 19:20:00,10770.170000,80.350000,106.056273,120.767023
2025-12-06 19:25:00,10786.300000,76.370000,111.427141,134.853759
2025-12-06 19:30:00,10692.230000,64.890000,98.981838,142.129444
2025-12-06 19:35:00,10609.170000,79.950000,106.065736,138.835821
2025-12-06 19:40:00,10504.030000,80.010000,96.632630,129.168840
2025-12-06 19:45:00,10461.020000,79.950000,103.822891,139.103676
2025-12-06 19:50:00,10488.770000,80.010000,48.170527,130.835174
2025-12-06 19:55:00,10382.720000,80.010000,44.455596,118.069834
2025-12-06 20:00:00,10372.130000,80.010000,47.991981,130.219684
2025-12-06 20:05:00,10304.010000,80.220000,42.427254,100.695408
2025-12-06 20:10:00,10296.980000,107.000000,45.412396,118.447331
2025-12-06 20:15:00,10194.910000,84.920000,51.149989,131.475877
2025-12-06 20:20:00,10287.520000,83.900000,46.654649,126.137045
2025-12-06 20:25:00,10249.380000,89.030000,47.670302,128.315077
2025-12-06 20:30:00,10180.220000,90.570000,44.898993,120.158790
2025-12-06 20:35:00,10083.630000,97.550000,52.956818,142.077840
2025-12-06 20:40:00,10031.890000,85.560000,53.506074,140.430377
2025-12-06 20:45:00,10002.440000,110.630000,55.044729,140.430377
2025-12-06 20:50:00,9927.100000,115.180000,51.070889,140.528984
2025-12-06 20:55:00,9890.590000,108.730000,53.465706,150.264141
2025-12-06 21:00:00,9806.010000,83.220000,49.464507,142.408790
2025-12-06 21:05:00,9793.300000,105.320000,50.023014,142.611422
2025-12-06 21:10:00,9780.280000,120.010000,127.868056,147.134796
2025-12-06 21:15:00,9746.400000,87.750000,109.836222,125.065953
2025-12-06 21:20:00,9790.040000,103.400000,96.316768,125.228137
2025-12-06 21:25:00,9750.230000,102.200000,102.614906,127.191094
2025-12-06 21:30:00,9692.260000,100.950000,100.810683,125.776742
2025-12-06 21:35:00,9674.540000,83.530000,97.415692,129.370108
2025-12-06 21:40:00,9611.350000,90.600000,89.556912,126.708405
2025-12-06 21:45:00,9573.820000,80.020000,102.377025,140.765832
2025-12-06 21:50:00,9493.050000,79.950000,105.461263,135.389157
2025-12-06 21:55:00,9428.290000,79.950000,94.117569,135.486226
2025-12-06 22:00:00,9271.230000,79.950000,74.055033,111.454725
2025-12-06 22:05:00,9202.050000,97.750000,86.334407,136.054631
2025-12-06 22:10:00,9302.140000,108.890000,93.047964,135.020802
2025-12-06 22:15:00,9191.980000,80.020000,83.006708,113.948432
2025-12-06 22:20:00,9100.940000,80.020000,86.334407,125.333635
2025-12-06 22:25:00,9004.590000,79.950000,85.659003,122.409918
2025-12-06 22:30:00,8979.070000,80.020000,83.718732,118.449201
2025-12-06 22:35:00,8970.690000,80.020000,70.258977,105.003245
2025-12-06 22:40:00,8887.680000,74.290000,81.526593,110.563248
2025-12-06 22:45:00,8746.080000,79.740000,65.246971,96.731786
2025-12-06 22:50:00,8648.890000,80.020000,65.246971,97.210622
2025-12-06 22:55:00,8587.350000,80.020000,65.829145,97.210622
2025-12-06 23:00:00,8519.790000,79.750000,71.371051,97.384269
2025-12-06 23:05:00,8542.460000,80.020000,92.001817,115.698533
2025-12-06 23:10:00,8521.740000,80.020000,95.391668,124.785805
2025-12-06 23:15:00,8477.850000,79.950000,80.662167,85.489933
2025-12-06 23:20:00,8425.950000,80.020000,79.158908,85.515173
2025-12-06 23:25:00,8391.040000,79.370000,79.158908,84.892067
2025-12-06 23:30:00,8333.080000,79.950000,81.934222,85.612654
2025-12-06 23:35:00,8303.680000,80.020000,78.113469,82.511148
2025-12-06 23:40:00,8165.920000,73.480000,72.613822,77.529297
2025-12-06 23:45:00,8164.990000,69.780000,74.883812,85.473070
2025-12-06 23:50:00,8160.290000,64.890000,74.004508,86.251671
2025-12-06 23:55:00,8119.990000,58.930000,68.295748,81.926636
2025-12-07 00:00:00,8123.930000,57.080000,74.396081,80.301658
2025-12-07 00:05:00,8036.660000,74.780000,69.555988,79.284660
2025-12-07 00:10:00,8020.160000,79.950000,69.555988,79.818415
2025-12-07 00:15:00,7912.380000,79.950000,58.278217,77.135175
2025-12-07 00:20:00,7824.390000,74.360000,58.278217,77.249113
2025-12-07 00:25:00,7716.260000,75.820000,62.001378,79.732344
2025-12-07 00:30:00,7656.280000,71.850000,64.600932,80.264208
2025-12-07 00:35:00,7721.880000,80.020000,73.222110,83.421463
2025-12-07 00:40:00,7692.130000,80.020000,75.649620,84.476513
2025-12-07 00:45:00,7563.790000,79.950000,70.724584,83.896697
2025-12-07 00:50:00,7560.020000,77.850000,73.471500,81.590504
2025-12-07 00:55:00,7524.660000,77.850000,68.501072,80.501243
2025-12-07 01:00:00,7481.600000,77.420000,65.558245,79.070872
2025-12-07 01:05:00,7487.760000,79.950000,75.874207,82.760934
2025-12-07 01:10:00,7419.700000,79.950000,77.950625,86.115586
2025-12-07 01:15:00,7337.920000,76.070000,74.557367,86.115586
2025-12-07 01:20:00,7396.990000,79.460000,75.266505,83.013330
2025-12-07 01:25:00,7350.890000,78.000000,78.135686,83.802895
2025-12-07 01:30:00,7327.720000,78.520000,79.088648,82.101421
2025-12-07 01:35:00,7325.990000,79.950000,77.950625,83.547127
2025-12-07 01:40:00,7281.720000,80.020000,74.557367,84.957925
2025-12-07 01:45:00,7235.970000,84.790000,74.557367,84.866704
2025-12-07 01:50:00,7256.660000,79.950000,74.557367,83.754357
2025-12-07 01:55:00,7119.350000,79.170000,74.557367,84.776725
2025-12-07 02:00:00,7097.530000,79.950000,74.557367,84.572913
2025-12-07 02:05:00,7123.610000,79.690000,70.191116,84.936133
2025-12-07 02:10:00,7141.680000,79.950000,71.180785,85.395817
2025-12-07 02:15:00,7116.640000,79.950000,71.076323,82.897180
2025-12-07 02:20:00,7066.300000,79.950000,67.803071,94.095385
2025-12-07 02:25:00,7063.010000,79.950000,68.155405,94.256687
2025-12-07 02:30:00,7077.000000,78.000000,68.155405,94.117312
2025-12-07 02:35:00,7051.740000,80.020000,67.652651,94.081473
2025-12-07 02:40:00,7006.300000,79.950000,67.256917,94.081473
2025-12-07 02:45:00,6960.890000,80.020000,70.146606,99.655099
2025-12-07 02:50:00,6963.580000,80.020000,66.307319,88.463695
2025-12-07 02:55:00,6951.690000,80.020000,67.077392,93.183649
2025-12-07 03:00:00,6938.670000,79.950000,67.077392,93.384970
2025-12-07 03:05:00,6883.440000,75.690000,58.497229,78.406273
2025-12-07 03:10:00,6883.010000,80.020000,58.497229,85.557289
2025-12-07 03:15:00,6885.790000,80.020000,57.748952,89.653054
2025-12-07 03:20:00,6877.240000,80.020000,60.937529,89.182996
2025-12-07 03:25:00,6810.180000,77.970000,52.759014,84.120175
2025-12-07 03:30:00,6753.360000,78.000000,51.452640,73.960913
2025-12-07 03:35:00,6757.380000,77.530000,51.452640,73.692656
2025-12-07 03:40:00,6816.930000,79.950000,61.195897,76.529569
2025-12-07 03:45:00,6855.350000,79.950000,61.195897,76.495998
2025-12-07 03:50:00,6783.420000,77.540000,58.940419,75.243654
2025-12-07 03:55:00,6802.950000,77.540000,61.160112,76.301015
2025-12-07 04:00:00,6777.580000,78.040000,61.412002,75.423666
2025-12-07 04:05:00,6801.140000,57.060000,68.874969,75.855944
2025-12-07 04:10:00,6724.850000,57.070000,68.396244,82.545137
2025-12-07 04:15:00,6831.000000,76.120000,69.189632,81.128557
2025-12-07 04:20:00,6768.820000,57.060000,68.850752,81.764013
2025-12-07 04:25:00,6743.550000,73.170000,68.960390,82.959675
2025-12-07 04:30:00,6789.970000,70.530000,71.109025,87.395623
2025-12-07 04:35:00,6764.560000,78.030000,69.939277,83.008531
2025-12-07 04:40:00,6782.910000,78.000000,69.596844,83.961347
2025-12-07 04:45:00,6746.100000,79.950000,69.596844,82.465440
2025-12-07 04:50:00,6758.270000,78.560000,70.760746,84.536952
2025-12-07 04:55:00,6712.550000,77.600000,69.596844,82.514999
2025-12-07 05:00:00,6743.350000,78.000000,74.775848,88.196947
2025-12-07 05:05:00,6712.290000,62.430000,61.452242,78.533604
2025-12-07 05:10:00,6663.190000,62.030000,59.708934,74.056411
2025-12-07 05:15:00,6747.500000,72.630000,72.062267,86.670661
2025-12-07 05:20:00,6758.090000,68.260000,62.316993,74.785957
2025-12-07 05:25:00,6788.030000,57.060000,70.938016,83.502012
2025-12-07 05:30:00,6750.340000,56.980000,63.834528,77.714894
2025-12-07 05:35:00,6738.680000,56.660000,68.344817,79.990411
2025-12-07 05:40:00,6709.860000,57.080000,63.700860,77.712079
2025-12-07 05:45:00,6729.350000,57.060000,59.779023,78.367575
2025-12-07 05:50:00,6651.780000,42.240000,35.961053,68.059145
2025-12-07 05:55:00,6631.400000,36.060000,32.055745,64.258894
2025-12-07 06:00:00,6730.060000,36.060000,15.360939,57.902204
2025-12-07 06:05:00,6657.140000,13.970000,12.483564,55.393644
2025-12-07 06:10:00,6654.390000,32.890000,10.999707,54.669408
2025-12-07 06:15:00,6679.410000,13.680000,1.871263,38.893143
2025-12-07 06:20:00,6635.360000,0.000000,1.526721,38.061494
2025-12-07 06:25:00,6678.770000,0.810000,-0.148172,33.994520
2025-12-07 06:30:00,6722.140000,-0.930000,-0.397541,38.366291
2025-12-07 06:35:00,6750.750000,-3.830000,-0.448227,38.458868
2025-12-07 06:40:00,6726.140000,-3.860000,-0.910639,33.884018
2025-12-07 06:45:00,6731.060000,-5.510000,-1.143379,31.736862
2025-12-07 06:50:00,6683.450000,-5.510000,-0.775999,35.103214
2025-12-07 06:55:00,6660.820000,-5.510000,-0.776704,30.804228
2025-12-07 07:00:00,6716.590000,0.000000,-0.186235,33.721901
2025-12-07 07:05:00,6643.330000,-0.050000,-0.499030,30.078309
2025-12-07 07:10:00,6748.810000,36.060000,-0.235954,34.030150
2025-12-07 07:15:00,6721.200000,36.060000,1.536836,42.980603
2025-12-07 07:20:00,6693.610000,36.060000,-0.542077,37.159197
2025-12-07 07:25:00,6684.770000,-8.130000,-0.433607,39.773451
2025-12-07 07:30:00,6630.340000,22.060000,-0.424603,40.508063
2025-12-07 07:35:00,6600.260000,22.060000,-0.460469,42.331299
2025-12-07 07:40:00,6589.840000,22.060000,0.538398,66.821694
2025-12-07 07:45:00,6608.120000,-7.880000,0.605488,51.562402
2025-12-07 07:50:00,6593.850000,-8.040000,0.158882,50.573903
2025-12-07 07:55:00,6629.870000,-7.880000,2.052600,58.519295
2025-12-07 08:00:00,6531.210000,-7.270000,1.291200,51.609709
2025-12-07 08:05:00,6562.950000,-5.890000,0.761345,52.826015
2025-12-07 08:10:00,6502.950000,-5.510000,4.288080,61.888254
2025-12-07 08:15:00,6584.020000,36.060000,4.701558,60.571099
2025-12-07 08:20:00,6596.660000,84.790000,4.813876,60.571099
2025-12-07 08:25:00,6586.950000,36.060000,0.790544,65.764233
2025-12-07 08:30:00,6507.260000,22.060000,1.755285,71.319966
2025-12-07 08:35:00,6474.490000,22.060000,1.738491,69.347635
2025-12-07 08:40:00,6430.740000,36.060000,0.017435,58.698526
2025-12-07 08:45:00,6399.600000,36.060000,-0.076163,51.945575
2025-12-07 08:50:00,6327.240000,0.470000,-0.178684,50.315941
2025-12-07 08:55:00,6419.660000,84.790000,0.013864,62.389284
2025-12-07 09:00:00,6318.550000,36.060000,-0.443851,49.451248
2025-12-07 09:05:00,6274.190000,22.060000,-0.015557,57.032083
2025-12-07 09:10:00,6322.120000,36.060000,0.690839,56.702043
2025-12-07 09:15:00,6275.630000,36.060000,1.353928,61.098047
2025-12-07 09:20:00,6124.140000,-5.510000,1.822847,61.937604
2025-12-07 09:25:00,6115.320000,0.470000,1.773320,57.701335
2025-12-07 09:30:00,6104.550000,22.060000,0.110558,54.216991
2025-12-07 09:35:00,5892.690000,-12.010000,-0.221675,46.124385
2025-12-07 09:40:00,6067.930000,-10.000000,1.746519,64.362751
2025-12-07 09:45:00,6118.920000,22.060000,1.877824,64.603179
2025-12-07 09:50:00,6013.940000,-8.520000,1.127254,57.603575
2025-12-07 09:55:00,6039.740000,-7.880000,1.535367,66.289805
2025-12-07 10:00:00,5905.510000,-12.580000,1.648899,52.070121
2025-12-07 10:05:00,5874.790000,-12.010000,0.647517,52.121891
2025-12-07 10:10:00,5952.580000,-9.430000,1.439009,54.840390
2025-12-07 10:15:00,6014.230000,-12.670000,4.138507,53.093511
2025-12-07 10:20:00,5926.580000,-11.230000,0.197584,31.054382
2025-12-07 10:25:00,5923.200000,-10.930000,4.113433,40.919935
2025-12-07 10:30:00,5923.780000,-11.040000,12.390653,54.582174
2025-12-07 10:35:00,5917.210000,-12.010000,-0.617720,22.419199
2025-12-07 10:40:00,5903.680000,-11.200000,-0.390945,20.554641
2025-12-07 10:45:00,5891.020000,-9.220000,12.390653,46.573619
2025-12-07 10:50:00,5821.630000,-9.220000,-5.246983,-0.396777
2025-12-07 10:55:00,5667.260000,-11.040000,-7.033325,-0.525350
2025-12-07 11:00:00,5659.280000,-13.540000,-9.782248,-1.282483
2025-12-07 11:05:00,5681.990000,-10.400000,-7.119667,-1.132208
2025-12-07 11:10:00,5677.990000,-10.110000,-6.845005,-1.308225
2025-12-07 11:15:00,5648.780000,-9.190000,-9.738247,-1.269266
2025-12-07 11:20:00,5636.990000,-8.020000,-8.534435,-1.276409
2025-12-07 11:25:00,5630.400000,-8.570000,-9.264028,-1.309849
2025-12-07 11:30:00,5731.940000,-8.160000,-8.281932,-1.245421
2025-12-07 11:35:00,5695.300000,-10.080000,-8.824920,-1.254410
2025-12-07 11:40:00,5727.200000,-10.290000,-8.421532,-1.328176
2025-12-07 11:45:00,5585.200000,-8.000000,-10.085752,-2.803409
2025-12-07 11:50:00,5582.570000,-3.000000,-7.436040,-2.379673
2025-12-07 11:55:00,5485.860000,-5.510000,-6.089081,-2.126458
2025-12-07 12:00:00,5544.810000,-8.050000,-10.763615,-1.672601
2025-12-07 12:05:00,5707.010000,-9.090000,-7.147761,-0.817250
2025-12-07 12:10:00,5695.520000,-8.480000,-7.998792,-0.841307
2025-12-07 12:15:00,5720.910000,-8.370000,-7.436040,-0.831283
2025-12-07 12:20:00,5712.320000,-8.220000,-7.509481,-0.083208
2025-12-07 12:25:00,5597.860000,-7.900000,-7.998792,-0.699377
2025-12-07 12:30:00,5581.000000,-7.810000,-8.542980,-0.728395
2025-12-07 12:35:00,5519.030000,-7.960000,-8.174004,-1.824035
2025-12-07 12:40:00,5387.750000,-7.870000,-10.466890,-1.882689
2025-12-07 12:45:00,5513.100000,-7.540000,-10.025873,-1.037777
2025-12-07 12:50:00,5573.950000,-7.520000,-8.260302,-0.883324
2025-12-07 12:55:00,5533.800000,-7.860000,-10.191858,-1.170747
2025-12-07 13:00:00,5616.110000,-7.570000,-9.732841,-0.540750
2025-12-07 13:05:00,5562.850000,-8.660000,-11.080789,-2.879981
2025-12-07 13:10:00,5530.680000,-8.570000,-9.837070,-1.358815
2025-12-07 13:15:00,5474.370000,-8.720000,-11.162591,-1.396121
2025-12-07 13:20:00,5333.970000,-8.450000,-11.520372,-1.953846
2025-12-07 13:25:00,5324.840000,-8.660000,-11.415219,-1.957587
2025-12-07 13:30:00,5261.970000,-8.490000,-12.071256,-1.964734
2025-12-07 13:35:00,5316.870000,-8.630000,-11.162591,-1.411271
2025-12-07 13:40:00,5212.420000,-7.920000,-11.804218,-2.734618
2025-12-07 13:45:00,5311.550000,-7.820000,-7.231878,-1.171337
2025-12-07 13:50:00,5392.690000,-7.720000,-6.521228,-1.107658
2025-12-07 13:55:00,5498.240000,-7.770000,-6.221043,-1.150599
2025-12-07 14:00:00,5630.210000,-2.840000,-5.057236,-0.286192
2025-12-07 14:05:00,5607.740000,0.000000,-5.036755,-0.861089
2025-12-07 14:10:00,5631.090000,-7.680000,-5.057236,0.393564
2025-12-07 14:15:00,5804.980000,36.060000,-4.470587,-0.187909
2025-12-07 14:20:00,5911.350000,30.010000,0.823319,49.401793
2025-12-07 14:25:00,6048.080000,-5.890000,2.101269,49.698355
2025-12-07 14:30:00,5937.190000,-7.480000,1.784337,49.809644
2025-12-07 14:35:00,6144.800000,0.000000,2.356667,53.726187
2025-12-07 14:40:00,6271.380000,37.630000,3.922440,55.795375
2025-12-07 14:45:00,6370.090000,34.810000,6.242801,61.997154
2025-12-07 14:50:00,6365.480000,-5.010000,11.204033,75.561641
2025-12-07 14:55:00,6339.840000,-7.190000,8.687230,74.997827
2025-12-07 15:00:00,6542.290000,35.880000,3.575950,70.891528
2025-12-07 15:05:00,6634.200000,-7.680000,4.388529,69.107932
2025-12-07 15:10:00,6640.980000,-5.510000,4.169443,69.729054
2025-12-07 15:15:00,6673.390000,36.120000,8.531581,72.465780
2025-12-07 15:20:00,6795.650000,36.740000,8.130631,74.599999
2025-12-07 15:25:00,6893.440000,36.060000,4.102289,69.815456
2025-12-07 15:30:00,7039.680000,38.870000,4.163421,71.013294
2025-12-07 15:35:00,7142.160000,84.790000,4.020380,70.585299
2025-12-07 15:40:00,7131.570000,36.060000,14.746819,80.710166
2025-12-07 15:45:00,7191.610000,36.060000,16.884016,81.846498
2025-12-07 15:50:00,7225.640000,36.060000,12.144278,75.873919
2025-12-07 15:55:00,7278.860000,57.060000,9.801074,75.725236
2025-12-07 16:00:00,7412.620000,99.880000,20.453487,87.141455
2025-12-07 16:05:00,7475.860000,57.060000,10.476142,86.093436
2025-12-07 16:10:00,7514.250000,40.540000,16.677874,82.414980
2025-12-07 16:15:00,7559.540000,14.600000,24.888244,90.569164
2025-12-07 16:20:00,7600.540000,36.060000,30.069384,91.446681
2025-12-07 16:25:00,7635.320000,36.060000,31.532781,88.344771
2025-12-07 16:30:00,7703.250000,36.060000,34.714787,89.289887
2025-12-07 16:35:00,7645.230000,22.060000,36.267997,96.090137
2025-12-07 16:40:00,7784.980000,70.770000,28.950722,85.098102
2025-12-07 16:45:00,7758.770000,67.060000,44.394800,96.709768
2025-12-07 16:50:00,7774.510000,49.630000,35.870078,92.418699
2025-12-07 16:55:00,7830.160000,53.310000,37.816327,93.190686
2025-12-07 17:00:00,7909.910000,64.890000,54.430620,108.115810
2025-12-07 17:05:00,7935.650000,64.890000,42.819760,95.429634
2025-12-07 17:10:00,7878.620000,64.890000,42.776128,88.887927
2025-12-07 17:15:00,7909.950000,68.950000,37.266092,92.005682
2025-12-07 17:20:00,7868.360000,69.270000,52.057528,93.973461
2025-12-07 17:25:00,7972.550000,69.900000,56.202671,98.560499
2025-12-07 17:30:00,7943.980000,69.830000,58.055460,99.580054
2025-12-07 17:35:00,8014.480000,79.950000,60.702549,92.947158
2025-12-07 17:40:00,8067.210000,84.790000,88.651360,102.642209
2025-12-07 17:45:00,8058.760000,79.950000,87.105862,102.993052
2025-12-07 17:50:00,7999.230000,84.790000,87.549905,98.693451
2025-12-07 17:55:00,8049.970000,114.910000,98.987975,97.361690
2025-12-07 18:00:00,8011.720000,93.500000,111.310590,119.378866
2025-12-07 18:05:00,8040.970000,108.840000,117.489920,122.814452
2025-12-07 18:10:00,7994.720000,84.790000,123.964734,129.468797
2025-12-07 18:15:00,7976.080000,92.060000,123.258849,125.784257
2025-12-07 18:20:00,7987.620000,89.860000,124.291697,124.683746
2025-12-07 18:25:00,7980.140000,113.000000,124.291697,121.449446
2025-12-07 18:30:00,7841.240000,85.740000,109.470207,124.337273
2025-12-07 18:35:00,7851.180000,84.790000,114.538207,127.978386
2025-12-07 18:40:00,7884.110000,90.110000,113.731886,127.029069
2025-12-07 18:45:00,7877.540000,90.290000,108.157233,125.887440
2025-12-07 18:50:00,7865.750000,89.810000,112.979798,125.867529
2025-12-07 18:55:00,7781.200000,97.540000,128.130408,128.287308
2025-12-07 19:00:00,7860.400000,116.930000,119.700366,121.889649
2025-12-07 19:05:00,7808.990000,107.970000,118.041547,124.471068
2025-12-07 19:10:00,7834.240000,95.440000,100.385729,117.729465
2025-12-07 19:15:00,7862.810000,101.090000,106.308875,113.826426
2025-12-07 19:20:00,7795.630000,108.970000,102.861097,109.520606
2025-12-07 19:25:00,7887.870000,116.980000,114.079636,125.272552
2025-12-07 19:30:00,7808.600000,94.500000,99.138077,115.056709
2025-12-07 19:35:00,7846.240000,96.980000,96.961710,108.671698
2025-12-07 19:40:00,7814.390000,95.080000,98.748715,106.908455
2025-12-07 19:45:00,7879.410000,99.220000,101.693960,108.633146
2025-12-07 19:50:00,7859.840000,97.570000,98.748715,105.317031
2025-12-07 19:55:00,7715.840000,97.720000,99.815939,109.975251
2025-12-07 20:00:00,7816.460000,98.890000,105.734463,118.879157
2025-12-07 20:05:00,7769.980000,97.140000,105.854117,119.599806
2025-12-07 20:10:00,7708.690000,97.400000,97.233918,107.936989
2025-12-07 20:15:00,7773.730000,95.620000,100.830196,109.675452
2025-12-07 20:20:00,7592.690000,95.130000,99.643939,113.967039
2025-12-07 20:25:00,7612.680000,95.850000,99.518833,111.718167
2025-12-07 20:30:00,7590.450000,95.290000,90.922563,99.323964
2025-12-07 20:35:00,7599.190000,86.730000,92.536636,101.254641
2025-12-07 20:40:00,7656.610000,94.630000,90.922563,101.030072
2025-12-07 20:45:00,7536.660000,90.370000,88.687886,95.381694
2025-12-07 20:50:00,7593.680000,87.260000,91.174178,100.353416
2025-12-07 20:55:00,7540.920000,85.940000,88.687886,93.716593
2025-12-07 21:00:00,7533.890000,85.990000,82.856769,90.512499
2025-12-07 21:05:00,7382.920000,79.830000,84.695223,91.278945
2025-12-07 21:10:00,7413.000000,84.600000,84.695223,92.582264
2025-12-07 21:15:00,7428.180000,84.790000,82.363739,89.835374
2025-12-07 21:20:00,7364.730000,84.790000,82.014653,91.691467
2025-12-07 21:25:00,7399.420000,84.790000,82.014653,91.497930
2025-12-07 21:30:00,7391.090000,84.790000,82.014653,92.888520
2025-12-07 21:35:00,7369.100000,86.800000,76.721077,83.404969
2025-12-07 21:40:00,7393.340000,124.360000,81.172833,89.768688
2025-12-07 21:45:00,7308.660000,81.510000,83.132691,89.489311
2025-12-07 21:50:00,7288.710000,79.880000,78.116405,86.235660
2025-12-07 21:55:00,7310.960000,83.170000,81.215328,95.232115
2025-12-07 22:00:00,7280.150000,82.260000,81.035159,93.813761
2025-12-07 22:05:00,7265.180000,83.260000,80.382744,96.114650
2025-12-07 22:10:00,7233.960000,96.200000,85.404919,103.966571
2025-12-07 22:15:00,7181.720000,91.790000,83.551062,104.410152
2025-12-07 22:20:00,7142.200000,79.170000,80.115433,103.803371
2025-12-07 22:25:00,7079.600000,82.210000,80.115433,100.840882
2025-12-07 22:30:00,7129.230000,84.110000,80.115433,105.408710
2025-12-07 22:35:00,7085.370000,94.330000,82.346681,106.520838
2025-12-07 22:40:00,7022.580000,86.310000,99.200901,134.250894
2025-12-07 22:45:00,7025.300000,86.310000,77.894238,90.382022
2025-12-07 22:50:00,6976.540000,84.500000,70.511754,84.419349
2025-12-07 22:55:00,6946.480000,79.670000,70.567090,85.904046
2025-12-07 23:00:00,7027.820000,79.950000,77.894238,90.587924
2025-12-07 23:05:00,6955.390000,85.030000,75.657903,88.478488
2025-12-07 23:10:00,6974.010000,83.320000,83.330896,101.475318
2025-12-07 23:15:00,6984.250000,83.490000,84.411548,102.425432
2025-12-07 23:20:00,6967.650000,81.560000,76.186262,84.799114
2025-12-07 23:25:00,6943.770000,80.140000,77.894238,89.542974
2025-12-07 23:30:00,6933.350000,81.950000,80.115433,90.722891
2025-12-07 23:35:00,6934.500000,83.630000,86.117554,103.600691
2025-12-07 23:40:00,6953.860000,90.910000,82.346681,94.416523
2025-12-07 23:45:00,6883.730000,83.760000,82.346681,94.840548
2025-12-07 23:50:00,6834.690000,83.330000,80.909887,90.475819
2025-12-07 23:55:00,6856.570000,83.690000,79.012932,85.323073
2025-12-08 00:00:00,6820.290000,79.680000,78.139072,85.556780
2025-12-08 00:05:00,6784.930000,85.920000,82.058015,91.179912
2025-12-08 00:10:00,6761.960000,85.320000,77.967061,89.166475
2025-12-08 00:15:00,6652.060000,80.900000,76.534813,88.698701
2025-12-08 00:20:00,6680.580000,84.790000,77.241140,88.421424
2025-12-08 00:25:00,6697.510000,84.790000,77.241140,84.830110
2025-12-08 00:30:00,6674.660000,84.790000,77.241140,88.335347
2025-12-08 00:35:00,6552.860000,85.130000,74.618716,87.124892
2025-12-08 00:40:00,6605.410000,84.790000,80.658083,94.181591
2025-12-08 00:45:00,6495.840000,83.250000,74.618716,85.631542
2025-12-08 00:50:00,6484.840000,99.680000,74.618716,85.619806
2025-12-08 00:55:00,6438.040000,83.220000,74.618716,87.025027
2025-12-08 01:00:00,6418.200000,81.400000,71.031174,82.778072
2025-12-08 01:05:00,6412.140000,105.400000,78.149504,91.312123
2025-12-08 01:10:00,6358.120000,104.660000,76.924362,91.985114
2025-12-08 01:15:00,6345.530000,94.720000,73.584467,89.772087
2025-12-08 01:20:00,6321.420000,83.710000,74.840013,89.574434
2025-12-08 01:25:00,6312.230000,85.020000,74.840013,88.641085
2025-12-08 01:30:00,6335.530000,85.670000,74.840013,89.273660
2025-12-08 01:35:00,6304.310000,84.160000,77.894468,92.154303
2025-12-08 01:40:00,6290.530000,84.180000,75.682787,89.750136
2025-12-08 01:45:00,6247.050000,83.780000,75.209270,90.655987
2025-12-08 01:50:00,6244.600000,85.050000,82.758623,107.874573
2025-12-08 01:55:00,6254.830000,85.630000,75.455423,91.101865
2025-12-08 02:00:00,6252.510000,86.240000,75.171919,90.789548
2025-12-08 02:05:00,6267.850000,83.890000,86.949776,110.799883
2025-12-08 02:10:00,6278.980000,80.020000,88.576895,111.350220
2025-12-08 02:15:00,6297.340000,80.020000,82.836772,100.973506
2025-12-08 02:20:00,6271.480000,79.950000,75.630864,85.867500
2025-12-08 02:25:00,6273.650000,80.020000,79.209536,87.561188
2025-12-08 02:30:00,6249.190000,80.020000,79.209536,90.216851
2025-12-08 02:35:00,6270.920000,79.950000,77.063278,86.601112
2025-12-08 02:40:00,6258.120000,79.950000,77.063278,86.254585
2025-12-08 02:45:00,6231.120000,79.790000,75.630864,87.164955
2025-12-08 02:50:00,6218.190000,65.580000,79.209536,87.520352
2025-12-08 02:55:00,6225.130000,64.630000,79.209536,92.540773
2025-12-08 03:00:00,6231.830000,56.470000,79.209536,99.958540
2025-12-08 03:05:00,6190.330000,57.060000,76.685842,97.733193
2025-12-08 03:10:00,6236.610000,57.060000,73.400469,90.379726
2025-12-08 03:15:00,6270.960000,57.060000,73.761613,90.639156
2025-12-08 03:20:00,6254.000000,57.060000,73.761613,90.791505
2025-12-08 03:25:00,6213.170000,57.060000,73.400469,90.708630
2025-12-08 03:30:00,6251.970000,57.080000,73.761613,91.187984
2025-12-08 03:35:00,6278.670000,57.060000,74.627968,91.335989
2025-12-08 03:40:00,6302.800000,57.080000,75.365466,93.517071
2025-12-08 03:45:00,6298.920000,57.080000,73.491363,89.839744
2025-12-08 03:50:00,6311.220000,63.940000,67.464567,74.339299
2025-12-08 03:55:00,6375.350000,74.130000,66.465100,74.468270
2025-12-08 04:00:00,6375.250000,75.750000,61.353553,72.264709
2025-12-08 04:05:00,6403.670000,79.950000,66.700821,77.984037
2025-12-08 04:10:00,6461.340000,79.950000,66.700821,80.599282
2025-12-08 04:15:00,6522.770000,79.950000,68.553351,89.466302
2025-12-08 04:20:00,6533.420000,80.020000,67.818444,93.759793
2025-12-08 04:25:00,6662.910000,79.950000,73.548354,96.447876
2025-12-08 04:30:00,6538.550000,79.950000,69.784801,94.554337
2025-12-08 04:35:00,6631.630000,79.950000,72.949577,94.620809
2025-12-08 04:40:00,6687.950000,79.950000,75.628517,93.021737
2025-12-08 04:45:00,6704.350000,79.950000,75.628517,84.332944
2025-12-08 04:50:00,6614.010000,67.860000,71.587815,83.031707
2025-12-08 04:55:00,6757.190000,80.020000,82.051137,90.147710
2025-12-08 05:00:00,6681.680000,79.950000,86.435789,93.432948
2025-12-08 05:05:00,6787.500000,79.950000,85.981330,94.434106
2025-12-08 05:10:00,6786.950000,80.020000,84.833089,93.809392
2025-12-08 05:15:00,6891.490000,78.610000,85.281480,94.023352
2025-12-08 05:20:00,6884.110000,79.950000,83.015730,92.850611
2025-12-08 05:25:00,6937.500000,68.420000,80.124591,87.071058
2025-12-08 05:30:00,6956.620000,79.950000,81.055820,89.984306
2025-12-08 05:35:00,6973.370000,57.060000,72.004784,86.777351
2025-12-08 05:40:00,7032.730000,56.770000,73.139715,84.912549
2025-12-08 05:45:00,7056.930000,55.770000,69.998647,83.449326
2025-12-08 05:50:00,7025.630000,36.060000,55.163778,77.046204
2025-12-08 05:55:00,7065.470000,35.240000,42.967168,71.700845
2025-12-08 06:00:00,7109.110000,34.560000,29.891467,66.499227
2025-12-08 06:05:00,7183.830000,26.820000,19.834666,67.782819
2025-12-08 06:10:00,7198.220000,35.880000,15.886439,66.485609
2025-12-08 06:15:00,7289.410000,42.630000,19.089574,67.623068
2025-12-08 06:20:00,7209.550000,0.650000,15.139971,55.030738
2025-12-08 06:25:00,7345.320000,22.060000,11.591462,58.714624
2025-12-08 06:30:00,7350.810000,22.060000,9.294454,55.021536
2025-12-08 06:35:00,7313.910000,0.510000,11.997442,52.565326
2025-12-08 06:40:00,7352.990000,22.060000,12.408633,52.796002
2025-12-08 06:45:00,7254.390000,-3.840000,4.024977,46.560898
2025-12-08 06:50:00,7294.880000,0.000000,1.626446,42.924235
2025-12-08 06:55:00,7314.910000,0.000000,1.482398,41.044829
2025-12-08 07:00:00,7251.940000,0.000000,0.720404,38.177389
2025-12-08 07:05:00,7193.780000,9.310000,0.515197,38.283011
2025-12-08 07:10:00,7153.050000,35.490000,1.529384,40.403018
2025-12-08 07:15:00,7136.540000,35.570000,1.951713,35.818606
2025-12-08 07:20:00,7128.130000,36.060000,-0.330619,28.914488
2025-12-08 07:25:00,7095.990000,0.470000,0.235391,37.631477
2025-12-08 07:30:00,7095.310000,5.630000,0.403085,38.309250
2025-12-08 07:35:00,6985.770000,22.060000,-0.518483,31.046263
2025-12-08 07:40:00,6894.990000,0.470000,0.128536,38.079574
2025-12-08 07:45:00,6865.700000,0.510000,-0.538562,31.605119
2025-12-08 07:50:00,6768.890000,0.470000,-0.505519,33.212284
2025-12-08 07:55:00,6733.940000,-4.080000,-0.072589,35.504799
2025-12-08 08:00:00,6663.230000,-7.600000,-0.276712,32.973880
2025-12-08 08:05:00,6676.150000,0.000000,0.489978,38.829851
2025-12-08 08:10:00,6664.770000,22.060000,0.197618,42.319831
2025-12-08 08:15:00,6686.660000,0.000000,1.177429,47.821662
2025-12-08 08:20:00,6815.640000,-0.010000,6.333446,50.778487
2025-12-08 08:25:00,6761.770000,-7.980000,-0.833062,27.913520
2025-12-08 08:30:00,6739.830000,-7.750000,-0.394336,24.983701
2025-12-08 08:35:00,6669.760000,-5.510000,1.486843,40.401451
2025-12-08 08:40:00,6462.460000,-7.960000,-0.713926,24.827149
2025-12-08 08:45:00,6405.140000,-7.990000,-0.739331,23.490687
2025-12-08 08:50:00,6436.240000,-7.990000,-0.786877,24.509545
2025-12-08 08:55:00,6381.730000,-5.510000,-2.204136,13.200774
2025-12-08 09:00:00,6356.930000,-7.770000,-2.462482,13.394390
2025-12-08 09:05:00,6251.960000,-7.620000,-0.781471,20.004944
2025-12-08 09:10:00,6201.740000,-7.800000,2.454579,40.818274
2025-12-08 09:15:00,6234.150000,-7.700000,-3.265142,3.423936
2025-12-08 09:20:00,6223.870000,-5.510000,-3.808389,0.207690
2025-12-08 09:25:00,6161.470000,-7.570000,-8.524698,-0.732245
2025-12-08 09:30:00,6001.350000,-5.510000,-9.480689,-0.711168
2025-12-08 09:35:00,6103.190000,-7.570000,-6.467801,-0.622857
2025-12-08 09:40:00,6252.700000,-0.010000,-7.143157,-0.645644
2025-12-08 09:45:00,6309.000000,-5.510000,-5.242551,-0.270844
2025-12-08 09:50:00,6351.040000,-7.660000,-5.407816,-0.349482
2025-12-08 09:55:00,6322.300000,-8.900000,-4.673679,-0.350587
2025-12-08 10:00:00,6295.000000,-5.510000,-6.128150,-0.318639
2025-12-08 10:05:00,6276.730000,-0.010000,-6.599404,-0.354049
2025-12-08 10:10:00,6297.400000,-0.010000,-5.694591,-0.087246
2025-12-08 10:15:00,6273.180000,0.000000,-4.550048,0.065618
2025-12-08 10:20:00,6127.880000,14.570000,-4.532356,0.700982
2025-12-08 10:25:00,5986.700000,13.960000,-1.751376,7.760088
2025-12-08 10:30:00,5831.560000,-7.340000,-1.541014,14.115260
2025-12-08 10:35:00,5826.350000,-7.380000,-4.287661,10.815493
2025-12-08 10:40:00,5848.750000,-5.510000,-1.407257,15.087878
2025-12-08 10:45:00,5699.890000,0.000000,-4.359549,10.693095
2025-12-08 10:50:00,5642.030000,-5.510000,-5.303615,7.147352
2025-12-08 10:55:00,5678.040000,0.000000,-5.312564,6.972353
2025-12-08 11:00:00,5644.970000,0.000000,-4.976434,5.148172
2025-12-08 11:05:00,5584.940000,0.000000,-2.738315,3.286106
2025-12-08 11:10:00,5630.350000,27.630000,-2.738315,5.490124
2025-12-08 11:15:00,5592.360000,-6.970000,-2.938793,11.095300
2025-12-08 11:20:00,5594.880000,0.000000,-0.960286,19.518169
2025-12-08 11:25:00,5568.160000,26.770000,-0.763402,21.682771
2025-12-08 11:30:00,5374.820000,0.510000,-5.833794,8.802032
2025-12-08 11:35:00,5368.100000,-5.510000,-5.699378,14.918221
2025-12-08 11:40:00,5308.820000,-0.010000,-5.227589,12.508827
2025-12-08 11:45:00,5287.780000,-0.010000,-3.044103,14.238551
2025-12-08 11:50:00,5331.770000,-6.550000,-2.730659,16.692165
2025-12-08 11:55:00,5352.410000,-0.010000,-1.849667,17.512218
2025-12-08 12:00:00,5345.240000,-6.500000,-1.849667,16.155389
2025-12-08 12:05:00,5250.710000,-7.580000,-2.799969,22.258707
2025-12-08 12:10:00,5260.210000,-6.550000,-1.356101,23.816031
2025-12-08 12:15:00,5248.580000,-5.510000,-10.130141,9.808659
2025-12-08 12:20:00,5282.890000,-7.810000,-3.207499,15.435259
2025-12-08 12:25:00,5235.840000,-9.070000,-0.788673,23.565321
2025-12-08 12:30:00,5298.230000,-5.510000,-3.932299,0.863306
2025-12-08 12:35:00,5273.000000,-7.960000,-10.107401,-3.693872
2025-12-08 12:40:00,5314.730000,-6.760000,-5.280544,-1.831012
2025-12-08 12:45:00,5279.550000,-6.720000,-5.280544,-1.831012
2025-12-08 12:50:00,5272.180000,-7.760000,-12.665920,-4.127563
2025-12-08 12:55:00,5347.700000,-6.620000,-2.024293,-0.771756
2025-12-08 13:00:00,5223.340000,-7.850000,-9.528108,-3.620954
2025-12-08 13:05:00,5357.660000,-6.660000,-9.847440,-2.404215
2025-12-08 13:10:00,5367.320000,-5.510000,-4.238228,-2.122852
2025-12-08 13:15:00,5421.660000,-5.510000,-4.235588,-2.108343
2025-12-08 13:20:00,5484.780000,-10.000000,-6.897324,-2.445005
2025-12-08 13:25:00,5485.080000,-10.570000,-6.025707,-4.014405
2025-12-08 13:30:00,5586.050000,-8.370000,-4.469704,-2.030519
2025-12-08 13:35:00,5686.230000,-8.420000,-5.919327,-0.242846
2025-12-08 13:40:00,5813.180000,-8.560000,-5.555173,-0.220697
2025-12-08 13:45:00,5785.470000,-5.510000,-5.361715,-0.191466
2025-12-08 13:50:00,5816.870000,-7.290000,-5.242530,-0.156439
2025-12-08 13:55:00,5867.700000,-7.320000,-4.084357,-0.217528
2025-12-08 14:00:00,5861.770000,-5.510000,-5.486423,-0.211325
2025-12-08 14:05:00,5868.020000,-7.190000,-3.850583,-0.051087
2025-12-08 14:10:00,5873.610000,-7.190000,-4.156269,-0.114463
2025-12-08 14:15:00,5853.100000,-8.670000,-4.066339,-0.170109
2025-12-08 14:20:00,5876.670000,-8.440000,-5.466850,-0.926039
2025-12-08 14:25:00,5938.030000,-7.550000,-5.606125,-0.960689
2025-12-08 14:30:00,6079.730000,-7.380000,-5.125731,-0.262524
2025-12-08 14:35:00,6159.150000,-7.510000,-5.125731,-0.257345
2025-12-08 14:40:00,6248.700000,-7.790000,-5.306590,-0.263311
2025-12-08 14:45:00,6349.760000,-7.440000,-3.983766,-0.236143
2025-12-08 14:50:00,6444.030000,-5.510000,-5.240345,-0.290360
2025-12-08 14:55:00,6508.160000,56.830000,-4.744313,0.149284
2025-12-08 15:00:00,6533.290000,24.750000,1.440285,57.418818
2025-12-08 15:05:00,6554.540000,64.570000,1.845980,62.859965
2025-12-08 15:10:00,6815.550000,-5.510000,1.657816,65.449283
2025-12-08 15:15:00,6871.120000,-5.510000,1.553963,65.195399
2025-12-08 15:20:00,6987.130000,-5.510000,3.317580,68.406062
2025-12-08 15:25:00,7046.140000,-7.870000,2.966267,67.043023
2025-12-08 15:30:00,7185.760000,-5.510000,3.520171,68.406062
2025-12-08 15:35:00,7301.570000,0.510000,8.193076,68.462026
2025-12-08 15:40:00,7437.090000,81.710000,7.489502,69.858845
2025-12-08 15:45:00,7535.300000,84.790000,6.594704,80.730345
2025-12-08 15:50:00,7738.550000,51.480000,6.428973,84.132733
2025-12-08 15:55:00,7860.010000,-0.370000,5.770882,84.648124
2025-12-08 16:00:00,7955.570000,33.740000,10.217149,87.365816
2025-12-08 16:05:00,8040.700000,-6.680000,12.129860,87.906954
2025-12-08 16:10:00,8098.040000,-5.510000,8.887111,80.487712
2025-12-08 16:15:00,8037.720000,0.000000,5.352276,80.264859
2025-12-08 16:20:00,8156.800000,-5.010000,10.752666,80.132547
2025-12-08 16:25:00,8278.620000,0.610000,11.130356,81.736551
2025-12-08 16:30:00,8403.550000,46.460000,15.665494,88.897284
2025-12-08 16:35:00,8636.620000,42.420000,15.149570,95.418427
2025-12-08 16:40:00,8707.930000,41.790000,36.185022,104.987469
2025-12-08 16:45:00,8843.950000,51.590000,41.751181,108.266146
2025-12-08 16:50:00,8963.240000,51.590000,46.410962,105.344682
2025-12-08 16:55:00,8963.560000,51.090000,34.710757,94.348040
2025-12-08 17:00:00,9001.460000,57.060000,51.308903,102.976832
2025-12-08 17:05:00,9052.340000,50.790000,47.113246,95.805189
2025-12-08 17:10:00,9066.570000,41.180000,44.108140,95.843993
2025-12-08 17:15:00,9135.040000,57.060000,58.003839,101.205738
2025-12-08 17:20:00,9150.760000,72.860000,45.565032,95.725088
2025-12-08 17:25:00,9294.070000,80.010000,52.020030,79.404915
2025-12-08 17:30:00,9409.840000,88.000000,88.685712,97.238953
2025-12-08 17:35:00,9463.240000,86.980000,107.693107,109.876324
2025-12-08 17:40:00,9389.960000,95.730000,102.786653,108.079189
2025-12-08 17:45:00,9430.210000,109.220000,108.480649,118.418387
2025-12-08 17:50:00,9445.120000,96.060000,120.224504,131.739494
2025-12-08 17:55:00,9349.260000,120.010000,125.951737,134.228286
2025-12-08 18:00:00,9333.930000,127.800000,124.476961,153.768162
2025-12-08 18:05:00,9325.280000,123.330000,137.547747,165.390066
2025-12-08 18:10:00,9338.310000,121.410000,126.025091,159.821134
2025-12-08 18:15:00,9384.250000,123.270000,134.447179,162.293128
2025-12-08 18:20:00,9391.610000,130.070000,146.688554,160.162274
2025-12-08 18:25:00,9347.480000,120.010000,150.018576,157.570577
2025-12-08 18:30:00,9351.680000,127.230000,156.552154,152.704277
2025-12-08 18:35:00,9191.350000,108.890000,146.793140,151.922345
2025-12-08 18:40:00,9252.230000,149.230000,162.723774,147.084931
2025-12-08 18:45:00,9075.390000,108.890000,167.533323,158.178942
2025-12-08 18:50:00,9194.580000,138.170000,159.818755,158.557894
2025-12-08 18:55:00,9082.320000,108.890000,164.744764,158.700529
2025-12-08 19:00:00,9116.480000,132.170000,173.778645,163.078820
2025-12-08 19:05:00,9066.060000,120.010000,162.838688,161.140078
2025-12-08 19:10:00,9085.830000,120.010000,164.051711,162.220519
2025-12-08 19:15:00,9090.840000,110.150000,153.704575,162.242166
2025-12-08 19:20:00,9163.420000,110.190000,158.859071,160.495037
2025-12-08 19:25:00,9201.450000,120.010000,143.741918,156.259842
2025-12-08 19:30:00,9065.090000,120.010000,135.030718,158.928130
2025-12-08 19:35:00,9120.400000,94.780000,126.520139,151.538012
2025-12-08 19:40:00,9160.660000,109.100000,144.989944,166.583709
2025-12-08 19:45:00,9148.770000,108.890000,129.502951,141.797049
2025-12-08 19:50:00,9100.690000,105.400000,133.184383,155.792697
2025-12-08 19:55:00,9038.990000,97.780000,116.522828,134.156578
2025-12-08 20:00:00,8938.450000,99.660000,128.388822,142.284264
2025-12-08 20:05:00,8912.890000,91.410000,118.166517,135.667041
2025-12-08 20:10:00,8905.650000,120.010000,118.166517,136.478583
2025-12-08 20:15:00,8795.800000,92.440000,115.825690,131.418940
2025-12-08 20:20:00,8811.650000,103.330000,114.342917,129.606829
2025-12-08 20:25:00,8751.210000,97.330000,111.751005,126.828784
2025-12-08 20:30:00,8704.410000,98.570000,112.722192,130.182673
2025-12-08 20:35:00,8655.640000,105.400000,100.651066,114.451662
2025-12-08 20:40:00,8609.370000,120.010000,109.260689,114.230746
2025-12-08 20:45:00,8556.690000,97.930000,107.740870,112.413580
2025-12-08 20:50:00,8510.960000,93.510000,105.031367,112.693355
2025-12-08 20:55:00,8492.140000,108.890000,99.968754,105.907703
2025-12-08 21:00:00,8425.460000,94.930000,99.968754,107.008453
2025-12-08 21:05:00,8401.930000,97.500000,97.089488,102.840162
2025-12-08 21:10:00,8382.640000,90.310000,106.268744,114.568062
2025-12-08 21:15:00,8417.540000,86.900000,97.677697,108.516026
2025-12-08 21:20:00,8391.040000,87.320000,103.817115,113.440176
2025-12-08 21:25:00,8291.010000,79.950000,98.813025,104.444066
2025-12-08 21:30:00,8319.180000,80.020000,99.153649,107.646353
2025-12-08 21:35:00,8268.780000,99.100000,105.031367,116.360971
2025-12-08 21:40:00,8271.370000,95.070000,109.284702,127.704508
2025-12-08 21:45:00,8234.710000,89.570000,99.632694,111.887037
2025-12-08 21:50:00,8253.420000,82.940000,100.165428,115.154931
2025-12-08 21:55:00,8223.610000,82.920000,108.110435,123.995686
2025-12-08 22:00:00,8164.870000,83.040000,100.165428,114.297973
2025-12-08 22:05:00,8017.900000,80.020000,94.860032,104.181549
2025-12-08 22:10:00,7994.210000,80.020000,93.060936,98.828502
2025-12-08 22:15:00,7985.940000,87.410000,90.166666,97.274809
2025-12-08 22:20:00,7956.210000,84.790000,89.670299,97.629954
2025-12-08 22:25:00,7825.860000,82.640000,81.269736,86.413167
2025-12-08 22:30:00,7795.060000,84.410000,81.269736,85.752410
2025-12-08 22:35:00,7832.340000,91.180000,95.160940,103.712309
2025-12-08 22:40:00,7791.180000,84.790000,93.258412,100.541121
2025-12-08 22:45:00,7740.490000,80.020000,92.037340,95.430188
2025-12-08 22:50:00,7722.760000,80.190000,83.405025,89.601447
2025-12-08 22:55:00,7715.960000,84.790000,83.910337,89.867160
2025-12-08 23:00:00,7690.810000,80.310000,84.096897,90.824377
2025-12-08 23:05:00,7639.200000,81.440000,83.844540,87.987080
2025-12-08 23:10:00,7521.560000,84.790000,80.511104,86.491891
2025-12-08 23:15:00,7533.330000,98.820000,87.749004,96.228061
2025-12-08 23:20:00,7512.480000,88.140000,84.851519,91.721965
2025-12-08 23:25:00,7528.420000,92.770000,85.507229,93.066256
2025-12-08 23:30:00,7434.270000,87.160000,84.769109,92.518027
2025-12-08 23:35:00,7428.770000,91.650000,88.344937,100.597982
2025-12-08 23:40:00,7471.290000,92.910000,85.760597,94.759127
2025-12-08 23:45:00,7407.410000,98.040000,80.611739,89.012018
2025-12-08 23:50:00,7373.970000,91.800000,78.828667,85.516402
2025-12-08 23:55:00,7361.420000,90.970000,80.896643,88.962952
2025-12-09 00:00:00,7305.440000,105.400000,81.870916,81.715172
2025-12-09 00:05:00,7266.100000,89.920000,82.828510,85.305292
2025-12-09 00:10:00,7306.460000,105.400000,87.587455,88.872179
2025-12-09 00:15:00,7179.970000,99.280000,92.565878,99.653282
2025-12-09 00:20:00,7219.450000,95.410000,89.531175,95.719043
2025-12-09 00:25:00,7159.810000,94.700000,90.749532,96.452477
2025-12-09 00:30:00,7108.420000,105.400000,87.501642,93.264174
2025-12-09 00:35:00,7032.540000,94.540000,90.203040,94.218005
2025-12-09 00:40:00,7003.750000,94.950000,90.203040,92.767017
2025-12-09 00:45:00,6930.140000,94.270000,89.758216,92.903394
2025-12-09 00:50:00,6902.190000,92.930000,90.189444,94.582990
2025-12-09 00:55:00,6942.340000,92.950000,88.353988,90.784264
2025-12-09 01:00:00,6830.180000,86.940000,93.645560,99.770002
2025-12-09 01:05:00,6840.110000,93.020000,87.962585,93.366198
2025-12-09 01:10:00,6833.730000,96.940000,95.305725,100.134882
2025-12-09 01:15:00,6822.650000,93.070000,90.525527,99.083904
2025-12-09 01:20:00,6755.010000,105.400000,87.194908,92.378972
2025-12-09 01:25:00,6684.420000,92.370000,84.234542,91.629374
2025-12-09 01:30:00,6669.560000,92.370000,91.125007,96.930836
2025-12-09 01:35:00,6604.490000,93.670000,84.234542,94.259941
2025-12-09 01:40:00,6662.220000,105.400000,86.903263,99.378691
2025-12-09 01:45:00,6626.060000,105.400000,86.903263,101.086112
2025-12-09 01:50:00,6564.130000,100.540000,86.903263,100.221343
2025-12-09 01:55:00,6613.820000,102.350000,87.919709,100.221343
2025-12-09 02:00:00,6533.680000,93.190000,84.069935,95.119722
2025-12-09 02:05:00,6576.480000,105.400000,85.374627,100.714990
2025-12-09 02:10:00,6578.320000,105.400000,88.219327,100.873292
2025-12-09 02:15:00,6537.260000,105.400000,81.027931,98.676841
2025-12-09 02:20:00,6498.160000,102.030000,88.652342,107.462384
2025-12-09 02:25:00,6532.610000,93.110000,83.952877,103.278943
2025-12-09 02:30:00,6546.060000,105.400000,89.547620,104.225609
2025-12-09 02:35:00,6540.320000,103.160000,89.547620,105.296027
2025-12-09 02:40:00,6533.740000,95.350000,95.752704,111.847985
2025-12-09 02:45:00,6517.880000,94.490000,90.019354,110.162978
2025-12-09 02:50:00,6562.950000,95.530000,91.387232,107.029317
2025-12-09 02:55:00,6540.130000,95.270000,92.701903,110.265247
2025-12-09 03:00:00,6443.620000,93.740000,80.760865,104.753574
2025-12-09 03:05:00,6495.010000,93.260000,89.492520,113.748649
2025-12-09 03:10:00,6514.960000,104.890000,93.565398,113.720283
2025-12-09 03:15:00,6506.900000,94.160000,94.664318,115.200523
2025-12-09 03:20:00,6465.450000,92.700000,89.654366,113.413927
2025-12-09 03:25:00,6447.430000,92.620000,83.693069,105.166692
2025-12-09 03:30:00,6418.550000,91.970000,89.054369,111.859865
2025-12-09 03:35:00,6465.160000,98.600000,89.492520,110.207848
2025-12-09 03:40:00,6515.170000,107.780000,88.529757,106.309445
2025-12-09 03:45:00,6507.190000,105.400000,88.837610,107.663547
2025-12-09 03:50:00,6549.030000,105.400000,89.018548,110.334186
2025-12-09 03:55:00,6488.840000,105.400000,88.450209,107.549563
2025-12-09 04:00:00,6480.420000,105.400000,90.194795,112.146633
2025-12-09 04:05:00,6571.410000,92.840000,90.903692,112.775538
2025-12-09 04:10:00,6640.710000,107.020000,98.615982,121.678126
2025-12-09 04:15:00,6698.760000,117.020000,96.576041,114.455297
2025-12-09 04:20:00,6696.380000,115.190000,97.340703,112.320133
2025-12-09 04:25:00,6768.030000,114.440000,101.413632,117.312721
2025-12-09 04:30:00,6755.260000,103.300000,101.413632,116.834860
2025-12-09 04:35:00,6758.340000,109.090000,102.550334,116.966505
2025-12-09 04:40:00,6709.090000,105.400000,108.031591,127.681597
2025-12-09 04:45:00,6721.000000,133.880000,107.028063,125.513748
2025-12-09 04:50:00,6795.480000,126.400000,110.028922,136.758922
2025-12-09 04:55:00,6782.490000,104.640000,110.028922,137.402368
2025-12-09 05:00:00,6793.220000,105.400000,120.379849,141.875763
2025-12-09 05:05:00,6846.030000,105.400000,109.341107,132.920055
2025-12-09 05:10:00,6844.410000,108.890000,113.532384,140.821968
2025-12-09 05:15:00,6973.490000,105.400000,114.432749,146.898025
2025-12-09 05:20:00,7008.700000,113.190000,115.133893,143.145276
2025-12-09 05:25:00,7015.430000,108.890000,106.020674,137.599829
2025-12-09 05:30:00,7033.680000,108.890000,100.201252,121.407966
2025-12-09 05:35:00,7054.010000,107.090000,102.064074,128.046175
2025-12-09 05:40:00,7117.460000,85.630000,91.384215,120.642061
2025-12-09 05:45:00,7054.700000,80.600000,94.131867,134.827486
2025-12-09 05:50:00,7075.250000,81.910000,70.777021,107.637238
2025-12-09 05:55:00,7125.680000,70.470000,61.673610,91.715730
2025-12-09 06:00:00,7132.200000,69.340000,36.913871,80.964322
2025-12-09 06:05:00,7138.130000,57.060000,29.406292,69.792721
2025-12-09 06:10:00,7166.620000,58.900000,25.536102,67.053041
2025-12-09 06:15:00,7137.670000,36.330000,18.601367,63.728344
2025-12-09 06:20:00,7176.690000,35.880000,5.535165,55.223415
2025-12-09 06:25:00,7215.020000,32.890000,4.963704,53.893822
2025-12-09 06:30:00,7227.240000,11.950000,1.960174,53.562429
2025-12-09 06:35:00,7175.120000,24.930000,1.290527,51.609161
2025-12-09 06:40:00,7166.790000,11.880000,1.800535,42.482558
2025-12-09 06:45:00,7071.720000,0.470000,0.293595,38.905014
2025-12-09 06:50:00,7055.710000,0.000000,0.302785,39.551317
2025-12-09 06:55:00,7056.410000,0.000000,0.248488,37.190982
2025-12-09 07:00:00,7002.290000,-3.320000,0.200334,37.153965
2025-12-09 07:05:00,7026.270000,8.420000,0.880342,36.929081
2025-12-09 07:10:00,6981.800000,22.060000,3.826448,39.894140
2025-12-09 07:15:00,6948.090000,14.170000,1.826275,40.563256
2025-12-09 07:20:00,6925.910000,12.740000,1.755603,39.263572
2025-12-09 07:25:00,6898.330000,-0.010000,0.808779,36.991036
2025-12-09 07:30:00,6819.530000,-6.500000,0.740358,28.485835
2025-12-09 07:35:00,6737.540000,0.510000,0.951466,36.754303
2025-12-09 07:40:00,6645.140000,-6.510000,-0.439981,25.077759
2025-12-09 07:45:00,6680.910000,-7.750000,-0.743439,24.136141
2025-12-09 07:50:00,6691.890000,0.510000,-0.304110,18.526197
2025-12-09 07:55:00,6573.210000,0.010000,-0.829013,17.472001
2025-12-09 08:00:00,6446.230000,0.010000,-1.327781,12.379178
2025-12-09 08:05:00,6464.540000,8.650000,-0.657315,24.691610
2025-12-09 08:10:00,6478.810000,8.790000,0.764425,41.507735
2025-12-09 08:15:00,6440.200000,8.810000,0.377211,35.733968
2025-12-09 08:20:00,6305.940000,0.010000,0.083024,21.056580
2025-12-09 08:25:00,6203.610000,0.510000,-3.765965,7.626138
2025-12-09 08:30:00,6272.900000,0.010000,-3.699895,6.588584
2025-12-09 08:35:00,6311.490000,3.610000,-1.681296,19.302595
2025-12-09 08:40:00,6210.250000,0.010000,-5.971507,3.870519
2025-12-09 08:45:00,6118.260000,3.500000,-8.804630,1.985642
2025-12-09 08:50:00,6138.990000,0.510000,-1.423811,18.997857
2025-12-09 08:55:00,6018.140000,12.380000,-3.390440,13.670185
2025-12-09 09:00:00,6061.470000,0.510000,-2.263297,14.712348
2025-12-09 09:05:00,5992.290000,0.000000,-0.886211,19.156879
2025-12-09 09:10:00,6051.220000,0.010000,-0.309562,20.663569
2025-12-09 09:15:00,6042.240000,3.240000,-0.232696,21.262929
2025-12-09 09:20:00,6001.970000,0.010000,-0.404632,16.161154
2025-12-09 09:25:00,5923.480000,-0.010000,-0.458897,19.411770
2025-12-09 09:30:00,5906.360000,-0.970000,-1.135619,14.782748
2025-12-09 09:35:00,5998.650000,-0.010000,-3.621552,14.582152
2025-12-09 09:40:00,6084.560000,0.000000,-3.438174,12.614712
2025-12-09 09:45:00,6084.710000,-0.010000,-1.609723,17.101465
2025-12-09 09:50:00,6074.020000,-0.010000,-1.852897,17.131478
2025-12-09 09:55:00,6160.330000,0.680000,8.613830,23.893335
2025-12-09 10:00:00,6238.660000,0.740000,-0.169305,6.763382
2025-12-09 10:05:00,6239.660000,0.510000,-0.726804,3.005879
2025-12-09 10:10:00,6261.530000,0.510000,-0.340062,5.303391
2025-12-09 10:15:00,6113.560000,0.510000,-1.389209,6.362791
2025-12-09 10:20:00,6123.030000,0.010000,-1.175662,5.473962
2025-12-09 10:25:00,6112.490000,0.000000,-1.068686,0.374765
2025-12-09 10:30:00,6120.470000,0.510000,-0.890608,0.308737
2025-12-09 10:35:00,6111.990000,-0.240000,-0.889569,0.384089
2025-12-09 10:40:00,6144.830000,-4.000000,-0.720239,3.450322
2025-12-09 10:45:00,6180.290000,7.590000,-0.898902,0.354393
2025-12-09 10:50:00,6192.390000,-0.470000,-0.890381,0.607959
2025-12-09 10:55:00,6321.760000,9.410000,-0.549641,8.741898
2025-12-09 11:00:00,6212.440000,-0.010000,-0.173102,20.841939
2025-12-09 11:05:00,6277.500000,-0.010000,-0.159782,21.410846
2025-12-09 11:10:00,6307.510000,-0.020000,-0.355454,20.553186
2025-12-09 11:15:00,6348.920000,0.000000,-0.148143,24.581742
2025-12-09 11:20:00,6362.230000,0.670000,-0.177412,17.363267
2025-12-09 11:25:00,6318.950000,0.190000,-0.836075,11.287530
2025-12-09 11:30:00,6281.710000,0.510000,-0.627418,20.550958
2025-12-09 11:35:00,6329.280000,0.510000,-1.283395,2.268292
2025-12-09 11:40:00,6365.890000,20.170000,-4.156983,1.061955
2025-12-09 11:45:00,6420.740000,0.510000,1.125057,23.939712
2025-12-09 11:50:00,6386.480000,0.200000,-0.184561,11.407190
2025-12-09 11:55:00,6472.600000,0.510000,2.758574,24.785015
2025-12-09 12:00:00,6504.190000,0.510000,-0.151810,15.716517
2025-12-09 12:05:00,6541.130000,34.010000,-1.371481,13.320195
2025-12-09 12:10:00,6549.930000,0.510000,0.540349,27.391594
2025-12-09 12:15:00,6584.070000,0.510000,0.196149,27.122386
2025-12-09 12:20:00,6549.010000,-7.010000,0.418417,33.265273
2025-12-09 12:25:00,6621.970000,0.000000,1.605126,27.880043
2025-12-09 12:30:00,6730.790000,38.570000,2.545098,48.194324
2025-12-09 12:35:00,6747.550000,26.150000,2.509588,49.597138
2025-12-09 12:40:00,6848.420000,12.460000,8.301573,54.137486
2025-12-09 12:45:00,6783.500000,0.510000,1.345530,37.864257
2025-12-09 12:50:00,6912.860000,6.920000,2.913066,51.864584
2025-12-09 12:55:00,6975.420000,34.010000,3.727972,50.480042
2025-12-09 13:00:00,6982.580000,12.330000,4.924946,52.083190
2025-12-09 13:05:00,6952.800000,5.560000,14.476582,72.308571
2025-12-09 13:10:00,6979.150000,22.060000,4.966866,58.151804
2025-12-09 13:15:00,7008.650000,22.060000,5.017183,58.546117
2025-12-09 13:20:00,7122.640000,1.110000,1.533850,41.329063
2025-12-09 13:25:00,7222.020000,22.060000,3.158649,48.881149
2025-12-09 13:30:00,7251.010000,35.880000,15.054363,66.619171
2025-12-09 13:35:00,7273.460000,22.060000,11.778212,65.080912
2025-12-09 13:40:00,7342.780000,36.310000,9.298600,56.814925
2025-12-09 13:45:00,7332.710000,14.940000,3.319644,50.166736
2025-12-09 13:50:00,7454.770000,35.880000,5.264535,42.373147
2025-12-09 13:55:00,7490.580000,0.510000,9.865647,51.948219
2025-12-09 14:00:00,7489.900000,-7.080000,6.534409,44.466064
2025-12-09 14:05:00,7589.710000,84.790000,4.406892,44.248137
2025-12-09 14:10:00,7666.890000,36.060000,11.836258,84.155843
2025-12-09 14:15:00,7648.680000,0.000000,10.487255,81.914671
2025-12-09 14:20:00,7691.680000,0.000000,5.292731,72.815852
2025-12-09 14:25:00,7951.330000,35.200000,10.296169,85.757670
2025-12-09 14:30:00,8050.970000,81.110000,13.554675,87.538254
2025-12-09 14:35:00,8073.400000,0.510000,7.598580,88.662281
2025-12-09 14:40:00,8176.510000,45.960000,9.203002,89.118004
2025-12-09 14:45:00,8282.370000,45.010000,9.061197,88.623866
2025-12-09 14:50:00,8363.120000,74.370000,9.605509,91.085681
2025-12-09 14:55:00,8397.330000,78.410000,8.216031,86.083096
2025-12-09 15:00:00,8434.510000,65.000000,2.691894,80.450467
2025-12-09 15:05:00,8598.310000,-8.070000,9.608288,109.544172
2025-12-09 15:10:00,8759.280000,36.060000,5.321050,95.803296
2025-12-09 15:15:00,8841.750000,71.850000,7.067838,92.595687
2025-12-09 15:20:00,8986.210000,36.060000,7.851552,100.817074
2025-12-09 15:25:00,9012.370000,36.060000,8.891742,104.370363
2025-12-09 15:30:00,9163.040000,77.510000,14.894241,115.720356
2025-12-09 15:35:00,9264.990000,49.620000,11.737777,108.283123
2025-12-09 15:40:00,9335.990000,36.060000,37.083715,115.390683
2025-12-09 15:45:00,9385.430000,54.100000,36.859852,116.187195
2025-12-09 15:50:00,9547.210000,80.020000,41.448982,120.573179
2025-12-09 15:55:00,9678.760000,120.010000,34.698282,118.392658
2025-12-09 16:00:00,9751.980000,103.950000,32.888135,147.148308
2025-12-09 16:05:00,9760.780000,57.060000,17.750462,123.699567
2025-12-09 16:10:00,9807.680000,57.080000,20.192419,137.286500
2025-12-09 16:15:00,9916.950000,104.900000,42.804370,148.499015
2025-12-09 16:20:00,10070.840000,120.260000,23.178983,142.355085
2025-12-09 16:25:00,10209.620000,111.770000,23.293471,145.463803
2025-12-09 16:30:00,10323.910000,120.010000,45.886427,156.080966
2025-12-09 16:35:00,10352.000000,95.410000,39.797030,156.544809
2025-12-09 16:40:00,10424.610000,121.680000,30.021904,150.445228
2025-12-09 16:45:00,10465.310000,98.420000,58.402080,163.618268
2025-12-09 16:50:00,10547.690000,100.120000,67.480862,163.851248
2025-12-09 16:55:00,10596.840000,80.020000,84.360649,164.702907
2025-12-09 17:00:00,10675.460000,79.910000,89.207909,156.030351
2025-12-09 17:05:00,10756.510000,104.150000,74.250173,169.167065
2025-12-09 17:10:00,10688.650000,97.460000,82.100373,161.644755
2025-12-09 17:15:00,10739.020000,120.010000,123.625699,159.158166
2025-12-09 17:20:00,10689.390000,128.780000,145.380472,153.330322
2025-12-09 17:25:00,10804.300000,146.460000,147.497110,158.977012
2025-12-09 17:30:00,10840.210000,158.980000,176.420480,182.456339
2025-12-09 17:35:00,10811.150000,247.430000,173.099848,183.931338
2025-12-09 17:40:00,10788.900000,207.340000,212.196995,273.505116
2025-12-09 17:45:00,10838.310000,185.620000,201.063105,282.139815
2025-12-09 17:50:00,10795.870000,189.610000,203.087989,279.339385
2025-12-09 17:55:00,10863.370000,182.540000,201.791382,280.630455
2025-12-09 18:00:00,10942.550000,289.630000,180.768491,261.389711
2025-12-09 18:05:00,10744.410000,208.520000,256.197315,306.501472
2025-12-09 18:10:00,10802.920000,253.990000,252.906900,302.046083
2025-12-09 18:15:00,10703.300000,644.990000,237.528782,298.332819
2025-12-09 18:20:00,10575.840000,643.530000,301.191995,427.286690
2025-12-09 18:25:00,10494.140000,582.130000,283.565045,426.923970
2025-12-09 18:30:00,10497.760000,123.330000,276.767970,356.401787
2025-12-09 18:35:00,10594.360000,158.280000,301.507338,519.383748
2025-12-09 18:40:00,10428.260000,174.040000,297.536696,349.057288
2025-12-09 18:45:00,10209.710000,131.710000,272.021536,333.613965
2025-12-09 18:50:00,10325.660000,141.510000,289.382380,333.757210
2025-12-09 18:55:00,10315.020000,142.350000,289.382380,333.757210
2025-12-09 19:00:00,10181.160000,141.520000,248.395523,464.557875
2025-12-09 19:05:00,10185.540000,154.790000,224.045133,301.795047
2025-12-09 19:10:00,10076.990000,140.840000,214.992191,282.674853
2025-12-09 19:15:00,10033.970000,123.090000,276.038342,463.761486
2025-12-09 19:20:00,10063.330000,124.640000,276.550342,469.397189
2025-12-09 19:25:00,10083.940000,122.420000,276.550342,465.178206
2025-12-09 19:30:00,9929.640000,90.380000,159.045883,170.416122
2025-12-09 19:35:00,9969.270000,127.800000,173.560958,190.825238
2025-12-09 19:40:00,9872.240000,135.690000,193.987798,203.653609
2025-12-09 19:45:00,9620.150000,123.790000,150.410177,158.634733
2025-12-09 19:50:00,9536.670000,109.410000,153.864388,150.941876
2025-12-09 19:55:00,9514.950000,101.990000,149.059783,152.004684
2025-12-09 20:00:00,9551.070000,114.430000,150.605557,152.934579
2025-12-09 20:05:00,9401.670000,100.780000,148.779125,160.439777
2025-12-09 20:10:00,9314.290000,96.750000,140.685110,150.626074
2025-12-09 20:15:00,9253.870000,94.650000,129.290314,136.098218
2025-12-09 20:20:00,9248.210000,89.270000,119.929151,135.010918
2025-12-09 20:25:00,9209.150000,94.120000,120.183153,135.426146
2025-12-09 20:30:00,9134.740000,93.570000,101.400406,115.009449
2025-12-09 20:35:00,9074.790000,96.890000,118.747131,138.659895
2025-12-09 20:40:00,9066.950000,127.880000,124.158364,143.205406
2025-12-09 20:45:00,8898.660000,98.440000,112.630149,132.148386
2025-12-09 20:50:00,8955.290000,96.520000,105.829654,125.087029
2025-12-09 20:55:00,8869.930000,113.850000,103.144789,124.126804
2025-12-09 21:00:00,8709.010000,98.030000,116.686558,127.753069
2025-12-09 21:05:00,8675.380000,113.270000,111.772117,120.942236
2025-12-09 21:10:00,8636.140000,108.890000,107.084411,118.376379
2025-12-09 21:15:00,8599.810000,117.090000,113.589454,126.417461
2025-12-09 21:20:00,8503.830000,108.890000,109.318039,119.733555
2025-12-09 21:25:00,8478.740000,127.790000,109.731203,124.717841
2025-12-09 21:30:00,8412.450000,102.360000,112.276273,127.365146
2025-12-09 21:35:00,8392.540000,108.890000,117.253903,133.661438
2025-12-09 21:40:00,8381.240000,151.760000,133.680801,158.366629
2025-12-09 21:45:00,8315.590000,156.760000,119.298376,145.136201
2025-12-09 21:50:00,8234.650000,154.080000,114.708794,146.757054
2025-12-09 21:55:00,8198.430000,113.820000,125.553698,169.079157
2025-12-09 22:00:00,8216.850000,101.610000,110.906862,135.767413
2025-12-09 22:05:00,8160.110000,108.890000,113.690175,145.511310
2025-12-09 22:10:00,8152.010000,126.290000,112.108746,143.297267
2025-12-09 22:15:00,8144.060000,133.380000,114.447437,132.855306
2025-12-09 22:20:00,8078.800000,125.060000,111.550780,129.123036
2025-12-09 22:25:00,7975.120000,98.190000,119.716832,140.075669
2025-12-09 22:30:00,8019.050000,113.340000,107.853803,127.762842
2025-12-09 22:35:00,7892.720000,121.850000,89.782999,122.418199
2025-12-09 22:40:00,7870.190000,96.830000,106.264206,153.055867
2025-12-09 22:45:00,7808.780000,95.440000,106.264206,153.023369
2025-12-09 22:50:00,7841.670000,95.290000,116.995769,152.504605
2025-12-09 22:55:00,7783.810000,94.450000,94.449842,118.500580
2025-12-09 23:00:00,7775.640000,94.750000,90.165444,112.079213
2025-12-09 23:05:00,7681.200000,94.100000,95.334928,117.685108
2025-12-09 23:10:00,7631.390000,93.220000,103.113434,131.854242
2025-12-09 23:15:00,7581.580000,94.560000,109.292005,132.915188
2025-12-09 23:20:00,7590.290000,92.010000,104.760516,123.919717
2025-12-09 23:25:00,7539.130000,90.570000,97.024028,103.968905
2025-12-09 23:30:00,7482.940000,89.070000,97.680766,114.028648
2025-12-09 23:35:00,7501.780000,96.100000,113.958120,129.572583
2025-12-09 23:40:00,7488.500000,94.860000,98.355403,104.268752
2025-12-09 23:45:00,7369.270000,116.010000,96.916848,103.004596
2025-12-09 23:50:00,7357.050000,108.890000,96.916848,105.675292
2025-12-09 23:55:00,7425.660000,109.050000,96.916848,107.022271
2025-12-10 00:00:00,7422.880000,95.660000,101.571530,105.112744
2025-12-10 00:05:00,7323.990000,94.670000,88.023936,97.860164
2025-12-10 00:10:00,7343.810000,96.810000,89.768978,99.794603
2025-12-10 00:15:00,7279.490000,92.990000,88.936796,98.401934
2025-12-10 00:20:00,7230.400000,90.840000,87.030241,95.586492
2025-12-10 00:25:00,7191.550000,89.390000,85.890707,91.645848
2025-12-10 00:30:00,7195.620000,89.450000,79.668508,88.659545
2025-12-10 00:35:00,7102.720000,88.060000,79.156235,90.177356
2025-12-10 00:40:00,7081.210000,93.880000,79.156235,90.275004
2025-12-10 00:45:00,7060.350000,93.340000,86.176055,98.973764
2025-12-10 00:50:00,7049.000000,90.630000,86.712877,99.306398
2025-12-10 00:55:00,6959.350000,89.240000,84.498208,98.393160
2025-12-10 01:00:00,6890.040000,89.020000,75.499400,92.948709
2025-12-10 01:05:00,6848.610000,89.650000,80.499463,96.626708
2025-12-10 01:10:00,6888.650000,91.140000,80.942491,100.307732
2025-12-10 01:15:00,6868.690000,90.540000,82.819909,98.696231
2025-12-10 01:20:00,6807.550000,89.270000,82.583150,93.705999
2025-12-10 01:25:00,6759.040000,89.160000,81.468859,92.314769
2025-12-10 01:30:00,6733.290000,89.180000,81.468859,92.292204
2025-12-10 01:35:00,6726.100000,89.240000,80.538451,92.830646
2025-12-10 01:40:00,6746.460000,89.920000,86.164603,100.326889
2025-12-10 01:45:00,6782.640000,91.270000,93.182530,102.415839
2025-12-10 01:50:00,6748.440000,99.530000,89.836009,96.809760
2025-12-10 01:55:00,6633.230000,97.810000,88.907004,97.944081
2025-12-10 02:00:00,6641.730000,90.560000,88.686054,100.570782
2025-12-10 02:05:00,6617.950000,86.950000,86.519124,99.049999
2025-12-10 02:10:00,6619.150000,89.910000,85.096069,99.292872
2025-12-10 02:15:00,6635.280000,91.890000,84.818471,99.446910
2025-12-10 02:20:00,6615.630000,79.480000,85.235785,99.588549
2025-12-10 02:25:00,6589.980000,90.890000,83.947876,100.373626
2025-12-10 02:30:00,6596.320000,97.230000,85.235785,100.052862
2025-12-10 02:35:00,6604.790000,91.360000,85.235785,101.485583
2025-12-10 02:40:00,6715.070000,99.330000,86.614993,102.167494
2025-12-10 02:45:00,6678.700000,82.710000,82.444076,97.865452
2025-12-10 02:50:00,6625.530000,91.430000,83.799878,104.405633
2025-12-10 02:55:00,6607.300000,92.100000,86.571680,107.403715
2025-12-10 03:00:00,6588.330000,93.390000,83.947876,101.398349
2025-12-10 03:05:00,6530.050000,80.080000,81.336995,99.993712
2025-12-10 03:10:00,6547.940000,81.090000,84.818471,103.429640
2025-12-10 03:15:00,6596.050000,93.380000,85.480148,108.003267
2025-12-10 03:20:00,6602.100000,94.090000,75.622353,91.053557
2025-12-10 03:25:00,6581.060000,92.760000,84.360907,103.266102
2025-12-10 03:30:00,6590.250000,91.810000,87.359829,109.681317
2025-12-10 03:35:00,6589.600000,90.890000,85.235785,103.130465
2025-12-10 03:40:00,6618.770000,94.760000,87.469482,108.831654
2025-12-10 03:45:00,6596.790000,91.390000,77.737057,91.079105
2025-12-10 03:50:00,6582.290000,86.080000,85.943782,103.825654
2025-12-10 03:55:00,6593.480000,76.520000,85.298897,103.825654
2025-12-10 04:00:00,6656.430000,90.890000,88.008932,112.919525
2025-12-10 04:05:00,6679.820000,75.890000,81.775636,92.292284
2025-12-10 04:10:00,6695.190000,79.060000,82.623706,99.957240
2025-12-10 04:15:00,6725.870000,80.040000,92.801035,115.186509
2025-12-10 04:20:00,6750.850000,94.840000,93.879572,115.849327
2025-12-10 04:25:00,6771.930000,94.940000,94.507274,115.545166
2025-12-10 04:30:00,6772.490000,96.270000,94.507274,114.822988
2025-12-10 04:35:00,6864.570000,112.440000,99.182801,118.170846
2025-12-10 04:40:00,6844.180000,108.890000,97.726614,121.113857
2025-12-10 04:45:00,6828.990000,108.890000,97.196167,122.444445
2025-12-10 04:50:00,6812.360000,96.840000,95.667218,122.381586
2025-12-10 04:55:00,6881.100000,98.190000,88.510422,115.343456
2025-12-10 05:00:00,6879.690000,110.240000,104.628869,124.400955
2025-12-10 05:05:00,6989.580000,112.340000,93.791132,117.062386
2025-12-10 05:10:00,7082.460000,129.050000,97.813140,122.254940
2025-12-10 05:15:00,7151.290000,129.350000,102.583599,133.796931
2025-12-10 05:20:00,7147.880000,100.000000,122.389395,142.300325
2025-12-10 05:25:00,7204.870000,140.680000,121.100900,141.894673
2025-12-10 05:30:00,7204.560000,94.160000,117.298124,151.479533
2025-12-10 05:35:00,7253.910000,99.670000,125.956567,169.926146
2025-12-10 05:40:00,7281.320000,92.000000,123.245552,169.820171
2025-12-10 05:45:00,7318.290000,102.550000,121.820747,167.555803
2025-12-10 05:50:00,7310.030000,132.210000,107.204383,147.516451
2025-12-10 05:55:00,7357.790000,115.140000,101.509484,138.096080
2025-12-10 06:00:00,7332.500000,113.540000,86.660108,132.706779
2025-12-10 06:05:00,7333.970000,83.420000,81.008081,101.861688
2025-12-10 06:10:00,7352.660000,80.180000,81.638901,104.324193
2025-12-10 06:15:00,7387.590000,78.480000,61.521482,101.188736
2025-12-10 06:20:00,7403.380000,84.480000,28.900917,70.108684
2025-12-10 06:25:00,7457.460000,79.110000,38.650650,89.589349
2025-12-10 06:30:00,7507.720000,79.110000,35.543294,84.841141
2025-12-10 06:35:00,7514.650000,78.440000,37.093339,82.381888
2025-12-10 06:40:00,7542.540000,105.890000,34.660023,83.047862
2025-12-10 06:45:00,7550.500000,77.030000,33.537438,87.734892
2025-12-10 06:50:00,7519.990000,75.290000,37.770418,100.109616
2025-12-10 06:55:00,7491.000000,1.950000,19.561042,70.732903
2025-12-10 07:00:00,7530.500000,0.770000,13.091808,63.274894
2025-12-10 07:05:00,7463.300000,1.190000,5.284016,46.909056
2025-12-10 07:10:00,7551.020000,41.250000,4.729698,57.352316
2025-12-10 07:15:00,7540.270000,56.300000,6.428176,64.406455
2025-12-10 07:20:00,7559.820000,36.060000,2.749302,51.982852
2025-12-10 07:25:00,7503.220000,31.060000,1.365675,44.971504
2025-12-10 07:30:00,7491.980000,50.460000,1.933281,49.898234
2025-12-10 07:35:00,7438.290000,57.060000,0.797873,45.089432
2025-12-10 07:40:00,7423.300000,37.550000,0.964053,55.363236
2025-12-10 07:45:00,7351.560000,57.060000,2.353982,46.296415
2025-12-10 07:50:00,7331.770000,0.470000,1.957397,46.491725
2025-12-10 07:55:00,7363.100000,0.480000,1.477769,55.352109
2025-12-10 08:00:00,7289.880000,-3.170000,1.468371,46.538869
2025-12-10 08:05:00,7264.460000,0.470000,2.191943,53.213155
2025-12-10 08:10:00,7243.650000,6.750000,2.609437,49.049077
2025-12-10 08:15:00,7247.750000,0.470000,2.492912,45.432548
2025-12-10 08:20:00,7219.640000,0.770000,2.078047,58.265623
2025-12-10 08:25:00,7183.990000,0.280000,2.734359,57.422750
2025-12-10 08:30:00,7129.110000,19.010000,4.673991,61.932355
2025-12-10 08:35:00,7118.790000,24.870000,6.004838,62.446760
2025-12-10 08:40:00,7018.910000,3.730000,11.099686,58.248033
2025-12-10 08:45:00,6843.660000,23.660000,15.735281,60.418227
2025-12-10 08:50:00,6872.870000,35.120000,-0.352419,28.620342
2025-12-10 08:55:00,6706.600000,3.650000,0.014394,32.437069
2025-12-10 09:00:00,6544.020000,0.470000,-0.751776,26.232601
2025-12-10 09:05:00,6420.070000,-0.010000,-0.095037,31.224625
2025-12-10 09:10:00,6355.020000,-0.010000,0.155971,33.306631
2025-12-10 09:15:00,6301.600000,-6.620000,-0.016548,30.544149
2025-12-10 09:20:00,6237.200000,-0.010000,-0.016548,33.332254
2025-12-10 09:25:00,6151.770000,-0.010000,-0.247257,30.967807
2025-12-10 09:30:00,6096.860000,-6.970000,1.108973,35.725337
2025-12-10 09:35:00,6034.700000,-6.270000,1.831684,42.208281
2025-12-10 09:40:00,6118.210000,-0.010000,-0.192215,30.384142
2025-12-10 09:45:00,6191.840000,-5.510000,2.173912,49.095070
2025-12-10 09:50:00,6271.330000,0.000000,4.130749,53.119682
2025-12-10 09:55:00,6300.210000,0.680000,-0.906215,20.255258
2025-12-10 10:00:00,6316.260000,19.110000,-0.781205,9.788622
2025-12-10 10:05:00,6308.560000,9.960000,-0.234077,8.991903
2025-12-10 10:10:00,6436.210000,26.430000,0.492895,14.211534
2025-12-10 10:15:00,6368.020000,35.680000,-1.065859,18.311458
2025-12-10 10:20:00,6364.960000,47.270000,0.738503,36.704690
2025-12-10 10:25:00,6324.560000,36.060000,0.734966,38.175147
2025-12-10 10:30:00,6248.680000,36.060000,0.191337,43.933442
2025-12-10 10:35:00,6141.730000,-0.710000,-0.177571,42.261629
2025-12-10 10:40:00,6115.890000,22.780000,0.072548,42.787239
2025-12-10 10:45:00,6025.170000,34.010000,-0.905130,31.836003
2025-12-10 10:50:00,6056.750000,36.580000,-0.567510,32.319915
2025-12-10 10:55:00,6015.120000,0.000000,-0.557098,31.882073
2025-12-10 11:00:00,5994.020000,34.010000,4.294944,49.331943
2025-12-10 11:05:00,5857.610000,32.750000,4.582188,47.843657
2025-12-10 11:10:00,5843.370000,33.390000,5.452443,51.472159
2025-12-10 11:15:00,5841.430000,34.370000,16.464486,61.063995
2025-12-10 11:20:00,5847.070000,38.570000,15.728511,63.948941
2025-12-10 11:25:00,5905.350000,34.550000,16.566350,60.988861
2025-12-10 11:30:00,5899.510000,37.820000,18.222123,67.004749
2025-12-10 11:35:00,5978.930000,34.160000,3.701035,51.452186
2025-12-10 11:40:00,5943.650000,39.170000,15.681883,58.148319
2025-12-10 11:45:00,5985.470000,39.070000,14.332282,66.584889
2025-12-10 11:50:00,5959.970000,37.920000,18.493572,68.808087
2025-12-10 11:55:00,6040.330000,38.600000,2.324776,34.563223
2025-12-10 12:00:00,6013.320000,39.740000,10.770449,24.262075
2025-12-10 12:05:00,6047.370000,36.060000,12.861489,22.547033
2025-12-10 12:10:00,6053.440000,35.610000,11.256253,21.134593
2025-12-10 12:15:00,6081.300000,38.810000,12.270791,26.161400
2025-12-10 12:20:00,6070.950000,36.060000,18.165826,40.389979
2025-12-10 12:25:00,6057.550000,35.650000,13.151045,26.236878
2025-12-10 12:30:00,5991.870000,38.410000,18.277646,42.664692
2025-12-10 12:35:00,5931.870000,22.060000,9.241178,28.074739
2025-12-10 12:40:00,5927.270000,15.180000,16.141973,50.225793
2025-12-10 12:45:00,5921.570000,21.690000,12.262647,54.322565
2025-12-10 12:50:00,5930.090000,28.640000,14.759409,55.894338
2025-12-10 12:55:00,5897.630000,28.580000,15.805307,50.029813
2025-12-10 13:00:00,5878.540000,37.450000,12.569433,51.380244
2025-12-10 13:05:00,5815.160000,28.640000,10.708283,48.100985
2025-12-10 13:10:00,5866.360000,15.050000,11.527964,47.006159
2025-12-10 13:15:00,5899.930000,36.790000,14.418631,51.239290
2025-12-10 13:20:00,5983.220000,33.620000,11.469736,50.394485
2025-12-10 13:25:00,5998.560000,37.620000,22.443762,59.094675
2025-12-10 13:30:00,5972.570000,36.060000,22.260654,61.830807
2025-12-10 13:35:00,6002.300000,21.880000,16.120236,66.839516
2025-12-10 13:40:00,6013.300000,38.960000,10.795989,56.016117
2025-12-10 13:45:00,6046.130000,34.080000,14.771121,62.021289
2025-12-10 13:50:00,6080.630000,36.650000,15.942968,59.660924
2025-12-10 13:55:00,6129.750000,12.940000,15.457237,71.201216
2025-12-10 14:00:00,6127.800000,19.920000,24.631971,75.352672
2025-12-10 14:05:00,6222.160000,29.900000,23.955471,71.719550
2025-12-10 14:10:00,6266.420000,11.000000,14.146905,63.670031
2025-12-10 14:15:00,6307.260000,10.830000,25.366711,77.987729
2025-12-10 14:20:00,6414.240000,37.880000,19.125451,75.664971
2025-12-10 14:25:00,6558.650000,28.480000,29.213666,76.896907
2025-12-10 14:30:00,6554.680000,28.460000,34.523185,75.877598
2025-12-10 14:35:00,6687.440000,26.100000,19.143121,74.613938
2025-12-10 14:40:00,6853.590000,36.060000,33.384014,79.867650
2025-12-10 14:45:00,6957.160000,54.800000,32.149961,74.993581
2025-12-10 14:50:00,7193.030000,49.610000,47.616248,78.190146
2025-12-10 14:55:00,7184.300000,58.290000,30.682334,67.864945
2025-12-10 15:00:00,7260.380000,47.530000,32.028580,77.219071
2025-12-10 15:05:00,7393.680000,36.060000,23.982118,78.930086
2025-12-10 15:10:00,7600.550000,57.840000,23.923468,73.958410
2025-12-10 15:15:00,7692.520000,104.230000,32.045209,75.016219
2025-12-10 15:20:00,7803.570000,84.790000,61.109255,115.215595
2025-12-10 15:25:00,8024.050000,92.770000,52.257791,115.934886
2025-12-10 15:30:00,8168.960000,130.710000,62.635643,116.767789
2025-12-10 15:35:00,8279.350000,104.610000,57.178823,139.351724
2025-12-10 15:40:00,8413.850000,84.790000,58.809313,144.141888
2025-12-10 15:45:00,8556.230000,94.980000,84.245083,149.457791
2025-12-10 15:50:00,8633.520000,84.790000,92.043790,146.384250
2025-12-10 15:55:00,8751.690000,100.530000,106.777222,147.145332
2025-12-10 16:00:00,8796.820000,97.980000,104.640233,145.078234
2025-12-10 16:05:00,8863.950000,43.180000,72.227142,143.030155
2025-12-10 16:10:00,8865.440000,15.170000,91.239508,147.971120
2025-12-10 16:15:00,8838.930000,27.340000,116.694671,142.312032
2025-12-10 16:20:00,8799.580000,36.060000,92.182554,146.484762
2025-12-10 16:25:00,8825.690000,36.700000,102.576422,153.737379
2025-12-10 16:30:00,8859.760000,35.880000,120.223639,165.449353
2025-12-10 16:35:00,8962.830000,36.060000,111.233567,151.913039
2025-12-10 16:40:00,8945.100000,56.740000,92.767425,144.666724
2025-12-10 16:45:00,8948.570000,64.890000,94.615997,137.375553
2025-12-10 16:50:00,9046.140000,83.970000,88.664035,124.533552
2025-12-10 16:55:00,9119.960000,69.200000,104.614619,140.701518
2025-12-10 17:00:00,9120.830000,91.390000,102.181485,133.992769
2025-12-10 17:05:00,9143.130000,57.060000,84.486602,130.896666
2025-12-10 17:10:00,9196.950000,63.230000,67.387056,130.060657
2025-12-10 17:15:00,9208.600000,54.150000,72.867233,125.779368
2025-12-10 17:20:00,9327.530000,80.020000,76.472980,127.741802
2025-12-10 17:25:00,9440.260000,102.990000,90.780062,132.539004
2025-12-10 17:30:00,9398.390000,103.710000,76.407892,137.002021
2025-12-10 17:35:00,9371.290000,123.650000,76.163598,134.888222
2025-12-10 17:40:00,9329.200000,140.220000,101.665879,155.535016
2025-12-10 17:45:00,9295.660000,102.270000,110.465668,165.258460
2025-12-10 17:50:00,9341.470000,121.930000,126.575096,175.918840
2025-12-10 17:55:00,9292.020000,121.580000,115.457726,170.644651
2025-12-10 18:00:00,9374.070000,120.430000,127.158196,155.688052
2025-12-10 18:05:00,9407.310000,123.800000,89.121066,146.813585
2025-12-10 18:10:00,9388.660000,182.850000,85.196185,147.974654
2025-12-10 18:15:00,9244.760000,161.460000,86.383834,165.902361
2025-12-10 18:20:00,9219.680000,124.740000,100.346907,140.223786
2025-12-10 18:25:00,9266.530000,240.890000,126.235716,190.708648
2025-12-10 18:30:00,9175.130000,165.790000,125.083685,200.870741
2025-12-10 18:35:00,9179.840000,220.270000,137.576249,228.803938
2025-12-10 18:40:00,9088.880000,138.040000,143.248267,240.660329
2025-12-10 18:45:00,9139.830000,146.840000,124.173819,213.546291
2025-12-10 18:50:00,9180.650000,245.160000,134.026020,225.827953
2025-12-10 18:55:00,9047.000000,136.870000,125.457477,227.666045
2025-12-10 19:00:00,9172.920000,168.780000,146.876973,238.190178
2025-12-10 19:05:00,9132.250000,165.030000,144.270752,247.015418
2025-12-10 19:10:00,9048.720000,240.890000,160.523513,224.590103
2025-12-10 19:15:00,9076.380000,127.010000,161.410666,234.085778
2025-12-10 19:20:00,9136.520000,129.820000,133.787206,253.412094
2025-12-10 19:25:00,9116.350000,238.800000,167.977285,224.515464
2025-12-10 19:30:00,8990.060000,145.680000,132.945912,189.863338
2025-12-10 19:35:00,9068.400000,96.260000,144.169298,211.736185
2025-12-10 19:40:00,9042.090000,108.890000,124.295608,251.970778
2025-12-10 19:45:00,8956.820000,130.410000,146.068774,252.338217
2025-12-10 19:50:00,8917.480000,108.890000,156.530975,212.735372
2025-12-10 19:55:00,8900.030000,79.390000,110.243909,224.475305
2025-12-10 20:00:00,8851.490000,129.100000,128.839674,184.170546
2025-12-10 20:05:00,8823.450000,148.440000,151.359095,222.161146
2025-12-10 20:10:00,8758.050000,126.490000,164.084470,229.799134
2025-12-10 20:15:00,8745.430000,105.000000,123.465449,206.776658
2025-12-10 20:20:00,8762.030000,121.630000,123.934309,212.228734
2025-12-10 20:25:00,8742.870000,125.190000,164.377363,238.310659
2025-12-10 20:30:00,8768.980000,121.870000,146.012778,201.747759
2025-12-10 20:35:00,8775.170000,123.790000,116.453418,150.679524
2025-12-10 20:40:00,8761.780000,118.100000,125.002955,160.974484
2025-12-10 20:45:00,8680.900000,88.770000,127.205316,164.645662
2025-12-10 20:50:00,8650.920000,108.890000,125.690255,164.332220
2025-12-10 20:55:00,8656.330000,108.890000,114.319810,149.604177
2025-12-10 21:00:00,8620.350000,108.890000,144.337596,172.733443
2025-12-10 21:05:00,8547.540000,104.470000,138.934352,180.159981
2025-12-10 21:10:00,8571.580000,97.340000,129.294016,158.647366
2025-12-10 21:15:00,8577.190000,107.170000,120.019651,142.653654
2025-12-10 21:20:00,8498.600000,105.000000,129.294016,150.428823
2025-12-10 21:25:00,8446.950000,101.210000,128.661071,151.792553
2025-12-10 21:30:00,8436.700000,95.690000,128.661071,147.919090
2025-12-10 21:35:00,8369.440000,105.000000,126.689938,149.557896
2025-12-10 21:40:00,8316.720000,108.890000,124.031978,142.606420
2025-12-10 21:45:00,8323.280000,107.080000,119.196478,119.244553
2025-12-10 21:50:00,8348.910000,105.000000,123.745261,132.006591
2025-12-10 21:55:00,8171.540000,105.000000,116.114910,128.383515
2025-12-10 22:00:00,8201.240000,108.890000,118.212863,128.716151
2025-12-10 22:05:00,8161.370000,108.890000,115.278877,125.944580
2025-12-10 22:10:00,8083.190000,99.760000,106.785321,114.486267
2025-12-10 22:15:00,8013.600000,137.220000,111.186091,122.469918
2025-12-10 22:20:00,7948.320000,136.570000,110.339237,131.341667
2025-12-10 22:25:00,7932.840000,118.070000,107.706194,136.269730
2025-12-10 22:30:00,7893.290000,108.890000,102.697728,124.437988
2025-12-10 22:35:00,7829.210000,118.310000,108.232990,130.486053
2025-12-10 22:40:00,7827.100000,131.510000,110.230678,134.198992
2025-12-10 22:45:00,7847.900000,108.890000,110.044886,139.413500
2025-12-10 22:50:00,7851.970000,138.000000,108.686806,137.534325
2025-12-10 22:55:00,7757.860000,106.070000,111.041566,143.263532
2025-12-10 23:00:00,7724.550000,106.010000,110.230678,141.908804
2025-12-10 23:05:00,7647.270000,102.690000,108.126503,133.455414
2025-12-10 23:10:00,7672.710000,108.120000,104.167719,132.727494
2025-12-10 23:15:00,7545.700000,93.630000,121.814890,157.464799
2025-12-10 23:20:00,7556.690000,91.970000,121.814890,154.277871
2025-12-10 23:25:00,7527.860000,80.020000,105.526524,137.870876
2025-12-10 23:30:00,7491.550000,80.020000,101.375677,128.311507
2025-12-10 23:35:00,7475.410000,80.020000,102.805715,135.956401
2025-12-10 23:40:00,7438.740000,80.020000,110.281556,130.229080
2025-12-10 23:45:00,7408.280000,91.100000,98.761814,114.620775
2025-12-10 23:50:00,7363.620000,75.340000,113.097951,129.698549
2025-12-10 23:55:00,7300.570000,76.380000,87.630669,102.386342
2025-12-11 00:00:00,7319.140000,74.580000,92.780304,101.902257
2025-12-11 00:05:00,7231.810000,74.850000,90.337496,98.660569
2025-12-11 00:10:00,7277.800000,80.020000,99.932246,103.362108
2025-12-11 00:15:00,7209.570000,79.950000,90.549555,95.413448
2025-12-11 00:20:00,7132.760000,79.530000,90.549555,94.038572
2025-12-11 00:25:00,7131.800000,76.950000,80.379765,82.983684
2025-12-11 00:30:00,6999.100000,74.250000,77.900757,80.656300
2025-12-11 00:35:00,7025.330000,75.150000,79.217541,83.027255
2025-12-11 00:40:00,7076.180000,79.180000,83.907096,85.312858
2025-12-11 00:45:00,6971.630000,75.210000,92.249454,93.413590
2025-12-11 00:50:00,6962.810000,73.200000,79.934995,80.582262
2025-12-11 00:55:00,6979.160000,73.200000,84.680710,81.615420
2025-12-11 01:00:00,6990.130000,73.200000,81.813395,81.584780
2025-12-11 01:05:00,6918.420000,78.860000,81.813395,81.806342
2025-12-11 01:10:00,6875.340000,78.900000,82.761116,84.100943
2025-12-11 01:15:00,6823.920000,78.890000,81.805693,84.184893
2025-12-11 01:20:00,6811.570000,80.020000,82.058487,83.753997
2025-12-11 01:25:00,6757.060000,78.400000,81.805693,83.162168
2025-12-11 01:30:00,6762.290000,79.950000,78.329710,80.030315
2025-12-11 01:35:00,6683.720000,84.790000,77.621588,80.636161
2025-12-11 01:40:00,6697.190000,80.020000,79.704749,83.849286
2025-12-11 01:45:00,6717.090000,96.250000,79.190384,83.433419
2025-12-11 01:50:00,6699.580000,96.220000,78.939223,84.716234
2025-12-11 01:55:00,6696.890000,86.420000,78.128965,83.687136
2025-12-11 02:00:00,6622.990000,85.580000,78.128965,83.963374
2025-12-11 02:05:00,6626.020000,96.970000,79.617322,86.210934
2025-12-11 02:10:00,6595.270000,84.790000,79.019901,86.607224
2025-12-11 02:15:00,6577.640000,80.680000,79.019901,86.820810
2025-12-11 02:20:00,6600.470000,84.790000,78.106332,87.528656
2025-12-11 02:25:00,6568.650000,97.610000,80.498646,86.879105
2025-12-11 02:30:00,6464.810000,80.020000,74.529280,87.125345
2025-12-11 02:35:00,6509.620000,84.790000,79.478018,94.841514
2025-12-11 02:40:00,6478.310000,96.470000,75.302212,87.261930
2025-12-11 02:45:00,6482.860000,96.450000,83.270647,102.725705
2025-12-11 02:50:00,6423.420000,79.950000,82.334901,99.276766
2025-12-11 02:55:00,6488.400000,80.020000,80.555738,97.178825
2025-12-11 03:00:00,6479.610000,85.320000,81.571633,97.678916
2025-12-11 03:05:00,6484.260000,84.790000,87.552086,108.674357
2025-12-11 03:10:00,6488.060000,87.620000,80.029278,94.649701
2025-12-11 03:15:00,6429.590000,87.090000,76.290007,91.135469
2025-12-11 03:20:00,6391.710000,96.200000,77.488248,91.555460
2025-12-11 03:25:00,6462.280000,98.660000,87.576193,108.817546
2025-12-11 03:30:00,6489.150000,108.890000,76.125287,87.976085
2025-12-11 03:35:00,6407.300000,84.460000,78.465465,94.631513
2025-12-11 03:40:00,6467.720000,91.910000,86.048632,110.255004
2025-12-11 03:45:00,6454.390000,95.300000,86.048632,110.314898
2025-12-11 03:50:00,6533.810000,95.200000,76.125287,92.129067
2025-12-11 03:55:00,6576.420000,95.190000,75.245178,88.816347
2025-12-11 04:00:00,6538.590000,84.790000,80.769299,97.717876
2025-12-11 04:05:00,6521.360000,80.020000,76.342430,92.345729
2025-12-11 04:10:00,6636.090000,84.790000,81.827816,103.300034
2025-12-11 04:15:00,6644.420000,84.790000,81.827816,103.123814
2025-12-11 04:20:00,6699.830000,84.790000,86.471997,110.502892
2025-12-11 04:25:00,6750.210000,84.790000,87.576193,111.547769
2025-12-11 04:30:00,6741.960000,84.540000,92.874027,123.020338
2025-12-11 04:35:00,6758.420000,105.400000,82.234090,97.098588
2025-12-11 04:40:00,6782.500000,94.590000,88.394914,109.320263
2025-12-11 04:45:00,6752.560000,84.790000,87.368765,110.757959
2025-12-11 04:50:00,6797.360000,93.840000,86.471997,109.729813
2025-12-11 04:55:00,6860.170000,94.480000,87.762256,111.310929
2025-12-11 05:00:00,6775.510000,94.470000,84.824972,102.759507
2025-12-11 05:05:00,6851.510000,80.020000,81.204220,95.796409
2025-12-11 05:10:00,7009.930000,84.790000,89.856148,107.508337
2025-12-11 05:15:00,7008.700000,80.020000,89.278430,105.717116
2025-12-11 05:20:00,7146.750000,84.790000,90.398415,108.751750
2025-12-11 05:25:00,7222.470000,80.420000,97.820677,111.574680
2025-12-11 05:30:00,7229.170000,79.950000,91.199287,109.133566
2025-12-11 05:35:00,7239.630000,79.940000,102.880435,126.266860
2025-12-11 05:40:00,7143.770000,65.000000,87.467247,112.257124
2025-12-11 05:45:00,7273.870000,65.000000,81.286819,105.663379
2025-12-11 05:50:00,7257.600000,57.060000,85.402856,111.022878
2025-12-11 05:55:00,7264.930000,19.380000,81.243130,106.211364
2025-12-11 06:00:00,7220.320000,13.390000,61.040039,93.269038
2025-12-11 06:05:00,7317.720000,35.880000,41.783577,76.153227
2025-12-11 06:10:00,7380.260000,46.820000,17.964018,72.024786
2025-12-11 06:15:00,7395.700000,52.010000,12.677343,67.743652
2025-12-11 06:20:00,7398.740000,57.060000,19.651502,73.928622
2025-12-11 06:25:00,7426.370000,35.950000,15.100322,68.389473
2025-12-11 06:30:00,7546.390000,41.740000,14.738825,60.538227
2025-12-11 06:35:00,7562.850000,51.570000,27.299220,68.586071
2025-12-11 06:40:00,7573.020000,51.470000,27.823847,68.390792
2025-12-11 06:45:00,7490.750000,51.100000,17.712050,55.043835
2025-12-11 06:50:00,7497.620000,51.720000,20.542054,60.335743
2025-12-11 06:55:00,7571.280000,47.870000,8.060272,55.462120
2025-12-11 07:00:00,7535.580000,32.580000,6.613769,50.349322
2025-12-11 07:05:00,7550.010000,53.190000,6.900626,49.693692
2025-12-11 07:10:00,7570.730000,32.350000,19.124743,58.662681
2025-12-11 07:15:00,7440.800000,23.000000,18.265434,63.569923
2025-12-11 07:20:00,7416.110000,0.000000,5.991012,52.437311
2025-12-11 07:25:00,7562.450000,-6.850000,5.121857,47.555530
2025-12-11 07:30:00,7554.820000,0.000000,3.610304,51.353431
2025-12-11 07:35:00,7526.490000,34.010000,2.942753,51.230694
2025-12-11 07:40:00,7461.390000,52.710000,4.450329,62.654809
2025-12-11 07:45:00,7401.610000,63.580000,9.504240,66.403451
2025-12-11 07:50:00,7371.370000,43.660000,6.974639,67.305347
2025-12-11 07:55:00,7296.570000,0.470000,8.402918,67.051890
2025-12-11 08:00:00,7405.220000,36.060000,4.570991,68.659513
2025-12-11 08:05:00,7343.650000,0.000000,10.052634,72.916089
2025-12-11 08:10:00,7473.090000,55.870000,4.672751,67.176098
2025-12-11 08:15:00,7458.090000,57.060000,8.522005,81.287574
2025-12-11 08:20:00,7402.060000,0.000000,5.322634,78.577781
2025-12-11 08:25:00,7363.620000,0.000000,4.926383,68.855764
2025-12-11 08:30:00,7435.050000,28.170000,5.241863,76.563782
2025-12-11 08:35:00,7287.880000,-7.190000,7.791341,79.496849
2025-12-11 08:40:00,7280.940000,0.000000,13.449743,88.156490
2025-12-11 08:45:00,7194.830000,28.720000,12.222001,81.468106
2025-12-11 08:50:00,7108.570000,45.010000,8.476563,75.019645
2025-12-11 08:55:00,6919.080000,0.000000,3.198500,64.572643
2025-12-11 09:00:00,6940.920000,0.000000,6.432856,71.235140
2025-12-11 09:05:00,6907.670000,0.000000,4.211779,64.995676
2025-12-11 09:10:00,6996.720000,0.000000,16.580670,80.986924
2025-12-11 09:15:00,6936.060000,-7.590000,16.677423,74.870751
2025-12-11 09:20:00,7083.990000,0.000000,4.062872,54.088375
2025-12-11 09:25:00,7126.020000,0.670000,7.567083,54.244337
2025-12-11 09:30:00,7141.940000,29.800000,16.916125,72.676095
2025-12-11 09:35:00,7145.970000,0.720000,7.339035,51.721773
2025-12-11 09:40:00,7277.130000,35.880000,11.044124,55.245152
2025-12-11 09:45:00,7352.680000,56.980000,23.132168,83.731514
2025-12-11 09:50:00,7385.650000,100.480000,44.283009,101.317604
2025-12-11 09:55:00,7323.930000,39.540000,23.257647,99.084474
2025-12-11 10:00:00,7191.660000,0.000000,15.540674,91.090695
2025-12-11 10:05:00,7277.410000,0.000000,12.660147,93.294866
2025-12-11 10:10:00,7285.950000,-1.170000,9.964052,85.707101
2025-12-11 10:15:00,7236.710000,0.000000,9.889025,78.182701
2025-12-11 10:20:00,7175.590000,-0.010000,3.481399,80.291396
2025-12-11 10:25:00,6999.940000,0.000000,2.861241,77.997792
2025-12-11 10:30:00,6963.370000,-7.190000,10.351915,82.265020
2025-12-11 10:35:00,6970.960000,-2.010000,2.056048,72.610001
2025-12-11 10:40:00,6901.230000,0.000000,2.264673,68.920752
2025-12-11 10:45:00,6814.330000,-6.810000,1.192835,61.192204
2025-12-11 10:50:00,6850.600000,0.000000,3.673240,76.584610
2025-12-11 10:55:00,6874.600000,0.000000,9.865075,55.966329
2025-12-11 11:00:00,6858.930000,0.510000,-2.904832,7.961621
2025-12-11 11:05:00,6806.280000,6.350000,-2.904832,7.918814
2025-12-11 11:10:00,6862.030000,27.440000,-3.287578,3.712419
2025-12-11 11:15:00,6649.630000,13.930000,-1.360466,22.200154
2025-12-11 11:20:00,6606.050000,1.520000,-1.193736,20.745510
2025-12-11 11:25:00,6667.790000,26.770000,-0.866022,22.293243
2025-12-11 11:30:00,6539.650000,21.070000,-0.801396,21.335929
2025-12-11 11:35:00,6576.150000,19.790000,0.681252,24.899117
2025-12-11 11:40:00,6595.490000,0.000000,1.454705,36.632968
2025-12-11 11:45:00,6578.200000,14.100000,1.497079,34.324017
2025-12-11 11:50:00,6588.650000,35.570000,-0.153411,23.868622
2025-12-11 11:55:00,6517.150000,13.070000,2.090047,38.350389
2025-12-11 12:00:00,6511.700000,0.510000,1.861476,39.280349
2025-12-11 12:05:00,6609.410000,27.640000,4.179030,40.927479
2025-12-11 12:10:00,6464.780000,-7.070000,12.091245,57.328571
2025-12-11 12:15:00,6507.480000,0.000000,8.514624,51.949178
2025-12-11 12:20:00,6576.950000,35.300000,7.494359,47.613665
2025-12-11 12:25:00,6682.970000,8.850000,13.868365,62.082365
2025-12-11 12:30:00,6637.440000,27.220000,26.255090,70.598529
2025-12-11 12:35:00,6537.350000,-5.510000,19.641967,64.083383
2025-12-11 12:40:00,6630.150000,22.060000,3.863940,46.287144
2025-12-11 12:45:00,6466.870000,0.000000,6.919179,51.404002
2025-12-11 12:50:00,6550.700000,64.470000,14.634331,64.040902
2025-12-11 12:55:00,6535.560000,35.880000,9.384179,68.339322
2025-12-11 13:00:00,6416.570000,22.060000,4.347182,63.115346
2025-12-11 13:05:00,6614.260000,13.650000,6.417890,65.062712
2025-12-11 13:10:00,6745.700000,26.700000,2.423980,54.773469
2025-12-11 13:15:00,6779.540000,0.000000,2.362140,58.249894
2025-12-11 13:20:00,6859.400000,0.000000,8.306274,64.709111
2025-12-11 13:25:00,6940.520000,0.000000,4.685203,60.612880
2025-12-11 13:30:00,6974.000000,36.200000,6.847216,63.946870
2025-12-11 13:35:00,6955.050000,0.000000,2.623316,52.558109
2025-12-11 13:40:00,7006.760000,6.780000,9.734395,67.490712
2025-12-11 13:45:00,7082.560000,-6.760000,7.420551,63.585719
2025-12-11 13:50:00,7229.750000,0.000000,22.078988,79.140749
2025-12-11 13:55:00,7252.440000,0.000000,18.082670,73.184053
2025-12-11 14:00:00,7330.370000,0.000000,18.887604,70.470364
2025-12-11 14:05:00,7389.320000,0.000000,23.137095,66.323207
2025-12-11 14:10:00,7416.620000,34.010000,25.882248,79.659837
2025-12-11 14:15:00,7461.360000,117.150000,8.333288,65.087614
2025-12-11 14:20:00,7511.180000,84.790000,13.456649,97.387698
2025-12-11 14:25:00,7505.220000,53.670000,13.562400,97.010216
2025-12-11 14:30:00,7420.840000,52.740000,22.015860,99.492204
2025-12-11 14:35:00,7417.570000,35.880000,11.075891,93.200882
2025-12-11 14:40:00,7467.380000,13.720000,11.709064,95.042129
2025-12-11 14:45:00,7493.110000,48.410000,10.777161,91.598645
2025-12-11 14:50:00,7571.250000,49.200000,8.937362,85.184438
2025-12-11 14:55:00,7548.260000,59.750000,8.102043,86.182768
2025-12-11 15:00:00,7657.980000,77.000000,7.121910,87.622054
2025-12-11 15:05:00,7686.640000,-5.510000,7.882360,89.141361
2025-12-11 15:10:00,7919.800000,49.280000,29.724096,103.831002
2025-12-11 15:15:00,7887.730000,35.880000,38.061916,139.146154
2025-12-11 15:20:00,7886.730000,36.060000,62.190776,114.458950
2025-12-11 15:25:00,8077.620000,57.060000,57.385806,116.841012
2025-12-11 15:30:00,8068.890000,0.000000,65.409242,120.702860
2025-12-11 15:35:00,8112.610000,0.000000,47.668402,119.716416
2025-12-11 15:40:00,8104.410000,42.880000,45.940519,117.778839
2025-12-11 15:45:00,8124.560000,57.080000,65.443602,124.909788
2025-12-11 15:50:00,8189.380000,58.410000,78.541702,127.238875
2025-12-11 15:55:00,8190.090000,48.290000,85.382174,128.491730
2025-12-11 16:00:00,8161.870000,57.620000,86.781597,128.977873
2025-12-11 16:05:00,8224.230000,37.280000,27.922121,94.275801
2025-12-11 16:10:00,8256.070000,42.380000,36.491273,98.627714
2025-12-11 16:15:00,8230.940000,0.000000,31.794603,97.514418
2025-12-11 16:20:00,8144.420000,57.080000,20.387896,86.769018
2025-12-11 16:25:00,8240.510000,57.080000,41.270013,104.941658
2025-12-11 16:30:00,8404.220000,57.110000,14.661334,86.170502
2025-12-11 16:35:00,8428.350000,78.590000,23.618116,86.000482
2025-12-11 16:40:00,8385.250000,40.540000,39.677158,89.052037
2025-12-11 16:45:00,8331.650000,57.060000,45.375017,85.142778
2025-12-11 16:50:00,8443.030000,79.950000,45.513682,83.094105
2025-12-11 16:55:00,8434.830000,80.020000,35.231528,81.003062
2025-12-11 17:00:00,8444.710000,57.060000,38.410751,84.402021
2025-12-11 17:05:00,8421.450000,57.060000,36.236800,96.477171
2025-12-11 17:10:00,8441.650000,57.080000,43.128387,101.771083
2025-12-11 17:15:00,8317.340000,57.060000,14.075893,81.453074
2025-12-11 17:20:00,8476.210000,70.040000,57.844991,101.474517
2025-12-11 17:25:00,8421.330000,57.820000,54.221900,91.229711
2025-12-11 17:30:00,8459.270000,59.000000,56.518327,92.861714
2025-12-11 17:35:00,8445.860000,57.060000,73.227979,105.247295
2025-12-11 17:40:00,8415.300000,57.300000,63.475957,93.294702
2025-12-11 17:45:00,8374.650000,67.000000,67.521124,95.547397
2025-12-11 17:50:00,8411.280000,68.600000,82.493670,107.482992
2025-12-11 17:55:00,8416.060000,79.160000,93.695957,109.561206
2025-12-11 18:00:00,8373.330000,79.570000,86.030837,94.994450
2025-12-11 18:05:00,8407.020000,80.020000,95.919467,99.960537
2025-12-11 18:10:00,8468.060000,74.230000,94.580050,108.875190
2025-12-11 18:15:00,8404.440000,92.880000,101.011912,110.221198
2025-12-11 18:20:00,8353.380000,80.020000,103.940159,118.913139
2025-12-11 18:25:00,8399.390000,83.920000,105.215519,123.504344
2025-12-11 18:30:00,8304.830000,106.180000,104.732619,124.981506
2025-12-11 18:35:00,8275.860000,81.100000,104.732619,125.079290
2025-12-11 18:40:00,8216.270000,81.080000,102.947742,122.136073
2025-12-11 18:45:00,8224.650000,86.390000,107.768716,119.447130
2025-12-11 18:50:00,8230.240000,102.000000,113.299253,116.768181
2025-12-11 18:55:00,8158.780000,88.170000,103.264676,119.183441
2025-12-11 19:00:00,8283.340000,83.820000,109.870646,121.035923
2025-12-11 19:05:00,8337.670000,98.660000,91.450329,107.898334
2025-12-11 19:10:00,8322.360000,94.130000,86.951083,94.735877
2025-12-11 19:15:00,8294.370000,98.660000,96.681455,109.809768
2025-12-11 19:20:00,8282.560000,88.930000,82.304789,95.338873
2025-12-11 19:25:00,8328.860000,83.740000,89.704227,95.274689
2025-12-11 19:30:00,8366.150000,83.750000,100.445417,117.100720
2025-12-11 19:35:00,8308.090000,83.120000,80.196549,89.128129
2025-12-11 19:40:00,8200.680000,83.040000,78.338633,85.213452
2025-12-11 19:45:00,8272.590000,93.420000,83.101961,92.365626
2025-12-11 19:50:00,8241.640000,90.280000,91.700789,99.846404
2025-12-11 19:55:00,8238.110000,82.670000,81.515195,90.282562
2025-12-11 20:00:00,8170.550000,90.030000,74.585607,84.359722
2025-12-11 20:05:00,8080.220000,86.270000,87.851535,104.233295
2025-12-11 20:10:00,8013.050000,89.600000,86.319172,102.217123
2025-12-11 20:15:00,8054.830000,79.950000,87.851535,100.917182
2025-12-11 20:20:00,8042.960000,91.090000,81.463157,94.102446
2025-12-11 20:25:00,7926.180000,93.990000,73.491701,85.924694
2025-12-11 20:30:00,7998.230000,94.070000,73.655100,85.584802
2025-12-11 20:35:00,8008.670000,89.620000,76.026885,87.829591
2025-12-11 20:40:00,7947.590000,94.330000,77.449630,87.600791
2025-12-11 20:45:00,7944.210000,92.940000,84.428723,101.178751
2025-12-11 20:50:00,7951.290000,84.790000,84.187365,95.421555
2025-12-11 20:55:00,7878.670000,79.950000,75.630080,86.880045
2025-12-11 21:00:00,7815.080000,79.950000,82.640869,95.624035
2025-12-11 21:05:00,7751.510000,77.950000,78.018292,95.987163
2025-12-11 21:10:00,7795.380000,79.950000,83.537336,99.302063
2025-12-11 21:15:00,7823.480000,84.790000,76.032953,88.840547
2025-12-11 21:20:00,7794.950000,79.130000,84.403674,99.370376
2025-12-11 21:25:00,7733.570000,79.950000,81.800624,104.876582
2025-12-11 21:30:00,7735.270000,80.830000,80.961001,103.599324
2025-12-11 21:35:00,7744.530000,89.620000,79.246568,97.184275
2025-12-11 21:40:00,7661.920000,84.790000,79.585130,102.900048
2025-12-11 21:45:00,7658.640000,79.950000,79.450986,99.876850
2025-12-11 21:50:00,7625.440000,79.950000,70.994036,87.156125
2025-12-11 21:55:00,7583.940000,89.450000,68.720995,81.559489
2025-12-11 22:00:00,7547.660000,79.950000,68.720995,83.689480
2025-12-11 22:05:00,7462.360000,79.770000,68.720995,82.244670
2025-12-11 22:10:00,7506.610000,98.150000,68.720995,82.992472
2025-12-11 22:15:00,7484.740000,82.500000,72.265226,88.886152
2025-12-11 22:20:00,7446.200000,94.330000,67.512138,82.639544
2025-12-11 22:25:00,7353.390000,84.790000,67.643637,83.770000
2025-12-11 22:30:00,7401.910000,84.790000,69.160135,87.090192
2025-12-11 22:35:00,7398.500000,84.790000,75.460371,95.737991
2025-12-11 22:40:00,7333.370000,84.790000,71.132316,88.997858
2025-12-11 22:45:00,7320.290000,84.010000,67.643637,82.814934
2025-12-11 22:50:00,7220.330000,79.950000,66.236935,83.328795
2025-12-11 22:55:00,7258.840000,83.440000,75.214202,96.234990
2025-12-11 23:00:00,7268.980000,79.630000,68.222434,83.712955
2025-12-11 23:05:00,7120.980000,82.420000,67.250166,83.485545
2025-12-11 23:10:00,7154.450000,90.030000,77.366289,101.014199
2025-12-11 23:15:00,7156.040000,96.310000,68.052074,85.842934
2025-12-11 23:20:00,7152.430000,94.410000,76.212223,101.632525
2025-12-11 23:25:00,7112.480000,81.530000,71.497071,90.007262
2025-12-11 23:30:00,7167.940000,82.150000,71.731076,90.665253
2025-12-11 23:35:00,7064.950000,79.540000,71.680779,90.186902
2025-12-11 23:40:00,7038.080000,98.120000,71.680779,90.742879
2025-12-11 23:45:00,7003.410000,91.310000,72.519204,90.443562
2025-12-11 23:50:00,7050.320000,96.990000,69.601574,90.630484
2025-12-11 23:55:00,7018.120000,80.780000,71.421539,95.159605
2025-12-12 00:00:00,7016.610000,81.360000,72.916919,87.641749
2025-12-12 00:05:00,6918.520000,81.920000,75.181186,95.130675
2025-12-12 00:10:00,6972.600000,83.540000,82.676731,102.055994
2025-12-12 00:15:00,6956.580000,83.600000,82.153230,103.090932
2025-12-12 00:20:00,6906.610000,83.670000,81.751006,101.351265
2025-12-12 00:25:00,6808.590000,79.530000,73.944589,87.065420
2025-12-12 00:30:00,6779.890000,79.940000,71.577014,83.032603
2025-12-12 00:35:00,6818.340000,83.760000,70.196423,81.956375
2025-12-12 00:40:00,6810.740000,83.300000,82.387776,101.306313
2025-12-12 00:45:00,6784.320000,79.950000,77.332834,90.230592
2025-12-12 00:50:00,6755.690000,79.950000,77.942077,93.784977
2025-12-12 00:55:00,6718.390000,79.880000,69.018432,80.781928
2025-12-12 01:00:00,6693.530000,79.950000,66.264962,79.796087
2025-12-12 01:05:00,6596.470000,82.460000,65.940403,80.176841
2025-12-12 01:10:00,6585.550000,84.790000,67.887207,81.153547
2025-12-12 01:15:00,6577.740000,95.050000,69.325871,81.686989
2025-12-12 01:20:00,6507.350000,83.100000,69.325871,82.298570
2025-12-12 01:25:00,6500.360000,84.200000,68.732537,80.713417
2025-12-12 01:30:00,6509.770000,105.400000,70.824064,81.350523
2025-12-12 01:35:00,6489.430000,102.520000,74.083614,87.633850
2025-12-12 01:40:00,6419.100000,80.020000,71.311839,84.198886
2025-12-12 01:45:00,6490.560000,80.020000,72.624169,85.514733
2025-12-12 01:50:00,6459.210000,80.020000,72.624169,84.467115
2025-12-12 01:55:00,6476.790000,79.950000,72.624169,84.019526
2025-12-12 02:00:00,6455.610000,67.860000,72.624169,88.308799
2025-12-12 02:05:00,6357.040000,66.570000,69.720593,86.574597
2025-12-12 02:10:00,6361.370000,79.950000,70.568927,85.424213
2025-12-12 02:15:00,6420.260000,79.950000,78.377083,102.395146
2025-12-12 02:20:00,6336.430000,57.070000,69.174426,86.605725
2025-12-12 02:25:00,6309.540000,64.890000,71.603515,88.059525
2025-12-12 02:30:00,6388.110000,55.620000,83.808219,113.313109
2025-12-12 02:35:00,6328.230000,56.060000,79.421429,103.216144
2025-12-12 02:40:00,6394.640000,64.170000,70.149339,83.546973
2025-12-12 02:45:00,6392.280000,64.890000,70.149339,83.216629
2025-12-12 02:50:00,6461.930000,56.980000,69.338307,85.531576
2025-12-12 02:55:00,6464.200000,64.730000,70.351782,84.997189
2025-12-12 03:00:00,6462.250000,64.890000,66.477667,79.032882
2025-12-12 03:05:00,6393.070000,56.450000,66.693698,81.813432
2025-12-12 03:10:00,6453.430000,76.740000,73.508924,93.315357
2025-12-12 03:15:00,6508.610000,79.950000,75.005957,93.341231
2025-12-12 03:20:00,6467.490000,74.730000,64.584239,78.570768
2025-12-12 03:25:00,6453.580000,65.000000,68.469649,82.585329
2025-12-12 03:30:00,6488.500000,65.000000,63.203977,78.472148
2025-12-12 03:35:00,6472.240000,75.750000,62.560253,77.812099
2025-12-12 03:40:00,6458.440000,57.060000,67.086321,80.322669
2025-12-12 03:45:00,6505.510000,64.890000,67.086321,80.802134
2025-12-12 03:50:00,6474.290000,79.430000,61.927010,76.245497
2025-12-12 03:55:00,6482.510000,78.440000,67.086321,80.992186
2025-12-12 04:00:00,6532.280000,79.970000,66.310695,81.264413
2025-12-12 04:05:00,6607.860000,77.890000,64.313704,80.311160
2025-12-12 04:10:00,6606.990000,77.860000,76.465453,91.633347
2025-12-12 04:15:00,6618.570000,72.950000,75.586954,92.450170
2025-12-12 04:20:00,6725.730000,73.200000,74.857765,87.061750
2025-12-12 04:25:00,6788.370000,73.200000,67.862331,87.254123
2025-12-12 04:30:00,6800.810000,77.460000,67.862331,87.254123
2025-12-12 04:35:00,6846.600000,74.940000,79.467663,96.233297
2025-12-12 04:40:00,6850.510000,73.200000,66.768729,81.428068
2025-12-12 04:45:00,6770.290000,72.870000,67.411576,78.989648
2025-12-12 04:50:00,6820.560000,76.370000,77.877094,86.746850
2025-12-12 04:55:00,6876.570000,74.850000,77.877094,88.442344
2025-12-12 05:00:00,6928.750000,80.020000,80.783850,92.210010
2025-12-12 05:05:00,6860.730000,73.200000,76.976735,85.321189
2025-12-12 05:10:00,6965.480000,74.780000,77.474860,89.870827
2025-12-12 05:15:00,7050.790000,73.200000,75.365025,86.091517
2025-12-12 05:20:00,7160.800000,80.020000,74.880464,85.273555
2025-12-12 05:25:00,7217.110000,79.950000,74.880464,85.491438
2025-12-12 05:30:00,7272.850000,79.950000,76.715717,85.480825
2025-12-12 05:35:00,7262.260000,73.200000,72.452784,81.867980
2025-12-12 05:40:00,7311.790000,73.200000,71.858499,81.599900
2025-12-12 05:45:00,7361.860000,53.010000,71.858499,81.599900
2025-12-12 05:50:00,7347.120000,57.060000,71.364522,83.490518
2025-12-12 05:55:00,7372.350000,51.580000,61.671302,79.810661
2025-12-12 06:00:00,7340.690000,52.610000,48.554516,75.670327
2025-12-12 06:05:00,7467.080000,57.060000,55.914322,79.388567
2025-12-12 06:10:00,7552.590000,59.550000,56.168210,80.377549
2025-12-12 06:15:00,7634.520000,77.390000,53.919372,78.226266
2025-12-12 06:20:00,7632.980000,72.220000,51.576388,74.045069
2025-12-12 06:25:00,7606.650000,52.660000,33.752568,68.834958
2025-12-12 06:30:00,7674.260000,57.060000,34.565648,71.050471
2025-12-12 06:35:00,7725.150000,57.060000,33.382451,68.839601
2025-12-12 06:40:00,7744.380000,75.890000,37.031075,70.249569
2025-12-12 06:45:00,7712.030000,64.890000,19.739952,65.168281
2025-12-12 06:50:00,7721.260000,57.080000,29.645985,67.458566
2025-12-12 06:55:00,7805.340000,57.060000,33.262843,67.651124
2025-12-12 07:00:00,7823.070000,56.860000,23.330734,64.048953
2025-12-12 07:05:00,7807.200000,57.080000,36.797191,65.720078
2025-12-12 07:10:00,7967.480000,58.890000,37.106304,68.764164
2025-12-12 07:15:00,7992.510000,68.050000,46.341714,73.331859
2025-12-12 07:20:00,7902.230000,57.060000,38.962203,72.807733
2025-12-12 07:25:00,7968.800000,72.980000,44.129561,73.455677
2025-12-12 07:30:00,7967.270000,57.060000,41.408109,72.480820
2025-12-12 07:35:00,7941.450000,57.060000,37.612058,70.271368
2025-12-12 07:40:00,7902.180000,57.080000,35.026405,68.662966
2025-12-12 07:45:00,7805.240000,73.200000,36.147339,70.869003
2025-12-12 07:50:00,7808.520000,40.540000,22.556836,61.115934
2025-12-12 07:55:00,7795.390000,57.080000,20.025772,62.281365
2025-12-12 08:00:00,7781.050000,56.990000,25.000708,65.098679
2025-12-12 08:05:00,7773.190000,80.020000,20.916167,62.856565
2025-12-12 08:10:00,7758.000000,80.020000,24.978839,64.495036
2025-12-12 08:15:00,7790.360000,84.060000,28.360963,64.262143
2025-12-12 08:20:00,7769.340000,61.760000,26.081011,68.550169
2025-12-12 08:25:00,7762.990000,57.060000,22.296522,66.943472
2025-12-12 08:30:00,7754.190000,54.720000,31.548951,68.306000
2025-12-12 08:35:00,7834.220000,64.110000,28.375682,70.115642
2025-12-12 08:40:00,7839.380000,59.750000,25.799714,68.850345
2025-12-12 08:45:00,7777.230000,57.060000,43.149282,74.184156
2025-12-12 08:50:00,7796.060000,57.060000,30.122189,68.972449
2025-12-12 08:55:00,7757.790000,76.110000,36.145422,76.595613
2025-12-12 09:00:00,7759.270000,14.340000,35.062221,76.595613
2025-12-12 09:05:00,7781.470000,39.140000,25.923287,75.964938
2025-12-12 09:10:00,7722.260000,38.640000,25.330784,76.035619
2025-12-12 09:15:00,7686.940000,15.080000,27.109401,80.210577
2025-12-12 09:20:00,7808.630000,29.160000,31.032715,75.613296
2025-12-12 09:25:00,7767.650000,15.860000,22.930373,75.519214
2025-12-12 09:30:00,7836.900000,51.800000,27.670964,73.499018
2025-12-12 09:35:00,7679.140000,56.980000,24.528029,76.398382
2025-12-12 09:40:00,7796.080000,57.060000,32.084338,77.780343
2025-12-12 09:45:00,7851.120000,56.980000,34.157418,75.670854
2025-12-12 09:50:00,7843.730000,57.060000,37.115768,78.091060
2025-12-12 09:55:00,7796.840000,123.290000,42.161030,78.148795
2025-12-12 10:00:00,7753.820000,137.840000,17.976501,87.023368
2025-12-12 10:05:00,7818.220000,158.990000,28.037832,103.236217
2025-12-12 10:10:00,7746.740000,0.000000,14.002537,109.740912
2025-12-12 10:15:00,7924.390000,57.060000,18.468715,107.914489
2025-12-12 10:20:00,7913.510000,15.170000,14.284170,108.187430
2025-12-12 10:25:00,7836.150000,14.890000,7.621175,104.953313
2025-12-12 10:30:00,7892.350000,34.010000,15.664849,107.424196
2025-12-12 10:35:00,7770.450000,38.020000,5.374313,105.131518
2025-12-12 10:40:00,7688.370000,-0.620000,3.506469,93.991101
2025-12-12 10:45:00,7645.380000,27.200000,3.244254,105.875062
2025-12-12 10:50:00,7590.260000,15.210000,2.980354,99.872101
2025-12-12 10:55:00,7647.950000,28.970000,4.253434,116.723137
2025-12-12 11:00:00,7387.570000,14.420000,1.664484,111.676788
2025-12-12 11:05:00,7374.880000,34.010000,1.316852,85.990800
2025-12-12 11:10:00,7304.040000,49.670000,0.601141,37.001738
2025-12-12 11:15:00,7167.210000,35.590000,7.055839,49.989390
2025-12-12 11:20:00,7170.020000,13.920000,0.527959,36.705521
2025-12-12 11:25:00,7207.460000,37.440000,3.370201,47.599917
2025-12-12 11:30:00,7096.630000,35.420000,1.494552,42.844684
2025-12-12 11:35:00,7085.800000,0.520000,11.858393,57.726434
2025-12-12 11:40:00,7104.180000,27.260000,0.413422,36.338970
2025-12-12 11:45:00,6881.730000,20.870000,0.874099,41.141698
2025-12-12 11:50:00,6916.700000,0.010000,0.331046,37.116354
2025-12-12 11:55:00,6924.290000,21.880000,0.931064,45.422186
2025-12-12 12:00:00,6869.760000,28.690000,1.025088,46.081218
2025-12-12 12:05:00,6770.220000,0.000000,2.578209,50.781852
2025-12-12 12:10:00,6697.300000,35.460000,7.699695,54.414590
2025-12-12 12:15:00,6680.730000,13.330000,3.534980,43.640012
2025-12-12 12:20:00,6738.780000,44.080000,1.282324,44.412622
2025-12-12 12:25:00,6721.360000,35.610000,6.381441,56.068108
2025-12-12 12:30:00,6765.810000,14.500000,7.338164,57.829257
2025-12-12 12:35:00,6824.360000,65.660000,0.139642,39.800348
2025-12-12 12:40:00,6844.470000,38.030000,1.514701,57.781459
2025-12-12 12:45:00,6937.440000,49.660000,13.426543,66.069976
2025-12-12 12:50:00,7048.020000,57.060000,18.398758,74.197231
2025-12-12 12:55:00,7130.310000,113.890000,20.667810,80.376555
2025-12-12 13:00:00,7140.210000,57.350000,9.885582,86.804152
2025-12-12 13:05:00,7288.710000,63.810000,9.169367,90.051344
2025-12-12 13:10:00,7245.030000,55.650000,19.207035,93.611080
2025-12-12 13:15:00,7263.480000,55.290000,15.082890,103.339475
2025-12-12 13:20:00,7282.610000,47.490000,18.050438,104.351503
2025-12-12 13:25:00,7254.350000,58.260000,15.294127,102.401184
2025-12-12 13:30:00,7262.130000,57.420000,18.155672,84.893986
2025-12-12 13:35:00,7313.710000,57.060000,26.814926,87.838545
2025-12-12 13:40:00,7324.170000,37.960000,21.518274,88.719514
2025-12-12 13:45:00,7261.410000,56.880000,28.569339,97.367079
2025-12-12 13:50:00,7392.600000,57.060000,27.980976,90.337080
2025-12-12 13:55:00,7392.300000,68.100000,20.995911,116.233194
2025-12-12 14:00:00,7382.690000,51.770000,26.608243,75.846967
2025-12-12 14:05:00,7388.290000,35.280000,24.763017,80.718337
2025-12-12 14:10:00,7426.640000,56.330000,23.877723,77.219966
2025-12-12 14:15:00,7363.280000,57.060000,27.253404,78.405939
2025-12-12 14:20:00,7343.770000,55.250000,24.124236,72.416071
2025-12-12 14:25:00,7418.460000,55.190000,26.474611,79.064503
2025-12-12 14:30:00,7417.890000,49.890000,32.524210,86.978229
2025-12-12 14:35:00,7329.810000,57.430000,25.931225,78.016659
2025-12-12 14:40:00,7194.450000,36.380000,12.687478,67.362606
2025-12-12 14:45:00,7275.000000,63.900000,21.954046,76.424550
2025-12-12 14:50:00,7272.190000,49.170000,22.489188,74.908702
2025-12-12 14:55:00,7285.130000,57.060000,36.713079,92.556535
2025-12-12 15:00:00,7270.500000,64.870000,25.628901,89.899208
2025-12-12 15:05:00,7163.200000,55.760000,11.585530,63.440241
2025-12-12 15:10:00,7038.620000,14.010000,20.542386,76.706236
2025-12-12 15:15:00,7051.380000,36.060000,24.336425,75.110347
2025-12-12 15:20:00,7138.770000,49.450000,22.754575,74.217326
2025-12-12 15:25:00,7222.510000,54.820000,23.239468,76.117680
2025-12-12 15:30:00,7251.290000,51.850000,22.481761,73.498205
2025-12-12 15:35:00,7231.090000,35.990000,24.586533,83.225587
2025-12-12 15:40:00,7294.570000,47.790000,14.776775,77.209399
2025-12-12 15:45:00,7360.390000,53.430000,27.194787,76.133675
2025-12-12 15:50:00,7365.610000,36.060000,23.000924,80.763960
2025-12-12 15:55:00,7448.220000,54.220000,23.448948,82.645307
2025-12-12 16:00:00,7336.140000,42.440000,25.561806,77.616898
2025-12-12 16:05:00,7450.240000,41.870000,22.823877,77.868228
2025-12-12 16:10:00,7594.370000,46.350000,12.044353,54.251442
2025-12-12 16:15:00,7522.550000,28.110000,15.915556,65.242284
2025-12-12 16:20:00,7704.160000,33.400000,34.836096,84.684148
2025-12-12 16:25:00,7632.250000,64.890000,33.065674,85.795913
2025-12-12 16:30:00,7667.750000,64.890000,33.065674,88.957828
2025-12-12 16:35:00,7677.100000,51.480000,24.140317,78.306764
2025-12-12 16:40:00,7639.600000,21.170000,30.341049,87.287784
2025-12-12 16:45:00,7697.100000,33.200000,35.327070,92.339681
2025-12-12 16:50:00,7595.520000,0.000000,28.993253,84.642951
2025-12-12 16:55:00,7531.930000,0.000000,30.233555,84.298460
2025-12-12 17:00:00,7526.220000,0.600000,17.689137,77.026090
2025-12-12 17:05:00,7493.540000,-6.310000,17.011553,81.961844
2025-12-12 17:10:00,7564.290000,19.630000,15.105282,90.470515
2025-12-12 17:15:00,7582.820000,0.000000,13.835372,86.741894
2025-12-12 17:20:00,7629.880000,49.290000,21.652424,89.537503
2025-12-12 17:25:00,7788.250000,60.160000,40.221681,100.550230
2025-12-12 17:30:00,7800.120000,59.400000,41.478410,100.550230
2025-12-12 17:35:00,7872.620000,49.950000,39.303297,100.001713
2025-12-12 17:40:00,7937.320000,57.060000,39.369119,104.604184
2025-12-12 17:45:00,7862.160000,68.980000,41.969171,106.780653
2025-12-12 17:50:00,7891.640000,98.620000,28.298374,102.466381
2025-12-12 17:55:00,7870.760000,98.830000,28.881014,106.495998
2025-12-12 18:00:00,7803.080000,96.430000,28.881014,104.472345
2025-12-12 18:05:00,7877.170000,74.230000,28.050340,105.628296
2025-12-12 18:10:00,7929.320000,76.060000,36.368106,111.796699
2025-12-12 18:15:00,7919.780000,84.790000,36.340298,109.585092
2025-12-12 18:20:00,7904.710000,90.830000,66.009346,113.291925
2025-12-12 18:25:00,7927.240000,116.960000,75.678944,117.275746
2025-12-12 18:30:00,7965.550000,119.250000,78.115921,120.165023
2025-12-12 18:35:00,7904.180000,100.430000,74.816414,117.925105
2025-12-12 18:40:00,8080.940000,111.800000,75.095195,121.215347
2025-12-12 18:45:00,8065.170000,108.890000,84.449900,120.789299
2025-12-12 18:50:00,8153.490000,125.070000,112.482583,127.079087
2025-12-12 18:55:00,8054.660000,131.170000,109.485117,134.427551
2025-12-12 19:00:00,8033.560000,112.470000,107.305921,137.831523
2025-12-12 19:05:00,8106.030000,126.520000,96.452323,140.178679
2025-12-12 19:10:00,8069.980000,108.890000,97.757724,141.820029
2025-12-12 19:15:00,8153.050000,121.820000,112.273801,138.608541
2025-12-12 19:20:00,8197.720000,135.970000,113.294417,131.893414
2025-12-12 19:25:00,8071.620000,126.810000,113.964217,142.339147
2025-12-12 19:30:00,8166.630000,131.660000,119.150701,142.980083
2025-12-12 19:35:00,8081.250000,128.370000,109.093084,131.711974
2025-12-12 19:40:00,8166.170000,128.530000,110.612734,137.457351
2025-12-12 19:45:00,8116.250000,120.620000,110.349841,132.908819
2025-12-12 19:50:00,8148.310000,123.870000,109.895862,141.871687
2025-12-12 19:55:00,8086.680000,125.020000,115.317747,147.669967
2025-12-12 20:00:00,8054.420000,121.660000,104.421873,129.409585
2025-12-12 20:05:00,7999.640000,109.310000,120.283656,149.720343
2025-12-12 20:10:00,8049.720000,118.420000,115.903701,135.325682
2025-12-12 20:15:00,8087.290000,121.170000,122.270133,142.736096
2025-12-12 20:20:00,8068.520000,112.250000,128.418556,154.607293
2025-12-12 20:25:00,8083.400000,122.620000,123.700194,148.162925
2025-12-12 20:30:00,7919.190000,110.390000,121.518545,149.252479
2025-12-12 20:35:00,7960.950000,121.520000,122.048293,149.881029
2025-12-12 20:40:00,7931.720000,123.690000,117.928392,147.467048
2025-12-12 20:45:00,7828.220000,107.480000,113.511601,135.990799
2025-12-12 20:50:00,7918.210000,116.880000,114.092452,142.668318
2025-12-12 20:55:00,7855.350000,116.910000,114.092452,143.327562
2025-12-12 21:00:00,7818.500000,111.650000,112.442837,137.999202
2025-12-12 21:05:00,7796.250000,100.750000,100.536767,122.053211
2025-12-12 21:10:00,7884.190000,122.840000,100.479026,127.765580
2025-12-12 21:15:00,7844.660000,113.360000,104.217389,129.222620
2025-12-12 21:20:00,7870.310000,114.960000,110.777427,128.875435
2025-12-12 21:25:00,7837.560000,114.870000,116.584556,139.412496
2025-12-12 21:30:00,7788.630000,98.990000,108.409446,128.439226
2025-12-12 21:35:00,7791.530000,117.220000,115.426875,138.433283
2025-12-12 21:40:00,7817.970000,116.290000,114.092452,140.379820
2025-12-12 21:45:00,7689.510000,89.550000,106.901467,124.117158
2025-12-12 21:50:00,7747.330000,90.200000,108.409446,130.215461
2025-12-12 21:55:00,7688.050000,84.790000,109.677405,134.015282
2025-12-12 22:00:00,7672.960000,84.790000,107.179361,137.425199
2025-12-12 22:05:00,7624.000000,113.340000,100.450242,129.247002
2025-12-12 22:10:00,7600.400000,106.220000,110.109588,151.391475
2025-12-12 22:15:00,7624.730000,107.100000,107.179361,138.984238
2025-12-12 22:20:00,7607.670000,103.400000,98.364896,126.347719
2025-12-12 22:25:00,7542.720000,97.660000,97.227708,121.070980
2025-12-12 22:30:00,7587.150000,107.520000,91.578632,113.062541
2025-12-12 22:35:00,7528.500000,106.220000,98.322550,126.934157
2025-12-12 22:40:00,7457.850000,102.700000,95.517486,119.409459
2025-12-12 22:45:00,7428.270000,99.880000,86.398669,101.913860
2025-12-12 22:50:00,7423.810000,87.710000,84.440137,100.543538
2025-12-12 22:55:00,7337.700000,85.630000,76.724098,91.076912
2025-12-12 23:00:00,7306.820000,85.570000,76.894683,92.130285
2025-12-12 23:05:00,7331.600000,87.250000,92.568687,117.210039
2025-12-12 23:10:00,7278.620000,86.830000,90.811899,113.766766
2025-12-12 23:15:00,7253.600000,86.250000,88.848513,105.448149
2025-12-12 23:20:00,7202.260000,79.950000,88.023163,99.784174
2025-12-12 23:25:00,7229.210000,79.950000,83.313400,100.673965
2025-12-12 23:30:00,7214.000000,84.790000,87.821330,101.729315
2025-12-12 23:35:00,7170.620000,87.560000,87.005521,102.340992
2025-12-12 23:40:00,7183.480000,87.030000,87.686720,108.024527
2025-12-12 23:45:00,7072.680000,84.790000,80.133292,98.800163
2025-12-12 23:50:00,7047.370000,81.030000,75.749149,89.163688
2025-12-12 23:55:00,7122.390000,82.740000,76.775170,90.982083
2025-12-13 00:00:00,7066.920000,84.430000,79.537181,89.741292
2025-12-13 00:05:00,7019.810000,84.790000,77.155972,89.511292
2025-12-13 00:10:00,6969.910000,85.050000,76.856616,91.244823
2025-12-13 00:15:00,6973.670000,79.950000,76.856616,90.849047
2025-12-13 00:20:00,6948.620000,73.200000,71.106848,83.058305
2025-12-13 00:25:00,6889.120000,73.200000,69.416245,81.260255
2025-12-13 00:30:00,6885.000000,79.950000,73.438586,86.588678
2025-12-13 00:35:00,6800.820000,84.760000,75.489044,86.782813
2025-12-13 00:40:00,6800.320000,101.800000,75.483911,89.414918
2025-12-13 00:45:00,6791.050000,99.800000,75.309051,89.582801
2025-12-13 00:50:00,6782.090000,93.680000,74.144503,90.302370
2025-12-13 00:55:00,6635.540000,79.000000,71.169542,84.909319
2025-12-13 01:00:00,6597.110000,73.200000,75.063376,90.401864
2025-12-13 01:05:00,6630.350000,80.870000,76.492478,95.955001
2025-12-13 01:10:00,6605.700000,81.480000,78.622842,95.955001
2025-12-13 01:15:00,6505.230000,80.130000,73.244064,87.142690
2025-12-13 01:20:00,6554.490000,73.200000,71.381130,87.622760
2025-12-13 01:25:00,6566.190000,73.200000,71.381130,88.760243
2025-12-13 01:30:00,6589.440000,71.260000,75.746460,95.464703
2025-12-13 01:35:00,6560.560000,83.500000,80.044855,102.808772
2025-12-13 01:40:00,6388.560000,81.440000,86.646004,110.173201
2025-12-13 01:45:00,6351.330000,70.900000,82.119457,102.265960
2025-12-13 01:50:00,6351.280000,70.460000,80.687063,100.868487
2025-12-13 01:55:00,6356.800000,73.200000,73.743059,83.500687
2025-12-13 02:00:00,6391.030000,82.420000,71.035150,82.138644
2025-12-13 02:05:00,6391.190000,70.900000,73.902626,89.146669
2025-12-13 02:10:00,6373.000000,83.550000,72.982226,87.326653
2025-12-13 02:15:00,6313.230000,73.200000,73.540667,84.793014
2025-12-13 02:20:00,6302.470000,73.200000,68.452690,81.444950
2025-12-13 02:25:00,6272.550000,73.200000,68.064162,81.266252
2025-12-13 02:30:00,6312.320000,79.950000,64.927788,80.311363
2025-12-13 02:35:00,6284.180000,84.310000,70.324912,88.694651
2025-12-13 02:40:00,6207.450000,84.220000,74.632516,90.031444
2025-12-13 02:45:00,6243.020000,84.900000,69.184731,82.227454
2025-12-13 02:50:00,6211.180000,84.820000,68.138112,82.131564
2025-12-13 02:55:00,6214.090000,84.280000,70.315564,84.167141
2025-12-13 03:00:00,6211.430000,84.790000,74.632516,92.424329
2025-12-13 03:05:00,6178.730000,85.510000,67.405498,82.417521
2025-12-13 03:10:00,6232.820000,85.610000,77.266360,95.286469
2025-12-13 03:15:00,6231.810000,84.790000,73.786470,84.195515
2025-12-13 03:20:00,6206.010000,84.790000,72.852468,83.784086
2025-12-13 03:25:00,6065.320000,83.010000,68.890527,81.281853
2025-12-13 03:30:00,6135.580000,83.760000,72.677553,80.910473
2025-12-13 03:35:00,6127.880000,84.790000,76.829759,85.580887
2025-12-13 03:40:00,6132.760000,84.790000,76.380107,85.944644
2025-12-13 03:45:00,6171.190000,84.790000,78.554306,85.887380
2025-12-13 03:50:00,6124.070000,84.790000,78.501414,85.271483
2025-12-13 03:55:00,6177.490000,88.060000,76.829759,84.705488
2025-12-13 04:00:00,6184.310000,84.560000,76.829759,85.928145
2025-12-13 04:05:00,6187.640000,84.540000,78.969515,87.156273
2025-12-13 04:10:00,6247.270000,88.900000,78.354596,87.338172
2025-12-13 04:15:00,6200.060000,84.790000,75.486729,85.909248
2025-12-13 04:20:00,6252.050000,85.240000,77.126860,87.588953
2025-12-13 04:25:00,6260.610000,85.170000,78.091199,87.346640
2025-12-13 04:30:00,6305.280000,84.790000,78.914428,87.080048
2025-12-13 04:35:00,6246.910000,81.150000,78.346099,87.908315
2025-12-13 04:40:00,6261.780000,84.790000,77.579122,88.354158
2025-12-13 04:45:00,6291.800000,85.910000,77.579122,88.354158
2025-12-13 04:50:00,6295.810000,110.230000,79.621852,88.670817
2025-12-13 04:55:00,6209.250000,102.720000,81.710275,104.918428
2025-12-13 05:00:00,6179.230000,102.080000,83.369794,101.961460
2025-12-13 05:05:00,6208.890000,92.150000,77.207773,97.329608
2025-12-13 05:10:00,6204.690000,104.240000,81.504412,99.984518
2025-12-13 05:15:00,6244.160000,103.410000,76.952101,92.693094
2025-12-13 05:20:00,6192.610000,85.750000,77.301880,89.351364
2025-12-13 05:25:00,6212.150000,81.990000,75.220123,88.383423
2025-12-13 05:30:00,6193.400000,81.380000,63.249466,77.298582
2025-12-13 05:35:00,6259.620000,84.790000,64.797508,77.755771
2025-12-13 05:40:00,6318.420000,88.000000,70.038722,79.590715
2025-12-13 05:45:00,6388.290000,79.310000,68.825085,82.510315
2025-12-13 05:50:00,6367.920000,77.520000,78.332009,94.175584
2025-12-13 05:55:00,6282.700000,52.220000,59.861232,85.703596
2025-12-13 06:00:00,6260.660000,62.710000,47.677611,71.081807
2025-12-13 06:05:00,6322.780000,63.030000,96.591590,118.316876
2025-12-13 06:10:00,6289.770000,64.330000,100.755047,125.149602
2025-12-13 06:15:00,6225.570000,49.510000,95.653813,121.434735
2025-12-13 06:20:00,6173.360000,35.880000,84.278018,101.524114
2025-12-13 06:25:00,6068.630000,0.470000,71.246072,96.067229
2025-12-13 06:30:00,6138.800000,36.060000,46.593488,95.884087
2025-12-13 06:35:00,6069.530000,36.060000,33.320935,93.603594
2025-12-13 06:40:00,5999.290000,30.860000,34.243163,94.300499
2025-12-13 06:45:00,6028.210000,36.060000,30.519456,81.870031
2025-12-13 06:50:00,6015.640000,36.060000,31.304138,80.148615
2025-12-13 06:55:00,6044.700000,0.470000,45.826548,81.264551
2025-12-13 07:00:00,6065.860000,-7.000000,25.412961,76.631155
2025-12-13 07:05:00,6048.480000,56.980000,2.361553,43.499214
2025-12-13 07:10:00,5923.380000,33.820000,2.630021,41.688775
2025-12-13 07:15:00,5910.570000,40.540000,3.093393,46.759537
2025-12-13 07:20:00,5882.180000,0.470000,5.916934,47.092780
2025-12-13 07:25:00,5814.900000,35.880000,1.975878,46.508264
2025-12-13 07:30:00,5857.040000,35.880000,7.625438,47.129094
2025-12-13 07:35:00,5849.740000,55.230000,11.971039,53.399156
2025-12-13 07:40:00,5797.220000,65.000000,4.977064,51.980921
2025-12-13 07:45:00,5694.540000,55.450000,4.933190,57.583150
2025-12-13 07:50:00,5557.790000,36.060000,1.940574,50.803676
2025-12-13 07:55:00,5595.130000,0.470000,0.739720,41.576217
2025-12-13 08:00:00,5556.030000,36.060000,0.459109,35.470301
2025-12-13 08:05:00,5464.860000,38.960000,8.992927,60.161885
2025-12-13 08:10:00,5418.080000,36.060000,7.438386,56.232962
2025-12-13 08:15:00,5390.980000,36.060000,17.296921,60.251499
2025-12-13 08:20:00,5270.190000,-7.000000,0.233394,44.216526
2025-12-13 08:25:00,5169.030000,-7.000000,1.627923,45.658490
2025-12-13 08:30:00,5146.040000,-7.000000,1.155010,49.454491
2025-12-13 08:35:00,5017.520000,-7.000000,0.111025,39.508604
2025-12-13 08:40:00,4914.440000,0.000000,-0.008135,39.502516
2025-12-13 08:45:00,4820.370000,-7.000000,0.393094,36.959122
2025-12-13 08:50:00,4736.300000,-8.990000,0.088667,35.322715
2025-12-13 08:55:00,4698.490000,-7.000000,-0.885273,32.484293
2025-12-13 09:00:00,4657.300000,-5.510000,-0.262361,42.296127
2025-12-13 09:05:00,4544.140000,-5.510000,-0.135333,23.402654
2025-12-13 09:10:00,4562.500000,-7.000000,0.237737,24.258920
2025-12-13 09:15:00,4517.120000,-7.000000,0.340729,22.410158
2025-12-13 09:20:00,4490.740000,-7.000000,-11.146006,-2.496497
2025-12-13 09:25:00,4471.410000,-7.000000,-11.198482,-2.599539
2025-12-13 09:30:00,4457.130000,-7.000000,-11.567806,-2.528530
2025-12-13 09:35:00,4439.410000,-9.460000,-11.120860,-2.484489
2025-12-13 09:40:00,4529.670000,0.000000,-4.592148,1.047999
2025-12-13 09:45:00,4630.690000,-5.510000,-11.042922,-0.712836
2025-12-13 09:50:00,4630.670000,-5.510000,-9.440022,-1.558583
2025-12-13 09:55:00,4689.140000,0.510000,-5.541925,-0.593253
2025-12-13 10:00:00,4705.240000,32.180000,-4.505969,-0.517880
2025-12-13 10:05:00,4674.700000,23.290000,-2.848688,15.214520
2025-12-13 10:10:00,4668.240000,-7.000000,-2.028954,22.064892
2025-12-13 10:15:00,4680.750000,-7.000000,-1.415018,22.154529
2025-12-13 10:20:00,4699.450000,14.960000,-0.899189,23.206348
2025-12-13 10:25:00,4675.590000,-7.000000,-0.959026,23.536782
2025-12-13 10:30:00,4727.930000,23.820000,-0.566954,31.143811
2025-12-13 10:35:00,4622.340000,0.510000,-0.681388,24.155349
2025-12-13 10:40:00,4636.640000,0.510000,0.399055,28.714097
2025-12-13 10:45:00,4545.810000,-13.330000,-1.993881,22.894420
2025-12-13 10:50:00,4663.410000,-7.000000,-1.249232,23.925224
2025-12-13 10:55:00,4639.350000,-7.000000,-0.679925,26.409448
2025-12-13 11:00:00,4682.070000,-5.510000,-0.117511,31.271591
2025-12-13 11:05:00,4608.610000,-8.880000,-0.073433,32.141732
2025-12-13 11:10:00,4587.220000,-8.800000,-6.824655,11.302575
2025-12-13 11:15:00,4520.160000,-8.540000,-6.819585,11.737826
2025-12-13 11:20:00,4552.310000,-7.880000,-2.059820,17.030710
2025-12-13 11:25:00,4560.810000,-7.710000,-7.073682,6.720664
2025-12-13 11:30:00,4557.910000,-8.680000,-0.406516,17.007335
2025-12-13 11:35:00,4587.700000,-10.670000,-5.601565,0.621107
2025-12-13 11:40:00,4511.320000,-10.080000,-5.679513,0.807620
2025-12-13 11:45:00,4541.090000,-12.010000,-16.711116,-10.614601
2025-12-13 11:50:00,4576.180000,-9.800000,-14.483746,-4.039202
2025-12-13 11:55:00,4551.960000,-7.990000,-14.214972,-3.958839
2025-12-13 12:00:00,4589.070000,-7.610000,-12.062612,-3.516813
2025-12-13 12:05:00,4567.870000,-7.810000,-11.109718,-5.896281
2025-12-13 12:10:00,4619.510000,-8.080000,-9.249962,-3.659169
2025-12-13 12:15:00,4641.220000,-7.000000,-6.080392,-1.966087
2025-12-13 12:20:00,4654.420000,-7.000000,-6.145192,-1.902969
2025-12-13 12:25:00,4700.590000,-8.400000,-6.075322,-1.896531
2025-12-13 12:30:00,4657.980000,-7.000000,-6.052190,-3.773991
2025-12-13 12:35:00,4781.420000,-3.890000,-6.013327,-1.786736
2025-12-13 12:40:00,4889.240000,0.510000,-5.214256,-1.161142
2025-12-13 12:45:00,4880.870000,9.610000,-4.946987,-0.688663
2025-12-13 12:50:00,4823.440000,8.810000,-3.550994,4.596704
2025-12-13 12:55:00,4846.130000,7.890000,-0.864762,20.282508
2025-12-13 13:00:00,4910.920000,0.510000,-0.672263,20.540625
2025-12-13 13:05:00,5045.260000,0.510000,-0.084415,20.700093
2025-12-13 13:10:00,5280.360000,23.250000,0.549130,20.887146
2025-12-13 13:15:00,5481.220000,27.090000,1.409638,44.242450
2025-12-13 13:20:00,5623.050000,37.760000,3.984304,46.540008
2025-12-13 13:25:00,5792.270000,50.270000,12.954160,60.758574
2025-12-13 13:30:00,5856.810000,42.010000,20.564599,61.062258
2025-12-13 13:35:00,5975.320000,36.060000,22.597597,73.483095
2025-12-13 13:40:00,6119.640000,44.290000,25.375373,66.647071
2025-12-13 13:45:00,6195.550000,36.060000,24.660142,73.026515
2025-12-13 13:50:00,6325.620000,36.060000,27.695540,64.804043
2025-12-13 13:55:00,6387.600000,36.060000,29.764476,64.002270
2025-12-13 14:00:00,6530.780000,37.490000,17.631606,66.048826
2025-12-13 14:05:00,6631.150000,106.590000,24.473895,66.872604
2025-12-13 14:10:00,6634.680000,63.910000,72.158159,105.075587
2025-12-13 14:15:00,6715.010000,107.060000,71.429675,106.524963
2025-12-13 14:20:00,6810.250000,299.000000,70.517844,118.627589
2025-12-13 14:25:00,6772.670000,75.010000,100.867923,182.109910
2025-12-13 14:30:00,6893.520000,57.060000,91.543499,187.169123
2025-12-13 14:35:00,7007.030000,599.990000,88.121220,185.505282
2025-12-13 14:40:00,6851.590000,248.880000,59.527820,211.083004
2025-12-13 14:45:00,6890.370000,57.060000,100.231692,263.828409
2025-12-13 14:50:00,7144.550000,209.970000,123.099142,308.885591
2025-12-13 14:55:00,7096.720000,81.060000,108.991907,292.945378
2025-12-13 15:00:00,7306.150000,172.680000,128.431784,310.287328
2025-12-13 15:05:00,7297.540000,125.780000,102.877385,276.719494
2025-12-13 15:10:00,7422.300000,174.460000,100.832023,288.321938
2025-12-13 15:15:00,7475.320000,155.450000,136.096862,314.856866
2025-12-13 15:20:00,7468.670000,153.210000,148.529056,300.328742
2025-12-13 15:25:00,7554.920000,130.850000,126.507683,312.259621
2025-12-13 15:30:00,7687.210000,102.830000,123.706882,305.157289
2025-12-13 15:35:00,7796.630000,124.030000,41.349723,198.016692
2025-12-13 15:40:00,7728.840000,97.790000,87.439833,208.187507
2025-12-13 15:45:00,7780.870000,84.790000,21.422416,109.072691
2025-12-13 15:50:00,7800.980000,89.750000,46.975862,170.399531
2025-12-13 15:55:00,7716.580000,104.630000,48.930868,96.531354
2025-12-13 16:00:00,7692.560000,97.860000,64.208055,163.778773
2025-12-13 16:05:00,7699.040000,34.060000,79.376137,135.928845
2025-12-13 16:10:00,7761.910000,64.890000,88.672739,171.479798
2025-12-13 16:15:00,7771.030000,71.440000,61.472664,153.021845
2025-12-13 16:20:00,7778.060000,68.320000,65.709671,153.021845
2025-12-13 16:25:00,7864.110000,71.760000,101.631322,135.086445
2025-12-13 16:30:00,7888.050000,57.060000,68.097323,112.633207
2025-12-13 16:35:00,7916.950000,59.360000,117.487835,193.915926
2025-12-13 16:40:00,7930.900000,57.470000,93.094481,147.472447
2025-12-13 16:45:00,8062.430000,57.190000,96.535251,147.470742
2025-12-13 16:50:00,8076.860000,58.390000,89.972339,148.916650
2025-12-13 16:55:00,8082.550000,57.870000,92.401028,154.893464
2025-12-13 17:00:00,8197.370000,58.480000,93.042211,143.105267
2025-12-13 17:05:00,8248.210000,64.890000,56.561291,88.929976
2025-12-13 17:10:00,8181.620000,59.650000,86.131961,97.407127
2025-12-13 17:15:00,8176.330000,66.060000,85.303591,105.478580
2025-12-13 17:20:00,8165.720000,82.560000,82.759687,97.243147
2025-12-13 17:25:00,8265.090000,95.260000,100.801012,107.622649
2025-12-13 17:30:00,8192.370000,111.210000,82.544848,107.593559
2025-12-13 17:35:00,8150.150000,93.800000,75.031952,106.358119
2025-12-13 17:40:00,8234.900000,94.000000,84.814988,125.301054
2025-12-13 17:45:00,8279.520000,99.920000,91.169132,131.999993
2025-12-13 17:50:00,8209.440000,102.530000,97.054319,133.981765
2025-12-13 17:55:00,8280.130000,110.460000,97.054319,135.930175
2025-12-13 18:00:00,8297.000000,109.990000,95.093586,135.230595
2025-12-13 18:05:00,8228.990000,105.030000,91.444814,125.696722
2025-12-13 18:10:00,8269.310000,96.110000,84.582384,105.861994
2025-12-13 18:15:00,8155.450000,94.480000,87.113358,98.576222
2025-12-13 18:20:00,8185.170000,99.250000,107.023542,114.141611
2025-12-13 18:25:00,8235.830000,108.890000,111.936894,117.460891
2025-12-13 18:30:00,8212.040000,118.580000,137.445889,142.319301
2025-12-13 18:35:00,8219.520000,102.560000,130.127530,131.633362
2025-12-13 18:40:00,8221.180000,122.370000,130.127530,129.907469
2025-12-13 18:45:00,8116.510000,122.510000,130.894299,131.913358
2025-12-13 18:50:00,8097.410000,108.820000,136.172318,138.803830
2025-12-13 18:55:00,8164.240000,122.210000,144.643078,147.547632
2025-12-13 19:00:00,8123.510000,122.540000,147.976513,149.966230
2025-12-13 19:05:00,8139.730000,96.520000,151.267137,151.868783
2025-12-13 19:10:00,8189.160000,105.320000,149.484019,153.394466
2025-12-13 19:15:00,8244.530000,97.870000,150.385758,149.210894
2025-12-13 19:20:00,8190.990000,96.790000,152.137585,149.210894
2025-12-13 19:25:00,8097.260000,93.530000,148.049554,145.113580
2025-12-13 19:30:00,8169.240000,95.110000,146.755813,154.635258
2025-12-13 19:35:00,8134.060000,124.230000,138.434351,142.593154
2025-12-13 19:40:00,8057.490000,92.820000,137.042554,159.943175
2025-12-13 19:45:00,8141.200000,84.790000,149.958687,163.377695
2025-12-13 19:50:00,8039.690000,122.900000,128.405182,141.149137
2025-12-13 19:55:00,8032.400000,94.010000,129.424236,158.896087
2025-12-13 20:00:00,8050.280000,94.200000,127.926399,155.017792
2025-12-13 20:05:00,8044.910000,93.420000,118.915843,130.884581
2025-12-13 20:10:00,7971.570000,96.030000,121.440325,136.691460
2025-12-13 20:15:00,7989.920000,86.630000,114.435953,126.776884
2025-12-13 20:20:00,7944.440000,85.160000,112.677044,129.473434
2025-12-13 20:25:00,7831.440000,80.080000,110.821201,130.153196
2025-12-13 20:30:00,7867.470000,84.790000,110.821201,130.828606
2025-12-13 20:35:00,7830.020000,93.230000,127.657211,157.926103
2025-12-13 20:40:00,7727.070000,93.790000,103.298921,121.171053
2025-12-13 20:45:00,7743.030000,93.920000,96.099467,110.170435
2025-12-13 20:50:00,7745.900000,92.880000,118.992234,147.723820
2025-12-13 20:55:00,7675.570000,92.670000,100.851700,110.777382
2025-12-13 21:00:00,7689.470000,94.000000,100.851700,111.390046
2025-12-13 21:05:00,7688.710000,95.320000,97.588324,110.303060
2025-12-13 21:10:00,7702.140000,96.140000,100.389830,110.764993
2025-12-13 21:15:00,7723.070000,97.990000,94.424247,101.670747
2025-12-13 21:20:00,7739.650000,93.680000,96.332588,97.226288
2025-12-13 21:25:00,7739.110000,91.650000,90.440290,90.739500
2025-12-13 21:30:00,7657.690000,93.470000,91.595964,93.287549
2025-12-13 21:35:00,7622.610000,92.240000,98.458067,105.212935
2025-12-13 21:40:00,7651.270000,93.540000,100.479841,105.521288
2025-12-13 21:45:00,7653.420000,92.920000,99.448515,104.590649
2025-12-13 21:50:00,7603.170000,86.180000,97.447490,103.536870
2025-12-13 21:55:00,7562.580000,85.730000,94.046053,104.853320
2025-12-13 22:00:00,7560.770000,85.550000,94.046053,107.577814
2025-12-13 22:05:00,7541.360000,86.630000,96.132745,107.985497
2025-12-13 22:10:00,7472.850000,85.520000,92.214103,104.060463
2025-12-13 22:15:00,7484.490000,86.810000,94.673389,106.840042
2025-12-13 22:20:00,7422.920000,85.490000,89.432295,102.910121
2025-12-13 22:25:00,7340.620000,83.560000,87.633395,97.226345
2025-12-13 22:30:00,7406.330000,84.790000,91.033574,102.425813
2025-12-13 22:35:00,7348.560000,84.800000,91.033574,100.687186
2025-12-13 22:40:00,7365.860000,85.470000,91.033574,100.855586
2025-12-13 22:45:00,7299.570000,83.920000,88.772620,99.524116
2025-12-13 22:50:00,7302.490000,84.870000,84.638541,91.790072
2025-12-13 22:55:00,7283.430000,84.790000,86.153999,90.543253
2025-12-13 23:00:00,7233.840000,84.300000,84.638541,89.813759
2025-12-13 23:05:00,7185.560000,84.790000,89.035051,93.724764
2025-12-13 23:10:00,7171.500000,84.790000,89.035051,91.112484
2025-12-13 23:15:00,7195.210000,91.110000,89.035051,93.571340
2025-12-13 23:20:00,7059.570000,83.810000,88.005712,92.021205
2025-12-13 23:25:00,7055.740000,83.310000,84.029692,89.166997
2025-12-13 23:30:00,7107.860000,85.290000,85.621150,89.840307
2025-12-13 23:35:00,7052.680000,84.790000,88.507296,89.972144
2025-12-13 23:40:00,7070.080000,84.790000,89.035051,92.024807
2025-12-13 23:45:00,6963.830000,80.980000,85.621150,89.907164
2025-12-13 23:50:00,6992.480000,84.790000,88.005712,91.052865
2025-12-13 23:55:00,6942.910000,79.950000,83.924977,90.841556
2025-12-14 00:00:00,6942.560000,79.950000,87.041240,88.612180
2025-12-14 00:05:00,6864.540000,75.580000,81.383924,84.294087
2025-12-14 00:10:00,6825.130000,79.950000,81.383924,83.871451
2025-12-14 00:15:00,6887.140000,79.760000,86.981083,89.868246
2025-12-14 00:20:00,6821.130000,68.170000,81.876992,86.034708
2025-12-14 00:25:00,6713.860000,73.200000,76.729347,84.410979
2025-12-14 00:30:00,6736.120000,75.400000,83.436116,84.898989
2025-12-14 00:35:00,6718.860000,82.150000,81.667158,85.084614
2025-12-14 00:40:00,6709.520000,85.860000,83.479220,86.733109
2025-12-14 00:45:00,6588.730000,79.120000,78.409114,83.798107
2025-12-14 00:50:00,6588.200000,76.310000,79.817225,84.780301
2025-12-14 00:55:00,6572.980000,78.690000,75.191950,81.650628
2025-12-14 01:00:00,6498.520000,78.350000,74.573329,81.025457
2025-12-14 01:05:00,6436.550000,79.950000,69.462823,78.275677
2025-12-14 01:10:00,6518.980000,73.200000,76.936008,83.123443
2025-12-14 01:15:00,6499.970000,79.950000,75.025142,82.146572
2025-12-14 01:20:00,6432.530000,78.330000,68.546465,79.881288
2025-12-14 01:25:00,6434.930000,73.200000,71.682975,81.005411
2025-12-14 01:30:00,6359.330000,65.680000,70.039058,82.182555
2025-12-14 01:35:00,6384.080000,73.200000,75.236622,86.362679
2025-12-14 01:40:00,6334.560000,66.350000,77.561719,87.380201
2025-12-14 01:45:00,6349.880000,66.590000,73.586910,83.378270
2025-12-14 01:50:00,6299.590000,65.730000,72.756170,82.385764
2025-12-14 01:55:00,6359.660000,65.760000,71.917630,80.852449
2025-12-14 02:00:00,6314.480000,66.220000,71.105732,81.214265
2025-12-14 02:05:00,6216.530000,66.720000,69.119302,80.238758
2025-12-14 02:10:00,6268.840000,66.700000,64.897301,77.393492
2025-12-14 02:15:00,6281.170000,67.060000,67.552408,79.798111
2025-12-14 02:20:00,6237.070000,67.500000,66.150540,77.100928
2025-12-14 02:25:00,6121.200000,66.250000,49.662351,70.272768
2025-12-14 02:30:00,6155.020000,68.150000,48.813937,69.173344
2025-12-14 02:35:00,6126.170000,73.200000,49.487533,70.200597
2025-12-14 02:40:00,6115.160000,65.470000,50.959176,70.237433
2025-12-14 02:45:00,6143.540000,67.180000,50.959176,70.460717
2025-12-14 02:50:00,6116.870000,65.930000,53.093558,69.621954
2025-12-14 02:55:00,6158.220000,65.000000,48.574829,66.618664
2025-12-14 03:00:00,6103.610000,57.060000,47.620488,67.251819
2025-12-14 03:05:00,6081.850000,55.930000,55.747598,73.633958
2025-12-14 03:10:00,6145.530000,57.060000,56.464558,74.350538
2025-12-14 03:15:00,6091.250000,57.060000,55.103034,74.072045
2025-12-14 03:20:00,6068.500000,57.060000,62.489729,75.638223
2025-12-14 03:25:00,6072.910000,57.060000,65.131405,74.841266
2025-12-14 03:30:00,6048.040000,57.200000,63.277832,76.205708
2025-12-14 03:35:00,6065.260000,57.060000,65.356876,77.246638
2025-12-14 03:40:00,6019.070000,57.060000,62.895867,74.487185
2025-12-14 03:45:00,6098.640000,57.060000,66.188636,74.421131
2025-12-14 03:50:00,6047.480000,56.860000,62.864604,72.182413
2025-12-14 03:55:00,6030.710000,57.060000,60.963985,70.766865
2025-12-14 04:00:00,6034.350000,57.060000,59.623331,64.801394
2025-12-14 04:05:00,6037.570000,57.080000,55.312005,63.699415
2025-12-14 04:10:00,6106.830000,64.420000,60.320755,63.683247
2025-12-14 04:15:00,6144.080000,64.870000,59.623331,65.550000
2025-12-14 04:20:00,6075.600000,64.030000,59.734818,65.514695
2025-12-14 04:25:00,6083.870000,64.020000,59.734818,66.047737
2025-12-14 04:30:00,6103.570000,64.380000,59.623331,68.696251
2025-12-14 04:35:00,6100.750000,73.200000,59.623331,68.684914
2025-12-14 04:40:00,6026.710000,64.490000,59.044167,68.238541
2025-12-14 04:45:00,6023.330000,63.660000,58.034788,67.794687
2025-12-14 04:50:00,6001.670000,63.660000,56.962939,68.476899
2025-12-14 04:55:00,5969.460000,63.320000,60.966593,68.381709
2025-12-14 05:00:00,5982.470000,62.900000,60.966593,69.795056
2025-12-14 05:05:00,6003.460000,63.670000,59.734818,69.481558
2025-12-14 05:10:00,6037.630000,73.200000,63.328556,71.427497
2025-12-14 05:15:00,6012.870000,63.300000,60.298231,73.226939
2025-12-14 05:20:00,6067.730000,63.770000,62.049073,72.068658
2025-12-14 05:25:00,6026.450000,57.080000,60.349983,71.453961
2025-12-14 05:30:00,6052.970000,57.060000,58.632450,71.766149
2025-12-14 05:35:00,6016.340000,57.080000,54.912666,76.008951
2025-12-14 05:40:00,5927.490000,36.140000,37.665545,64.036993
2025-12-14 05:45:00,5957.020000,34.190000,36.170342,65.533639
2025-12-14 05:50:00,5895.500000,10.690000,24.249395,53.325430
2025-12-14 05:55:00,5874.790000,10.680000,16.291297,47.094386
2025-12-14 06:00:00,5800.960000,33.980000,3.014275,47.060187
2025-12-14 06:05:00,5898.620000,34.880000,3.683055,47.060187
2025-12-14 06:10:00,5901.130000,0.000000,3.175341,41.295022
2025-12-14 06:15:00,5901.080000,0.000000,1.510792,43.050584
2025-12-14 06:20:00,5919.010000,0.000000,0.541423,38.673896
2025-12-14 06:25:00,5808.900000,-4.320000,0.072298,37.982602
2025-12-14 06:30:00,5834.450000,0.510000,-0.096575,35.913134
2025-12-14 06:35:00,5857.350000,-4.230000,-0.060077,34.826498
2025-12-14 06:40:00,5892.760000,0.000000,-0.007607,35.502358
2025-12-14 06:45:00,5705.080000,-5.010000,-0.776127,27.370556
2025-12-14 06:50:00,5769.520000,-7.040000,-0.948148,26.201832
2025-12-14 06:55:00,5735.860000,-7.070000,-1.323318,23.803446
2025-12-14 07:00:00,5652.570000,-0.080000,-0.935202,25.548228
2025-12-14 07:05:00,5636.380000,0.000000,-0.117681,24.539661
2025-12-14 07:10:00,5562.490000,0.000000,-6.592360,1.526517
2025-12-14 07:15:00,5604.240000,0.000000,-6.545736,2.640657
2025-12-14 07:20:00,5563.120000,0.000000,-7.119437,1.666883
2025-12-14 07:25:00,5542.950000,0.000000,-10.971540,-1.326062
2025-12-14 07:30:00,5395.310000,-5.510000,-5.432063,3.263606
2025-12-14 07:35:00,5322.260000,-5.010000,-11.426147,-1.259453
2025-12-14 07:40:00,5262.610000,0.000000,-6.838484,1.634480
2025-12-14 07:45:00,5266.270000,-5.410000,-10.407528,-1.142897
2025-12-14 07:50:00,5171.330000,-7.000000,-12.549788,-1.661116
2025-12-14 07:55:00,5132.210000,-6.720000,-12.468663,-2.579235
2025-12-14 08:00:00,5044.780000,-6.420000,-5.389562,-0.757403
2025-12-14 08:05:00,5034.080000,-5.510000,-5.044783,0.990010
2025-12-14 08:10:00,5115.740000,-0.900000,-4.813375,0.982242
2025-12-14 08:15:00,5019.770000,-6.650000,-6.665119,0.444757
2025-12-14 08:20:00,5001.000000,-5.010000,-7.014952,0.432508
2025-12-14 08:25:00,4842.000000,-6.490000,-7.014952,-0.244914
2025-12-14 08:30:00,4876.880000,-0.860000,-12.488218,-5.721703
2025-12-14 08:35:00,4826.690000,-6.410000,-11.855832,-5.169639
2025-12-14 08:40:00,4674.510000,-6.390000,-7.014952,0.004911
2025-12-14 08:45:00,4611.600000,-5.510000,-13.708847,-4.929831
2025-12-14 08:50:00,4651.330000,-6.610000,-15.689972,-4.937598
2025-12-14 08:55:00,4526.860000,-6.380000,-15.689972,-5.038615
2025-12-14 09:00:00,4491.050000,-13.750000,-13.394912,-5.798969
2025-12-14 09:05:00,4511.670000,-13.670000,-13.394912,-5.858249
2025-12-14 09:10:00,4637.270000,-5.510000,-7.064633,-3.227018
2025-12-14 09:15:00,4527.260000,0.000000,-13.387785,-5.853303
2025-12-14 09:20:00,4481.020000,-6.450000,-12.710134,-5.935489
2025-12-14 09:25:00,4518.020000,-6.100000,-13.902676,-6.077497
2025-12-14 09:30:00,4563.010000,0.000000,-8.027085,-3.408766
2025-12-14 09:35:00,4508.780000,-5.900000,-14.042131,-6.058955
2025-12-14 09:40:00,4614.290000,0.000000,-14.563109,-6.097727
2025-12-14 09:45:00,4763.180000,-5.010000,-13.985006,-5.983509
2025-12-14 09:50:00,4841.860000,-5.010000,-14.479808,-5.983509
2025-12-14 09:55:00,4834.640000,0.000000,-13.509573,-5.983509
2025-12-14 10:00:00,4708.940000,-5.010000,-19.232488,-9.829607
2025-12-14 10:05:00,4683.690000,-6.210000,-18.012711,-11.483045
2025-12-14 10:10:00,4706.000000,-4.460000,-15.013101,-6.700480
2025-12-14 10:15:00,4652.250000,3.030000,-9.749693,-0.216225
2025-12-14 10:20:00,4669.840000,-6.100000,-15.013101,-6.265189
2025-12-14 10:25:00,4613.600000,-5.010000,-15.013101,-6.311630
2025-12-14 10:30:00,4592.360000,-5.010000,-8.647121,-0.222053
2025-12-14 10:35:00,4584.650000,-6.720000,-14.292607,-6.292392
2025-12-14 10:40:00,4521.640000,-16.000000,-8.533848,-0.273772
2025-12-14 10:45:00,4565.910000,-16.000000,-14.332724,-6.640761
2025-12-14 10:50:00,4492.390000,-16.000000,-16.194487,-2.482792
2025-12-14 10:55:00,4482.370000,-16.000000,-8.947657,-0.088394
2025-12-14 11:00:00,4415.900000,-16.000000,-12.456092,-0.364108
2025-12-14 11:05:00,4470.280000,-16.000000,-9.748491,-0.199837
2025-12-14 11:10:00,4393.770000,-16.000000,-8.808069,-0.202545
2025-12-14 11:15:00,4407.710000,-16.000000,-4.225897,0.756599
2025-12-14 11:20:00,4414.170000,-16.000000,-15.869331,-5.672775
2025-12-14 11:25:00,4444.410000,-16.000000,-14.718770,-5.480878
2025-12-14 11:30:00,4420.280000,-16.000000,-14.718770,-6.348398
2025-12-14 11:35:00,4489.250000,-16.000000,-17.279729,-6.112981
2025-12-14 11:40:00,4498.030000,-6.410000,-21.319721,-15.689168
2025-12-14 11:45:00,4435.530000,-22.220000,-20.849197,-16.383967
2025-12-14 11:50:00,4449.160000,-7.140000,-19.879247,-13.920709
2025-12-14 11:55:00,4582.940000,-16.000000,-18.283683,-10.507146
2025-12-14 12:00:00,4507.940000,-6.030000,-18.234107,-9.949004
2025-12-14 12:05:00,4492.070000,-16.000000,-18.326131,-9.818046
2025-12-14 12:10:00,4615.250000,-16.000000,-16.430524,-9.426699
2025-12-14 12:15:00,4616.360000,-16.000000,-15.681722,-9.357496
2025-12-14 12:20:00,4602.350000,-16.000000,-12.585592,-9.170193
2025-12-14 12:25:00,4695.110000,-20.520000,-12.501741,-8.253246
2025-12-14 12:30:00,4700.220000,-16.000000,-12.501741,-5.504235
2025-12-14 12:35:00,4775.510000,-19.980000,-12.585592,-5.474612
2025-12-14 12:40:00,4866.350000,-16.000000,-5.599902,-1.191806
2025-12-14 12:45:00,4933.970000,-16.000000,-14.036319,-6.752354
2025-12-14 12:50:00,4952.750000,-16.000000,-7.570852,-3.602827
2025-12-14 12:55:00,5055.200000,-16.000000,-12.623541,-9.203644
2025-12-14 13:00:00,5084.740000,-19.980000,-5.583064,-3.611887
2025-12-14 13:05:00,5215.100000,-16.000000,-15.244786,-13.887669
2025-12-14 13:10:00,5361.680000,-13.680000,-14.417361,-13.771666
2025-12-14 13:15:00,5450.540000,-11.450000,-14.417361,-13.794032
2025-12-14 13:20:00,5492.000000,-7.680000,-14.083961,-12.049892
2025-12-14 13:25:00,5518.800000,-9.290000,-13.929702,-6.068549
2025-12-14 13:30:00,5563.130000,-9.270000,-10.507129,-7.649944
2025-12-14 13:35:00,5654.720000,-9.030000,-12.348204,-6.569141
2025-12-14 13:40:00,5678.070000,-7.440000,-11.297282,-5.637347
2025-12-14 13:45:00,5715.690000,-7.330000,-10.875300,-5.529945
2025-12-14 13:50:00,5832.220000,-6.810000,-10.841061,-4.806368
2025-12-14 13:55:00,5853.270000,-6.390000,-11.098131,-5.602314
2025-12-14 14:00:00,5922.750000,-6.610000,-13.148608,-7.698156
2025-12-14 14:05:00,6038.800000,-6.610000,-13.476324,-3.386464
2025-12-14 14:10:00,6106.180000,-6.560000,-13.326079,-5.330158
2025-12-14 14:15:00,6283.390000,-6.540000,-6.518367,-1.161998
2025-12-14 14:20:00,6397.340000,-5.510000,-6.383365,-1.106233
2025-12-14 14:25:00,6406.060000,-6.600000,-6.383365,-0.925104
2025-12-14 14:30:00,6510.140000,-5.510000,-6.767245,-1.496982
2025-12-14 14:35:00,6559.690000,0.510000,-7.092571,-1.019020
2025-12-14 14:40:00,6625.140000,-6.330000,-6.361775,0.028988
2025-12-14 14:45:00,6751.420000,-5.010000,-6.949941,-0.070013
2025-12-14 14:50:00,6788.690000,0.000000,-6.949941,-0.106567
2025-12-14 14:55:00,6936.420000,0.000000,-4.901633,0.535832
2025-12-14 15:00:00,7051.530000,33.480000,-5.566150,0.242869
2025-12-14 15:05:00,7228.190000,-5.510000,-0.436736,50.199309
2025-12-14 15:10:00,7249.700000,3.790000,-0.303312,35.565876
2025-12-14 15:15:00,7331.000000,0.510000,-0.508134,32.915980
2025-12-14 15:20:00,7404.180000,36.870000,-0.672903,39.521970
2025-12-14 15:25:00,7567.880000,-5.010000,0.095241,66.586858
2025-12-14 15:30:00,7657.300000,0.510000,0.095241,71.174006
2025-12-14 15:35:00,7726.170000,32.330000,1.922729,65.519618
2025-12-14 15:40:00,7829.910000,40.760000,0.862589,69.962335
2025-12-14 15:45:00,7925.940000,37.100000,1.283339,65.889634
2025-12-14 15:50:00,8020.280000,36.060000,3.109002,77.474504
2025-12-14 15:55:00,8156.100000,49.120000,3.702607,82.758801
2025-12-14 16:00:00,8244.410000,33.410000,10.456272,88.025707
2025-12-14 16:05:00,8336.860000,-5.010000,2.591788,65.964703
2025-12-14 16:10:00,8408.810000,32.410000,5.515579,77.343343
2025-12-14 16:15:00,8528.140000,23.770000,4.434026,82.509040
2025-12-14 16:20:00,8670.390000,40.480000,18.221530,89.019190
2025-12-14 16:25:00,8771.090000,41.170000,3.148906,73.176995
2025-12-14 16:30:00,8930.260000,41.330000,5.599366,59.780836
2025-12-14 16:35:00,9091.800000,57.080000,18.745487,85.752995
2025-12-14 16:40:00,9199.960000,56.690000,31.176144,82.409554
2025-12-14 16:45:00,9321.400000,58.320000,38.154275,84.000196
2025-12-14 16:50:00,9344.720000,58.300000,26.871608,83.764280
2025-12-14 16:55:00,9444.100000,50.220000,26.998347,85.102731
2025-12-14 17:00:00,9514.060000,69.510000,35.100673,85.910134
2025-12-14 17:05:00,9549.500000,72.440000,14.738851,92.689302
2025-12-14 17:10:00,9624.290000,57.970000,54.832905,90.962347
2025-12-14 17:15:00,9584.720000,80.020000,46.892922,90.344430
2025-12-14 17:20:00,9633.560000,80.020000,54.236229,109.356711
2025-12-14 17:25:00,9724.740000,93.880000,59.427296,110.368548
2025-12-14 17:30:00,9710.490000,86.720000,61.499607,108.873200
2025-12-14 17:35:00,9775.970000,94.450000,64.848511,110.934338
2025-12-14 17:40:00,9734.050000,99.550000,63.718545,107.266529
2025-12-14 17:45:00,9741.670000,115.920000,68.691544,109.485012
2025-12-14 17:50:00,9789.010000,117.920000,79.143378,121.801292
2025-12-14 17:55:00,9783.810000,98.790000,77.094329,121.383171
2025-12-14 18:00:00,9743.290000,80.020000,91.570768,121.781845
2025-12-14 18:05:00,9787.090000,80.020000,98.232028,125.434076
2025-12-14 18:10:00,9746.000000,80.020000,81.320734,119.557228
2025-12-14 18:15:00,9747.390000,99.880000,104.010872,130.334410
2025-12-14 18:20:00,9717.030000,101.070000,109.159792,130.562774
2025-12-14 18:25:00,9620.540000,111.270000,134.443556,128.879307
2025-12-14 18:30:00,9619.280000,120.010000,134.562601,127.086833
2025-12-14 18:35:00,9548.970000,113.100000,138.375706,132.948404
2025-12-14 18:40:00,9573.910000,90.070000,144.830414,137.038054
2025-12-14 18:45:00,9640.390000,120.010000,163.325609,148.097261
2025-12-14 18:50:00,9622.410000,115.170000,156.216215,148.082252
2025-12-14 18:55:00,9621.810000,120.010000,156.528865,143.293550
2025-12-14 19:00:00,9503.390000,120.010000,135.507082,143.534507
2025-12-14 19:05:00,9460.920000,115.470000,120.644156,142.220402
2025-12-14 19:10:00,9431.580000,120.010000,121.919413,139.225835
2025-12-14 19:15:00,9496.080000,116.080000,136.736867,134.388001
2025-12-14 19:20:00,9382.130000,113.370000,130.394804,130.908165
2025-12-14 19:25:00,9466.690000,133.620000,136.736938,136.234911
2025-12-14 19:30:00,9479.680000,121.820000,139.173617,146.314568
2025-12-14 19:35:00,9459.480000,108.700000,138.944723,145.130103
2025-12-14 19:40:00,9410.140000,117.930000,118.349847,128.621101
2025-12-14 19:45:00,9373.710000,91.850000,121.062847,134.201438
2025-12-14 19:50:00,9434.830000,120.010000,122.918132,136.051925
2025-12-14 19:55:00,9356.990000,133.350000,113.942524,132.432411
2025-12-14 20:00:00,9250.090000,128.120000,113.942524,134.002093
2025-12-14 20:05:00,9161.740000,73.200000,116.780161,138.455714
2025-12-14 20:10:00,9170.790000,92.100000,122.113587,151.953964
2025-12-14 20:15:00,9104.850000,118.080000,113.970486,148.726874
2025-12-14 20:20:00,8944.810000,96.450000,110.871038,143.331537
2025-12-14 20:25:00,8875.160000,92.960000,120.650664,146.967757
2025-12-14 20:30:00,8840.130000,87.050000,116.111814,140.305039
2025-12-14 20:35:00,8814.110000,97.190000,110.066014,138.221873
2025-12-14 20:40:00,8745.660000,120.010000,111.618629,139.234291
2025-12-14 20:45:00,8634.140000,93.740000,99.456844,120.306918
2025-12-14 20:50:00,8645.820000,109.410000,106.703416,133.689920
2025-12-14 20:55:00,8530.900000,80.080000,115.564572,135.186395
2025-12-14 21:00:00,8552.530000,80.080000,113.735729,140.054830
2025-12-14 21:05:00,8426.960000,102.600000,77.708955,87.115841
2025-12-14 21:10:00,8458.120000,106.850000,91.398594,96.554673
2025-12-14 21:15:00,8358.610000,94.450000,97.687104,107.146605
2025-12-14 21:20:00,8286.430000,73.200000,90.037107,97.306214
2025-12-14 21:25:00,8296.500000,90.290000,90.037107,97.846025
2025-12-14 21:30:00,8278.940000,89.900000,85.671221,92.159589
2025-12-14 21:35:00,8252.770000,96.730000,88.833400,96.582621
2025-12-14 21:40:00,8115.940000,84.790000,95.379989,104.792331
2025-12-14 21:45:00,8141.870000,80.080000,87.910644,97.660955
2025-12-14 21:50:00,8087.820000,84.790000,95.748976,101.353784
2025-12-14 21:55:00,7984.400000,80.020000,77.816327,83.109758
2025-12-14 22:00:00,7897.200000,80.020000,74.991711,81.775768
2025-12-14 22:05:00,7744.120000,80.020000,88.786818,96.741391
2025-12-14 22:10:00,7757.980000,80.230000,91.187699,99.180521
2025-12-14 22:15:00,7737.130000,80.310000,87.332343,96.835917
2025-12-14 22:20:00,7647.440000,80.020000,73.151126,83.321837
2025-12-14 22:25:00,7709.590000,88.450000,85.708554,94.258133
2025-12-14 22:30:00,7659.700000,79.950000,85.192415,94.224903
2025-12-14 22:35:00,7582.890000,89.120000,85.074546,99.164506
2025-12-14 22:40:00,7549.020000,80.020000,80.735043,90.195307
2025-12-14 22:45:00,7610.800000,80.020000,77.589152,86.056158
2025-12-14 22:50:00,7503.160000,80.020000,79.145109,89.249881
2025-12-14 22:55:00,7455.120000,80.020000,73.148693,84.437778
2025-12-14 23:00:00,7434.190000,80.020000,73.692282,85.407482
2025-12-14 23:05:00,7356.690000,80.020000,75.011776,85.665829
2025-12-14 23:10:00,7332.720000,91.150000,76.124301,85.058234
2025-12-14 23:15:00,7318.830000,80.070000,77.014691,86.060909
2025-12-14 23:20:00,7290.890000,84.790000,74.455128,86.596729
2025-12-14 23:25:00,7251.090000,92.130000,79.133202,95.020628
2025-12-14 23:30:00,7179.980000,92.290000,75.325997,86.060909
2025-12-14 23:35:00,7168.130000,80.080000,84.135950,101.120239
2025-12-14 23:40:00,7170.270000,92.850000,76.945016,87.035538
2025-12-14 23:45:00,7098.210000,102.600000,74.455128,86.960971
2025-12-14 23:50:00,7116.790000,81.920000,76.945016,88.409211
2025-12-14 23:55:00,7084.520000,93.620000,76.945016,90.715875
2025-12-15 00:00:00,7103.000000,93.660000,79.772425,89.873746
2025-12-15 00:05:00,6965.720000,85.970000,79.772425,86.641427
2025-12-15 00:10:00,7030.620000,96.060000,89.428301,100.741062
2025-12-15 00:15:00,6990.960000,102.600000,81.560784,89.380304
2025-12-15 00:20:00,6960.280000,93.860000,83.886516,97.154304
2025-12-15 00:25:00,6847.720000,83.390000,86.245976,105.039291
2025-12-15 00:30:00,6835.580000,93.910000,86.245976,105.268340
2025-12-15 00:35:00,6846.390000,102.600000,78.010398,86.016733
2025-12-15 00:40:00,6818.190000,108.890000,85.526204,102.227761
2025-12-15 00:45:00,6776.180000,102.600000,91.082553,113.107918
2025-12-15 00:50:00,6691.710000,102.600000,75.319141,89.280122
2025-12-15 00:55:00,6651.980000,94.650000,83.270647,101.212482
2025-12-15 01:00:00,6683.700000,95.830000,83.270647,102.376556
2025-12-15 01:05:00,6701.660000,108.890000,82.258128,100.999815
2025-12-15 01:10:00,6609.560000,108.890000,82.330605,102.783867
2025-12-15 01:15:00,6634.810000,102.600000,88.166344,108.475791
2025-12-15 01:20:00,6609.640000,102.600000,82.330605,103.552248
2025-12-15 01:25:00,6582.240000,102.600000,77.655077,93.873167
2025-12-15 01:30:00,6582.900000,102.600000,84.606621,106.350527
2025-12-15 01:35:00,6575.720000,92.910000,90.054334,112.982136
2025-12-15 01:40:00,6492.890000,89.340000,89.981744,115.452957
2025-12-15 01:45:00,6514.880000,93.830000,89.817821,112.674135
2025-12-15 01:50:00,6478.460000,91.870000,89.580853,113.072945
2025-12-15 01:55:00,6483.000000,92.450000,84.606621,106.953482
2025-12-15 02:00:00,6439.690000,93.130000,85.053815,107.114636
2025-12-15 02:05:00,6414.590000,80.020000,87.086457,108.669511
2025-12-15 02:10:00,6494.720000,84.790000,89.966952,115.607313
2025-12-15 02:15:00,6474.570000,84.790000,88.255839,110.440468
2025-12-15 02:20:00,6491.240000,80.020000,88.255839,110.515984
2025-12-15 02:25:00,6482.330000,80.020000,88.255839,110.756975
2025-12-15 02:30:00,6411.030000,80.020000,86.634617,109.896738
2025-12-15 02:35:00,6365.870000,80.020000,81.703884,103.615751
2025-12-15 02:40:00,6450.110000,93.340000,81.831226,99.375458
2025-12-15 02:45:00,6426.790000,80.020000,83.355174,103.736056
2025-12-15 02:50:00,6439.330000,84.790000,82.916910,103.041243
2025-12-15 02:55:00,6443.660000,84.790000,81.499760,102.089061
2025-12-15 03:00:00,6395.110000,93.220000,81.052249,103.247850
2025-12-15 03:05:00,6405.640000,84.790000,71.669849,88.794806
2025-12-15 03:10:00,6432.660000,83.050000,75.774108,93.250501
2025-12-15 03:15:00,6461.660000,102.600000,77.885094,95.471550
2025-12-15 03:20:00,6437.730000,102.600000,72.057818,88.106953
2025-12-15 03:25:00,6362.460000,84.790000,71.705014,89.109136
2025-12-15 03:30:00,6399.690000,93.520000,72.904166,94.185189
2025-12-15 03:35:00,6413.310000,90.450000,73.479128,94.185189
2025-12-15 03:40:00,6424.410000,84.790000,81.451035,105.529935
2025-12-15 03:45:00,6466.090000,84.910000,72.904166,92.030644
2025-12-15 03:50:00,6424.510000,84.790000,73.479065,94.705326
2025-12-15 03:55:00,6479.710000,89.840000,75.774108,95.652892
2025-12-15 04:00:00,6454.810000,84.790000,82.407689,108.299362
2025-12-15 04:05:00,6512.360000,74.910000,77.885094,99.371238
2025-12-15 04:10:00,6637.560000,91.890000,77.639243,103.737946
2025-12-15 04:15:00,6624.490000,79.950000,89.834599,119.786857
2025-12-15 04:20:00,6597.350000,80.940000,89.834599,118.429011
2025-12-15 04:25:00,6698.950000,119.890000,82.580089,98.280039
2025-12-15 04:30:00,6610.370000,78.490000,88.774047,120.839869
2025-12-15 04:35:00,6678.500000,89.950000,90.701680,115.381462
2025-12-15 04:40:00,6684.810000,98.390000,85.050062,115.416029
2025-12-15 04:45:00,6740.970000,108.960000,89.007529,115.188093
2025-12-15 04:50:00,6732.030000,89.880000,87.020901,115.989036
2025-12-15 04:55:00,6830.130000,102.600000,92.932777,116.959949
2025-12-15 05:00:00,6852.460000,111.640000,94.698203,122.568043
2025-12-15 05:05:00,6804.340000,90.410000,76.402640,101.240177
2025-12-15 05:10:00,6864.870000,89.740000,86.235963,117.146470
2025-12-15 05:15:00,6905.910000,80.020000,75.008887,101.047119
2025-12-15 05:20:00,6944.780000,73.200000,77.591223,109.475383
2025-12-15 05:25:00,7046.600000,80.020000,91.841523,134.609819
2025-12-15 05:30:00,7090.240000,73.400000,73.068044,94.799735
2025-12-15 05:35:00,6982.960000,72.220000,76.569066,91.184394
2025-12-15 05:40:00,7066.250000,57.080000,68.945584,88.272746
2025-12-15 05:45:00,7084.950000,54.580000,65.788040,88.317552
2025-12-15 05:50:00,7127.410000,56.060000,48.495917,68.945602
2025-12-15 05:55:00,7126.380000,39.380000,25.560403,67.854559
2025-12-15 06:00:00,7023.080000,42.640000,10.286578,64.342040
2025-12-15 06:05:00,7104.060000,53.980000,13.427967,53.276037
2025-12-15 06:10:00,7155.800000,35.880000,6.718861,46.274586
2025-12-15 06:15:00,7260.080000,57.060000,6.010311,43.218978
2025-12-15 06:20:00,7206.370000,36.140000,3.742880,40.504102
2025-12-15 06:25:00,7258.700000,52.900000,3.999963,41.010439
2025-12-15 06:30:00,7269.980000,36.060000,3.820578,40.843534
2025-12-15 06:35:00,7317.750000,7.920000,5.789742,43.233002
2025-12-15 06:40:00,7218.280000,35.880000,3.899379,38.491086
2025-12-15 06:45:00,7270.780000,48.100000,4.153911,38.018897
2025-12-15 06:50:00,7245.910000,47.560000,4.167458,38.018897
2025-12-15 06:55:00,7297.720000,59.260000,2.822263,40.807415
2025-12-15 07:00:00,7176.830000,53.390000,5.170325,42.445454
2025-12-15 07:05:00,7200.010000,34.570000,20.896689,57.410233
2025-12-15 07:10:00,7221.920000,53.000000,7.310526,52.263317
2025-12-15 07:15:00,7193.350000,54.480000,25.000999,57.972810
2025-12-15 07:20:00,7072.130000,53.470000,9.769339,56.360613
2025-12-15 07:25:00,7033.600000,52.640000,20.138152,61.417394
2025-12-15 07:30:00,6995.510000,35.880000,8.602007,59.338935
2025-12-15 07:35:00,6833.560000,36.060000,0.818269,37.583626
2025-12-15 07:40:00,6812.540000,52.320000,2.951900,43.395164
2025-12-15 07:45:00,6759.080000,13.580000,6.371737,46.203930
2025-12-15 07:50:00,6700.060000,36.060000,6.585820,48.830488
2025-12-15 07:55:00,6664.700000,36.060000,6.682034,51.426553
2025-12-15 08:00:00,6478.700000,13.700000,5.650252,48.894586
2025-12-15 08:05:00,6475.340000,47.850000,0.854976,42.915836
2025-12-15 08:10:00,6371.880000,36.060000,4.111750,45.607341
2025-12-15 08:15:00,6313.170000,13.610000,4.111750,41.293029
2025-12-15 08:20:00,6323.880000,36.060000,6.197074,45.693476
2025-12-15 08:25:00,6319.840000,44.550000,6.453365,45.711171
2025-12-15 08:30:00,6163.100000,36.060000,2.181597,38.903332
2025-12-15 08:35:00,6115.280000,-6.850000,2.286365,38.903332
2025-12-15 08:40:00,6063.290000,33.800000,2.239152,40.353034
2025-12-15 08:45:00,5960.110000,34.070000,-0.194073,31.971205
2025-12-15 08:50:00,5892.910000,0.000000,1.271601,36.056355
2025-12-15 08:55:00,5903.050000,25.360000,0.800807,36.542714
2025-12-15 09:00:00,5768.350000,36.060000,-0.736950,35.103287
2025-12-15 09:05:00,5823.840000,13.950000,1.202082,42.621207
2025-12-15 09:10:00,5853.290000,34.320000,1.147932,41.656951
2025-12-15 09:15:00,5746.670000,52.640000,-0.536327,34.990765
2025-12-15 09:20:00,5767.060000,13.580000,0.465762,42.047919
2025-12-15 09:25:00,5791.490000,-6.650000,0.821059,46.151676
2025-12-15 09:30:00,5751.100000,45.010000,0.135798,48.000170
2025-12-15 09:35:00,5724.100000,47.230000,0.268069,42.697053
2025-12-15 09:40:00,5795.370000,0.000000,3.137886,53.158934
2025-12-15 09:45:00,5823.780000,35.050000,5.283812,60.413356
2025-12-15 09:50:00,5744.930000,40.730000,2.609477,53.783373
2025-12-15 09:55:00,5719.080000,34.620000,2.400249,55.428435
2025-12-15 10:00:00,5653.180000,34.050000,4.123023,59.888584
2025-12-15 10:05:00,5624.830000,13.210000,1.746770,44.418566
2025-12-15 10:10:00,5700.480000,33.330000,2.437005,53.920466
2025-12-15 10:15:00,5605.300000,14.940000,3.472608,49.198149
2025-12-15 10:20:00,5544.900000,51.100000,1.574655,34.520312
2025-12-15 10:25:00,5502.370000,41.840000,-0.354938,30.069600
2025-12-15 10:30:00,5512.190000,0.000000,5.290547,46.342871
2025-12-15 10:35:00,5540.910000,25.410000,1.908129,41.017251
2025-12-15 10:40:00,5445.840000,34.010000,-2.012303,23.177096
2025-12-15 10:45:00,5472.120000,32.690000,0.291399,31.661090
2025-12-15 10:50:00,5545.880000,46.330000,3.212480,40.728846
2025-12-15 10:55:00,5505.360000,41.430000,2.336433,38.464264
2025-12-15 11:00:00,5461.740000,49.800000,1.595695,38.398070
2025-12-15 11:05:00,5364.080000,41.360000,0.299327,33.463993
2025-12-15 11:10:00,5413.350000,66.640000,1.462772,38.303373
2025-12-15 11:15:00,5351.750000,70.150000,0.531100,34.189887
2025-12-15 11:20:00,5388.320000,12.670000,2.872237,42.767026
2025-12-15 11:25:00,5356.740000,34.010000,1.474501,43.757347
2025-12-15 11:30:00,5303.900000,50.010000,-1.218338,33.602062
2025-12-15 11:35:00,5293.740000,33.750000,0.287649,31.648210
2025-12-15 11:40:00,5305.600000,49.530000,1.080200,35.376088
2025-12-15 11:45:00,5250.460000,51.020000,0.173176,31.800505
2025-12-15 11:50:00,5209.420000,49.250000,-0.037802,28.202844
2025-12-15 11:55:00,5165.210000,51.250000,-0.195209,26.637722
2025-12-15 12:00:00,5114.120000,45.010000,-0.095848,27.473017
2025-12-15 12:05:00,5141.860000,-5.510000,0.356243,32.250908
2025-12-15 12:10:00,5219.290000,88.410000,-0.790643,34.352285
2025-12-15 12:15:00,5089.410000,57.060000,-0.573865,35.287543
2025-12-15 12:20:00,5168.490000,-20.000000,-1.275964,31.494343
2025-12-15 12:25:00,5343.240000,82.750000,0.184141,45.431867
2025-12-15 12:30:00,5295.040000,36.060000,-0.000682,44.232168
2025-12-15 12:35:00,5316.790000,57.060000,-0.129042,43.879223
2025-12-15 12:40:00,5402.350000,57.060000,0.381389,46.818913
2025-12-15 12:45:00,5433.260000,57.060000,1.742876,55.418502
2025-12-15 12:50:00,5511.340000,52.570000,3.218600,56.134759
2025-12-15 12:55:00,5640.000000,65.290000,5.123088,60.084749
2025-12-15 13:00:00,5716.740000,83.510000,6.027750,79.686543
2025-12-15 13:05:00,5662.800000,59.640000,4.509566,56.677835
2025-12-15 13:10:00,5690.240000,57.060000,6.913691,70.064230
2025-12-15 13:15:00,5754.070000,57.060000,7.916569,73.766194
2025-12-15 13:20:00,5670.420000,40.540000,3.380908,46.017813
2025-12-15 13:25:00,5685.960000,53.840000,11.144836,57.775566
2025-12-15 13:30:00,5553.320000,57.060000,5.694313,44.543276
2025-12-15 13:35:00,5576.340000,-5.510000,6.498671,44.483242
2025-12-15 13:40:00,5593.140000,0.280000,3.026316,49.400301
2025-12-15 13:45:00,5543.100000,36.060000,1.850672,45.908772
2025-12-15 13:50:00,5537.680000,65.020000,1.851415,44.284921
2025-12-15 13:55:00,5544.560000,57.060000,0.507850,43.043122
2025-12-15 14:00:00,5530.250000,52.650000,0.503097,44.007107
2025-12-15 14:05:00,5648.130000,59.640000,2.381451,48.189536
2025-12-15 14:10:00,5643.300000,-27.500000,2.381451,46.961792
2025-12-15 14:15:00,5734.210000,84.790000,1.269520,71.553948
2025-12-15 14:20:00,5588.750000,-27.500000,0.977979,54.260504
2025-12-15 14:25:00,5839.030000,84.790000,1.619118,76.964536
2025-12-15 14:30:00,5875.640000,36.060000,1.674132,82.038546
2025-12-15 14:35:00,5939.520000,64.060000,2.275299,75.106688
2025-12-15 14:40:00,6011.050000,77.000000,5.125152,78.484609
2025-12-15 14:45:00,6076.770000,57.060000,8.621329,85.707765
2025-12-15 14:50:00,6166.700000,74.060000,5.932353,85.269393
2025-12-15 14:55:00,6345.490000,84.790000,3.541024,87.804517
2025-12-15 15:00:00,6471.250000,84.790000,3.658618,86.493124
2025-12-15 15:05:00,6614.960000,158.980000,3.100470,90.828441
2025-12-15 15:10:00,6731.130000,84.790000,2.045849,91.679395
2025-12-15 15:15:00,6954.770000,158.980000,10.250845,115.578367
2025-12-15 15:20:00,7013.170000,73.200000,2.988422,92.359250
2025-12-15 15:25:00,7272.550000,149.990000,9.732208,117.937754
2025-12-15 15:30:00,7247.950000,84.790000,7.099955,109.370686
2025-12-15 15:35:00,7294.650000,73.200000,5.030593,95.086817
2025-12-15 15:40:00,7345.130000,84.790000,5.889439,95.570596
2025-12-15 15:45:00,7374.080000,73.200000,3.521549,93.213534
2025-12-15 15:50:00,7367.780000,-10.020000,5.574533,93.782627
2025-12-15 15:55:00,7561.150000,57.060000,2.531881,124.138646
2025-12-15 16:00:00,7501.100000,57.060000,2.563976,121.402418
2025-12-15 16:05:00,7588.150000,201.160000,2.667443,170.778203
2025-12-15 16:10:00,7441.260000,110.450000,3.359719,131.416912
2025-12-15 16:15:00,7579.250000,117.100000,5.804084,190.285776
2025-12-15 16:20:00,7656.960000,57.060000,3.859613,116.235590
2025-12-15 16:25:00,7777.150000,54.410000,7.193280,192.567913
2025-12-15 16:30:00,7882.930000,64.890000,4.729416,119.726279
2025-12-15 16:35:00,8014.820000,80.020000,3.643455,122.341537
2025-12-15 16:40:00,8062.820000,116.840000,6.888448,135.123566
2025-12-15 16:45:00,8097.850000,57.060000,7.889456,127.483237
2025-12-15 16:50:00,8252.260000,64.890000,3.760611,123.800244
2025-12-15 16:55:00,8286.870000,64.890000,10.768407,117.063886
2025-12-15 17:00:00,8348.200000,73.200000,11.542177,117.007454
2025-12-15 17:05:00,8390.070000,64.890000,28.572853,220.569485
2025-12-15 17:10:00,8399.670000,57.060000,41.933203,159.818564
2025-12-15 17:15:00,8329.990000,56.990000,47.102534,163.826660
2025-12-15 17:20:00,8395.650000,57.060000,43.208995,100.359487
2025-12-15 17:25:00,8399.250000,57.080000,45.363809,107.797473
2025-12-15 17:30:00,8466.960000,64.890000,52.495772,113.554258
2025-12-15 17:35:00,8458.780000,80.020000,59.510582,123.683079
2025-12-15 17:40:00,8474.070000,80.020000,76.378798,165.210325
2025-12-15 17:45:00,8524.730000,80.020000,65.067082,111.835586
2025-12-15 17:50:00,8552.740000,150.740000,93.298896,125.421382
2025-12-15 17:55:00,8538.620000,134.760000,89.286422,150.765557
2025-12-15 18:00:00,8449.050000,151.840000,83.527676,153.118944
2025-12-15 18:05:00,8399.980000,120.010000,83.098772,155.975208
2025-12-15 18:10:00,8473.230000,120.010000,111.439075,163.308117
2025-12-15 18:15:00,8430.750000,117.880000,122.198396,165.523428
2025-12-15 18:20:00,8417.640000,90.410000,128.767903,169.750880
2025-12-15 18:25:00,8487.650000,120.010000,130.238097,169.750880
2025-12-15 18:30:00,8457.010000,123.670000,138.615571,170.763275
2025-12-15 18:35:00,8445.620000,123.680000,150.257583,179.392518
2025-12-15 18:40:00,8424.610000,152.050000,147.197756,182.545354
2025-12-15 18:45:00,8248.020000,120.010000,143.523517,176.353990
2025-12-15 18:50:00,8319.050000,109.420000,183.912935,210.006138
2025-12-15 18:55:00,8347.400000,94.260000,182.337439,204.592462
2025-12-15 19:00:00,8440.240000,114.330000,190.991824,214.215539
2025-12-15 19:05:00,8331.790000,80.080000,164.158008,179.049113
2025-12-15 19:10:00,8516.050000,120.010000,157.859611,192.081428
2025-12-15 19:15:00,8398.470000,98.060000,155.090041,191.036724
2025-12-15 19:20:00,8382.020000,110.670000,135.762444,180.838812
2025-12-15 19:25:00,8386.500000,111.550000,148.214503,187.308188
2025-12-15 19:30:00,8413.940000,98.660000,147.781733,190.455299
2025-12-15 19:35:00,8404.910000,90.960000,138.279577,184.648152
2025-12-15 19:40:00,8337.940000,114.970000,146.000908,201.514810
2025-12-15 19:45:00,8309.430000,109.280000,118.453059,149.400482
2025-12-15 19:50:00,8187.080000,80.010000,108.775091,135.220986
2025-12-15 19:55:00,8228.750000,80.020000,99.379363,130.704197
2025-12-15 20:00:00,8258.970000,93.220000,111.171755,147.066262
2025-12-15 20:05:00,8194.410000,88.360000,92.333769,110.967722
2025-12-15 20:10:00,8101.360000,89.970000,110.030698,148.022344
2025-12-15 20:15:00,8137.230000,93.570000,103.372076,125.697608
2025-12-15 20:20:00,8074.270000,94.220000,110.030698,137.967957
2025-12-15 20:25:00,8014.730000,97.470000,107.432088,135.033952
2025-12-15 20:30:00,7962.300000,96.110000,98.388472,118.843457
2025-12-15 20:35:00,7844.480000,87.430000,92.786252,105.298285
2025-12-15 20:40:00,7934.470000,98.650000,106.225909,130.196583
2025-12-15 20:45:00,7872.410000,97.340000,105.135611,124.732409
2025-12-15 20:50:00,7848.770000,94.670000,85.858435,91.792167
2025-12-15 20:55:00,7792.560000,87.890000,82.606770,86.923646
2025-12-15 21:00:00,7766.500000,84.930000,92.930328,104.361895
2025-12-15 21:05:00,7766.740000,94.560000,88.582897,96.500271
2025-12-15 21:10:00,7772.570000,87.690000,91.623374,99.233388
2025-12-15 21:15:00,7854.570000,88.120000,94.017260,103.542516
2025-12-15 21:20:00,7836.840000,94.240000,92.930328,104.733528
2025-12-15 21:25:00,7751.430000,87.890000,95.686264,104.508567
2025-12-15 21:30:00,7776.190000,89.070000,94.017260,104.530005
2025-12-15 21:35:00,7729.450000,88.630000,92.411047,99.322585
2025-12-15 21:40:00,7685.760000,86.970000,95.032481,106.042167
2025-12-15 21:45:00,7697.110000,85.950000,96.629195,105.746365
2025-12-15 21:50:00,7638.670000,85.930000,93.512108,104.735235
2025-12-15 21:55:00,7693.900000,69.710000,91.342683,96.387188
2025-12-15 22:00:00,7616.850000,66.640000,89.473774,96.841694
2025-12-15 22:05:00,7605.380000,67.560000,92.160030,114.168280
2025-12-15 22:10:00,7579.550000,68.190000,86.056009,103.743399
2025-12-15 22:15:00,7589.530000,69.500000,84.954307,101.631747
2025-12-15 22:20:00,7525.500000,69.160000,83.805011,106.269767
2025-12-15 22:25:00,7495.650000,66.800000,81.569411,99.872179
2025-12-15 22:30:00,7469.360000,67.740000,82.097622,94.852195
2025-12-15 22:35:00,7424.540000,67.210000,81.945053,88.320038
2025-12-15 22:40:00,7365.040000,67.150000,75.062296,87.736090
2025-12-15 22:45:00,7423.930000,76.650000,78.478531,88.769301
2025-12-15 22:50:00,7349.430000,67.790000,75.062296,85.694989
2025-12-15 22:55:00,7317.580000,67.740000,54.588291,75.083350
2025-12-15 23:00:00,7264.790000,66.800000,59.315361,74.173601
2025-12-15 23:05:00,7258.200000,66.790000,59.315361,75.437264
2025-12-15 23:10:00,7261.750000,70.120000,60.009184,75.643700
2025-12-15 23:15:00,7201.860000,70.120000,59.315361,75.694744
2025-12-15 23:20:00,7071.230000,66.600000,59.121851,75.850180
2025-12-15 23:25:00,7057.490000,65.240000,59.813410,74.581147
2025-12-15 23:30:00,7079.430000,66.130000,60.373127,76.098249
2025-12-15 23:35:00,7061.490000,73.200000,62.276581,75.966163
2025-12-15 23:40:00,7063.550000,72.000000,63.005032,76.442495
2025-12-15 23:45:00,6937.390000,68.000000,65.372419,78.766314
2025-12-15 23:50:00,6979.400000,71.660000,62.276581,76.666343
2025-12-15 23:55:00,6974.680000,68.490000,65.672939,77.603009
2025-12-16 00:00:00,7005.880000,64.130000,68.893645,75.088903
2025-12-16 00:05:00,6902.160000,63.710000,68.035616,75.364140
2025-12-16 00:10:00,6954.060000,64.890000,68.893645,76.776801
2025-12-16 00:15:00,6819.740000,64.890000,68.741217,77.030627
2025-12-16 00:20:00,6888.190000,71.860000,70.286074,76.243812
2025-12-16 00:25:00,6825.560000,68.850000,67.088924,76.969046
2025-12-16 00:30:00,6818.250000,63.950000,67.873650,75.050945
2025-12-16 00:35:00,6776.200000,64.890000,73.240562,79.795717
2025-12-16 00:40:00,6835.800000,71.390000,73.240562,78.421139
2025-12-16 00:45:00,6795.170000,69.880000,70.174598,76.794298
2025-12-16 00:50:00,6776.670000,71.280000,72.373819,77.588821
2025-12-16 00:55:00,6767.650000,64.890000,69.454288,76.719740
2025-12-16 01:00:00,6730.550000,64.890000,66.076779,72.259677
2025-12-16 01:05:00,6709.300000,71.230000,67.439295,72.143399
2025-12-16 01:10:00,6611.620000,64.890000,66.015107,73.176478
2025-12-16 01:15:00,6567.450000,62.030000,67.108986,73.665986
2025-12-16 01:20:00,6594.870000,65.000000,70.940039,77.704867
2025-12-16 01:25:00,6511.860000,64.890000,68.447482,76.068238
2025-12-16 01:30:00,6568.160000,73.200000,67.108986,72.600096
2025-12-16 01:35:00,6574.850000,73.200000,65.753142,74.662661
2025-12-16 01:40:00,6487.050000,69.360000,67.555789,76.864145
2025-12-16 01:45:00,6510.340000,69.440000,67.654563,75.433620
2025-12-16 01:50:00,6442.380000,68.900000,65.763200,75.446129
2025-12-16 01:55:00,6441.930000,68.900000,60.722197,72.655442
2025-12-16 02:00:00,6409.370000,72.730000,61.958877,73.062608
2025-12-16 02:05:00,6334.400000,65.000000,58.804850,74.021620
2025-12-16 02:10:00,6437.370000,69.480000,59.726535,73.379374
2025-12-16 02:15:00,6404.450000,68.460000,59.726535,71.862962
2025-12-16 02:20:00,6390.320000,64.080000,58.487702,71.331079
2025-12-16 02:25:00,6340.200000,64.890000,58.487702,70.822594
2025-12-16 02:30:00,6375.480000,64.890000,63.404103,75.389398
2025-12-16 02:35:00,6362.170000,65.000000,63.404103,75.389398
2025-12-16 02:40:00,6348.950000,64.890000,62.980898,74.297441
2025-12-16 02:45:00,6395.720000,73.600000,62.252726,74.260156
2025-12-16 02:50:00,6324.050000,62.410000,62.205841,74.038051
2025-12-16 02:55:00,6333.170000,73.200000,62.380451,75.094330
2025-12-16 03:00:00,6380.420000,74.780000,66.306063,77.029778
2025-12-16 03:05:00,6388.890000,62.070000,60.754996,77.069117
2025-12-16 03:10:00,6355.460000,65.000000,63.547868,76.272976
2025-12-16 03:15:00,6372.800000,61.590000,64.957961,77.966470
2025-12-16 03:20:00,6365.090000,64.890000,62.425951,75.359184
2025-12-16 03:25:00,6396.280000,72.010000,60.724796,76.198163
2025-12-16 03:30:00,6423.180000,62.970000,61.435100,76.236421
2025-12-16 03:35:00,6332.560000,60.960000,61.134296,76.649359
2025-12-16 03:40:00,6344.330000,61.760000,60.427468,75.610043
2025-12-16 03:45:00,6371.330000,64.890000,65.506879,79.541430
2025-12-16 03:50:00,6393.780000,64.890000,61.840827,73.608110
2025-12-16 03:55:00,6445.180000,64.890000,68.126797,76.895459
2025-12-16 04:00:00,6386.900000,62.840000,65.676026,76.096555
2025-12-16 04:05:00,6454.920000,63.740000,59.958568,67.898814
2025-12-16 04:10:00,6525.850000,64.890000,60.659912,71.008530
2025-12-16 04:15:00,6596.880000,73.200000,61.652180,68.261188
2025-12-16 04:20:00,6633.080000,73.200000,63.623878,71.590361
2025-12-16 04:25:00,6629.510000,73.200000,70.502324,76.320828
2025-12-16 04:30:00,6638.910000,65.000000,63.126017,70.641856
2025-12-16 04:35:00,6689.800000,66.870000,64.874023,71.426297
2025-12-16 04:40:00,6699.320000,75.430000,67.007894,71.952948
2025-12-16 04:45:00,6653.510000,73.670000,66.211743,74.673902
2025-12-16 04:50:00,6734.230000,74.860000,67.320046,74.016960
2025-12-16 04:55:00,6841.820000,77.340000,74.732560,80.211134
2025-12-16 05:00:00,6781.580000,77.770000,77.289482,82.769927
2025-12-16 05:05:00,6852.510000,78.200000,79.305694,84.456579
2025-12-16 05:10:00,6912.930000,78.180000,78.897958,85.414360
2025-12-16 05:15:00,6943.790000,77.660000,84.644124,90.712323
2025-12-16 05:20:00,7007.880000,84.790000,84.644124,90.970046
2025-12-16 05:25:00,7088.040000,85.140000,84.644124,93.480616
2025-12-16 05:30:00,7101.830000,84.230000,77.164736,88.466875
2025-12-16 05:35:00,7176.290000,77.270000,78.170620,85.251268
2025-12-16 05:40:00,7164.750000,75.530000,76.747915,88.567202
2025-12-16 05:45:00,7231.690000,73.200000,73.202344,86.710104
2025-12-16 05:50:00,7302.160000,60.480000,71.403540,83.516378
2025-12-16 05:55:00,7253.120000,57.060000,59.116607,73.784033
2025-12-16 06:00:00,7242.320000,58.410000,38.673860,68.960838
2025-12-16 06:05:00,7336.830000,49.360000,50.591814,70.481437
2025-12-16 06:10:00,7378.350000,48.420000,34.697271,67.804851
2025-12-16 06:15:00,7501.220000,57.060000,30.853664,65.619521
2025-12-16 06:20:00,7402.780000,57.530000,18.263769,59.106418
2025-12-16 06:25:00,7431.110000,48.940000,19.053147,54.911163
2025-12-16 06:30:00,7464.240000,57.060000,8.488750,53.936403
2025-12-16 06:35:00,7441.390000,57.060000,19.170430,62.977594
2025-12-16 06:40:00,7438.000000,49.950000,20.488648,64.181276
2025-12-16 06:45:00,7421.870000,57.060000,19.021430,64.218963
2025-12-16 06:50:00,7352.790000,49.950000,10.428510,54.595957
2025-12-16 06:55:00,7341.520000,41.950000,21.430158,59.277076
2025-12-16 07:00:00,7336.520000,10.720000,20.324115,60.417448
2025-12-16 07:05:00,7347.270000,58.880000,8.424483,50.526557
2025-12-16 07:10:00,7457.900000,84.790000,16.297181,59.203045
2025-12-16 07:15:00,7363.890000,49.520000,16.495029,61.232581
2025-12-16 07:20:00,7328.180000,57.060000,19.291909,59.089995
2025-12-16 07:25:00,7314.970000,61.240000,17.911012,57.577394
2025-12-16 07:30:00,7238.600000,52.150000,18.508746,56.358644
2025-12-16 07:35:00,7329.090000,66.140000,7.374341,46.184592
2025-12-16 07:40:00,7365.020000,56.750000,12.005362,52.302437
2025-12-16 07:45:00,7272.660000,49.360000,12.640836,56.253517
2025-12-16 07:50:00,7247.450000,63.560000,20.871069,65.270635
2025-12-16 07:55:00,7224.860000,69.970000,18.089484,65.275460
2025-12-16 08:00:00,7215.650000,50.590000,5.193134,54.384189
2025-12-16 08:05:00,7213.250000,40.540000,32.572162,71.501438
2025-12-16 08:10:00,7271.620000,68.580000,40.184287,79.047023
2025-12-16 08:15:00,7249.600000,70.450000,28.603131,69.095698
2025-12-16 08:20:00,7207.320000,69.190000,33.728676,72.464943
2025-12-16 08:25:00,7255.010000,57.060000,36.642271,74.347356
2025-12-16 08:30:00,7188.170000,47.160000,36.241752,77.607345
2025-12-16 08:35:00,7262.270000,53.000000,37.817022,86.762663
2025-12-16 08:40:00,7203.540000,63.560000,38.165659,79.642899
2025-12-16 08:45:00,7177.090000,53.230000,36.752284,77.284674
2025-12-16 08:50:00,7086.610000,47.050000,32.704424,74.789231
2025-12-16 08:55:00,7162.560000,53.950000,37.620185,75.971468
2025-12-16 09:00:00,7111.250000,51.830000,31.002094,68.690460
2025-12-16 09:05:00,7110.590000,52.820000,21.603031,63.485830
2025-12-16 09:10:00,7105.800000,78.000000,36.176385,76.063934
2025-12-16 09:15:00,7100.650000,71.750000,38.149572,72.364475
2025-12-16 09:20:00,7129.620000,57.060000,32.561462,72.362689
2025-12-16 09:25:00,7007.360000,61.660000,29.165558,72.117583
2025-12-16 09:30:00,6996.010000,51.710000,26.007841,62.755233
2025-12-16 09:35:00,7033.130000,56.880000,26.064950,67.554524
2025-12-16 09:40:00,7228.780000,74.530000,31.083216,74.893449
2025-12-16 09:45:00,7094.940000,33.550000,24.907643,66.861645
2025-12-16 09:50:00,7258.480000,55.760000,30.410197,66.249833
2025-12-16 09:55:00,7287.240000,54.930000,30.634471,68.912773
2025-12-16 10:00:00,7170.220000,54.580000,30.338028,67.580847
2025-12-16 10:05:00,7219.020000,52.600000,28.317129,68.342876
2025-12-16 10:10:00,7124.290000,66.310000,40.259831,76.882274
2025-12-16 10:15:00,7117.690000,73.450000,37.043144,77.850088
2025-12-16 10:20:00,7095.070000,67.970000,37.668265,73.306833
2025-12-16 10:25:00,7120.410000,53.260000,37.619696,75.114727
2025-12-16 10:30:00,7094.770000,57.060000,33.465017,75.329563
2025-12-16 10:35:00,7026.860000,53.780000,35.121414,73.796706
2025-12-16 10:40:00,6996.160000,73.760000,37.966974,74.842051
2025-12-16 10:45:00,6979.620000,46.450000,16.734439,58.028941
2025-12-16 10:50:00,6988.780000,72.510000,31.758844,73.305457
2025-12-16 10:55:00,6970.850000,51.440000,30.226188,70.542292
2025-12-16 11:00:00,6846.910000,70.540000,30.305820,70.545139
2025-12-16 11:05:00,6799.310000,40.600000,28.054038,68.841667
2025-12-16 11:10:00,6752.600000,88.570000,33.057795,68.725994
2025-12-16 11:15:00,6788.430000,72.980000,37.808254,69.792869
2025-12-16 11:20:00,6682.390000,57.060000,26.976865,69.583904
2025-12-16 11:25:00,6686.720000,45.670000,22.605837,64.204546
2025-12-16 11:30:00,6757.270000,84.790000,34.307614,69.442514
2025-12-16 11:35:00,6736.730000,57.060000,27.150845,66.775757
2025-12-16 11:40:00,6761.050000,61.440000,34.109751,70.685228
2025-12-16 11:45:00,6678.930000,57.060000,24.902819,67.000547
2025-12-16 11:50:00,6662.620000,57.060000,36.385542,72.915947
2025-12-16 11:55:00,6666.820000,53.130000,31.478854,67.065953
2025-12-16 12:00:00,6732.820000,63.820000,32.281126,72.017604
2025-12-16 12:05:00,6739.860000,76.710000,24.800213,71.144372
2025-12-16 12:10:00,6797.290000,75.650000,46.237188,95.401503
2025-12-16 12:15:00,6712.700000,74.250000,36.811044,71.141370
2025-12-16 12:20:00,6790.040000,73.200000,29.779801,75.355857
2025-12-16 12:25:00,6759.120000,54.730000,32.274165,71.559875
2025-12-16 12:30:00,6835.710000,64.430000,36.769302,85.472428
2025-12-16 12:35:00,6833.200000,55.070000,35.218607,76.274035
2025-12-16 12:40:00,6765.290000,36.060000,36.802765,76.914963
2025-12-16 12:45:00,6873.030000,45.650000,35.808892,73.905885
2025-12-16 12:50:00,6865.660000,84.790000,33.187014,71.025067
2025-12-16 12:55:00,6865.370000,84.790000,35.976630,76.030922
2025-12-16 13:00:00,6827.500000,78.000000,36.536721,75.075251
2025-12-16 13:05:00,6841.970000,92.740000,41.030873,77.661554
2025-12-16 13:10:00,6905.070000,76.640000,38.129041,74.520732
2025-12-16 13:15:00,6910.430000,72.950000,40.912516,79.323480
2025-12-16 13:20:00,6977.020000,76.090000,36.148836,78.657191
2025-12-16 13:25:00,6948.870000,70.260000,32.178761,73.395535
2025-12-16 13:30:00,6871.400000,69.820000,36.536721,73.712275
2025-12-16 13:35:00,6982.520000,69.800000,30.546874,75.847338
2025-12-16 13:40:00,6943.070000,57.060000,14.109175,67.134026
2025-12-16 13:45:00,6940.720000,70.410000,28.320307,71.915912
2025-12-16 13:50:00,6866.760000,70.210000,44.552665,92.553721
2025-12-16 13:55:00,6926.610000,69.890000,43.578508,95.889787
2025-12-16 14:00:00,6891.110000,70.530000,41.708631,90.562808
2025-12-16 14:05:00,6843.300000,69.780000,47.881888,102.253872
2025-12-16 14:10:00,6846.900000,72.190000,30.833657,87.654986
2025-12-16 14:15:00,6868.780000,71.300000,38.024774,81.870457
2025-12-16 14:20:00,6822.640000,73.200000,30.496398,85.145385
2025-12-16 14:25:00,6869.760000,77.000000,39.556721,81.663839
2025-12-16 14:30:00,6957.810000,76.700000,36.805053,85.633667
2025-12-16 14:35:00,6983.100000,77.000000,37.308103,78.946727
2025-12-16 14:40:00,7065.360000,45.010000,37.079722,74.075192
2025-12-16 14:45:00,7129.550000,77.000000,43.716579,89.553625
2025-12-16 14:50:00,7071.980000,57.060000,38.382769,81.783341
2025-12-16 14:55:00,7174.730000,70.760000,38.906289,78.197869
2025-12-16 15:00:00,7136.330000,65.990000,28.832167,69.450453
2025-12-16 15:05:00,7175.850000,76.000000,28.822403,70.829223
2025-12-16 15:10:00,7103.060000,52.060000,30.068572,70.446484
2025-12-16 15:15:00,7151.990000,57.060000,28.612668,70.270082
2025-12-16 15:20:00,7281.530000,57.060000,28.312823,65.730856
2025-12-16 15:25:00,7343.030000,57.060000,29.960208,66.819308
2025-12-16 15:30:00,7376.840000,57.060000,25.541565,66.141550
2025-12-16 15:35:00,7469.990000,73.200000,34.280352,71.829820
2025-12-16 15:40:00,7487.750000,107.630000,21.998471,67.657818
2025-12-16 15:45:00,7488.580000,64.890000,33.873359,70.381422
2025-12-16 15:50:00,7597.360000,73.200000,27.894777,72.191536
2025-12-16 15:55:00,7716.580000,90.690000,36.531831,78.310548
2025-12-16 16:00:00,7641.730000,9.450000,30.431199,80.173370
2025-12-16 16:05:00,7835.120000,68.980000,21.647531,92.391581
2025-12-16 16:10:00,7839.270000,36.060000,18.291291,89.324373
2025-12-16 16:15:00,7846.780000,56.810000,23.523266,95.271998
2025-12-16 16:20:00,7822.700000,39.530000,27.984714,96.145025
2025-12-16 16:25:00,7866.840000,47.570000,22.270607,94.457436
2025-12-16 16:30:00,8021.600000,57.060000,29.627172,96.321611
2025-12-16 16:35:00,8077.990000,48.510000,30.642068,95.261204
2025-12-16 16:40:00,8015.720000,48.500000,38.660654,121.767693
2025-12-16 16:45:00,8043.610000,49.630000,26.072500,89.575160
2025-12-16 16:50:00,8172.590000,58.030000,41.203986,100.153237
2025-12-16 16:55:00,8261.350000,70.570000,52.472928,102.057740
2025-12-16 17:00:00,8254.110000,64.890000,32.400243,78.143571
2025-12-16 17:05:00,8288.930000,57.080000,55.924234,103.460015
2025-12-16 17:10:00,8231.660000,4.360000,44.386291,87.385147
2025-12-16 17:15:00,8227.970000,57.060000,56.913655,110.020669
2025-12-16 17:20:00,8321.270000,57.080000,54.817699,105.939760
2025-12-16 17:25:00,8339.140000,57.080000,58.128969,110.481518
2025-12-16 17:30:00,8255.620000,15.080000,56.932849,110.020669
2025-12-16 17:35:00,8444.840000,57.080000,56.706683,114.128692
2025-12-16 17:40:00,8320.640000,57.080000,58.190697,114.366324
2025-12-16 17:45:00,8322.940000,66.960000,78.329262,117.854896
2025-12-16 17:50:00,8417.980000,66.950000,79.865423,123.150942
2025-12-16 17:55:00,8394.360000,64.890000,84.201645,122.312144
2025-12-16 18:00:00,8358.750000,66.120000,82.034167,126.042633
2025-12-16 18:05:00,8321.300000,68.340000,81.000994,124.739514
2025-12-16 18:10:00,8306.170000,73.260000,45.807367,107.362599
2025-12-16 18:15:00,8280.150000,76.570000,88.300295,116.867024
2025-12-16 18:20:00,8144.360000,74.370000,78.583570,115.130500
2025-12-16 18:25:00,8217.730000,99.640000,94.305153,120.250576
2025-12-16 18:30:00,8183.140000,89.160000,76.635727,113.207978
2025-12-16 18:35:00,8216.530000,90.890000,104.019701,118.870967
2025-12-16 18:40:00,8209.660000,91.960000,105.823162,121.937821
2025-12-16 18:45:00,8183.820000,92.410000,105.527733,120.015000
2025-12-16 18:50:00,8094.350000,103.320000,104.526563,120.917784
2025-12-16 18:55:00,8099.140000,106.850000,99.113920,121.660240
2025-12-16 19:00:00,8067.210000,90.160000,89.396978,114.118835
2025-12-16 19:05:00,8099.580000,98.570000,92.390256,117.374326
2025-12-16 19:10:00,8057.080000,105.910000,93.661038,113.380929
2025-12-16 19:15:00,8081.020000,89.310000,94.360924,114.331832
2025-12-16 19:20:00,8184.080000,106.970000,95.233661,111.728537
2025-12-16 19:25:00,8038.430000,98.050000,101.348340,108.460377
2025-12-16 19:30:00,8142.610000,89.160000,99.649420,109.750045
2025-12-16 19:35:00,8205.970000,106.850000,98.713159,105.530930
2025-12-16 19:40:00,8114.640000,97.050000,94.234239,105.835269
2025-12-16 19:45:00,8153.210000,96.970000,94.234239,104.857797
2025-12-16 19:50:00,8054.740000,95.640000,94.558570,107.014851
2025-12-16 19:55:00,8028.850000,100.680000,91.231987,102.336397
2025-12-16 20:00:00,8034.280000,99.790000,90.078217,98.740976
2025-12-16 20:05:00,8033.650000,100.690000,92.893599,102.839583
2025-12-16 20:10:00,7929.200000,87.740000,97.597949,108.761000
2025-12-16 20:15:00,7954.180000,84.510000,88.423522,96.398406
2025-12-16 20:20:00,7955.990000,84.530000,95.325356,107.420961
2025-12-16 20:25:00,7973.780000,96.820000,92.893599,102.340209
2025-12-16 20:30:00,7869.070000,87.030000,84.392073,93.175882
2025-12-16 20:35:00,7837.710000,85.850000,89.076886,99.996783
2025-12-16 20:40:00,7786.280000,86.210000,87.477757,98.267536
2025-12-16 20:45:00,7781.150000,93.730000,83.125927,94.068516
2025-12-16 20:50:00,7766.790000,85.820000,85.069686,98.609005
2025-12-16 20:55:00,7747.190000,87.000000,89.255163,100.297726
2025-12-16 21:00:00,7750.680000,88.340000,87.563854,100.314479
2025-12-16 21:05:00,7743.760000,87.200000,90.853271,100.761051
2025-12-16 21:10:00,7747.090000,87.160000,84.827364,92.325625
2025-12-16 21:15:00,7753.540000,75.750000,81.888080,85.974052
2025-12-16 21:20:00,7819.390000,79.400000,83.684145,88.540701
2025-12-16 21:25:00,7771.470000,88.130000,88.171601,101.135486
2025-12-16 21:30:00,7702.110000,94.870000,83.094465,94.125999
2025-12-16 21:35:00,7712.320000,85.090000,83.094465,92.143460
2025-12-16 21:40:00,7734.520000,86.390000,86.437967,96.205644
2025-12-16 21:45:00,7683.050000,95.430000,86.899575,102.561422
2025-12-16 21:50:00,7602.730000,83.930000,83.094465,94.762480
2025-12-16 21:55:00,7611.400000,84.610000,82.133796,97.197424
2025-12-16 22:00:00,7594.050000,84.600000,82.637025,97.927022
2025-12-16 22:05:00,7594.140000,83.040000,83.043607,97.384150
2025-12-16 22:10:00,7590.510000,84.080000,85.962124,97.536277
2025-12-16 22:15:00,7536.420000,94.540000,75.989301,84.851968
2025-12-16 22:20:00,7483.870000,95.290000,75.989301,83.691180
2025-12-16 22:25:00,7381.710000,84.030000,80.398881,94.187814
2025-12-16 22:30:00,7431.160000,84.720000,85.894922,102.998474
2025-12-16 22:35:00,7398.960000,85.930000,81.524305,89.577000
2025-12-16 22:40:00,7385.930000,84.670000,81.524305,94.089663
2025-12-16 22:45:00,7368.470000,93.230000,85.257525,101.233028
2025-12-16 22:50:00,7342.950000,84.700000,79.315336,89.448515
2025-12-16 22:55:00,7300.260000,83.450000,79.315336,88.668879
2025-12-16 23:00:00,7309.840000,83.540000,79.315336,88.747142
2025-12-16 23:05:00,7235.460000,82.890000,75.873681,87.488676
2025-12-16 23:10:00,7239.160000,99.260000,77.744065,88.324988
2025-12-16 23:15:00,7155.810000,87.680000,78.907485,99.462343
2025-12-16 23:20:00,7184.860000,89.770000,81.546242,103.091836
2025-12-16 23:25:00,7164.750000,82.130000,75.463805,89.326690
2025-12-16 23:30:00,7138.030000,82.120000,75.265606,88.585121
2025-12-16 23:35:00,7095.620000,88.160000,76.430774,92.074292
2025-12-16 23:40:00,7122.000000,82.830000,75.862681,88.769084
2025-12-16 23:45:00,7091.060000,83.370000,80.048255,101.475092
2025-12-16 23:50:00,7066.620000,81.160000,75.862681,88.756992
2025-12-16 23:55:00,7030.410000,80.090000,74.452579,88.535816
2025-12-17 00:00:00,7047.160000,79.990000,76.458396,88.053532
2025-12-17 00:05:00,6957.320000,80.670000,73.684610,86.899316
2025-12-17 00:10:00,7000.950000,82.120000,83.664132,100.624023
2025-12-17 00:15:00,6942.190000,81.580000,79.657319,92.091724
2025-12-17 00:20:00,6895.920000,81.150000,80.518211,92.679359
2025-12-17 00:25:00,6815.500000,78.020000,71.734204,82.805936
2025-12-17 00:30:00,6803.060000,78.340000,71.357031,83.257173
2025-12-17 00:35:00,6761.280000,79.270000,75.898067,89.464723
2025-12-17 00:40:00,6711.020000,79.200000,70.372454,81.868463
2025-12-17 00:45:00,6708.590000,79.950000,72.408379,82.681568
2025-12-17 00:50:00,6697.460000,79.950000,71.734204,81.184164
2025-12-17 00:55:00,6691.510000,79.460000,71.357031,78.556940
2025-12-17 01:00:00,6661.100000,79.190000,69.564689,78.360341
2025-12-17 01:05:00,6637.270000,79.950000,71.500188,81.646831
2025-12-17 01:10:00,6643.570000,79.980000,71.124246,81.238395
2025-12-17 01:15:00,6562.910000,79.510000,71.124246,81.193486
2025-12-17 01:20:00,6556.380000,79.170000,71.124246,81.235891
2025-12-17 01:25:00,6537.220000,78.590000,70.441998,77.715933
2025-12-17 01:30:00,6524.060000,78.690000,70.918412,77.818737
2025-12-17 01:35:00,6485.810000,73.200000,70.814335,77.636782
2025-12-17 01:40:00,6489.660000,73.200000,71.811862,78.823588
2025-12-17 01:45:00,6473.530000,73.200000,70.389212,79.201356
2025-12-17 01:50:00,6446.390000,71.420000,70.492665,79.816650
2025-12-17 01:55:00,6374.830000,70.460000,70.295353,79.599660
2025-12-17 02:00:00,6394.340000,73.200000,71.623253,81.632721
2025-12-17 02:05:00,6414.600000,72.420000,70.122019,81.376348
2025-12-17 02:10:00,6366.010000,76.030000,68.921307,80.839803
2025-12-17 02:15:00,6345.440000,73.200000,69.790504,80.386644
2025-12-17 02:20:00,6344.440000,72.870000,69.525583,79.517263
2025-12-17 02:25:00,6357.100000,73.200000,70.826685,78.897205
2025-12-17 02:30:00,6356.990000,70.900000,70.826685,78.492504
2025-12-17 02:35:00,6363.200000,72.890000,68.561652,75.671118
2025-12-17 02:40:00,6378.220000,78.360000,68.561652,75.671118
2025-12-17 02:45:00,6392.630000,73.200000,69.263176,77.047267
2025-12-17 02:50:00,6359.310000,73.200000,68.898993,76.308038
2025-12-17 02:55:00,6333.710000,73.200000,68.932090,76.425131
2025-12-17 03:00:00,6334.700000,72.840000,70.536090,77.718185
2025-12-17 03:05:00,6340.620000,80.210000,72.310743,77.950548
2025-12-17 03:10:00,6396.830000,73.370000,76.198197,87.075511
2025-12-17 03:15:00,6377.410000,79.550000,73.881316,84.623730
2025-12-17 03:20:00,6380.940000,73.200000,73.881316,85.373268
2025-12-17 03:25:00,6363.260000,79.500000,74.271829,82.186525
2025-12-17 03:30:00,6370.580000,73.200000,72.337236,80.980237
2025-12-17 03:35:00,6360.530000,73.200000,73.151172,79.816292
2025-12-17 03:40:00,6417.680000,79.670000,76.198197,85.474689
2025-12-17 03:45:00,6406.350000,79.650000,72.616622,80.649576
2025-12-17 03:50:00,6405.650000,79.950000,73.390590,81.360705
2025-12-17 03:55:00,6468.600000,79.950000,73.390590,81.468933
2025-12-17 04:00:00,6453.750000,79.950000,73.390590,81.564341
2025-12-17 04:05:00,6489.740000,73.290000,76.499876,85.026822
2025-12-17 04:10:00,6545.270000,73.200000,72.646587,81.455986
2025-12-17 04:15:00,6614.280000,79.150000,76.926440,86.442893
2025-12-17 04:20:00,6644.810000,75.580000,74.953557,82.191781
2025-12-17 04:25:00,6678.820000,79.950000,78.709505,87.459664
2025-12-17 04:30:00,6681.270000,85.820000,75.915018,86.254491
2025-12-17 04:35:00,6740.490000,84.790000,76.732608,89.435923
2025-12-17 04:40:00,6767.560000,84.790000,79.218840,94.144725
2025-12-17 04:45:00,6734.890000,84.790000,79.218840,95.262378
2025-12-17 04:50:00,6734.540000,84.790000,79.218840,95.829148
2025-12-17 04:55:00,6774.850000,85.220000,79.218840,95.866910
2025-12-17 05:00:00,6785.300000,84.790000,85.852591,96.968802
2025-12-17 05:05:00,6862.060000,108.360000,85.503569,92.244675
2025-12-17 05:10:00,6895.580000,109.860000,86.718899,100.755437
2025-12-17 05:15:00,6969.850000,110.230000,95.689977,111.490781
2025-12-17 05:20:00,7035.210000,124.300000,93.189087,113.481103
2025-12-17 05:25:00,7085.320000,110.970000,99.633135,133.698509
2025-12-17 05:30:00,7065.550000,89.470000,104.676336,137.506370
2025-12-17 05:35:00,7070.450000,87.720000,96.822133,136.408840
2025-12-17 05:40:00,7121.990000,116.770000,91.862990,119.190225
2025-12-17 05:45:00,7065.720000,83.390000,86.935974,116.580377
2025-12-17 05:50:00,7128.790000,82.060000,84.758236,118.094963
2025-12-17 05:55:00,7099.470000,60.770000,80.585788,104.696624
2025-12-17 06:00:00,7048.820000,64.890000,66.959184,84.527249
2025-12-17 06:05:00,7035.970000,73.200000,53.871202,91.518552
2025-12-17 06:10:00,7053.260000,67.320000,40.432991,83.877649
2025-12-17 06:15:00,7103.440000,58.040000,29.297513,83.947877
2025-12-17 06:20:00,7067.000000,53.820000,20.918744,75.501680
2025-12-17 06:25:00,7110.660000,54.670000,15.548567,69.318985
2025-12-17 06:30:00,7076.940000,35.880000,21.668393,54.707668
2025-12-17 06:35:00,7059.010000,27.460000,21.091047,70.521734
2025-12-17 06:40:00,6997.390000,45.430000,15.795987,77.898394
2025-12-17 06:45:00,6972.770000,36.060000,24.184905,68.929706
2025-12-17 06:50:00,6956.680000,30.160000,20.610944,61.039426
2025-12-17 06:55:00,6954.870000,35.680000,17.288771,62.098115
2025-12-17 07:00:00,6874.750000,36.060000,17.494237,63.436201
2025-12-17 07:05:00,6826.710000,0.690000,48.004595,68.795497
2025-12-17 07:10:00,6921.220000,55.490000,53.816615,67.410753
2025-12-17 07:15:00,6807.380000,56.530000,35.030739,68.036604
2025-12-17 07:20:00,6733.670000,52.330000,34.544722,65.637564
2025-12-17 07:25:00,6748.760000,43.510000,30.102490,62.389673
2025-12-17 07:30:00,6665.580000,33.490000,9.249853,58.715414
2025-12-17 07:35:00,6563.570000,52.770000,7.037477,44.442961
2025-12-17 07:40:00,6550.070000,61.920000,20.310301,57.179083
2025-12-17 07:45:00,6513.330000,53.690000,9.455259,59.137910
2025-12-17 07:50:00,6466.710000,53.120000,10.045713,50.596057
2025-12-17 07:55:00,6455.580000,53.060000,11.399269,52.441613
2025-12-17 08:00:00,6333.320000,22.700000,10.581731,51.806125
2025-12-17 08:05:00,6453.110000,36.060000,1.902949,39.721775
2025-12-17 08:10:00,6415.000000,54.750000,29.515208,59.774719
2025-12-17 08:15:00,6388.390000,36.060000,28.376086,59.262308
2025-12-17 08:20:00,6361.160000,36.060000,32.600400,67.289037
2025-12-17 08:25:00,6357.780000,36.060000,33.365228,68.995295
2025-12-17 08:30:00,6364.660000,56.130000,21.485819,60.349875
2025-12-17 08:35:00,6342.650000,46.470000,42.963569,72.891125
2025-12-17 08:40:00,6247.340000,9.270000,40.923416,70.957694
2025-12-17 08:45:00,6237.970000,13.490000,30.394892,65.259434
2025-12-17 08:50:00,6149.160000,59.910000,19.395949,64.247242
2025-12-17 08:55:00,6139.450000,36.060000,28.691428,67.040834
2025-12-17 09:00:00,6077.420000,9.260000,8.112961,56.953624
2025-12-17 09:05:00,6071.850000,4.890000,3.325869,55.286669
2025-12-17 09:10:00,6167.310000,34.010000,10.493231,62.589498
2025-12-17 09:15:00,5982.340000,0.660000,1.931749,44.146766
2025-12-17 09:20:00,6031.560000,9.360000,1.421116,44.982759
2025-12-17 09:25:00,5934.500000,36.640000,1.404402,43.963999
2025-12-17 09:30:00,5885.920000,4.970000,1.950318,46.269039
2025-12-17 09:35:00,5853.270000,0.650000,2.342952,44.922385
2025-12-17 09:40:00,5989.670000,4.750000,0.574923,44.550441
2025-12-17 09:45:00,6006.490000,14.680000,0.855597,48.941486
2025-12-17 09:50:00,6051.290000,9.170000,4.045435,54.341716
2025-12-17 09:55:00,6074.980000,9.330000,4.420159,50.326036
2025-12-17 10:00:00,5915.300000,3.040000,0.410728,37.281620
2025-12-17 10:05:00,5867.380000,9.230000,-0.280026,29.722729
2025-12-17 10:10:00,5816.770000,9.990000,2.012412,41.932801
2025-12-17 10:15:00,5799.490000,13.030000,-0.326566,22.395526
2025-12-17 10:20:00,5774.420000,7.600000,0.217182,27.409023
2025-12-17 10:25:00,5731.950000,14.020000,4.552197,40.735510
2025-12-17 10:30:00,5652.470000,9.780000,-3.406632,16.239831
2025-12-17 10:35:00,5604.380000,7.480000,-3.288820,16.847801
2025-12-17 10:40:00,5689.470000,7.560000,-2.109234,14.441307
2025-12-17 10:45:00,5597.130000,4.970000,1.589074,12.610350
2025-12-17 10:50:00,5518.120000,7.680000,-0.162033,7.609012
2025-12-17 10:55:00,5517.600000,5.630000,-0.173966,7.526840
2025-12-17 11:00:00,5480.070000,3.030000,-3.362388,4.910874
2025-12-17 11:05:00,5463.350000,9.270000,0.260055,8.320242
2025-12-17 11:10:00,5389.460000,4.940000,0.490824,8.234668
2025-12-17 11:15:00,5368.070000,10.030000,2.351461,12.084181
2025-12-17 11:20:00,5343.280000,10.080000,-0.185854,7.372104
2025-12-17 11:25:00,5269.870000,10.200000,2.251475,11.976327
2025-12-17 11:30:00,5256.160000,13.670000,0.643976,7.714455
2025-12-17 11:35:00,5207.510000,13.680000,-0.206293,7.735701
2025-12-17 11:40:00,5229.090000,23.480000,-0.357707,10.971579
2025-12-17 11:45:00,5134.440000,9.980000,-3.250965,12.638832
2025-12-17 11:50:00,5197.630000,25.180000,-0.227918,15.011851
2025-12-17 11:55:00,5171.620000,10.050000,-0.758711,13.710190
2025-12-17 12:00:00,5143.230000,25.310000,-0.735531,17.103480
2025-12-17 12:05:00,5123.370000,33.380000,0.089119,20.351771
2025-12-17 12:10:00,5178.070000,13.380000,-0.242979,23.831693
2025-12-17 12:15:00,5071.490000,33.670000,0.341389,17.930150
2025-12-17 12:20:00,5064.080000,13.210000,0.066012,25.886416
2025-12-17 12:25:00,5075.640000,25.420000,0.262182,22.369725
2025-12-17 12:30:00,5034.330000,32.780000,-0.019447,19.958299
2025-12-17 12:35:00,5099.540000,32.760000,0.365634,26.177185
2025-12-17 12:40:00,5120.700000,33.980000,1.349149,29.440493
2025-12-17 12:45:00,5104.770000,13.300000,1.400157,28.640303
2025-12-17 12:50:00,5205.930000,13.450000,2.762894,29.518351
2025-12-17 12:55:00,5228.470000,33.340000,1.642169,28.659148
2025-12-17 13:00:00,5195.740000,33.160000,2.902953,30.423654
2025-12-17 13:05:00,5243.310000,24.750000,1.438629,31.034072
2025-12-17 13:10:00,5293.510000,13.190000,0.511565,27.437824
2025-12-17 13:15:00,5335.010000,32.200000,2.575878,31.806002
2025-12-17 13:20:00,5333.080000,33.680000,1.953840,27.574451
2025-12-17 13:25:00,5462.940000,32.900000,5.859785,42.614925
2025-12-17 13:30:00,5430.710000,33.290000,8.407559,44.506772
2025-12-17 13:35:00,5554.640000,34.220000,8.042276,44.506772
2025-12-17 13:40:00,5608.320000,33.720000,20.033310,52.793255
2025-12-17 13:45:00,5678.310000,35.580000,13.536505,49.275759
2025-12-17 13:50:00,5704.360000,39.790000,12.473278,46.394987
2025-12-17 13:55:00,5758.680000,36.060000,18.384639,42.352865
2025-12-17 14:00:00,5745.300000,53.000000,18.384639,40.671271
2025-12-17 14:05:00,5789.660000,45.010000,19.448739,59.723118
2025-12-17 14:10:00,5872.270000,34.760000,12.732324,52.386712
2025-12-17 14:15:00,5972.730000,34.740000,20.282673,46.702928
2025-12-17 14:20:00,5941.770000,34.100000,20.282673,46.952775
2025-12-17 14:25:00,6056.760000,34.640000,20.534864,47.925888
2025-12-17 14:30:00,6229.440000,38.530000,20.752857,62.623990
2025-12-17 14:35:00,6351.080000,35.530000,24.817728,63.031611
2025-12-17 14:40:00,6385.470000,43.870000,19.446921,60.018872
2025-12-17 14:45:00,6488.270000,49.520000,27.027623,68.894432
2025-12-17 14:50:00,6650.290000,51.970000,29.134237,67.356175
2025-12-17 14:55:00,6689.340000,46.750000,24.660490,64.141618
2025-12-17 15:00:00,6786.230000,48.420000,25.178733,68.992303
2025-12-17 15:05:00,6897.770000,35.880000,22.462213,68.395973
2025-12-17 15:10:00,6940.560000,37.200000,13.803911,63.926120
2025-12-17 15:15:00,7109.500000,52.890000,15.786683,65.829670
2025-12-17 15:20:00,7141.570000,57.560000,15.359017,63.926120
2025-12-17 15:25:00,7251.700000,45.380000,15.840899,64.254572
2025-12-17 15:30:00,7406.960000,48.430000,22.788169,70.630813
2025-12-17 15:35:00,7460.480000,38.030000,24.300307,70.246165
2025-12-17 15:40:00,7506.790000,35.880000,27.082294,71.107106
2025-12-17 15:45:00,7630.030000,53.040000,32.497932,71.439744
2025-12-17 15:50:00,7784.270000,53.080000,37.244290,73.459229
2025-12-17 15:55:00,7859.540000,59.640000,40.632807,75.460124
2025-12-17 16:00:00,7893.780000,66.560000,29.344555,77.837834
2025-12-17 16:05:00,8110.770000,58.360000,40.750809,78.393238
2025-12-17 16:10:00,8168.160000,48.300000,42.786690,76.914590
2025-12-17 16:15:00,8243.520000,47.970000,48.392343,78.631616
2025-12-17 16:20:00,8365.370000,36.060000,46.679750,82.761197
2025-12-17 16:25:00,8481.760000,27.940000,44.775973,84.317901
2025-12-17 16:30:00,8615.430000,36.860000,53.505497,89.354487
2025-12-17 16:35:00,8682.760000,16.500000,47.566864,89.712515
2025-12-17 16:40:00,8766.450000,46.450000,37.718419,92.435082
2025-12-17 16:45:00,8856.550000,55.780000,48.776048,90.247241
2025-12-17 16:50:00,8994.100000,105.650000,55.415888,93.216829
2025-12-17 16:55:00,9061.850000,95.690000,60.867878,119.608154
2025-12-17 17:00:00,9185.810000,85.130000,66.045756,121.094744
2025-12-17 17:05:00,9224.000000,68.830000,58.939414,121.145607
2025-12-17 17:10:00,9230.200000,70.700000,47.530454,123.862712
2025-12-17 17:15:00,9297.660000,70.190000,60.325747,123.434697
2025-12-17 17:20:00,9364.030000,72.100000,50.865064,121.816680
2025-12-17 17:25:00,9431.700000,92.340000,55.512286,122.850266
2025-12-17 17:30:00,9556.470000,147.890000,78.123857,133.584718
2025-12-17 17:35:00,9554.540000,148.940000,99.657136,164.124177
2025-12-17 17:40:00,9549.300000,158.980000,125.109376,172.996158
2025-12-17 17:45:00,9579.150000,158.830000,135.256671,175.087085
2025-12-17 17:50:00,9645.980000,158.980000,160.229875,177.649887
2025-12-17 17:55:00,9700.500000,187.450000,150.681244,182.832461
2025-12-17 18:00:00,9616.020000,188.100000,157.389515,209.863644
2025-12-17 18:05:00,9609.610000,182.150000,165.167539,222.997261
2025-12-17 18:10:00,9593.080000,231.380000,170.527587,219.613870
2025-12-17 18:15:00,9494.820000,214.940000,170.527587,250.966162
2025-12-17 18:20:00,9565.660000,102.100000,173.130092,233.962867
2025-12-17 18:25:00,9667.110000,115.420000,195.868371,247.329237
2025-12-17 18:30:00,9686.060000,183.310000,241.011164,257.315458
2025-12-17 18:35:00,9597.410000,161.470000,241.011164,257.315458
2025-12-17 18:40:00,9657.360000,189.980000,257.181783,257.721012
2025-12-17 18:45:00,9528.260000,213.290000,257.181783,257.721012
2025-12-17 18:50:00,9501.500000,190.950000,262.223816,268.121082
2025-12-17 18:55:00,9534.170000,193.450000,270.195363,244.448903
2025-12-17 19:00:00,9446.290000,223.420000,265.000054,242.022576
2025-12-17 19:05:00,9359.570000,228.430000,261.132289,249.253650
2025-12-17 19:10:00,9402.570000,226.880000,255.163085,268.080526
2025-12-17 19:15:00,9368.930000,209.040000,245.187537,240.531833
2025-12-17 19:20:00,9336.580000,234.010000,190.386813,246.250696
2025-12-17 19:25:00,9279.780000,233.410000,187.979785,233.832980
2025-12-17 19:30:00,9298.960000,212.100000,201.814989,223.898346
2025-12-17 19:35:00,9266.330000,203.550000,193.619561,216.197339
2025-12-17 19:40:00,9201.980000,243.590000,181.818634,198.299074
2025-12-17 19:45:00,9058.450000,247.530000,171.524356,189.735245
2025-12-17 19:50:00,9016.830000,216.180000,165.890287,179.427490
2025-12-17 19:55:00,9030.180000,225.740000,167.493364,184.057825
2025-12-17 20:00:00,8990.340000,247.950000,172.224930,199.728262
2025-12-17 20:05:00,8922.490000,242.580000,172.224930,200.044966
2025-12-17 20:10:00,8841.760000,244.700000,163.577164,183.877029
2025-12-17 20:15:00,8795.610000,210.430000,156.147413,170.510346
2025-12-17 20:20:00,8797.880000,244.770000,164.579440,202.142416
2025-12-17 20:25:00,8727.190000,213.390000,170.370870,203.614038
2025-12-17 20:30:00,8701.170000,248.740000,163.577164,175.850534
2025-12-17 20:35:00,8638.480000,155.100000,163.957765,178.311033
2025-12-17 20:40:00,8747.670000,212.580000,180.610400,232.364948
2025-12-17 20:45:00,8587.300000,158.190000,176.920846,235.009826
2025-12-17 20:50:00,8622.470000,215.950000,171.399373,207.337351
2025-12-17 20:55:00,8519.920000,158.980000,160.910045,200.118958
2025-12-17 21:00:00,8503.260000,158.980000,159.847396,220.720523
2025-12-17 21:05:00,8460.500000,158.930000,159.847396,219.018916
2025-12-17 21:10:00,8476.840000,159.100000,160.612030,228.423620
2025-12-17 21:15:00,8421.740000,178.680000,145.876376,203.687740
2025-12-17 21:20:00,8367.090000,162.550000,151.698779,217.760680
2025-12-17 21:25:00,8323.840000,158.980000,155.578340,195.433056
2025-12-17 21:30:00,8339.880000,161.180000,169.199955,222.251346
2025-12-17 21:35:00,8313.130000,169.230000,135.062938,170.140398
2025-12-17 21:40:00,8357.330000,169.160000,153.863331,171.173135
2025-12-17 21:45:00,8321.690000,158.990000,137.028840,162.004013
2025-12-17 21:50:00,8267.510000,155.310000,149.254233,176.076087
2025-12-17 21:55:00,8197.580000,156.560000,135.144243,153.822602
2025-12-17 22:00:00,8151.160000,142.620000,132.882905,152.389499
2025-12-17 22:05:00,8069.870000,158.990000,132.426421,150.993941
2025-12-17 22:10:00,8050.500000,167.780000,132.426421,149.631658
2025-12-17 22:15:00,8100.980000,169.630000,148.669654,164.220005
2025-12-17 22:20:00,7978.030000,167.820000,144.544361,156.529590
2025-12-17 22:25:00,7933.850000,165.420000,130.755773,151.435929
2025-12-17 22:30:00,7922.410000,164.480000,139.630820,155.469091
2025-12-17 22:35:00,7890.960000,166.860000,144.544361,160.419572
2025-12-17 22:40:00,7834.180000,166.510000,139.630820,157.982734
2025-12-17 22:45:00,7784.960000,158.980000,131.830645,149.389794
2025-12-17 22:50:00,7754.510000,158.990000,130.306596,149.544984
2025-12-17 22:55:00,7675.660000,165.890000,130.306596,150.449184
2025-12-17 23:00:00,7725.720000,167.270000,128.790500,147.289814
2025-12-17 23:05:00,7618.340000,165.720000,133.739892,159.974282
2025-12-17 23:10:00,7667.790000,165.970000,151.731695,171.321073
2025-12-17 23:15:00,7591.700000,166.010000,149.240094,168.616440
2025-12-17 23:20:00,7554.240000,163.710000,151.983086,171.915845
2025-12-17 23:25:00,7532.500000,162.340000,146.816691,172.537038
2025-12-17 23:30:00,7512.440000,158.990000,146.816691,172.537038
2025-12-17 23:35:00,7517.090000,162.230000,151.983086,172.290940
2025-12-17 23:40:00,7448.120000,161.620000,144.856567,170.566605
2025-12-17 23:45:00,7429.880000,161.180000,136.198008,161.104483
2025-12-17 23:50:00,7392.940000,162.440000,136.198008,161.104483
2025-12-17 23:55:00,7373.060000,164.420000,146.816691,178.732387
2025-12-18 00:00:00,7378.850000,163.140000,151.435688,177.060073
2025-12-18 00:05:00,7272.250000,152.930000,151.435688,175.248720
2025-12-18 00:10:00,7263.900000,170.810000,151.435688,170.761921
2025-12-18 00:15:00,7231.610000,174.970000,151.435688,170.834176
2025-12-18 00:20:00,7182.640000,176.610000,145.935250,171.891903
2025-12-18 00:25:00,7107.080000,176.000000,145.078508,158.912797
2025-12-18 00:30:00,7094.370000,171.730000,135.275555,155.799676
2025-12-18 00:35:00,7011.710000,147.890000,138.272763,157.425409
2025-12-18 00:40:00,7063.530000,147.890000,147.692920,164.944950
2025-12-18 00:45:00,6969.810000,147.890000,140.748439,158.515629
2025-12-18 00:50:00,6955.680000,147.890000,140.748439,158.795963
2025-12-18 00:55:00,6904.400000,135.850000,138.272763,160.753809
2025-12-18 01:00:00,6872.710000,135.040000,136.319877,153.189850
2025-12-18 01:05:00,6834.660000,168.960000,127.305109,142.203207
2025-12-18 01:10:00,6772.940000,172.690000,130.895845,146.733563
2025-12-18 01:15:00,6773.590000,167.840000,133.100438,147.808380
2025-12-18 01:20:00,6735.580000,158.970000,133.100438,149.608952
2025-12-18 01:25:00,6710.610000,144.810000,133.100438,151.380803
2025-12-18 01:30:00,6771.490000,171.320000,134.707719,161.379702
2025-12-18 01:35:00,6685.120000,169.390000,125.329614,152.530349
2025-12-18 01:40:00,6727.640000,170.630000,125.329614,156.278672
2025-12-18 01:45:00,6677.300000,136.490000,124.846578,154.011199
2025-12-18 01:50:00,6689.920000,137.280000,124.846578,154.114920
2025-12-18 01:55:00,6736.120000,147.760000,122.317134,164.242321
2025-12-18 02:00:00,6708.580000,139.300000,119.702500,162.030564
2025-12-18 02:05:00,6694.530000,147.350000,132.429241,171.474971
2025-12-18 02:10:00,6654.610000,128.710000,132.429241,171.290499
2025-12-18 02:15:00,6634.270000,138.000000,130.099887,169.920522
2025-12-18 02:20:00,6628.040000,149.150000,122.936433,159.836212
2025-12-18 02:25:00,6633.770000,139.700000,121.088678,151.691137
2025-12-18 02:30:00,6596.930000,136.440000,128.262424,159.977513
2025-12-18 02:35:00,6590.340000,134.860000,129.811286,162.191813
2025-12-18 02:40:00,6585.230000,126.230000,128.262424,156.532939
2025-12-18 02:45:00,6584.880000,130.690000,115.103832,138.442189
2025-12-18 02:50:00,6617.260000,134.350000,117.164708,142.169777
2025-12-18 02:55:00,6618.780000,133.850000,118.138952,145.528144
2025-12-18 03:00:00,6576.310000,128.180000,114.599446,141.497776
2025-12-18 03:05:00,6542.950000,127.980000,120.254167,150.799665
2025-12-18 03:10:00,6576.240000,127.110000,113.350238,142.746437
2025-12-18 03:15:00,6579.290000,127.070000,116.589185,147.050408
2025-12-18 03:20:00,6575.250000,126.200000,123.832104,156.565830
2025-12-18 03:25:00,6562.320000,127.060000,118.122332,147.388540
2025-12-18 03:30:00,6588.720000,134.610000,118.018331,144.107869
2025-12-18 03:35:00,6610.150000,127.440000,117.797358,145.529885
2025-12-18 03:40:00,6591.100000,125.450000,112.297185,137.736424
2025-12-18 03:45:00,6586.780000,125.280000,115.269164,137.600840
2025-12-18 03:50:00,6634.940000,125.350000,117.797358,142.309194
2025-12-18 03:55:00,6630.900000,129.920000,116.686932,141.624587
2025-12-18 04:00:00,6659.590000,126.360000,112.297185,137.782158
2025-12-18 04:05:00,6657.080000,125.570000,112.849679,138.516785
2025-12-18 04:10:00,6722.280000,125.500000,112.849679,139.451042
2025-12-18 04:15:00,6779.650000,122.440000,116.394584,139.652312
2025-12-18 04:20:00,6771.150000,126.550000,115.486923,140.372705
2025-12-18 04:25:00,6817.850000,158.990000,116.394584,139.710385
2025-12-18 04:30:00,6799.190000,121.520000,125.593010,159.757820
2025-12-18 04:35:00,6859.000000,135.520000,118.344716,155.612371
2025-12-18 04:40:00,6891.060000,135.110000,118.344716,150.009974
2025-12-18 04:45:00,6836.140000,129.580000,118.344716,151.180998
2025-12-18 04:50:00,6831.400000,135.320000,114.356869,148.828664
2025-12-18 04:55:00,6883.470000,158.990000,121.167016,158.068903
2025-12-18 05:00:00,6856.260000,129.510000,124.076025,168.980715
2025-12-18 05:05:00,6950.630000,132.050000,127.676945,172.817002
2025-12-18 05:10:00,7018.260000,143.970000,127.676945,168.109324
2025-12-18 05:15:00,7049.120000,153.130000,126.828956,164.841641
2025-12-18 05:20:00,7040.210000,132.610000,125.371917,169.509331
2025-12-18 05:25:00,7107.990000,133.710000,131.517927,175.522331
2025-12-18 05:30:00,7062.350000,128.630000,113.791513,145.602607
2025-12-18 05:35:00,7078.810000,108.890000,134.145399,169.367734
2025-12-18 05:40:00,7087.620000,87.110000,120.828954,164.344558
2025-12-18 05:45:00,7105.230000,83.200000,114.360015,164.746225
2025-12-18 05:50:00,7142.510000,77.430000,116.362479,170.821134
2025-12-18 05:55:00,7113.170000,64.520000,88.403221,136.952076
2025-12-18 06:00:00,7021.020000,0.000000,44.611795,105.893907
2025-12-18 06:05:00,7131.510000,0.000000,13.906456,107.923396
2025-12-18 06:10:00,7125.270000,0.730000,5.994998,91.911982
2025-12-18 06:15:00,7187.470000,30.940000,8.708575,85.776718
2025-12-18 06:20:00,7078.150000,-5.510000,3.414663,83.079380
2025-12-18 06:25:00,7129.670000,-5.510000,4.017255,81.926798
2025-12-18 06:30:00,7138.410000,-7.000000,4.168620,77.028538
2025-12-18 06:35:00,7144.320000,-8.490000,2.446933,56.818937
2025-12-18 06:40:00,7143.960000,-7.890000,4.414697,47.875503
2025-12-18 06:45:00,7125.230000,-7.910000,1.658736,39.802789
2025-12-18 06:50:00,7067.410000,-8.310000,1.819774,41.545912
2025-12-18 06:55:00,7065.070000,2.180000,4.241150,55.634666
2025-12-18 07:00:00,7008.980000,8.910000,0.701040,20.107720
2025-12-18 07:05:00,6938.090000,9.770000,0.932114,25.023472
2025-12-18 07:10:00,7003.810000,10.940000,1.380818,37.159251
2025-12-18 07:15:00,6930.600000,10.520000,3.894498,46.360029
2025-12-18 07:20:00,6826.740000,-5.510000,-1.250579,14.398438
2025-12-18 07:25:00,6881.630000,12.500000,-0.798664,15.787126
2025-12-18 07:30:00,6726.300000,11.860000,-1.242417,14.076100
2025-12-18 07:35:00,6769.220000,35.880000,-1.088382,13.876575
2025-12-18 07:40:00,6758.070000,17.900000,0.739439,29.389686
2025-12-18 07:45:00,6626.440000,17.880000,0.467177,28.474517
2025-12-18 07:50:00,6591.780000,17.770000,0.501048,21.944246
2025-12-18 07:55:00,6562.930000,17.570000,0.459913,25.874995
2025-12-18 08:00:00,6504.480000,15.980000,1.304208,32.011732
2025-12-18 08:05:00,6502.080000,20.580000,3.243845,32.321984
2025-12-18 08:10:00,6446.040000,26.260000,2.500818,31.827759
2025-12-18 08:15:00,6436.330000,20.280000,2.685953,31.851513
2025-12-18 08:20:00,6328.590000,19.920000,-1.354197,12.379771
2025-12-18 08:25:00,6359.920000,0.650000,1.762752,28.084072
2025-12-18 08:30:00,6179.690000,-9.170000,0.677353,25.960683
2025-12-18 08:35:00,6358.500000,-8.090000,3.096214,44.569559
2025-12-18 08:40:00,6085.870000,-8.020000,0.260343,31.635725
2025-12-18 08:45:00,6155.590000,-7.630000,0.902092,38.011106
2025-12-18 08:50:00,6123.490000,-7.360000,0.705219,38.195907
2025-12-18 08:55:00,6091.230000,-7.950000,0.433232,37.087591
2025-12-18 09:00:00,6051.040000,-7.660000,0.274412,35.405307
2025-12-18 09:05:00,5991.970000,-7.720000,0.654171,37.481969
2025-12-18 09:10:00,6049.040000,-7.660000,1.166705,42.231569
2025-12-18 09:15:00,6010.490000,-7.410000,0.238038,34.687263
2025-12-18 09:20:00,5890.480000,-7.490000,0.363913,31.939711
2025-12-18 09:25:00,5877.070000,-7.690000,-5.434876,5.524878
2025-12-18 09:30:00,5864.120000,-7.200000,-15.664373,-1.941385
2025-12-18 09:35:00,5892.770000,-6.870000,-15.153009,-0.885609
2025-12-18 09:40:00,6136.370000,-5.410000,-13.133288,-0.644249
2025-12-18 09:45:00,6144.940000,-7.200000,-13.150453,-0.665068
2025-12-18 09:50:00,6087.790000,-6.740000,-13.150453,-0.591353
2025-12-18 09:55:00,6212.000000,-7.000000,-10.313383,-0.550169
2025-12-18 10:00:00,6204.020000,-5.510000,-13.782035,-0.550169
2025-12-18 10:05:00,6152.080000,-8.600000,-13.260561,-0.553247
2025-12-18 10:10:00,6246.770000,-5.410000,-14.530017,-0.565728
2025-12-18 10:15:00,6025.640000,-7.200000,-12.866201,-0.561324
2025-12-18 10:20:00,6190.640000,-7.820000,-6.253161,-0.396098
2025-12-18 10:25:00,6184.990000,-8.200000,-6.453419,-0.356638
2025-12-18 10:30:00,6124.380000,-5.410000,-6.270340,-0.403970
2025-12-18 10:35:00,6120.570000,-5.410000,-8.287314,-0.542053
2025-12-18 10:40:00,6100.620000,-7.920000,-7.827687,-0.544528
2025-12-18 10:45:00,6133.130000,-8.280000,-8.409428,-0.540033
2025-12-18 10:50:00,6177.380000,-5.510000,-8.912988,-0.503370
2025-12-18 10:55:00,6002.660000,-5.510000,-8.993604,-0.505534
2025-12-18 11:00:00,6222.930000,-3.390000,-4.568046,-0.389914
2025-12-18 11:05:00,6224.160000,-3.410000,-8.763818,-0.408079
2025-12-18 11:10:00,6296.940000,-3.360000,-8.423028,-0.255808
2025-12-18 11:15:00,6304.330000,-3.390000,-5.977731,-0.184853
2025-12-18 11:20:00,6373.950000,-3.420000,-9.846373,-0.236092
2025-12-18 11:25:00,6401.370000,-3.450000,-6.786121,-0.238373
2025-12-18 11:30:00,6424.160000,-3.470000,-5.232097,-0.256894
2025-12-18 11:35:00,6473.610000,-3.530000,-5.559954,-0.252821
2025-12-18 11:40:00,6458.720000,-3.530000,-6.040916,0.174622
2025-12-18 11:45:00,6531.060000,-3.530000,-5.845785,0.058296
2025-12-18 11:50:00,6622.310000,8.630000,-4.223070,0.170948
2025-12-18 11:55:00,6673.480000,50.680000,-1.504133,3.907096
2025-12-18 12:00:00,6682.520000,35.460000,1.522454,44.809386
2025-12-18 12:05:00,6684.990000,8.940000,1.761466,47.662765
2025-12-18 12:10:00,6855.950000,42.890000,0.801094,41.099563
2025-12-18 12:15:00,6827.070000,94.530000,1.600119,51.236918
2025-12-18 12:20:00,6895.000000,-3.450000,3.195026,66.482407
2025-12-18 12:25:00,7039.050000,4.340000,0.772896,64.338550
2025-12-18 12:30:00,7030.490000,9.370000,2.679796,68.641944
2025-12-18 12:35:00,7140.970000,8.260000,5.504222,72.767635
2025-12-18 12:40:00,7174.960000,-3.330000,1.774928,66.827600
2025-12-18 12:45:00,7278.280000,36.060000,5.573906,74.843923
2025-12-18 12:50:00,7312.160000,56.960000,5.670657,81.142779
2025-12-18 12:55:00,7335.010000,20.600000,2.022591,70.846237
2025-12-18 13:00:00,7432.180000,8.450000,9.652777,83.808387
2025-12-18 13:05:00,7569.250000,9.270000,6.612564,82.606442
2025-12-18 13:10:00,7535.600000,28.360000,8.046264,86.251416
2025-12-18 13:15:00,7604.550000,22.730000,13.424167,102.623729
2025-12-18 13:20:00,7635.180000,22.700000,5.757477,57.625364
2025-12-18 13:25:00,7738.360000,28.590000,8.747538,61.350473
2025-12-18 13:30:00,7809.530000,12.990000,13.574342,70.811002
2025-12-18 13:35:00,7959.210000,40.020000,7.060247,56.689550
2025-12-18 13:40:00,8019.600000,37.300000,4.342975,55.141115
2025-12-18 13:45:00,7973.090000,20.420000,12.182854,73.625810
2025-12-18 13:50:00,8145.310000,31.590000,14.243836,77.299709
2025-12-18 13:55:00,8213.140000,36.060000,17.017656,66.931906
2025-12-18 14:00:00,8264.600000,54.520000,2.561810,50.992734
2025-12-18 14:05:00,8359.900000,64.890000,16.272609,66.979762
2025-12-18 14:10:00,8471.780000,64.890000,19.676194,78.195639
2025-12-18 14:15:00,8484.090000,40.730000,8.767174,74.688992
2025-12-18 14:20:00,8591.040000,-3.630000,18.477120,78.021309
2025-12-18 14:25:00,8715.770000,3.920000,7.698270,75.767349
2025-12-18 14:30:00,8892.080000,0.000000,5.205890,79.710419
2025-12-18 14:35:00,9084.410000,32.700000,18.811775,103.085545
2025-12-18 14:40:00,9179.810000,12.790000,20.152319,100.880771
2025-12-18 14:45:00,9252.160000,12.160000,18.082161,99.234565
2025-12-18 14:50:00,9347.650000,120.010000,25.381249,106.914657
2025-12-18 14:55:00,9476.420000,158.980000,23.749140,125.719892
2025-12-18 15:00:00,9551.800000,147.890000,20.590292,168.030177
2025-12-18 15:05:00,9614.220000,126.430000,22.536485,190.711162
2025-12-18 15:10:00,9710.530000,158.980000,24.512949,190.205081
2025-12-18 15:15:00,9744.220000,158.980000,29.724965,184.335806
2025-12-18 15:20:00,9916.360000,120.890000,15.300205,180.044352
2025-12-18 15:25:00,10000.400000,158.980000,14.940096,182.469489
2025-12-18 15:30:00,10047.420000,182.970000,15.767957,181.535755
2025-12-18 15:35:00,10126.130000,158.980000,19.357107,210.325815
2025-12-18 15:40:00,10262.590000,158.980000,14.989801,200.023837
2025-12-18 15:45:00,10346.070000,133.600000,14.952810,166.810314
2025-12-18 15:50:00,10484.280000,147.890000,41.740842,162.276652
2025-12-18 15:55:00,10618.000000,156.870000,50.249329,185.474144
2025-12-18 16:00:00,10684.510000,158.980000,60.196707,185.158780
2025-12-18 16:05:00,10798.790000,206.560000,52.071201,174.780122
2025-12-18 16:10:00,10785.630000,203.040000,43.116281,197.376603
2025-12-18 16:15:00,10841.110000,184.840000,44.351398,211.167623
2025-12-18 16:20:00,11006.320000,188.630000,40.546859,187.016807
2025-12-18 16:25:00,11143.370000,203.980000,44.660325,202.336570
2025-12-18 16:30:00,11276.380000,290.760000,51.831481,215.607541
2025-12-18 16:35:00,11355.920000,158.990000,41.960225,249.014496
2025-12-18 16:40:00,11588.230000,192.170000,49.321167,260.151934
2025-12-18 16:45:00,11608.360000,-7.630000,64.627512,260.179463
2025-12-18 16:50:00,11882.780000,56.130000,89.154284,314.649033
2025-12-18 16:55:00,11998.540000,48.150000,81.380394,320.724934
2025-12-18 17:00:00,11981.560000,58.850000,73.060144,320.571278
2025-12-18 17:05:00,12046.120000,59.130000,90.767493,297.746476
2025-12-18 17:10:00,11969.870000,45.980000,123.298228,299.794227
2025-12-18 17:15:00,12043.850000,57.640000,112.467889,299.794227
2025-12-18 17:20:00,11743.240000,45.950000,87.227745,299.029901
2025-12-18 17:25:00,11840.180000,65.590000,181.854414,300.691234
2025-12-18 17:30:00,11966.360000,101.860000,172.651787,332.236432
2025-12-18 17:35:00,12012.150000,110.390000,160.670401,323.409075
2025-12-18 17:40:00,11999.880000,132.360000,163.727937,305.601680
2025-12-18 17:45:00,12041.720000,132.120000,76.654694,203.655086
2025-12-18 17:50:00,12211.280000,188.720000,118.270714,223.561907
2025-12-18 17:55:00,12098.000000,194.370000,136.003033,261.331514
2025-12-18 18:00:00,12099.050000,213.350000,158.031843,280.850505
2025-12-18 18:05:00,12150.460000,14000.680000,175.952101,353.351639
2025-12-18 18:10:00,11846.810000,134.130000,178.665697,454.382661
2025-12-18 18:15:00,11982.460000,197.210000,246.713714,466.840301
2025-12-18 18:20:00,11953.810000,14000.440000,314.091576,475.069908
2025-12-18 18:25:00,11740.410000,140.630000,246.873429,455.875063
2025-12-18 18:30:00,11895.160000,1278.880000,524.570180,950.785852
2025-12-18 18:35:00,11697.720000,175.230000,521.586811,1188.008706
2025-12-18 18:40:00,11830.080000,9240.450000,573.850327,1232.666860
2025-12-18 18:45:00,11596.630000,147.360000,546.595829,1035.892386
2025-12-18 18:50:00,11768.290000,9240.440000,597.823102,949.233766
2025-12-18 18:55:00,11565.790000,141.620000,555.670596,920.300865
2025-12-18 19:00:00,11669.000000,2168.380000,537.016319,918.136237
2025-12-18 19:05:00,11435.970000,9240.440000,743.395513,2082.889401
2025-12-18 19:10:00,11409.210000,242.730000,533.348311,993.770332
2025-12-18 19:15:00,11489.590000,264.410000,585.228618,939.739264
2025-12-18 19:20:00,11412.350000,240.890000,743.395513,2133.783852
2025-12-18 19:25:00,11444.700000,265.280000,496.728198,974.741710
2025-12-18 19:30:00,11381.630000,238.410000,752.364197,2652.743095
2025-12-18 19:35:00,11347.410000,182.940000,475.463852,692.769554
2025-12-18 19:40:00,11314.050000,242.850000,647.279671,3588.650257
2025-12-18 19:45:00,11184.590000,193.400000,309.306453,608.135770
2025-12-18 19:50:00,11120.310000,173.330000,391.525010,1164.223092
2025-12-18 19:55:00,11075.190000,206.160000,268.703122,373.275415
2025-12-18 20:00:00,10982.550000,184.800000,355.304784,918.310502
2025-12-18 20:05:00,10967.260000,233.340000,388.828094,1187.438644
2025-12-18 20:10:00,10770.300000,183.620000,240.546534,342.585352
2025-12-18 20:15:00,10834.440000,221.500000,243.670895,346.244391
2025-12-18 20:20:00,10676.470000,184.950000,240.295366,292.953908
2025-12-18 20:25:00,10697.540000,259.080000,243.416464,302.443335
2025-12-18 20:30:00,10596.280000,271.000000,240.295366,293.222460
2025-12-18 20:35:00,10365.740000,201.950000,213.502673,223.666859
2025-12-18 20:40:00,10402.020000,211.780000,231.144077,323.080868
2025-12-18 20:45:00,10359.290000,206.650000,220.239493,267.535662
2025-12-18 20:50:00,10337.520000,207.170000,217.667696,237.580238
2025-12-18 20:55:00,10384.020000,208.970000,220.239493,256.511210
2025-12-18 21:00:00,10369.000000,209.150000,227.156573,255.035888
2025-12-18 21:05:00,10341.740000,209.940000,233.231052,267.917392
2025-12-18 21:10:00,10235.410000,210.250000,186.158637,202.446424
2025-12-18 21:15:00,10230.790000,213.180000,189.126021,221.448792
2025-12-18 21:20:00,10141.730000,183.790000,186.158637,202.122494
2025-12-18 21:25:00,10107.090000,206.040000,204.158435,249.472244
2025-12-18 21:30:00,10026.850000,185.110000,204.787008,266.673815
2025-12-18 21:35:00,9925.870000,233.420000,177.502925,203.623296
2025-12-18 21:40:00,9839.210000,213.590000,169.214828,208.252858
2025-12-18 21:45:00,9773.060000,237.350000,173.104523,204.518591
2025-12-18 21:50:00,9646.540000,219.100000,167.162642,202.718949
2025-12-18 21:55:00,9602.750000,220.190000,172.098014,204.165866
2025-12-18 22:00:00,9548.360000,215.100000,167.656975,200.152301
2025-12-18 22:05:00,9375.700000,248.880000,170.508151,199.967049
2025-12-18 22:10:00,9268.290000,209.240000,167.354126,204.679237
2025-12-18 22:15:00,9286.180000,161.000000,163.055214,204.442100
2025-12-18 22:20:00,9279.210000,190.030000,162.548881,190.519821
2025-12-18 22:25:00,9169.750000,204.620000,163.262300,201.716641
2025-12-18 22:30:00,9073.850000,170.920000,161.435966,190.869134
2025-12-18 22:35:00,9058.350000,209.430000,173.788489,226.995720
2025-12-18 22:40:00,8901.440000,197.660000,166.265694,208.175427
2025-12-18 22:45:00,8877.640000,158.980000,177.179806,231.744007
2025-12-18 22:50:00,8812.490000,161.080000,164.288605,210.748005
2025-12-18 22:55:00,8742.340000,160.480000,163.870833,205.303252
2025-12-18 23:00:00,8751.590000,154.820000,163.870833,204.516642
2025-12-18 23:05:00,8670.060000,158.980000,171.832415,224.893710
2025-12-18 23:10:00,8674.200000,299.980000,158.859465,198.174339
2025-12-18 23:15:00,8539.750000,176.730000,153.517686,221.068074
2025-12-18 23:20:00,8525.620000,207.260000,158.299992,211.298581
2025-12-18 23:25:00,8445.950000,158.980000,160.412895,210.131463
2025-12-18 23:30:00,8411.550000,179.480000,155.482776,211.741628
2025-12-18 23:35:00,8330.950000,157.400000,158.555736,202.055991
2025-12-18 23:40:00,8359.020000,158.990000,160.412895,210.644772
2025-12-18 23:45:00,8148.480000,148.440000,127.875551,211.363249
2025-12-18 23:50:00,8226.630000,192.460000,152.706718,214.380597
2025-12-18 23:55:00,8160.400000,163.120000,149.143379,216.034485
2025-12-19 00:00:00,8145.260000,163.260000,143.342644,210.386716
2025-12-19 00:05:00,8065.270000,188.720000,143.913027,218.765994
2025-12-19 00:10:00,8032.420000,182.640000,192.830694,228.648996
2025-12-19 00:15:00,7978.370000,189.200000,160.609835,181.896882
2025-12-19 00:20:00,7912.560000,180.640000,162.801508,208.477043
2025-12-19 00:25:00,7863.640000,177.430000,145.966635,162.307988
2025-12-19 00:30:00,7808.870000,158.990000,159.391149,174.450578
2025-12-19 00:35:00,7753.780000,173.960000,140.152750,160.575834
2025-12-19 00:40:00,7743.330000,183.270000,140.621066,159.845054
2025-12-19 00:45:00,7678.870000,182.880000,145.890593,164.636640
2025-12-19 00:50:00,7630.620000,158.990000,158.650736,202.742886
2025-12-19 00:55:00,7610.960000,174.950000,157.498310,170.768039
2025-12-19 01:00:00,7540.750000,147.890000,153.042587,163.476825
2025-12-19 01:05:00,7531.260000,158.990000,158.246008,198.353979
2025-12-19 01:10:00,7521.820000,158.990000,154.606606,180.706880
2025-12-19 01:15:00,7474.270000,135.270000,152.241161,190.957403
2025-12-19 01:20:00,7452.470000,158.990000,152.460776,180.627459
2025-12-19 01:25:00,7368.050000,134.850000,143.757972,172.402387
2025-12-19 01:30:00,7391.470000,115.370000,135.890385,167.741243
2025-12-19 01:35:00,7347.840000,137.820000,145.678182,181.733783
2025-12-19 01:40:00,7319.610000,105.470000,145.493036,183.262624
2025-12-19 01:45:00,7254.490000,120.890000,141.714458,182.032906
2025-12-19 01:50:00,7222.090000,124.300000,128.909072,160.758009
2025-12-19 01:55:00,7211.610000,158.990000,140.685050,173.963857
2025-12-19 02:00:00,7189.650000,103.360000,129.266467,157.351782
2025-12-19 02:05:00,7222.320000,110.730000,137.400696,194.313084
2025-12-19 02:10:00,7213.430000,116.690000,137.400696,196.867915
2025-12-19 02:15:00,7204.320000,124.300000,131.226066,180.956554
2025-12-19 02:20:00,7188.430000,124.300000,137.690429,180.451269
2025-12-19 02:25:00,7154.920000,139.240000,128.714215,176.454092
2025-12-19 02:30:00,7108.930000,125.010000,115.864689,150.440096
2025-12-19 02:35:00,7104.220000,112.510000,128.553217,170.233880
2025-12-19 02:40:00,7136.740000,113.320000,113.430387,144.586538
2025-12-19 02:45:00,7119.920000,116.670000,125.326832,163.886942
2025-12-19 02:50:00,7108.310000,112.520000,125.598839,169.726683
2025-12-19 02:55:00,7108.810000,112.590000,138.499976,183.078694
2025-12-19 03:00:00,7090.740000,111.800000,115.399025,127.248301
2025-12-19 03:05:00,7061.070000,110.970000,113.267304,128.889950
2025-12-19 03:10:00,7076.340000,104.130000,111.274976,130.244749
2025-12-19 03:15:00,7056.130000,109.360000,117.201770,140.136730
2025-12-19 03:20:00,7032.750000,104.360000,116.941779,136.872790
2025-12-19 03:25:00,7062.940000,90.980000,125.672378,152.418688
2025-12-19 03:30:00,7048.880000,110.030000,119.589519,137.472719
2025-12-19 03:35:00,7063.350000,90.400000,113.267304,124.896059
2025-12-19 03:40:00,7039.210000,90.360000,110.454203,125.732542
2025-12-19 03:45:00,7027.370000,89.550000,110.167519,124.045857
2025-12-19 03:50:00,7029.000000,89.190000,110.148817,122.984279
2025-12-19 03:55:00,7040.480000,89.030000,110.148817,120.989264
2025-12-19 04:00:00,7043.360000,84.340000,108.556216,122.697015
2025-12-19 04:05:00,7043.240000,87.070000,108.857187,126.105110
2025-12-19 04:10:00,7116.870000,87.680000,110.654232,120.689705
2025-12-19 04:15:00,7152.550000,83.900000,113.267304,127.232294
2025-12-19 04:20:00,7143.040000,84.790000,111.144356,121.428520
2025-12-19 04:25:00,7184.700000,86.530000,105.298339,107.615504
2025-12-19 04:30:00,7195.910000,86.140000,112.124062,127.389254
2025-12-19 04:35:00,7205.860000,85.770000,100.651992,97.143255
2025-12-19 04:40:00,7237.490000,85.740000,101.246395,97.392816
2025-12-19 04:45:00,7269.250000,85.180000,102.796429,97.372730
2025-12-19 04:50:00,7274.680000,85.200000,102.796429,97.060605
2025-12-19 04:55:00,7291.080000,85.830000,105.519466,97.946310
2025-12-19 05:00:00,7298.970000,84.600000,101.041551,89.752974
2025-12-19 05:05:00,7292.740000,86.170000,99.599411,94.337044
2025-12-19 05:10:00,7391.600000,84.540000,101.679798,94.199323
2025-12-19 05:15:00,7415.400000,84.440000,96.316060,90.506803
2025-12-19 05:20:00,7458.550000,85.120000,94.028367,90.606394
2025-12-19 05:25:00,7491.570000,83.950000,95.049207,94.258729
2025-12-19 05:30:00,7487.180000,83.280000,95.049207,94.258729
2025-12-19 05:35:00,7525.800000,72.510000,90.304921,91.796726
2025-12-19 05:40:00,7541.090000,75.020000,88.323556,94.972503
2025-12-19 05:45:00,7585.680000,62.500000,81.428231,92.804979
2025-12-19 05:50:00,7611.500000,57.060000,80.024154,90.040712
2025-12-19 05:55:00,7632.640000,57.060000,75.998401,86.696939
2025-12-19 06:00:00,7625.090000,52.240000,48.932288,84.693561
2025-12-19 06:05:00,7654.190000,36.040000,51.454853,87.420488
2025-12-19 06:10:00,7725.930000,39.880000,41.098039,84.998569
2025-12-19 06:15:00,7775.020000,0.470000,40.156130,74.231489
2025-12-19 06:20:00,7819.660000,40.540000,24.399244,78.017980
2025-12-19 06:25:00,7790.440000,0.470000,16.102411,64.112459
2025-12-19 06:30:00,7836.860000,35.880000,14.656513,61.573358
2025-12-19 06:35:00,7744.800000,0.000000,13.964455,60.842919
2025-12-19 06:40:00,7835.140000,33.500000,14.324999,62.327934
2025-12-19 06:45:00,7867.790000,31.770000,16.031885,60.901984
2025-12-19 06:50:00,7919.650000,42.580000,17.838225,60.623192
2025-12-19 06:55:00,7912.860000,35.880000,18.260441,59.089564
2025-12-19 07:00:00,7889.850000,15.010000,7.679109,53.460603
2025-12-19 07:05:00,7918.040000,34.010000,3.844287,50.943286
2025-12-19 07:10:00,8016.650000,48.400000,10.533752,54.615595
2025-12-19 07:15:00,7992.500000,65.770000,2.866074,50.018606
2025-12-19 07:20:00,7993.380000,37.400000,7.399509,52.905742
2025-12-19 07:25:00,8020.680000,66.430000,2.294408,55.963506
2025-12-19 07:30:00,8016.280000,47.560000,7.354510,59.379881
2025-12-19 07:35:00,7949.640000,69.250000,2.055731,53.391720
2025-12-19 07:40:00,8018.300000,68.760000,9.212755,57.403399
2025-12-19 07:45:00,8002.060000,63.580000,6.871502,56.558696
2025-12-19 07:50:00,8028.390000,60.640000,11.734375,62.101734
2025-12-19 07:55:00,8083.700000,70.370000,7.413641,62.626672
2025-12-19 08:00:00,8031.080000,57.790000,4.154127,55.163441
2025-12-19 08:05:00,8083.300000,40.540000,9.107720,60.062531
2025-12-19 08:10:00,8171.990000,62.800000,23.847749,72.070480
2025-12-19 08:15:00,8222.720000,58.410000,28.485249,78.890895
2025-12-19 08:20:00,8203.400000,57.060000,16.323329,68.370832
2025-12-19 08:25:00,8185.960000,77.000000,28.283003,78.770499
2025-12-19 08:30:00,8169.490000,77.000000,22.971164,72.082321
2025-12-19 08:35:00,8249.050000,87.250000,27.305580,80.581355
2025-12-19 08:40:00,8149.180000,112.160000,25.545965,77.991636
2025-12-19 08:45:00,8233.370000,115.600000,20.419179,83.246786
2025-12-19 08:50:00,8202.350000,105.790000,12.925071,81.137158
2025-12-19 08:55:00,8300.300000,114.060000,11.145332,81.306083
2025-12-19 09:00:00,8258.470000,85.910000,14.311400,84.416400
2025-12-19 09:05:00,8273.520000,116.680000,19.328870,93.920738
2025-12-19 09:10:00,8352.310000,118.320000,18.216448,92.723014
2025-12-19 09:15:00,8354.480000,137.300000,18.144305,95.480082
2025-12-19 09:20:00,8358.160000,94.700000,15.848483,111.345414
2025-12-19 09:25:00,8358.410000,89.050000,9.603740,90.286977
2025-12-19 09:30:00,8476.310000,105.790000,10.084410,89.045409
2025-12-19 09:35:00,8453.070000,138.420000,21.460701,116.906551
2025-12-19 09:40:00,8606.640000,157.140000,19.055721,136.902810
2025-12-19 09:45:00,8642.900000,134.700000,10.917322,132.595739
2025-12-19 09:50:00,8797.370000,145.910000,18.474837,138.356459
2025-12-19 09:55:00,8837.740000,157.890000,17.593798,141.257433
2025-12-19 10:00:00,8781.580000,136.020000,6.366954,96.541178
2025-12-19 10:05:00,8799.590000,411.770000,6.744793,124.070619
2025-12-19 10:10:00,8679.910000,75.010000,2.206340,172.938458
2025-12-19 10:15:00,8850.020000,406.410000,3.768407,195.569666
2025-12-19 10:20:00,8706.110000,240.900000,3.543716,154.606755
2025-12-19 10:25:00,8746.300000,299.880000,2.474751,165.459039
2025-12-19 10:30:00,8707.440000,240.900000,2.762904,167.242255
2025-12-19 10:35:00,8771.740000,250.900000,3.613969,154.344009
2025-12-19 10:40:00,8792.810000,396.400000,3.451606,162.566569
2025-12-19 10:45:00,8697.240000,36.060000,2.247804,167.412574
2025-12-19 10:50:00,8985.130000,401.750000,3.295878,170.645602
2025-12-19 10:55:00,8876.400000,367.340000,3.455732,162.131153
2025-12-19 11:00:00,8895.410000,379.550000,2.955519,201.243315
2025-12-19 11:05:00,8872.840000,372.320000,2.669491,230.136486
2025-12-19 11:10:00,8915.180000,371.380000,3.841138,188.551059
2025-12-19 11:15:00,8931.730000,357.750000,2.624597,222.370982
2025-12-19 11:20:00,8919.500000,348.180000,6.121244,260.013097
2025-12-19 11:25:00,8998.800000,538.240000,4.555283,246.854924
2025-12-19 11:30:00,9031.370000,-12.970000,4.623517,254.287364
2025-12-19 11:35:00,9282.050000,-12.900000,8.089556,279.429224
2025-12-19 11:40:00,9483.020000,-8.600000,8.477027,279.276762
2025-12-19 11:45:00,9600.960000,0.000000,9.807595,299.337499
2025-12-19 11:50:00,9702.000000,40.060000,9.309975,279.460103
2025-12-19 11:55:00,9716.970000,80.020000,11.430751,281.311943
2025-12-19 12:00:00,9727.900000,80.020000,9.129401,281.311943
2025-12-19 12:05:00,9926.750000,116.370000,8.491107,293.573226
2025-12-19 12:10:00,9985.510000,152.230000,9.535913,282.981764
2025-12-19 12:15:00,10107.830000,173.870000,12.497433,283.538282
2025-12-19 12:20:00,10191.640000,156.750000,8.613259,292.801522
2025-12-19 12:25:00,10329.180000,205.600000,10.663694,334.634076
2025-12-19 12:30:00,10429.090000,14000.680000,26.566292,263.645706
2025-12-19 12:35:00,10413.350000,4.930000,27.634940,396.531150
2025-12-19 12:40:00,10788.730000,33.170000,16.430490,403.605608
2025-12-19 12:45:00,10887.050000,44.420000,13.452970,352.437052
2025-12-19 12:50:00,11016.920000,86.970000,15.139841,330.567208
2025-12-19 12:55:00,11013.380000,78.800000,13.573520,365.970004
2025-12-19 13:00:00,11045.490000,89.350000,16.671475,366.422419
2025-12-19 13:05:00,11131.670000,119.690000,18.027048,793.125727
2025-12-19 13:10:00,11230.750000,143.400000,21.840431,779.549541
2025-12-19 13:15:00,11292.170000,165.000000,16.430020,753.418092
2025-12-19 13:20:00,11467.710000,107.230000,21.708051,788.334920
2025-12-19 13:25:00,11691.590000,189.880000,22.683864,753.553510
2025-12-19 13:30:00,11894.980000,149.350000,21.993536,1259.549510
2025-12-19 13:35:00,12008.800000,99.750000,10.277593,276.185015
2025-12-19 13:40:00,12074.950000,78.190000,12.736733,226.769969
2025-12-19 13:45:00,12137.380000,69.370000,14.157747,200.523089
2025-12-19 13:50:00,12277.190000,14001.010000,22.203180,240.101580
2025-12-19 13:55:00,12011.950000,14000.770000,26.541980,429.319255
2025-12-19 14:00:00,12078.460000,6388.290000,25.448217,694.703382
2025-12-19 14:05:00,12077.870000,2596.990000,26.910774,895.836453
2025-12-19 14:10:00,12029.540000,461.880000,30.190899,915.118039
2025-12-19 14:15:00,12091.000000,485.260000,24.192212,830.627804
2025-12-19 14:20:00,12060.630000,492.650000,19.799060,856.213513
2025-12-19 14:25:00,12037.430000,475.360000,19.140738,745.542733
2025-12-19 14:30:00,12005.320000,463.570000,20.236085,789.504573
2025-12-19 14:35:00,11918.570000,455.640000,12.899957,430.803929
2025-12-19 14:40:00,11816.650000,432.730000,6.702245,295.762293
2025-12-19 14:45:00,11809.450000,424.900000,7.973143,269.514976
2025-12-19 14:50:00,11964.330000,438.520000,27.482618,535.674067
2025-12-19 14:55:00,11938.700000,406.550000,24.446237,551.089716
2025-12-19 15:00:00,11990.990000,-689.990000,20.700024,620.487136
2025-12-19 15:05:00,12117.050000,29.510000,29.904166,774.721897
2025-12-19 15:10:00,11976.870000,395.710000,30.140438,644.368792
2025-12-19 15:15:00,11901.430000,387.010000,30.140438,576.013905
2025-12-19 15:20:00,11847.830000,-689.990000,54.491672,612.622207
2025-12-19 15:25:00,12032.120000,-2.950000,120.851158,649.643348
2025-12-19 15:30:00,12098.880000,299.490000,105.253474,649.643348
2025-12-19 15:35:00,12077.540000,-9.570000,133.928523,758.666688
2025-12-19 15:40:00,12287.060000,299.490000,68.632841,774.691089
2025-12-19 15:45:00,12403.060000,400.040000,67.066345,848.435103
2025-12-19 15:50:00,12613.270000,411.850000,78.867078,747.287779
2025-12-19 15:55:00,12707.620000,421.840000,84.178769,774.691089
2025-12-19 16:00:00,12851.570000,436.420000,22.068503,378.980671
2025-12-19 16:05:00,12984.150000,390.640000,26.620154,360.418966
2025-12-19 16:10:00,13063.180000,406.850000,85.223197,860.915559
2025-12-19 16:15:00,13053.790000,439.710000,85.709344,879.099636
2025-12-19 16:20:00,13058.200000,448.020000,20.820403,376.393980
2025-12-19 16:25:00,12984.760000,420.230000,46.828283,310.071032
2025-12-19 16:30:00,12997.830000,481.400000,204.567519,717.590043
2025-12-19 16:35:00,12971.650000,45.400000,51.935235,345.460452
2025-12-19 16:40:00,13034.750000,84.450000,177.443741,568.236621
2025-12-19 16:45:00,12873.300000,60.340000,76.600118,530.037085
2025-12-19 16:50:00,12957.850000,84.560000,159.345936,565.282946
2025-12-19 16:55:00,12882.360000,65.940000,102.251004,470.087742
2025-12-19 17:00:00,12815.450000,101.170000,129.670747,463.172750
2025-12-19 17:05:00,12412.420000,49.500000,124.554585,482.067971
2025-12-19 17:10:00,12339.200000,77.530000,111.001435,454.919410
2025-12-19 17:15:00,12298.270000,109.600000,143.237139,464.693457
2025-12-19 17:20:00,12140.170000,123.320000,137.962123,414.856298
2025-12-19 17:25:00,12013.480000,124.840000,144.465938,526.564696
2025-12-19 17:30:00,12038.550000,129.530000,234.978397,775.335981
2025-12-19 17:35:00,11926.670000,93.130000,52.292288,147.130274
2025-12-19 17:40:00,11891.300000,74.090000,103.129064,149.363099
2025-12-19 17:45:00,11895.230000,79.900000,93.949954,174.131024
2025-12-19 17:50:00,11795.500000,95.420000,126.250086,186.237885
2025-12-19 17:55:00,11757.410000,105.920000,92.646819,147.550518
2025-12-19 18:00:00,11742.010000,143.110000,194.518169,223.697431
2025-12-19 18:05:00,11608.790000,142.930000,95.905204,209.309765
2025-12-19 18:10:00,11479.420000,141.340000,123.632684,153.120385
2025-12-19 18:15:00,11416.010000,142.250000,188.314189,202.322378
2025-12-19 18:20:00,11284.080000,104.040000,170.905160,208.824113
2025-12-19 18:25:00,11257.270000,118.390000,188.853879,213.128330
2025-12-19 18:30:00,11214.640000,155.440000,198.986716,262.771466
2025-12-19 18:35:00,11120.400000,193.480000,175.593947,209.584330
2025-12-19 18:40:00,10865.060000,165.000000,98.957623,152.293749
2025-12-19 18:45:00,10784.250000,158.980000,71.586387,139.175794
2025-12-19 18:50:00,10716.520000,158.980000,99.529562,155.021619
2025-12-19 18:55:00,10679.450000,164.070000,101.442630,153.736962
2025-12-19 19:00:00,10615.360000,135.040000,107.149050,168.002522
2025-12-19 19:05:00,10595.900000,149.470000,109.539251,168.002522
2025-12-19 19:10:00,10691.610000,158.980000,117.857847,163.758783
2025-12-19 19:15:00,10761.620000,149.360000,123.950389,163.758783
2025-12-19 19:20:00,10766.480000,152.190000,108.488225,151.804050
2025-12-19 19:25:00,10759.860000,150.320000,110.466430,147.069915
2025-12-19 19:30:00,10798.510000,148.560000,135.898530,166.031225
2025-12-19 19:35:00,10751.080000,175.030000,143.786272,197.153948
2025-12-19 19:40:00,10623.480000,149.190000,137.313903,174.634952
2025-12-19 19:45:00,10636.360000,147.210000,133.782370,161.748691
2025-12-19 19:50:00,10564.430000,145.210000,134.422326,161.455954
2025-12-19 19:55:00,10538.380000,147.020000,141.404312,175.149422
2025-12-19 20:00:00,10484.640000,142.720000,131.741478,152.837958
2025-12-19 20:05:00,10388.940000,139.580000,136.522003,157.255476
2025-12-19 20:10:00,10486.540000,139.920000,132.252974,160.457214
2025-12-19 20:15:00,10499.350000,149.990000,131.430193,156.061439
2025-12-19 20:20:00,10313.490000,139.000000,129.363497,159.291632
2025-12-19 20:25:00,10304.430000,140.350000,129.005834,160.714236
2025-12-19 20:30:00,10221.440000,141.920000,129.005834,159.872507
2025-12-19 20:35:00,10058.610000,138.030000,132.799552,171.580380
2025-12-19 20:40:00,10001.750000,139.000000,127.177288,156.020964
2025-12-19 20:45:00,9889.050000,124.390000,128.768142,155.398909
2025-12-19 20:50:00,9883.400000,135.910000,128.768142,155.145514
2025-12-19 20:55:00,9707.670000,131.730000,130.869679,155.213564
2025-12-19 21:00:00,9692.670000,118.070000,138.406815,152.389572
2025-12-19 21:05:00,9640.850000,134.000000,136.089745,142.344500
2025-12-19 21:10:00,9542.050000,134.000000,132.851188,141.203552
2025-12-19 21:15:00,9620.060000,130.700000,140.518819,153.943558
2025-12-19 21:20:00,9535.420000,143.390000,138.647221,154.384023
2025-12-19 21:25:00,9483.900000,120.890000,136.770444,153.919489
2025-12-19 21:30:00,9462.900000,129.850000,140.776432,157.574336
2025-12-19 21:35:00,9294.350000,139.000000,134.797174,149.348470
2025-12-19 21:40:00,9463.370000,135.250000,139.075646,153.907764
2025-12-19 21:45:00,9398.700000,120.010000,130.714930,138.476103
2025-12-19 21:50:00,9274.660000,134.000000,135.381501,154.091910
2025-12-19 21:55:00,9284.170000,134.000000,141.086628,151.512576
2025-12-19 22:00:00,9234.350000,120.010000,129.015883,144.969553
2025-12-19 22:05:00,9181.090000,134.000000,142.505539,156.540940
2025-12-19 22:10:00,9151.320000,151.520000,151.582443,161.679248
2025-12-19 22:15:00,9059.110000,148.580000,140.556114,152.992839
2025-12-19 22:20:00,8992.220000,126.680000,145.323132,159.611339
2025-12-19 22:25:00,8955.370000,120.890000,132.066420,141.520724
2025-12-19 22:30:00,8926.970000,137.150000,137.071438,148.616316
2025-12-19 22:35:00,8858.990000,124.320000,136.788118,161.307064
2025-12-19 22:40:00,8819.170000,141.290000,132.401380,152.552103
2025-12-19 22:45:00,8733.140000,120.890000,119.181271,139.561458
2025-12-19 22:50:00,8713.580000,139.310000,131.377874,152.936319
2025-12-19 22:55:00,8664.970000,136.900000,127.520810,150.358522
2025-12-19 23:00:00,8643.590000,129.390000,113.816459,132.771051
2025-12-19 23:05:00,8579.610000,120.010000,124.814124,133.370767
2025-12-19 23:10:00,8589.040000,120.890000,133.264964,146.367568
2025-12-19 23:15:00,8512.030000,140.110000,132.827772,144.701906
2025-12-19 23:20:00,8455.320000,120.010000,116.295992,129.619975
2025-12-19 23:25:00,8417.340000,137.580000,114.606566,125.427443
2025-12-19 23:30:00,8418.070000,125.080000,121.143232,133.968496
2025-12-19 23:35:00,8385.400000,120.010000,114.855307,125.736960
2025-12-19 23:40:00,8360.440000,120.890000,124.780897,136.209305
2025-12-19 23:45:00,8314.400000,130.000000,111.649047,122.547037
2025-12-19 23:50:00,8255.080000,138.350000,123.128326,135.520149
2025-12-19 23:55:00,8204.370000,130.970000,118.114980,133.738105
2025-12-20 00:00:00,8217.710000,137.770000,119.432189,126.830714
2025-12-20 00:05:00,8132.770000,139.350000,109.897974,116.113279
2025-12-20 00:10:00,8040.130000,111.150000,111.404216,117.404824
2025-12-20 00:15:00,8084.040000,120.010000,122.160068,130.111880
2025-12-20 00:20:00,8022.920000,126.810000,107.605890,114.239224
2025-12-20 00:25:00,7940.100000,120.010000,120.397579,127.482622
2025-12-20 00:30:00,7845.480000,120.010000,113.926183,119.849198
2025-12-20 00:35:00,7800.050000,132.320000,106.050053,115.374373
2025-12-20 00:40:00,7745.610000,120.010000,109.591359,115.709719
2025-12-20 00:45:00,7723.500000,131.210000,112.735885,121.950259
2025-12-20 00:50:00,7647.470000,120.010000,117.767021,127.304239
2025-12-20 00:55:00,7673.520000,120.890000,114.399254,126.134649
2025-12-20 01:00:00,7616.490000,120.010000,113.072681,130.799814
2025-12-20 01:05:00,7624.260000,128.650000,118.743902,140.446916
2025-12-20 01:10:00,7599.800000,148.140000,107.022688,121.380608
2025-12-20 01:15:00,7566.870000,132.250000,104.205538,128.379760
2025-12-20 01:20:00,7512.550000,120.010000,118.002793,149.371691
2025-12-20 01:25:00,7495.330000,108.460000,109.768953,138.610559
2025-12-20 01:30:00,7430.940000,120.010000,110.401473,140.218619
2025-12-20 01:35:00,7406.780000,124.300000,143.724398,171.163138
2025-12-20 01:40:00,7369.390000,120.010000,130.011074,149.183422
2025-12-20 01:45:00,7343.760000,139.250000,142.174924,162.115272
2025-12-20 01:50:00,7299.330000,112.320000,132.520577,151.882572
2025-12-20 01:55:00,7325.000000,137.870000,143.207784,156.274437
2025-12-20 02:00:00,7228.430000,110.320000,130.011074,156.499824
2025-12-20 02:05:00,7281.950000,110.500000,136.826388,170.313212
2025-12-20 02:10:00,7251.170000,120.010000,147.877158,180.801015
2025-12-20 02:15:00,7253.700000,120.010000,140.276326,165.544492
2025-12-20 02:20:00,7200.760000,120.010000,119.508943,146.274766
2025-12-20 02:25:00,7257.350000,108.890000,117.846582,139.379870
2025-12-20 02:30:00,7188.580000,108.220000,119.508943,146.274766
2025-12-20 02:35:00,7240.320000,109.060000,113.257759,137.717331
2025-12-20 02:40:00,7230.200000,120.010000,107.616326,132.406312
2025-12-20 02:45:00,7151.300000,89.820000,117.462073,141.378911
2025-12-20 02:50:00,7153.870000,101.500000,101.647606,118.674894
2025-12-20 02:55:00,7142.620000,104.040000,113.184235,128.095136
2025-12-20 03:00:00,7146.290000,105.900000,102.175779,122.578477
2025-12-20 03:05:00,7139.430000,88.640000,104.005203,123.172434
2025-12-20 03:10:00,7141.080000,94.950000,105.176356,127.675902
2025-12-20 03:15:00,7111.150000,89.300000,104.005203,127.331447
2025-12-20 03:20:00,7102.950000,106.920000,105.484477,130.050240
2025-12-20 03:25:00,7069.990000,107.580000,101.505823,118.199951
2025-12-20 03:30:00,7070.550000,107.510000,104.017181,123.248184
2025-12-20 03:35:00,7103.850000,101.310000,106.511758,125.315606
2025-12-20 03:40:00,7131.180000,106.440000,106.342428,131.246484
2025-12-20 03:45:00,7105.650000,100.660000,95.884698,105.558919
2025-12-20 03:50:00,7066.790000,108.000000,101.409965,114.578086
2025-12-20 03:55:00,7116.360000,109.810000,103.889100,117.567216
2025-12-20 04:00:00,7040.390000,108.370000,102.688053,119.866751
2025-12-20 04:05:00,7038.820000,96.320000,95.884698,105.594214
2025-12-20 04:10:00,7060.580000,89.030000,97.156809,110.932179
2025-12-20 04:15:00,7109.230000,99.740000,95.242479,106.223081
2025-12-20 04:20:00,7121.440000,108.370000,104.405261,125.179929
2025-12-20 04:25:00,7109.590000,109.130000,107.841795,126.584814
2025-12-20 04:30:00,7113.320000,110.280000,107.841795,127.167103
2025-12-20 04:35:00,7101.330000,108.370000,101.908899,114.387671
2025-12-20 04:40:00,7081.200000,106.050000,103.889100,122.408975
2025-12-20 04:45:00,7077.920000,106.800000,101.908899,113.279616
2025-12-20 04:50:00,7057.240000,131.170000,105.379121,123.390958
2025-12-20 04:55:00,7091.930000,112.000000,110.491264,136.528907
2025-12-20 05:00:00,7088.690000,132.180000,115.288609,139.582864
2025-12-20 05:05:00,7044.640000,153.530000,108.065450,129.123810
2025-12-20 05:10:00,7078.950000,139.510000,105.417555,142.041780
2025-12-20 05:15:00,7125.740000,156.400000,108.712312,140.130597
2025-12-20 05:20:00,7165.070000,131.570000,115.288609,160.490392
2025-12-20 05:25:00,7186.630000,129.580000,116.138374,161.068452
2025-12-20 05:30:00,7181.340000,110.000000,112.115601,159.837073
2025-12-20 05:35:00,7206.750000,106.660000,106.675455,153.731520
2025-12-20 05:40:00,7228.730000,109.780000,102.379362,144.519284
2025-12-20 05:45:00,7169.860000,94.630000,101.342484,143.102693
2025-12-20 05:50:00,7259.180000,89.910000,109.496988,153.675217
2025-12-20 05:55:00,7219.880000,74.740000,91.901053,122.856033
2025-12-20 06:00:00,7243.290000,79.630000,73.067197,105.753337
2025-12-20 06:05:00,7268.880000,80.020000,39.931940,107.324118
2025-12-20 06:10:00,7306.840000,80.020000,29.630582,99.195517
2025-12-20 06:15:00,7300.650000,75.360000,19.518794,89.538575
2025-12-20 06:20:00,7302.210000,43.290000,26.040391,78.994715
2025-12-20 06:25:00,7302.450000,15.750000,10.183176,69.998233
2025-12-20 06:30:00,7237.680000,-5.510000,4.393475,56.578965
2025-12-20 06:35:00,7274.160000,-7.000000,1.107034,44.363467
2025-12-20 06:40:00,7296.530000,-5.510000,0.593986,47.992301
2025-12-20 06:45:00,7271.030000,-7.000000,0.102763,44.307257
2025-12-20 06:50:00,7274.990000,-7.000000,0.201677,43.347751
2025-12-20 06:55:00,7244.030000,-8.180000,-0.307096,38.832408
2025-12-20 07:00:00,7255.010000,-7.000000,-0.715202,36.762689
2025-12-20 07:05:00,7312.570000,0.000000,-0.057502,37.139233
2025-12-20 07:10:00,7320.770000,-7.190000,0.290443,34.592670
2025-12-20 07:15:00,7317.940000,15.480000,1.333006,37.837892
2025-12-20 07:20:00,7333.340000,15.840000,2.546462,37.914799
2025-12-20 07:25:00,7298.660000,28.680000,0.505564,30.416539
2025-12-20 07:30:00,7299.520000,31.680000,-0.309646,26.370645
2025-12-20 07:35:00,7295.340000,57.080000,0.156946,29.442196
2025-12-20 07:40:00,7318.480000,34.320000,0.845325,42.953331
2025-12-20 07:45:00,7293.310000,65.000000,0.966208,44.234542
2025-12-20 07:50:00,7331.840000,63.940000,2.273556,52.722369
2025-12-20 07:55:00,7316.170000,39.640000,1.307416,48.233445
2025-12-20 08:00:00,7330.290000,56.880000,1.552958,45.470127
2025-12-20 08:05:00,7366.720000,66.250000,0.728344,43.792620
2025-12-20 08:10:00,7482.870000,63.230000,2.364800,52.220480
2025-12-20 08:15:00,7428.480000,66.450000,3.470502,59.600632
2025-12-20 08:20:00,7466.630000,44.710000,3.936658,50.472657
2025-12-20 08:25:00,7420.870000,46.790000,4.459656,50.849828
2025-12-20 08:30:00,7372.560000,35.820000,4.087815,48.947176
2025-12-20 08:35:00,7443.310000,45.010000,24.050089,66.767455
2025-12-20 08:40:00,7500.170000,45.010000,5.553622,56.307488
2025-12-20 08:45:00,7481.790000,24.270000,29.033807,68.143079
2025-12-20 08:50:00,7450.700000,23.520000,20.760367,62.608172
2025-12-20 08:55:00,7366.090000,34.010000,11.863124,59.892117
2025-12-20 09:00:00,7396.480000,51.010000,15.127116,64.895541
2025-12-20 09:05:00,7333.230000,39.950000,17.148033,66.227029
2025-12-20 09:10:00,7419.110000,73.940000,25.193570,66.527011
2025-12-20 09:15:00,7429.560000,57.020000,17.795275,66.446503
2025-12-20 09:20:00,7366.380000,54.600000,12.545918,62.633764
2025-12-20 09:25:00,7376.150000,45.010000,40.724627,65.749065
2025-12-20 09:30:00,7317.190000,41.370000,17.732017,59.187772
2025-12-20 09:35:00,7209.000000,40.630000,6.389538,62.160142
2025-12-20 09:40:00,7334.330000,42.130000,6.527548,66.827549
2025-12-20 09:45:00,7307.080000,23.850000,2.599897,57.965057
2025-12-20 09:50:00,7307.690000,23.870000,3.361711,57.459337
2025-12-20 09:55:00,7275.980000,13.190000,3.334352,58.781957
2025-12-20 10:00:00,7211.790000,13.100000,7.100220,68.208430
2025-12-20 10:05:00,7165.650000,13.780000,3.003744,62.257169
2025-12-20 10:10:00,7173.560000,22.990000,3.175228,68.503570
2025-12-20 10:15:00,7093.380000,4.790000,5.939626,60.912622
2025-12-20 10:20:00,7033.670000,4.710000,4.430123,62.479840
2025-12-20 10:25:00,6968.000000,1.350000,3.195463,56.651981
2025-12-20 10:30:00,6814.340000,5.100000,3.520663,55.126384
2025-12-20 10:35:00,6809.330000,4.990000,4.087014,55.808990
2025-12-20 10:40:00,6777.260000,21.210000,5.353160,55.396096
2025-12-20 10:45:00,6717.600000,4.960000,1.780913,38.215220
2025-12-20 10:50:00,6828.770000,4.270000,1.967279,41.683327
2025-12-20 10:55:00,6906.920000,8.940000,0.794955,26.328349
2025-12-20 11:00:00,6968.450000,22.730000,1.806115,26.883390
2025-12-20 11:05:00,7046.810000,23.470000,5.190466,39.834347
2025-12-20 11:10:00,7090.310000,23.630000,10.194454,50.581868
2025-12-20 11:15:00,7157.580000,102.370000,2.467281,41.114536
2025-12-20 11:20:00,7217.770000,117.900000,4.589568,80.062912
2025-12-20 11:25:00,7236.260000,139.870000,3.699346,86.074850
2025-12-20 11:30:00,7280.660000,118.460000,4.087597,104.387961
2025-12-20 11:35:00,7289.840000,0.720000,4.252280,108.897343
2025-12-20 11:40:00,7249.280000,7.630000,4.026396,114.131906
2025-12-20 11:45:00,7222.160000,0.690000,3.142902,111.733877
2025-12-20 11:50:00,7335.780000,7.470000,4.614647,111.695905
2025-12-20 11:55:00,7193.830000,0.680000,3.106755,124.169140
2025-12-20 12:00:00,7209.520000,-6.790000,3.604485,126.647044
2025-12-20 12:05:00,7191.490000,0.680000,2.223732,123.007204
2025-12-20 12:10:00,7127.640000,0.510000,0.083317,91.348576
2025-12-20 12:15:00,7020.100000,-7.760000,1.003898,132.304787
2025-12-20 12:20:00,7009.720000,-7.800000,0.769610,126.010578
2025-12-20 12:25:00,7044.610000,-7.920000,0.125950,121.020957
2025-12-20 12:30:00,6952.620000,-7.320000,1.457285,117.014053
2025-12-20 12:35:00,6948.610000,-7.220000,-1.031353,22.114538
2025-12-20 12:40:00,6912.280000,-7.270000,0.303170,21.730076
2025-12-20 12:45:00,6956.960000,-7.550000,-0.185801,35.294667
2025-12-20 12:50:00,7068.470000,-7.020000,0.603582,42.678009
2025-12-20 12:55:00,7066.550000,-6.550000,-0.538128,47.577644
2025-12-20 13:00:00,7094.000000,-7.080000,-7.847505,0.908232
2025-12-20 13:05:00,7099.300000,-6.900000,-1.528740,11.843446
2025-12-20 13:10:00,7559.060000,-5.510000,-0.264515,18.576178
2025-12-20 13:15:00,7673.420000,0.510000,-2.893077,0.530013
2025-12-20 13:20:00,7383.300000,22.150000,-1.521068,1.430963
2025-12-20 13:25:00,7513.680000,23.170000,0.734941,59.543353
2025-12-20 13:30:00,7607.050000,12.860000,4.497524,49.305323
2025-12-20 13:35:00,7686.200000,22.950000,6.313170,79.220765
2025-12-20 13:40:00,7839.830000,22.660000,6.204853,78.361588
2025-12-20 13:45:00,7939.900000,20.740000,4.577849,76.859826
2025-12-20 13:50:00,8012.040000,19.610000,5.130792,68.059876
2025-12-20 13:55:00,8191.880000,34.570000,12.167448,81.980894
2025-12-20 14:00:00,8234.320000,23.940000,12.082095,76.643828
2025-12-20 14:05:00,8294.760000,10.230000,8.793095,70.731763
2025-12-20 14:10:00,8382.060000,7.700000,2.330155,55.394193
2025-12-20 14:15:00,8393.390000,-2.910000,4.089113,78.237317
2025-12-20 14:20:00,8575.400000,0.510000,27.275572,79.805905
2025-12-20 14:25:00,8739.020000,5.150000,26.833223,78.718627
2025-12-20 14:30:00,8891.650000,405.610000,34.558230,93.548829
2025-12-20 14:35:00,8883.630000,68.190000,62.831189,208.120369
2025-12-20 14:40:00,9067.250000,158.990000,70.524434,250.857823
2025-12-20 14:45:00,9133.440000,58.180000,112.608934,293.342141
2025-12-20 14:50:00,9343.000000,83.360000,111.136516,313.764627
2025-12-20 14:55:00,9413.630000,34.940000,27.306221,257.310851
2025-12-20 15:00:00,9525.030000,58.690000,15.136482,288.036744
2025-12-20 15:05:00,9585.950000,59.100000,54.517311,293.131403
2025-12-20 15:10:00,9597.220000,80.020000,66.803461,304.206710
2025-12-20 15:15:00,9691.950000,80.020000,27.564526,275.326489
2025-12-20 15:20:00,9734.820000,83.490000,39.502946,298.866550
2025-12-20 15:25:00,9783.230000,95.680000,47.476460,282.265965
2025-12-20 15:30:00,9818.070000,89.020000,33.579512,284.307057
2025-12-20 15:35:00,9887.620000,39.410000,50.330096,157.635608
2025-12-20 15:40:00,9945.890000,61.080000,101.254768,229.580646
2025-12-20 15:45:00,10029.120000,105.000000,50.527103,133.547601
2025-12-20 15:50:00,10107.890000,111.300000,24.464611,117.149483
2025-12-20 15:55:00,10106.380000,97.970000,18.191474,137.263287
2025-12-20 16:00:00,10184.100000,56.880000,29.561414,127.911666
2025-12-20 16:05:00,10221.290000,59.740000,37.796407,135.388897
2025-12-20 16:10:00,10225.610000,5.800000,23.204463,110.661023
2025-12-20 16:15:00,10306.040000,57.080000,19.146489,143.272506
2025-12-20 16:20:00,10323.210000,50.570000,74.405602,165.085216
2025-12-20 16:25:00,10367.810000,49.890000,83.374136,170.491721
2025-12-20 16:30:00,10461.540000,50.600000,60.796196,165.709474
2025-12-20 16:35:00,10456.120000,61.690000,63.199597,167.828787
2025-12-20 16:40:00,10497.820000,57.080000,60.885395,158.803093
2025-12-20 16:45:00,10488.180000,107.280000,87.294346,184.074477
2025-12-20 16:50:00,10512.570000,87.510000,106.390779,208.980674
2025-12-20 16:55:00,10583.130000,120.690000,117.153225,191.769548
2025-12-20 17:00:00,10675.200000,158.990000,92.538350,197.491042
2025-12-20 17:05:00,10639.420000,120.010000,69.404402,206.337969
2025-12-20 17:10:00,10756.160000,147.660000,44.376033,210.345382
2025-12-20 17:15:00,10780.400000,145.230000,83.712525,210.319901
2025-12-20 17:20:00,10813.850000,137.750000,84.424988,226.653505
2025-12-20 17:25:00,10888.000000,157.880000,85.848805,227.829264
2025-12-20 17:30:00,10889.370000,158.990000,86.817511,210.298787
2025-12-20 17:35:00,10983.490000,216.400000,113.823149,199.481017
2025-12-20 17:40:00,10963.310000,246.880000,114.599823,229.732918
2025-12-20 17:45:00,10937.540000,299.990000,166.642478,286.040280
2025-12-20 17:50:00,10917.240000,175.610000,170.895669,308.540486
2025-12-20 17:55:00,10985.980000,158.990000,196.580941,374.773136
2025-12-20 18:00:00,11105.860000,159.130000,210.701013,374.778812
2025-12-20 18:05:00,11121.570000,199.700000,210.687061,405.956835
2025-12-20 18:10:00,11112.460000,248.880000,233.428681,402.763607
2025-12-20 18:15:00,11094.720000,127.490000,240.606216,403.918142
2025-12-20 18:20:00,11219.520000,153.680000,228.897823,355.263125
2025-12-20 18:25:00,11207.200000,191.320000,258.345979,437.584295
2025-12-20 18:30:00,11072.700000,151.710000,263.431556,380.057752
2025-12-20 18:35:00,11098.090000,159.220000,279.702482,382.708164
2025-12-20 18:40:00,11041.380000,154.150000,260.590304,361.148013
2025-12-20 18:45:00,11077.540000,149.100000,242.324452,320.430630
2025-12-20 18:50:00,11009.440000,140.120000,216.227562,276.653044
2025-12-20 18:55:00,10964.560000,159.040000,199.532219,240.135807
2025-12-20 19:00:00,10825.240000,140.580000,156.067814,212.232013
2025-12-20 19:05:00,10889.540000,156.640000,183.884195,231.050893
2025-12-20 19:10:00,10726.290000,139.550000,200.207318,239.119146
2025-12-20 19:15:00,10750.620000,162.810000,144.358058,166.013674
2025-12-20 19:20:00,10506.550000,157.840000,149.367599,162.488269
2025-12-20 19:25:00,10525.550000,160.790000,157.518950,188.417513
2025-12-20 19:30:00,10474.120000,148.540000,138.388710,162.027109
2025-12-20 19:35:00,10487.580000,164.010000,146.383323,164.364767
2025-12-20 19:40:00,10337.070000,146.480000,145.334589,160.445948
2025-12-20 19:45:00,10337.140000,158.990000,145.223088,159.398745
2025-12-20 19:50:00,10194.840000,134.380000,134.768842,146.805405
2025-12-20 19:55:00,10263.650000,142.480000,141.155679,158.444423
2025-12-20 20:00:00,10230.290000,154.150000,138.345478,147.536173
2025-12-20 20:05:00,10101.180000,142.960000,139.154929,156.586946
2025-12-20 20:10:00,10165.530000,156.420000,132.127062,145.759194
2025-12-20 20:15:00,10097.910000,139.150000,150.951038,163.420869
2025-12-20 20:20:00,10147.930000,139.090000,140.358341,158.676144
2025-12-20 20:25:00,10055.430000,138.880000,153.286570,164.856019
2025-12-20 20:30:00,10006.600000,121.720000,140.466107,155.987289
2025-12-20 20:35:00,10009.770000,142.280000,150.856065,170.361406
2025-12-20 20:40:00,9968.770000,141.220000,136.737929,156.495052
2025-12-20 20:45:00,9854.050000,130.530000,134.177092,159.228720
2025-12-20 20:50:00,9816.040000,118.670000,130.074531,151.419939
2025-12-20 20:55:00,9818.380000,140.410000,135.087207,156.236930
2025-12-20 21:00:00,9760.730000,118.700000,137.148558,163.744387
2025-12-20 21:05:00,9714.630000,119.640000,135.733404,159.654229
2025-12-20 21:10:00,9717.010000,110.960000,137.804616,165.220807
2025-12-20 21:15:00,9676.490000,127.080000,137.971578,161.148514
2025-12-20 21:20:00,9598.580000,110.960000,137.971578,158.722347
2025-12-20 21:25:00,9533.820000,112.780000,137.971578,159.225999
2025-12-20 21:30:00,9515.630000,126.330000,122.665815,141.484302
2025-12-20 21:35:00,9453.890000,138.280000,132.751391,150.815539
2025-12-20 21:40:00,9390.890000,136.540000,130.230466,150.863802
2025-12-20 21:45:00,9362.440000,137.690000,125.312740,143.274195
2025-12-20 21:50:00,9264.000000,137.480000,113.221332,133.164186
2025-12-20 21:55:00,9194.500000,139.110000,129.870406,145.397987
2025-12-20 22:00:00,9158.360000,136.710000,109.592664,127.842000
2025-12-20 22:05:00,9077.130000,89.810000,108.432882,127.580646
2025-12-20 22:10:00,9115.260000,120.510000,110.388968,124.727607
2025-12-20 22:15:00,9035.720000,139.100000,113.930430,130.992440
2025-12-20 22:20:00,8968.290000,134.540000,100.956289,122.644604
2025-12-20 22:25:00,8880.440000,133.460000,100.956289,122.376322
2025-12-20 22:30:00,8842.280000,116.000000,108.872861,136.151077
2025-12-20 22:35:00,8773.800000,114.030000,116.984702,143.818338
2025-12-20 22:40:00,8772.090000,132.310000,122.404595,141.608566
2025-12-20 22:45:00,8697.540000,115.830000,122.788990,141.608566
2025-12-20 22:50:00,8652.950000,129.390000,123.831847,141.801577
2025-12-20 22:55:00,8603.450000,129.420000,124.188605,144.433883
2025-12-20 23:00:00,8548.340000,134.590000,122.013683,140.936129
2025-12-20 23:05:00,8530.790000,129.130000,98.593700,107.604922
2025-12-20 23:10:00,8481.210000,152.380000,111.723184,125.268483
2025-12-20 23:15:00,8368.170000,140.710000,120.145592,142.846051
2025-12-20 23:20:00,8375.880000,141.450000,117.847262,140.414620
2025-12-20 23:25:00,8336.470000,133.280000,116.736365,145.182374
2025-12-20 23:30:00,8317.810000,135.520000,104.201148,126.258844
2025-12-20 23:35:00,8302.600000,127.900000,104.218840,123.883590
2025-12-20 23:40:00,8301.650000,138.240000,111.010716,135.854198
2025-12-20 23:45:00,8234.080000,136.210000,100.663472,121.063608
2025-12-20 23:50:00,8189.390000,136.270000,104.484346,129.235197
2025-12-20 23:55:00,8151.030000,127.120000,104.484346,129.235197
2025-12-21 00:00:00,8161.960000,138.750000,111.112293,131.931742
2025-12-21 00:05:00,8075.230000,120.300000,103.688115,126.182825
2025-12-21 00:10:00,8130.640000,115.860000,116.742609,145.035876
2025-12-21 00:15:00,8003.630000,108.440000,109.614095,130.125851
2025-12-21 00:20:00,7898.970000,106.420000,104.443251,128.139783
2025-12-21 00:25:00,7898.680000,105.790000,103.258269,125.755619
2025-12-21 00:30:00,7789.080000,112.460000,101.060193,119.158384
2025-12-21 00:35:00,7740.800000,110.260000,94.008428,114.372057
2025-12-21 00:40:00,7690.180000,112.580000,99.788330,119.327672
2025-12-21 00:45:00,7654.610000,123.330000,99.475935,116.885745
2025-12-21 00:50:00,7625.380000,124.300000,99.475935,118.784430
2025-12-21 00:55:00,7601.810000,117.800000,94.424599,120.289533
2025-12-21 01:00:00,7586.900000,122.760000,99.788330,124.608882
2025-12-21 01:05:00,7565.670000,106.180000,102.606214,133.134131
2025-12-21 01:10:00,7576.360000,125.250000,97.671510,123.240426
2025-12-21 01:15:00,7533.750000,125.200000,96.786742,122.118282
2025-12-21 01:20:00,7454.020000,117.700000,95.918683,124.011943
2025-12-21 01:25:00,7442.650000,115.040000,94.805203,116.573171
2025-12-21 01:30:00,7405.620000,105.790000,96.568919,124.675482
2025-12-21 01:35:00,7333.380000,109.410000,95.055061,124.560704
2025-12-21 01:40:00,7309.990000,121.380000,94.516085,123.362404
2025-12-21 01:45:00,7273.160000,105.790000,99.960237,136.341648
2025-12-21 01:50:00,7237.370000,98.510000,99.960237,136.524216
2025-12-21 01:55:00,7225.000000,99.180000,94.516085,131.625452
2025-12-21 02:00:00,7194.600000,105.790000,101.295294,143.431005
2025-12-21 02:05:00,7171.710000,105.460000,93.806117,121.481171
2025-12-21 02:10:00,7184.330000,105.790000,101.055019,135.288490
2025-12-21 02:15:00,7152.100000,106.140000,101.055019,133.187765
2025-12-21 02:20:00,7200.000000,105.440000,97.627095,132.470278
2025-12-21 02:25:00,7170.960000,121.810000,99.876310,128.595771
2025-12-21 02:30:00,7090.010000,104.900000,95.374811,119.359872
2025-12-21 02:35:00,7100.200000,104.630000,99.524952,127.896744
2025-12-21 02:40:00,7095.040000,105.790000,107.866248,139.947998
2025-12-21 02:45:00,7077.480000,108.890000,96.230927,120.038893
2025-12-21 02:50:00,7031.920000,105.790000,91.091584,111.771853
2025-12-21 02:55:00,7022.920000,104.740000,91.091584,107.908306
2025-12-21 03:00:00,7001.960000,105.790000,92.789858,113.354310
2025-12-21 03:05:00,7012.920000,124.970000,91.387824,112.514010
2025-12-21 03:10:00,7012.180000,105.790000,91.387824,115.085764
2025-12-21 03:15:00,7035.280000,108.890000,91.387824,117.874465
2025-12-21 03:20:00,7009.750000,108.890000,92.335566,115.572824
2025-12-21 03:25:00,6988.480000,105.500000,97.814895,126.870943
2025-12-21 03:30:00,6946.550000,105.790000,92.335566,115.064740
2025-12-21 03:35:00,6914.960000,105.790000,92.335566,115.064740
2025-12-21 03:40:00,6924.870000,107.020000,92.335566,114.390065
2025-12-21 03:45:00,6940.870000,107.060000,93.201346,119.504623
2025-12-21 03:50:00,6949.730000,107.130000,94.660120,115.880859
2025-12-21 03:55:00,6970.470000,105.790000,95.706464,117.824497
2025-12-21 04:00:00,6960.040000,87.350000,96.470672,117.889972
2025-12-21 04:05:00,6907.420000,86.610000,102.858768,143.603591
2025-12-21 04:10:00,6937.080000,100.090000,95.480492,122.914723
2025-12-21 04:15:00,6918.690000,89.870000,96.269085,128.583815
2025-12-21 04:20:00,6968.110000,105.790000,98.140545,130.990589
2025-12-21 04:25:00,6956.570000,105.790000,100.128809,124.749173
2025-12-21 04:30:00,7004.390000,105.790000,103.101543,125.234869
2025-12-21 04:35:00,7008.030000,97.790000,103.101543,125.876092
2025-12-21 04:40:00,6936.070000,91.010000,101.711381,128.756480
2025-12-21 04:45:00,6914.440000,84.790000,98.140545,128.300474
2025-12-21 04:50:00,6937.200000,90.430000,99.261079,128.325908
2025-12-21 04:55:00,6934.130000,105.790000,97.228888,124.166835
2025-12-21 05:00:00,6890.690000,90.000000,97.633400,112.493939
2025-12-21 05:05:00,6897.120000,80.880000,99.609397,119.737000
2025-12-21 05:10:00,6884.610000,84.790000,105.924934,125.939920
2025-12-21 05:15:00,6906.600000,80.700000,101.389556,126.056197
2025-12-21 05:20:00,6909.180000,80.020000,108.088937,129.476270
2025-12-21 05:25:00,6938.990000,69.750000,102.293698,128.067140
2025-12-21 05:30:00,6906.950000,64.400000,93.709287,120.772055
2025-12-21 05:35:00,6899.090000,69.780000,88.755674,116.825588
2025-12-21 05:40:00,6870.680000,64.890000,86.065687,110.548220
2025-12-21 05:45:00,6834.450000,58.940000,79.037930,104.063567
2025-12-21 05:50:00,6826.090000,58.370000,80.768962,99.753324
2025-12-21 05:55:00,6783.980000,56.980000,84.351557,100.591301
2025-12-21 06:00:00,6783.430000,36.060000,69.496922,79.053178
2025-12-21 06:05:00,6802.350000,30.600000,55.979472,71.913030
2025-12-21 06:10:00,6836.310000,15.000000,39.122686,68.894904
2025-12-21 06:15:00,6843.900000,10.400000,17.585565,67.188260
2025-12-21 06:20:00,6873.670000,0.770000,11.061319,58.919544
2025-12-21 06:25:00,6873.710000,10.120000,2.428448,49.382427
2025-12-21 06:30:00,6893.110000,10.040000,2.796013,52.882401
2025-12-21 06:35:00,6929.630000,15.310000,2.993084,48.741877
2025-12-21 06:40:00,6917.510000,21.220000,1.582243,47.804143
2025-12-21 06:45:00,6940.630000,32.300000,3.065824,47.934501
2025-12-21 06:50:00,6888.020000,44.400000,6.209899,47.781304
2025-12-21 06:55:00,6840.310000,34.830000,2.717369,44.928019
2025-12-21 07:00:00,6847.450000,39.260000,0.885936,39.157541
2025-12-21 07:05:00,6848.220000,45.010000,0.662619,38.089847
2025-12-21 07:10:00,6896.640000,38.690000,0.805825,34.773430
2025-12-21 07:15:00,6949.680000,20.410000,0.178207,32.792049
2025-12-21 07:20:00,6986.640000,3.100000,-0.223611,28.460229
2025-12-21 07:25:00,7032.930000,10.880000,1.937258,41.462929
2025-12-21 07:30:00,7083.180000,0.010000,1.005161,36.830434
2025-12-21 07:35:00,7044.500000,0.010000,2.184327,38.014145
2025-12-21 07:40:00,7067.260000,10.880000,3.301280,49.232916
2025-12-21 07:45:00,6984.990000,0.010000,3.760091,49.012099
2025-12-21 07:50:00,7003.280000,0.000000,8.103426,51.695081
2025-12-21 07:55:00,7034.710000,0.000000,4.120632,58.426759
2025-12-21 08:00:00,7074.870000,0.000000,10.685790,63.201262
2025-12-21 08:05:00,7091.320000,0.000000,12.146598,75.391476
2025-12-21 08:10:00,7097.550000,10.880000,16.884038,73.602574
2025-12-21 08:15:00,7110.050000,25.810000,9.817397,60.764437
2025-12-21 08:20:00,7076.890000,10.410000,0.421113,30.321688
2025-12-21 08:25:00,7107.870000,14.730000,6.996705,37.665564
2025-12-21 08:30:00,7099.390000,10.060000,-0.161824,24.273179
2025-12-21 08:35:00,7093.930000,0.470000,-0.387110,24.262441
2025-12-21 08:40:00,7180.500000,22.180000,5.828241,36.234997
2025-12-21 08:45:00,7212.970000,10.420000,0.584589,25.869629
2025-12-21 08:50:00,7221.780000,22.210000,0.653304,32.148937
2025-12-21 08:55:00,7244.970000,10.340000,0.518897,29.259805
2025-12-21 09:00:00,7261.810000,22.120000,0.333102,23.475560
2025-12-21 09:05:00,7238.660000,22.170000,-0.009450,23.475560
2025-12-21 09:10:00,7352.480000,25.460000,6.403897,42.728132
2025-12-21 09:15:00,7404.970000,25.660000,13.517214,55.187967
2025-12-21 09:20:00,7433.520000,26.230000,4.485821,36.023687
2025-12-21 09:25:00,7503.840000,23.320000,3.794802,44.742531
2025-12-21 09:30:00,7563.460000,36.060000,3.892464,36.488286
2025-12-21 09:35:00,7469.380000,0.160000,-1.159004,29.704953
2025-12-21 09:40:00,7762.790000,45.010000,6.887641,53.667112
2025-12-21 09:45:00,7750.670000,65.000000,4.319279,49.279079
2025-12-21 09:50:00,7769.740000,-5.510000,3.713411,60.430489
2025-12-21 09:55:00,7930.810000,0.010000,2.308904,63.725209
2025-12-21 10:00:00,7901.440000,10.190000,0.442664,63.817256
2025-12-21 10:05:00,7867.260000,40.110000,0.414091,64.565386
2025-12-21 10:10:00,7772.380000,24.940000,0.412499,62.173267
2025-12-21 10:15:00,7761.400000,24.680000,0.650845,61.494135
2025-12-21 10:20:00,7882.340000,45.010000,0.415673,65.218048
2025-12-21 10:25:00,7878.840000,22.310000,0.659243,61.981107
2025-12-21 10:30:00,7979.810000,24.420000,0.425078,66.830668
2025-12-21 10:35:00,8096.600000,34.710000,-0.154147,64.520739
2025-12-21 10:40:00,8147.390000,55.930000,1.335557,68.765277
2025-12-21 10:45:00,8294.800000,124.300000,2.082951,75.133012
2025-12-21 10:50:00,8346.100000,231.240000,0.086165,72.993755
2025-12-21 10:55:00,8365.220000,21.630000,-0.378989,126.684659
2025-12-21 11:00:00,8612.710000,56.940000,1.917186,133.782219
2025-12-21 11:05:00,8602.380000,120.010000,2.083856,141.556656
2025-12-21 11:10:00,8625.490000,57.060000,2.182579,136.891841
2025-12-21 11:15:00,8649.970000,0.000000,3.946013,153.493581
2025-12-21 11:20:00,8732.340000,10.310000,4.914894,161.186559
2025-12-21 11:25:00,8779.040000,36.060000,6.171614,144.452237
2025-12-21 11:30:00,8637.880000,25.310000,4.611920,161.767264
2025-12-21 11:35:00,8630.490000,25.990000,4.359876,149.404852
2025-12-21 11:40:00,8676.710000,35.880000,5.552395,151.581877
2025-12-21 11:45:00,8685.550000,35.880000,6.417949,176.893380
2025-12-21 11:50:00,8651.450000,25.490000,6.436780,223.685844
2025-12-21 11:55:00,8636.540000,36.060000,4.832115,98.060024
2025-12-21 12:00:00,8618.490000,14.510000,3.710484,94.022010
2025-12-21 12:05:00,8631.050000,22.040000,5.332248,145.570354
2025-12-21 12:10:00,8711.390000,43.620000,10.638139,98.947501
2025-12-21 12:15:00,8715.480000,35.880000,2.466388,50.774949
2025-12-21 12:20:00,8689.150000,36.060000,3.967435,54.821186
2025-12-21 12:25:00,8729.060000,35.880000,4.229118,62.360502
2025-12-21 12:30:00,8698.500000,65.000000,3.786285,58.073182
2025-12-21 12:35:00,8753.000000,36.060000,3.602093,63.659629
2025-12-21 12:40:00,8814.200000,46.540000,4.403494,71.005189
2025-12-21 12:45:00,8948.240000,120.010000,9.655014,95.167788
2025-12-21 12:50:00,8995.140000,44.300000,3.172524,108.794529
2025-12-21 12:55:00,9214.450000,36.060000,7.864126,120.893831
2025-12-21 13:00:00,9403.240000,36.060000,9.126554,135.748840
2025-12-21 13:05:00,9525.110000,138.420000,9.331791,135.450053
2025-12-21 13:10:00,9755.830000,147.890000,10.071760,145.270700
2025-12-21 13:15:00,9941.530000,158.990000,10.374124,198.534013
2025-12-21 13:20:00,9930.800000,120.010000,11.960516,214.825378
2025-12-21 13:25:00,10186.840000,158.990000,18.514273,218.478504
2025-12-21 13:30:00,10213.980000,120.010000,13.185443,233.714209
2025-12-21 13:35:00,10454.070000,122.800000,39.419296,228.731273
2025-12-21 13:40:00,10539.260000,299.990000,79.741473,231.314554
2025-12-21 13:45:00,10535.020000,158.980000,45.741982,267.781218
2025-12-21 13:50:00,10779.590000,158.980000,56.835483,249.629921
2025-12-21 13:55:00,10989.490000,142.680000,75.320169,250.772400
2025-12-21 14:00:00,11042.870000,44.260000,42.209761,254.009385
2025-12-21 14:05:00,11260.590000,-5.870000,59.200619,298.735136
2025-12-21 14:10:00,11264.810000,44.190000,97.605505,312.081287
2025-12-21 14:15:00,11183.420000,0.000000,38.927039,299.152565
2025-12-21 14:20:00,11124.250000,3.130000,59.023558,301.665470
2025-12-21 14:25:00,11160.000000,20.860000,49.080633,306.596064
2025-12-21 14:30:00,11059.020000,31.970000,162.641771,333.790073
2025-12-21 14:35:00,11050.700000,5.300000,105.762593,313.049730
2025-12-21 14:40:00,11061.250000,-6.190000,59.045214,274.251073
2025-12-21 14:45:00,11064.250000,272.650000,28.940439,248.068418
2025-12-21 14:50:00,10936.020000,-6.020000,26.941047,246.524158
2025-12-21 14:55:00,11010.770000,45.040000,24.395193,242.217775
2025-12-21 15:00:00,10811.070000,45.040000,12.963155,236.485035
2025-12-21 15:05:00,10561.750000,-6.210000,3.565832,205.692526
2025-12-21 15:10:00,10581.780000,-5.860000,5.215750,217.855739
2025-12-21 15:15:00,10508.610000,-12.130000,2.953275,198.285706
2025-12-21 15:20:00,10512.000000,-12.010000,3.471468,197.889782
2025-12-21 15:25:00,10553.380000,0.000000,4.130483,215.189672
2025-12-21 15:30:00,10493.310000,49.380000,3.108676,202.535757
2025-12-21 15:35:00,10514.190000,4.960000,2.341206,190.261161
2025-12-21 15:40:00,10559.320000,-5.090000,4.674638,205.456259
2025-12-21 15:45:00,10500.090000,-6.020000,42.019233,219.741884
2025-12-21 15:50:00,10617.560000,4.870000,6.815857,91.261753
2025-12-21 15:55:00,10755.050000,24.040000,16.651859,106.618170
2025-12-21 16:00:00,10845.610000,72.430000,16.463093,108.899225
2025-12-21 16:05:00,10914.790000,44.910000,15.428909,122.352935
2025-12-21 16:10:00,10945.130000,-5.970000,12.644792,125.240712
2025-12-21 16:15:00,11099.090000,56.790000,37.193588,163.007564
2025-12-21 16:20:00,11055.340000,45.720000,34.155864,155.519941
2025-12-21 16:25:00,11199.150000,66.350000,26.735608,163.707522
2025-12-21 16:30:00,11144.760000,57.780000,69.130388,180.401824
2025-12-21 16:35:00,11164.930000,69.720000,39.684493,171.373609
2025-12-21 16:40:00,11231.340000,85.690000,37.567105,156.713336
2025-12-21 16:45:00,11322.870000,107.330000,29.711518,165.397360
2025-12-21 16:50:00,11336.890000,84.840000,42.968349,181.721572
2025-12-21 16:55:00,11445.230000,109.630000,57.508971,186.557536
2025-12-21 17:00:00,11457.990000,120.610000,87.441469,199.025298
2025-12-21 17:05:00,11448.730000,137.510000,74.433990,190.782844
2025-12-21 17:10:00,11371.650000,104.100000,40.215940,183.179880
2025-12-21 17:15:00,11410.750000,150.910000,50.748541,134.664792
2025-12-21 17:20:00,11252.450000,132.990000,50.733055,147.484056
2025-12-21 17:25:00,11339.830000,134.750000,59.837295,143.028151
2025-12-21 17:30:00,11442.910000,151.500000,66.965126,167.823415
2025-12-21 17:35:00,11393.890000,74.580000,78.938384,167.845041
2025-12-21 17:40:00,11511.340000,98.510000,95.544630,176.559095
2025-12-21 17:45:00,11468.510000,127.490000,103.525066,192.988386
2025-12-21 17:50:00,11405.730000,127.520000,91.479918,151.237594
2025-12-21 17:55:00,11390.180000,123.540000,96.481519,169.211322
2025-12-21 18:00:00,11419.740000,99.640000,107.623966,176.466841
2025-12-21 18:05:00,11463.860000,116.840000,117.280690,191.877081
2025-12-21 18:10:00,11435.590000,123.660000,117.263953,176.648860
2025-12-21 18:15:00,11407.570000,123.650000,135.068050,220.311585
2025-12-21 18:20:00,11389.600000,127.580000,136.417160,180.160156
2025-12-21 18:25:00,11323.260000,126.900000,151.967927,183.202425
2025-12-21 18:30:00,11317.920000,180.800000,151.553789,191.650938
2025-12-21 18:35:00,11245.500000,180.960000,98.964556,168.727837
2025-12-21 18:40:00,11093.500000,224.860000,119.789145,180.466543
2025-12-21 18:45:00,11031.690000,36.490000,147.686360,206.103465
2025-12-21 18:50:00,11198.860000,123.020000,153.786290,236.763062
2025-12-21 18:55:00,11078.150000,80.080000,156.373117,240.448806
2025-12-21 19:00:00,11193.990000,80.080000,138.643373,230.546603
2025-12-21 19:05:00,11149.860000,80.080000,141.299716,239.082885
2025-12-21 19:10:00,11091.180000,54.480000,123.293199,238.665164
2025-12-21 19:15:00,11129.480000,90.730000,134.734046,244.723106
2025-12-21 19:20:00,10956.810000,-14.990000,117.286476,246.077539
2025-12-21 19:25:00,11075.940000,74.530000,121.355740,246.574556
2025-12-21 19:30:00,10931.040000,0.010000,118.518530,209.863693
2025-12-21 19:35:00,10908.280000,75.190000,123.249785,213.164549
2025-12-21 19:40:00,10835.340000,118.500000,136.289108,215.099066
2025-12-21 19:45:00,10767.300000,75.220000,44.952330,165.773610
2025-12-21 19:50:00,10797.640000,80.080000,113.638464,209.026799
2025-12-21 19:55:00,10735.230000,88.890000,88.868933,138.425715
2025-12-21 20:00:00,10706.000000,88.890000,84.163943,154.081608
2025-12-21 20:05:00,10677.910000,177.700000,83.705028,149.265691
2025-12-21 20:10:00,10439.680000,94.690000,46.841600,172.923461
2025-12-21 20:15:00,10533.970000,120.010000,78.446681,190.502509
2025-12-21 20:20:00,10366.510000,89.620000,16.221008,155.610376
2025-12-21 20:25:00,10387.980000,88.890000,66.825461,147.337919
2025-12-21 20:30:00,10286.600000,80.020000,15.894740,126.981967
2025-12-21 20:35:00,10259.790000,80.020000,66.914253,110.712850
2025-12-21 20:40:00,10238.720000,85.050000,95.813983,141.931910
2025-12-21 20:45:00,10233.920000,88.900000,70.390345,114.551167
2025-12-21 20:50:00,10162.940000,80.020000,76.931183,114.293775
2025-12-21 20:55:00,10048.880000,80.020000,86.554734,119.612497
2025-12-21 21:00:00,9975.810000,90.090000,86.554734,129.730214
2025-12-21 21:05:00,9896.860000,120.010000,118.973502,172.325111
2025-12-21 21:10:00,9799.180000,86.610000,96.292515,127.165465
2025-12-21 21:15:00,9788.580000,89.890000,104.473942,134.798642
2025-12-21 21:20:00,9754.710000,80.020000,95.031720,113.011476
2025-12-21 21:25:00,9714.120000,80.020000,92.682909,115.979618
2025-12-21 21:30:00,9692.370000,80.020000,83.480476,100.736512
2025-12-21 21:35:00,9665.840000,105.790000,93.071107,110.859133
2025-12-21 21:40:00,9552.830000,109.460000,100.116993,117.672841
2025-12-21 21:45:00,9459.720000,91.680000,103.330623,120.071530
2025-12-21 21:50:00,9407.390000,92.330000,87.104171,101.829218
2025-12-21 21:55:00,9300.170000,89.020000,85.771437,98.909831
2025-12-21 22:00:00,9256.550000,80.020000,95.226379,117.093446
2025-12-21 22:05:00,9149.250000,80.020000,103.023466,137.777188
2025-12-21 22:10:00,9206.320000,88.820000,95.833118,110.666917
2025-12-21 22:15:00,9214.070000,120.010000,98.909254,108.629339
2025-12-21 22:20:00,9113.410000,119.530000,88.095107,102.140036
2025-12-21 22:25:00,9048.150000,90.370000,84.286036,99.532653
2025-12-21 22:30:00,9005.110000,120.010000,84.567688,99.923985
2025-12-21 22:35:00,8864.610000,92.000000,87.570683,131.421487
2025-12-21 22:40:00,8902.990000,105.790000,91.631357,125.303492
2025-12-21 22:45:00,8893.950000,89.100000,80.689188,121.153414
2025-12-21 22:50:00,8825.280000,87.840000,73.091308,112.546920
2025-12-21 22:55:00,8733.930000,84.790000,75.080694,103.933055
2025-12-21 23:00:00,8726.700000,80.020000,67.251474,94.957184
2025-12-21 23:05:00,8634.680000,80.020000,80.097254,100.659581
2025-12-21 23:10:00,8575.170000,90.440000,89.298326,106.651514
2025-12-21 23:15:00,8476.040000,80.230000,94.254722,124.868469
2025-12-21 23:20:00,8418.760000,80.020000,91.358965,122.610558
2025-12-21 23:25:00,8310.940000,80.020000,80.560781,104.145515
2025-12-21 23:30:00,8348.490000,88.040000,87.382122,126.379251
2025-12-21 23:35:00,8270.240000,80.990000,77.820078,106.862184
2025-12-21 23:40:00,8235.100000,81.550000,84.125566,115.170812
2025-12-21 23:45:00,8199.420000,80.020000,75.934102,99.617653
2025-12-21 23:50:00,8208.310000,81.980000,74.715857,97.383249
2025-12-21 23:55:00,8207.920000,84.790000,73.836762,91.597743
2025-12-22 00:00:00,8192.720000,67.090000,91.993087,89.056408
2025-12-22 00:05:00,8034.500000,71.860000,72.076914,91.330309
2025-12-22 00:10:00,8095.920000,80.020000,80.989123,103.203747
2025-12-22 00:15:00,8001.870000,80.020000,76.111489,93.838340
2025-12-22 00:20:00,7920.450000,80.020000,80.440527,95.496811
2025-12-22 00:25:00,7908.080000,80.020000,87.186583,94.512553
2025-12-22 00:30:00,7791.420000,80.020000,94.041714,104.699774
2025-12-22 00:35:00,7735.840000,80.020000,71.540759,101.446128
2025-12-22 00:40:00,7738.590000,80.020000,73.001937,100.631160
2025-12-22 00:45:00,7695.150000,84.600000,70.679682,95.477108
2025-12-22 00:50:00,7684.150000,75.630000,72.264231,98.945478
2025-12-22 00:55:00,7634.040000,78.000000,73.970522,101.697519
2025-12-22 01:00:00,7642.300000,80.320000,65.340169,88.227540
2025-12-22 01:05:00,7639.620000,81.310000,69.952749,87.427214
2025-12-22 01:10:00,7632.430000,81.330000,72.619405,91.443782
2025-12-22 01:15:00,7611.220000,82.530000,76.265872,90.182442
2025-12-22 01:20:00,7591.020000,82.580000,76.265872,90.643268
2025-12-22 01:25:00,7541.110000,82.050000,76.265872,90.643268
2025-12-22 01:30:00,7535.070000,81.850000,77.411327,90.873724
2025-12-22 01:35:00,7491.510000,74.270000,78.630781,90.597711
2025-12-22 01:40:00,7479.510000,81.960000,78.630781,91.855211
2025-12-22 01:45:00,7476.630000,80.020000,84.533340,97.889614
2025-12-22 01:50:00,7443.310000,80.020000,80.038180,89.369687
2025-12-22 01:55:00,7444.030000,80.020000,83.616397,91.254673
2025-12-22 02:00:00,7409.900000,80.020000,81.594967,90.988090
2025-12-22 02:05:00,7418.630000,80.020000,78.160752,95.333681
2025-12-22 02:10:00,7395.610000,80.020000,75.972677,94.015223
2025-12-22 02:15:00,7404.260000,97.590000,75.972677,94.253083
2025-12-22 02:20:00,7430.640000,91.790000,78.142978,104.046427
2025-12-22 02:25:00,7417.360000,85.760000,78.142978,105.020905
2025-12-22 02:30:00,7389.690000,84.790000,75.972677,103.763934
2025-12-22 02:35:00,7352.640000,81.840000,71.578220,92.728573
2025-12-22 02:40:00,7388.650000,83.880000,78.142978,104.011341
2025-12-22 02:45:00,7373.950000,97.720000,77.571738,96.908602
2025-12-22 02:50:00,7334.880000,93.280000,76.429550,100.385406
2025-12-22 02:55:00,7352.950000,92.260000,77.571738,101.040203
2025-12-22 03:00:00,7351.880000,95.080000,80.761214,101.089337
2025-12-22 03:05:00,7362.840000,99.610000,81.301214,102.539954
2025-12-22 03:10:00,7377.780000,99.990000,81.301214,101.089337
2025-12-22 03:15:00,7374.740000,99.040000,92.466367,123.608264
2025-12-22 03:20:00,7363.050000,98.990000,87.265531,120.273310
2025-12-22 03:25:00,7381.850000,96.080000,85.933233,104.515733
2025-12-22 03:30:00,7336.910000,100.900000,83.604818,110.804161
2025-12-22 03:35:00,7334.680000,95.150000,82.571735,107.123534
2025-12-22 03:40:00,7315.350000,99.020000,83.604818,108.770877
2025-12-22 03:45:00,7365.720000,105.790000,92.768992,106.920003
2025-12-22 03:50:00,7342.830000,105.790000,91.760326,108.666585
2025-12-22 03:55:00,7424.320000,110.810000,93.824949,108.291910
2025-12-22 04:00:00,7374.090000,105.790000,92.264882,109.824855
2025-12-22 04:05:00,7421.150000,120.010000,94.510418,112.298486
2025-12-22 04:10:00,7464.540000,138.420000,96.580820,117.842249
2025-12-22 04:15:00,7469.560000,120.010000,97.310565,135.480402
2025-12-22 04:20:00,7528.240000,138.420000,103.942722,142.931852
2025-12-22 04:25:00,7522.650000,138.420000,99.860131,143.997635
2025-12-22 04:30:00,7485.370000,137.920000,104.730962,147.872912
2025-12-22 04:35:00,7522.350000,137.880000,100.080009,147.238143
2025-12-22 04:40:00,7540.590000,138.420000,103.472413,146.665803
2025-12-22 04:45:00,7522.120000,108.890000,101.760811,147.411328
2025-12-22 04:50:00,7558.790000,118.480000,107.995999,147.130343
2025-12-22 04:55:00,7560.290000,120.010000,111.780334,143.922799
2025-12-22 05:00:00,7571.380000,120.010000,114.892283,148.797282
2025-12-22 05:05:00,7589.640000,138.420000,121.475200,152.278788
2025-12-22 05:10:00,7608.910000,142.040000,136.290098,170.311085
2025-12-22 05:15:00,7629.300000,140.280000,123.475440,153.781351
2025-12-22 05:20:00,7643.190000,120.010000,138.534268,172.660440
2025-12-22 05:25:00,7750.600000,138.420000,140.566637,174.079914
2025-12-22 05:30:00,7766.160000,138.420000,137.810226,170.363748
2025-12-22 05:35:00,7731.230000,138.420000,138.162750,170.903162
2025-12-22 05:40:00,7762.010000,137.160000,136.837081,173.351065
2025-12-22 05:45:00,7734.110000,102.870000,114.906078,145.730328
2025-12-22 05:50:00,7740.450000,94.580000,108.914136,150.159622
2025-12-22 05:55:00,7702.000000,95.770000,99.887739,145.318526
2025-12-22 06:00:00,7783.630000,108.790000,78.808443,138.339959
2025-12-22 06:05:00,7754.120000,103.450000,81.676674,116.080106
2025-12-22 06:10:00,7827.950000,99.270000,65.834486,113.525937
2025-12-22 06:15:00,7871.000000,105.790000,58.962406,113.541044
2025-12-22 06:20:00,7876.420000,105.790000,38.887361,93.585456
2025-12-22 06:25:00,7914.230000,108.890000,39.342850,103.741199
2025-12-22 06:30:00,7946.570000,105.790000,31.382703,89.895010
2025-12-22 06:35:00,7913.300000,95.780000,31.487618,93.189281
2025-12-22 06:40:00,7934.920000,92.230000,36.124818,93.190848
2025-12-22 06:45:00,8027.690000,93.910000,33.663767,82.398058
2025-12-22 06:50:00,7978.700000,91.050000,33.264780,77.939053
2025-12-22 06:55:00,7997.660000,67.310000,32.040702,76.992519
2025-12-22 07:00:00,7911.140000,56.180000,23.676659,78.511344
2025-12-22 07:05:00,7968.900000,58.590000,24.488547,70.743218
2025-12-22 07:10:00,8029.500000,63.580000,25.405529,66.350046
2025-12-22 07:15:00,8053.700000,80.020000,24.702172,77.661829
2025-12-22 07:20:00,8045.800000,64.890000,29.082650,81.438972
2025-12-22 07:25:00,8034.980000,40.540000,29.419242,75.542148
2025-12-22 07:30:00,8014.530000,60.990000,34.311257,82.025931
2025-12-22 07:35:00,7937.290000,57.060000,29.554279,74.872071
2025-12-22 07:40:00,7952.850000,57.060000,23.803526,75.063843
2025-12-22 07:45:00,7915.110000,57.060000,23.673601,76.866822
2025-12-22 07:50:00,7943.330000,79.950000,29.733022,72.782447
2025-12-22 07:55:00,7942.760000,98.850000,30.622815,70.569808
2025-12-22 08:00:00,7871.180000,79.950000,23.259583,72.116032
2025-12-22 08:05:00,7799.110000,71.330000,22.080537,70.492383
2025-12-22 08:10:00,7837.030000,96.520000,24.663267,72.125944
2025-12-22 08:15:00,7735.980000,79.950000,24.749151,69.676736
2025-12-22 08:20:00,7569.640000,32.280000,11.033420,63.098114
2025-12-22 08:25:00,7624.580000,58.390000,6.040384,66.993925
2025-12-22 08:30:00,7457.190000,56.980000,13.326456,68.298037
2025-12-22 08:35:00,7435.940000,84.790000,15.220317,72.905727
2025-12-22 08:40:00,7366.130000,56.980000,20.465767,76.149691
2025-12-22 08:45:00,7338.490000,49.060000,12.102382,69.792833
2025-12-22 08:50:00,7307.840000,58.870000,9.348788,76.089748
2025-12-22 08:55:00,7281.070000,38.240000,8.462862,83.190802
2025-12-22 09:00:00,7392.060000,39.720000,19.228974,73.130581
2025-12-22 09:05:00,7474.960000,56.980000,17.064989,78.027013
2025-12-22 09:10:00,7578.280000,56.980000,31.982347,104.817299
2025-12-22 09:15:00,7570.990000,40.540000,19.230003,80.976935
2025-12-22 09:20:00,7661.680000,59.970000,8.027807,65.491032
2025-12-22 09:25:00,7690.060000,98.660000,40.483804,91.545861
2025-12-22 09:30:00,7655.520000,88.890000,33.800085,97.269256
2025-12-22 09:35:00,7716.180000,84.790000,28.749024,98.545471
2025-12-22 09:40:00,7872.970000,73.200000,19.765527,81.049595
2025-12-22 09:45:00,7892.830000,101.790000,45.105325,122.530069
2025-12-22 09:50:00,8022.730000,113.530000,44.636070,125.435717
2025-12-22 09:55:00,8059.150000,112.420000,41.783811,128.165107
2025-12-22 10:00:00,8035.850000,109.840000,46.666724,127.756116
2025-12-22 10:05:00,8006.610000,102.590000,65.378007,128.277050
2025-12-22 10:10:00,8035.940000,49.890000,55.880134,125.624284
2025-12-22 10:15:00,8138.990000,62.780000,54.664921,127.367574
2025-12-22 10:20:00,8066.360000,73.200000,46.308416,111.722314
2025-12-22 10:25:00,8075.520000,14.230000,46.842504,106.939176
2025-12-22 10:30:00,8095.590000,14.050000,7.967993,82.187602
2025-12-22 10:35:00,8053.550000,259.650000,5.750099,76.637184
2025-12-22 10:40:00,7809.930000,237.230000,2.686934,131.914046
2025-12-22 10:45:00,7623.280000,-690.000000,1.426920,155.764036
2025-12-22 10:50:00,7779.750000,225.750000,0.170820,122.620701
2025-12-22 10:55:00,7490.410000,-999.990000,-0.926157,115.002200
2025-12-22 11:00:00,7627.130000,29.980000,0.031149,116.117623
2025-12-22 11:05:00,7557.560000,0.000000,0.861582,132.800526
2025-12-22 11:10:00,7519.700000,34.250000,0.171318,101.695244
2025-12-22 11:15:00,7368.740000,33.140000,-0.421578,88.419079
2025-12-22 11:20:00,7259.690000,32.410000,0.744871,102.800558
2025-12-22 11:25:00,7196.540000,12.950000,-0.917974,104.988460
2025-12-22 11:30:00,6994.570000,33.330000,-0.744408,117.207147
2025-12-22 11:35:00,7024.670000,47.100000,0.217360,145.886663
2025-12-22 11:40:00,6804.030000,31.860000,-1.327650,151.623071
2025-12-22 11:45:00,6723.420000,-5.510000,-0.675044,111.928797
2025-12-22 11:50:00,6703.410000,0.010000,-1.472988,121.045123
2025-12-22 11:55:00,6687.100000,-5.510000,-0.672924,102.809159
2025-12-22 12:00:00,6696.930000,-8.720000,-1.205512,41.197507
2025-12-22 12:05:00,6768.910000,-8.670000,-2.863468,34.969433
2025-12-22 12:10:00,6874.700000,-8.940000,-1.546163,41.834547
2025-12-22 12:15:00,6718.900000,-8.600000,-2.239960,37.939264
2025-12-22 12:20:00,6672.070000,-8.960000,-1.857457,37.939264
2025-12-22 12:25:00,6779.050000,-5.510000,-2.149413,37.662791
2025-12-22 12:30:00,6681.420000,-26.780000,-2.779288,42.403240
2025-12-22 12:35:00,6772.060000,-11.730000,-0.149078,44.309555
2025-12-22 12:40:00,6771.340000,-13.730000,-0.154116,35.553763
2025-12-22 12:45:00,6703.150000,-14.000000,-7.055160,9.810874
2025-12-22 12:50:00,6720.470000,-12.130000,-1.071454,14.731776
2025-12-22 12:55:00,6732.760000,-0.050000,-9.145374,2.100369
2025-12-22 13:00:00,6707.420000,-13.360000,-2.668354,7.292376
2025-12-22 13:05:00,6735.500000,-16.940000,-3.886806,10.196371
2025-12-22 13:10:00,6786.370000,-12.090000,-3.218063,7.682195
2025-12-22 13:15:00,6719.340000,-8.980000,-4.429368,8.036441
2025-12-22 13:20:00,6656.980000,-26.500000,-4.386318,9.712011
2025-12-22 13:25:00,6776.430000,-11.940000,-4.455241,11.224157
2025-12-22 13:30:00,6789.210000,-13.900000,-5.438470,3.820366
2025-12-22 13:35:00,6780.820000,-9.040000,-5.999757,10.481214
2025-12-22 13:40:00,6815.090000,0.280000,-4.983318,8.023747
2025-12-22 13:45:00,6760.060000,35.880000,-2.077354,10.301009
2025-12-22 13:50:00,6868.970000,-15.750000,-0.305788,36.379965
2025-12-22 13:55:00,6977.980000,11.740000,1.158817,40.369220
2025-12-22 14:00:00,6933.200000,-20.190000,0.239723,34.329739
2025-12-22 14:05:00,7034.540000,45.010000,0.376197,45.203271
2025-12-22 14:10:00,6997.070000,-13.320000,1.533795,45.721230
2025-12-22 14:15:00,7153.300000,-5.770000,1.188269,54.195330
2025-12-22 14:20:00,7179.140000,32.040000,2.700977,59.746553
2025-12-22 14:25:00,7219.530000,34.010000,2.468466,64.468917
2025-12-22 14:30:00,7200.730000,33.140000,2.269250,66.233928
2025-12-22 14:35:00,7334.740000,41.880000,2.109036,77.942477
2025-12-22 14:40:00,7327.210000,37.340000,3.776000,74.797478
2025-12-22 14:45:00,7446.030000,37.250000,5.607257,85.718597
2025-12-22 14:50:00,7528.610000,65.460000,5.103189,74.788561
2025-12-22 14:55:00,7654.600000,40.750000,5.636454,82.814667
2025-12-22 15:00:00,7725.550000,37.390000,2.401039,70.580404
2025-12-22 15:05:00,7812.770000,37.250000,3.590454,77.809330
2025-12-22 15:10:00,7927.200000,35.880000,2.292753,76.467419
2025-12-22 15:15:00,7936.000000,0.000000,0.849679,54.401703
2025-12-22 15:20:00,7990.820000,38.070000,5.550945,76.760626
2025-12-22 15:25:00,8026.090000,60.550000,6.928161,85.216262
2025-12-22 15:30:00,8117.540000,59.180000,8.170695,78.956947
2025-12-22 15:35:00,8182.860000,45.010000,18.497747,84.412394
2025-12-22 15:40:00,8258.170000,59.180000,22.976823,97.048829
2025-12-22 15:45:00,8312.380000,35.880000,23.957555,97.321154
2025-12-22 15:50:00,8419.970000,75.780000,32.314926,94.823031
2025-12-22 15:55:00,8439.990000,61.990000,29.399577,100.458604
2025-12-22 16:00:00,8474.160000,57.320000,15.750765,87.086217
2025-12-22 16:05:00,8462.380000,54.560000,22.237736,90.779829
2025-12-22 16:10:00,8608.910000,99.280000,13.672238,90.908624
2025-12-22 16:15:00,8696.790000,108.890000,12.886740,90.659707
2025-12-22 16:20:00,8694.380000,143.240000,30.766675,104.660842
2025-12-22 16:25:00,8795.390000,115.390000,18.329501,103.555968
2025-12-22 16:30:00,8873.410000,124.300000,30.472534,109.851803
2025-12-22 16:35:00,8959.220000,57.060000,18.518900,109.248680
2025-12-22 16:40:00,9125.290000,114.240000,26.398278,128.255970
2025-12-22 16:45:00,9157.280000,28.260000,16.777274,120.139506
2025-12-22 16:50:00,9356.250000,83.140000,33.574435,138.655599
2025-12-22 16:55:00,9425.170000,84.300000,33.718696,138.120974
2025-12-22 17:00:00,9440.950000,124.140000,54.050567,139.262027
2025-12-22 17:05:00,9479.360000,129.510000,61.539717,139.991848
2025-12-22 17:10:00,9367.390000,112.320000,57.388417,141.533685
2025-12-22 17:15:00,9339.730000,99.870000,50.331647,152.953342
2025-12-22 17:20:00,9481.640000,137.160000,79.556966,163.901539
2025-12-22 17:25:00,9405.220000,120.010000,55.475581,153.526240
2025-12-22 17:30:00,9516.960000,120.010000,65.544064,158.135679
2025-12-22 17:35:00,9468.270000,147.890000,50.814516,147.530789
2025-12-22 17:40:00,9387.380000,120.010000,71.220363,160.123554
2025-12-22 17:45:00,9435.830000,162.480000,65.212020,144.910909
2025-12-22 17:50:00,9426.040000,234.440000,104.626167,161.391817
2025-12-22 17:55:00,9399.490000,162.700000,95.891477,182.200075
2025-12-22 18:00:00,9404.740000,216.680000,117.855198,208.670646
2025-12-22 18:05:00,9381.250000,160.010000,120.936914,254.816783
2025-12-22 18:10:00,9293.570000,159.350000,111.809376,239.227808
2025-12-22 18:15:00,9237.100000,158.980000,131.039004,183.010066
2025-12-22 18:20:00,9237.840000,158.980000,160.177014,227.764454
2025-12-22 18:25:00,9295.540000,129.380000,162.105501,217.781466
2025-12-22 18:30:00,9333.290000,127.220000,172.924520,219.610164
2025-12-22 18:35:00,9285.830000,90.120000,191.738933,248.310655
2025-12-22 18:40:00,9316.600000,114.960000,167.599230,228.491377
2025-12-22 18:45:00,9330.270000,114.970000,139.355858,251.513909
2025-12-22 18:50:00,9309.560000,120.010000,209.620549,238.129808
2025-12-22 18:55:00,9243.770000,115.200000,186.541796,236.088816
2025-12-22 19:00:00,9217.590000,115.290000,187.858064,230.112218
2025-12-22 19:05:00,9261.000000,115.590000,172.289698,229.496819
2025-12-22 19:10:00,9239.690000,120.010000,169.002845,229.264743
2025-12-22 19:15:00,9209.510000,123.040000,181.498747,214.833705
2025-12-22 19:20:00,9233.090000,120.010000,126.298126,200.362215
2025-12-22 19:25:00,9169.670000,121.810000,165.909091,170.327714
2025-12-22 19:30:00,9194.240000,120.890000,112.088945,165.966902
2025-12-22 19:35:00,9201.270000,123.490000,136.831248,142.308039
2025-12-22 19:40:00,9143.530000,126.860000,144.055753,140.466992
2025-12-22 19:45:00,9079.630000,125.040000,136.149084,140.527859
2025-12-22 19:50:00,9064.680000,122.280000,126.784274,135.481476
2025-12-22 19:55:00,9029.080000,120.010000,122.364220,132.312447
2025-12-22 20:00:00,9003.070000,120.890000,120.975807,127.958710
2025-12-22 20:05:00,9058.030000,119.170000,121.063347,128.449518
2025-12-22 20:10:00,9006.440000,120.890000,113.903467,129.522102
2025-12-22 20:15:00,9007.750000,120.010000,121.117588,134.485173
2025-12-22 20:20:00,8918.070000,120.010000,110.237060,124.140693
2025-12-22 20:25:00,8896.160000,120.890000,117.791992,128.899655
2025-12-22 20:30:00,8871.920000,120.890000,114.795441,127.886404
2025-12-22 20:35:00,8835.770000,105.790000,114.328863,128.646016
2025-12-22 20:40:00,8785.790000,95.200000,112.682930,133.730871
2025-12-22 20:45:00,8739.250000,105.790000,114.353139,135.940159
2025-12-22 20:50:00,8678.890000,93.040000,112.682930,134.816112
2025-12-22 20:55:00,8630.220000,106.980000,106.725812,129.673107
2025-12-22 21:00:00,8588.370000,88.890000,114.298132,136.553867
2025-12-22 21:05:00,8594.370000,88.890000,109.430921,136.994575
2025-12-22 21:10:00,8566.910000,94.240000,115.844777,150.606863
2025-12-22 21:15:00,8617.340000,112.010000,113.903467,149.134881
2025-12-22 21:20:00,8577.030000,88.890000,115.379234,142.490702
2025-12-22 21:25:00,8555.320000,91.580000,121.164605,147.358156
2025-12-22 21:30:00,8510.770000,88.890000,120.571454,142.816448
2025-12-22 21:35:00,8480.430000,112.630000,109.981156,127.247517
2025-12-22 21:40:00,8435.190000,112.620000,102.854120,119.487757
2025-12-22 21:45:00,8387.900000,91.030000,108.852318,129.017167
2025-12-22 21:50:00,8427.550000,108.080000,103.502478,120.923870
2025-12-22 21:55:00,8375.390000,113.010000,111.165270,130.899930
2025-12-22 22:00:00,8268.360000,88.890000,98.315291,115.045472
2025-12-22 22:05:00,8316.090000,108.080000,98.315291,115.045472
2025-12-22 22:10:00,8205.760000,119.550000,99.119433,118.027150
2025-12-22 22:15:00,8141.410000,104.880000,103.246348,123.996871
2025-12-22 22:20:00,8145.940000,119.890000,93.093058,107.825024
2025-12-22 22:25:00,8067.860000,120.010000,93.359945,107.110345
2025-12-22 22:30:00,8060.150000,120.010000,93.093058,105.320358
2025-12-22 22:35:00,8002.120000,128.770000,100.002271,115.550317
2025-12-22 22:40:00,7992.450000,118.160000,101.039339,121.370868
2025-12-22 22:45:00,7938.100000,114.270000,90.167973,99.287776
2025-12-22 22:50:00,7891.890000,133.030000,98.611225,110.340578
2025-12-22 22:55:00,7909.780000,120.890000,98.846154,116.641949
2025-12-22 23:00:00,7922.870000,114.560000,91.949194,105.635569
2025-12-22 23:05:00,7825.270000,121.660000,104.982014,126.615774
2025-12-22 23:10:00,7793.030000,125.930000,108.791356,133.320229
2025-12-22 23:15:00,7751.030000,120.010000,106.288463,124.107962
2025-12-22 23:20:00,7687.970000,130.700000,105.234992,129.677962
2025-12-22 23:25:00,7690.370000,136.310000,106.996564,131.627827
2025-12-22 23:30:00,7659.050000,136.380000,106.465826,132.917717
2025-12-22 23:35:00,7610.990000,120.010000,113.682681,152.545751
2025-12-22 23:40:00,7606.720000,137.330000,104.841544,135.895275
2025-12-22 23:45:00,7514.040000,138.410000,104.406859,130.459417
2025-12-22 23:50:00,7553.790000,120.010000,115.512169,153.759279
2025-12-22 23:55:00,7565.430000,120.010000,110.511747,141.599097
2025-12-23 00:00:00,7543.560000,119.220000,108.345872,128.746665
2025-12-23 00:05:00,7431.440000,131.500000,104.871408,111.817252
2025-12-23 00:10:00,7493.110000,138.420000,105.397464,122.260613
2025-12-23 00:15:00,7444.110000,138.420000,99.550281,115.333182
2025-12-23 00:20:00,7412.720000,140.300000,108.449220,129.390674
2025-12-23 00:25:00,7355.320000,138.280000,108.368292,122.917845
2025-12-23 00:30:00,7270.550000,138.420000,107.715712,118.827027
2025-12-23 00:35:00,7237.800000,133.030000,97.158725,111.225899
2025-12-23 00:40:00,7186.250000,133.900000,104.385512,116.478306
2025-12-23 00:45:00,7152.650000,138.420000,105.764591,121.615234
2025-12-23 00:50:00,7146.000000,138.420000,92.921813,106.329134
2025-12-23 00:55:00,7115.180000,138.420000,92.602595,106.023913
2025-12-23 01:00:00,7069.040000,130.800000,92.602595,106.503200
2025-12-23 01:05:00,7051.980000,133.380000,102.473367,120.832326
2025-12-23 01:10:00,7022.460000,138.420000,105.127689,124.184136
2025-12-23 01:15:00,6951.570000,129.790000,99.053748,122.280420
2025-12-23 01:20:00,6949.300000,138.420000,100.551563,120.158318
2025-12-23 01:25:00,6895.450000,129.590000,94.923761,121.765273
2025-12-23 01:30:00,6890.060000,128.900000,97.982086,119.390457
2025-12-23 01:35:00,6872.580000,130.660000,96.573423,117.025507
2025-12-23 01:40:00,6824.890000,129.850000,96.573423,118.897682
2025-12-23 01:45:00,6794.470000,129.100000,97.982086,122.597428
2025-12-23 01:50:00,6784.500000,136.250000,97.982086,124.414408
2025-12-23 01:55:00,6782.580000,136.230000,98.575702,126.704679
2025-12-23 02:00:00,6797.660000,129.990000,97.913665,125.899645
2025-12-23 02:05:00,6765.400000,130.050000,95.059494,121.743094
2025-12-23 02:10:00,6781.530000,136.650000,97.030388,127.102131
2025-12-23 02:15:00,6806.050000,130.110000,97.505989,127.287846
2025-12-23 02:20:00,6752.260000,128.510000,97.591084,125.182839
2025-12-23 02:25:00,6736.530000,120.010000,96.172631,125.129616
2025-12-23 02:30:00,6719.140000,120.010000,96.762829,126.437259
2025-12-23 02:35:00,6770.910000,138.260000,96.064330,127.987418
2025-12-23 02:40:00,6693.700000,130.370000,96.762829,127.014265
2025-12-23 02:45:00,6665.630000,134.500000,97.894582,129.171446
2025-12-23 02:50:00,6719.280000,136.200000,100.229398,129.587813
2025-12-23 02:55:00,6667.370000,124.300000,98.466383,126.011385
2025-12-23 03:00:00,6674.230000,127.970000,95.727135,120.061739
2025-12-23 03:05:00,6656.870000,128.780000,100.157121,133.962759
2025-12-23 03:10:00,6612.360000,124.300000,101.268821,134.141583
2025-12-23 03:15:00,6652.800000,124.300000,100.023576,131.103975
2025-12-23 03:20:00,6676.300000,124.300000,99.226625,135.202314
2025-12-23 03:25:00,6661.880000,124.300000,92.642670,122.124256
2025-12-23 03:30:00,6673.380000,124.300000,93.603423,123.210906
2025-12-23 03:35:00,6662.110000,120.010000,103.535706,138.893004
2025-12-23 03:40:00,6699.810000,120.010000,101.852717,136.051610
2025-12-23 03:45:00,6749.800000,120.010000,104.598774,141.780246
2025-12-23 03:50:00,6730.200000,120.010000,104.281927,136.807305
2025-12-23 03:55:00,6732.860000,120.010000,99.226625,126.878182
2025-12-23 04:00:00,6722.660000,108.890000,99.226625,131.066878
2025-12-23 04:05:00,6734.900000,90.140000,100.157121,131.148084
2025-12-23 04:10:00,6746.100000,120.010000,99.384625,133.534809
2025-12-23 04:15:00,6747.040000,105.790000,99.384625,133.082736
2025-12-23 04:20:00,6804.140000,108.890000,99.384625,133.911653
2025-12-23 04:25:00,6839.000000,120.010000,99.384625,137.915516
2025-12-23 04:30:00,6820.970000,108.890000,99.384625,133.379051
2025-12-23 04:35:00,6862.930000,120.010000,93.603423,131.260131
2025-12-23 04:40:00,6871.020000,127.090000,93.603423,127.090812
2025-12-23 04:45:00,6860.560000,109.410000,93.752471,127.233675
2025-12-23 04:50:00,6898.890000,105.790000,93.752471,127.806468
2025-12-23 04:55:00,6880.670000,113.380000,93.752471,127.522532
2025-12-23 05:00:00,6929.650000,115.900000,96.679790,131.062374
2025-12-23 05:05:00,6913.420000,105.790000,88.943556,111.556110
2025-12-23 05:10:00,6998.020000,108.890000,99.912455,136.869476
2025-12-23 05:15:00,7050.690000,105.790000,98.259521,123.289930
2025-12-23 05:20:00,7053.260000,84.790000,95.669250,127.279219
2025-12-23 05:25:00,7054.220000,80.020000,94.213734,134.512281
2025-12-23 05:30:00,7048.670000,80.020000,92.448352,127.406735
2025-12-23 05:35:00,7063.710000,80.020000,93.506246,133.511010
2025-12-23 05:40:00,7058.440000,65.000000,94.436414,132.754066
2025-12-23 05:45:00,7038.730000,41.930000,85.649710,103.417857
2025-12-23 05:50:00,7084.250000,56.980000,59.091056,86.821433
2025-12-23 05:55:00,7034.290000,35.060000,34.625399,84.340681
2025-12-23 06:00:00,7058.350000,36.060000,12.876435,86.413119
2025-12-23 06:05:00,7105.570000,56.980000,10.370865,68.783663
2025-12-23 06:10:00,7143.340000,80.020000,8.133076,68.995612
2025-12-23 06:15:00,7158.530000,80.020000,8.790002,67.003312
2025-12-23 06:20:00,7156.410000,88.840000,11.318553,47.851441
2025-12-23 06:25:00,7233.490000,36.560000,10.427917,45.180107
2025-12-23 06:30:00,7239.440000,65.000000,4.291100,40.994574
2025-12-23 06:35:00,7215.950000,-16.020000,7.982115,40.947913
2025-12-23 06:40:00,7284.880000,0.000000,0.745923,40.569489
2025-12-23 06:45:00,7250.150000,-9.650000,-0.059552,40.728823
2025-12-23 06:50:00,7322.170000,36.800000,-0.059501,39.686886
2025-12-23 06:55:00,7234.880000,-6.740000,-0.826826,39.472493
2025-12-23 07:00:00,7228.580000,-6.110000,-1.282339,40.361294
2025-12-23 07:05:00,7234.290000,36.060000,-0.448629,42.518820
2025-12-23 07:10:00,7152.370000,-5.510000,-1.380923,41.387730
2025-12-23 07:15:00,7193.600000,-7.010000,-0.310650,50.750278
2025-12-23 07:20:00,7172.680000,36.060000,0.133774,54.649363
2025-12-23 07:25:00,7155.010000,36.060000,0.282839,44.674540
2025-12-23 07:30:00,7035.660000,-5.510000,0.814823,44.158157
2025-12-23 07:35:00,7145.250000,-5.010000,0.185677,43.941178
2025-12-23 07:40:00,6970.190000,-5.510000,0.085270,41.137435
2025-12-23 07:45:00,6949.980000,-5.510000,0.018403,40.044048
2025-12-23 07:50:00,6925.480000,40.540000,0.384608,42.441275
2025-12-23 07:55:00,6794.110000,63.840000,-0.104442,45.902465
2025-12-23 08:00:00,6717.600000,-14.000000,-0.008916,41.393324
2025-12-23 08:05:00,6771.240000,-5.510000,-1.250767,42.088660
2025-12-23 08:10:00,6758.170000,-14.000000,-0.974566,44.717908
2025-12-23 08:15:00,6660.700000,34.420000,-0.839127,40.365863
2025-12-23 08:20:00,6510.840000,58.140000,-1.678100,46.291157
2025-12-23 08:25:00,6449.680000,-14.000000,-1.494660,48.035175
2025-12-23 08:30:00,6499.130000,0.000000,-1.391616,42.649688
2025-12-23 08:35:00,6419.820000,34.010000,-3.020319,37.445047
2025-12-23 08:40:00,6368.140000,-27.000000,-2.178415,38.489912
2025-12-23 08:45:00,6427.500000,-5.510000,-2.671496,43.051387
2025-12-23 08:50:00,6343.570000,36.060000,-3.589776,47.587405
2025-12-23 08:55:00,6199.250000,57.600000,-4.141555,33.829252
2025-12-23 09:00:00,6140.660000,-7.010000,-1.520441,23.798963
2025-12-23 09:05:00,6143.250000,56.880000,-2.955978,31.864769
2025-12-23 09:10:00,6085.680000,41.910000,-1.427433,30.375856
2025-12-23 09:15:00,6048.420000,63.900000,-5.912690,35.853411
2025-12-23 09:20:00,6045.540000,36.060000,-4.239317,43.172381
2025-12-23 09:25:00,6004.630000,24.230000,-1.645101,41.814881
2025-12-23 09:30:00,6035.150000,36.060000,-6.195802,39.615308
2025-12-23 09:35:00,5971.740000,42.120000,-0.734225,49.157403
2025-12-23 09:40:00,6100.900000,36.060000,-0.430040,35.021312
2025-12-23 09:45:00,6097.180000,45.010000,-4.294427,38.134213
2025-12-23 09:50:00,6113.100000,20.430000,0.804589,46.743540
2025-12-23 09:55:00,6222.720000,56.980000,1.595569,80.707026
2025-12-23 10:00:00,6081.320000,-27.000000,-0.928216,49.681593
2025-12-23 10:05:00,6182.500000,36.060000,2.566831,83.633608
2025-12-23 10:10:00,6099.690000,-27.000000,2.187177,51.049978
2025-12-23 10:15:00,6082.440000,41.540000,2.066736,67.502038
2025-12-23 10:20:00,5919.790000,0.510000,1.110473,61.103009
2025-12-23 10:25:00,5946.350000,34.430000,1.211879,50.468126
2025-12-23 10:30:00,5859.110000,-27.000000,2.436192,57.691982
2025-12-23 10:35:00,5930.250000,42.530000,0.658319,56.029918
2025-12-23 10:40:00,5804.130000,-27.000000,-0.661974,47.393549
2025-12-23 10:45:00,5873.180000,-27.000000,-0.077905,55.032386
2025-12-23 10:50:00,5907.730000,-5.510000,0.303891,52.824759
2025-12-23 10:55:00,5862.760000,0.000000,-1.885712,45.621370
2025-12-23 11:00:00,5772.820000,34.010000,-3.532608,22.634267
2025-12-23 11:05:00,5784.770000,0.000000,-3.840750,33.336845
2025-12-23 11:10:00,5775.170000,0.510000,-0.729081,28.711491
2025-12-23 11:15:00,5822.180000,34.010000,-1.489515,42.547958
2025-12-23 11:20:00,5824.070000,-5.010000,-1.594563,39.308051
2025-12-23 11:25:00,5857.850000,0.000000,0.547091,48.863643
2025-12-23 11:30:00,5839.310000,0.510000,-0.369582,28.540219
2025-12-23 11:35:00,5857.560000,32.590000,-0.193562,43.086735
2025-12-23 11:40:00,5779.310000,17.010000,-3.431063,22.698674
2025-12-23 11:45:00,5820.550000,-27.000000,-6.383515,18.459057
2025-12-23 11:50:00,5897.220000,-7.010000,-8.791788,22.838921
2025-12-23 11:55:00,5981.730000,0.510000,-3.273199,30.923120
2025-12-23 12:00:00,5876.620000,-7.010000,-2.237557,38.190272
2025-12-23 12:05:00,5962.290000,44.160000,-1.964781,25.907996
2025-12-23 12:10:00,5869.610000,0.510000,-4.893951,32.454926
2025-12-23 12:15:00,5904.320000,34.010000,-1.363345,40.930460
2025-12-23 12:20:00,5963.870000,71.050000,-1.140385,35.125269
2025-12-23 12:25:00,5910.200000,-27.000000,-6.901830,32.423433
2025-12-23 12:30:00,6081.780000,-22.220000,-8.277094,37.006116
2025-12-23 12:35:00,6088.400000,49.840000,-11.901896,33.756184
2025-12-23 12:40:00,6036.580000,36.060000,-2.930056,37.565162
2025-12-23 12:45:00,6024.420000,31.340000,-1.286208,29.447417
2025-12-23 12:50:00,6010.090000,-7.010000,-5.140536,33.159592
2025-12-23 12:55:00,6117.590000,0.510000,-8.615393,34.958859
2025-12-23 13:00:00,6145.570000,-5.510000,-5.754719,33.159592
2025-12-23 13:05:00,6211.270000,31.520000,-6.004349,37.971700
2025-12-23 13:10:00,6141.760000,-13.740000,-1.589372,40.593243
2025-12-23 13:15:00,6285.750000,35.880000,-0.034813,44.350716
2025-12-23 13:20:00,6211.150000,30.550000,-1.025302,41.674514
2025-12-23 13:25:00,6222.620000,43.060000,0.236224,31.494190
2025-12-23 13:30:00,6294.930000,10.990000,0.999104,37.106646
2025-12-23 13:35:00,6360.060000,31.780000,3.440286,59.595462
2025-12-23 13:40:00,6399.380000,0.010000,1.341535,40.675705
2025-12-23 13:45:00,6387.840000,17.740000,3.282472,57.606006
2025-12-23 13:50:00,6426.810000,0.010000,-0.065734,51.061498
2025-12-23 13:55:00,6536.520000,31.950000,1.619011,47.887305
2025-12-23 14:00:00,6462.670000,33.100000,0.192787,45.097823
2025-12-23 14:05:00,6521.530000,31.810000,1.903164,51.232542
2025-12-23 14:10:00,6568.160000,31.780000,-0.108584,40.457198
2025-12-23 14:15:00,6615.330000,35.880000,8.041485,56.917887
2025-12-23 14:20:00,6653.600000,0.510000,7.336519,60.033692
2025-12-23 14:25:00,6715.230000,35.880000,8.125474,60.814483
2025-12-23 14:30:00,6738.160000,33.910000,5.832411,50.733550
2025-12-23 14:35:00,6762.720000,40.540000,6.769281,57.554168
2025-12-23 14:40:00,6885.740000,49.320000,2.289481,46.641380
2025-12-23 14:45:00,6974.530000,63.410000,7.638191,59.317739
2025-12-23 14:50:00,6961.590000,47.160000,1.825778,45.255508
2025-12-23 14:55:00,7037.780000,57.060000,8.383681,60.380176
2025-12-23 15:00:00,7089.910000,59.840000,3.941638,57.385579
2025-12-23 15:05:00,7181.870000,61.170000,6.471957,63.269462
2025-12-23 15:10:00,7261.440000,70.390000,5.029060,61.670729
2025-12-23 15:15:00,7295.660000,56.070000,4.764868,64.462047
2025-12-23 15:20:00,7369.060000,57.060000,4.259650,54.803115
2025-12-23 15:25:00,7448.900000,84.790000,20.160801,64.071119
2025-12-23 15:30:00,7512.500000,56.980000,14.579493,64.727825
2025-12-23 15:35:00,7528.540000,47.270000,21.326852,69.858606
2025-12-23 15:40:00,7534.220000,-22.220000,20.609727,72.193322
2025-12-23 15:45:00,7680.730000,33.870000,15.093849,77.444507
2025-12-23 15:50:00,7807.020000,-27.000000,13.601246,80.010163
2025-12-23 15:55:00,7910.880000,-5.510000,2.685146,79.170022
2025-12-23 16:00:00,7890.740000,40.690000,6.542664,82.624481
2025-12-23 16:05:00,7935.950000,91.760000,5.805243,82.007975
2025-12-23 16:10:00,7906.570000,-27.000000,0.779086,86.468709
2025-12-23 16:15:00,8156.570000,40.850000,3.298166,92.009927
2025-12-23 16:20:00,8198.510000,-39.370000,2.940074,92.009927
2025-12-23 16:25:00,8355.640000,36.060000,1.684420,103.346521
2025-12-23 16:30:00,8352.830000,-27.980000,3.693442,94.246121
2025-12-23 16:35:00,8534.080000,-5.510000,5.255847,96.460144
2025-12-23 16:40:00,8521.400000,-5.510000,3.476967,82.652246
2025-12-23 16:45:00,8658.330000,56.980000,6.184414,92.217083
2025-12-23 16:50:00,8644.050000,56.980000,4.180529,77.235268
2025-12-23 16:55:00,8707.470000,56.980000,3.987717,88.320150
2025-12-23 17:00:00,8802.210000,65.090000,7.909333,96.272609
2025-12-23 17:05:00,8852.950000,65.160000,6.255722,111.917933
2025-12-23 17:10:00,8891.310000,83.630000,8.450195,79.947176
2025-12-23 17:15:00,8828.180000,78.610000,8.861747,98.915045
2025-12-23 17:20:00,8835.700000,45.010000,4.468058,81.551289
2025-12-23 17:25:00,8983.500000,56.950000,21.751289,94.987890
2025-12-23 17:30:00,8983.420000,46.600000,12.642799,76.765557
2025-12-23 17:35:00,9009.960000,9.930000,14.359733,89.761001
2025-12-23 17:40:00,9038.300000,10.030000,27.251339,92.385855
2025-12-23 17:45:00,8986.370000,6.350000,53.473177,109.651204
2025-12-23 17:50:00,9051.480000,86.580000,44.381670,109.916969
2025-12-23 17:55:00,9010.230000,6.600000,39.506161,111.383761
2025-12-23 18:00:00,9069.530000,4.850000,48.016583,110.592211
2025-12-23 18:05:00,8984.550000,-3.190000,45.524833,111.582272
2025-12-23 18:10:00,8923.890000,3.200000,56.274484,114.093706
2025-12-23 18:15:00,8851.790000,-3.080000,61.607260,113.484079
2025-12-23 18:20:00,8818.030000,11.960000,90.020769,117.924064
2025-12-23 18:25:00,8897.830000,61.110000,99.647059,118.216109
2025-12-23 18:30:00,8789.180000,80.020000,100.403303,114.925642
2025-12-23 18:35:00,8733.720000,13.200000,87.510332,108.740460
2025-12-23 18:40:00,8832.390000,80.020000,88.805468,109.027313
2025-12-23 18:45:00,8719.040000,66.590000,80.548560,107.988727
2025-12-23 18:50:00,8745.140000,91.870000,87.594787,127.285908
2025-12-23 18:55:00,8688.430000,98.420000,88.968149,125.023000
2025-12-23 19:00:00,8685.710000,93.550000,71.949101,135.765129
2025-12-23 19:05:00,8671.970000,89.570000,54.583364,134.477554
2025-12-23 19:10:00,8695.700000,115.360000,58.118278,125.014307
2025-12-23 19:15:00,8628.750000,37.470000,65.289202,137.792169
2025-12-23 19:20:00,8723.080000,89.460000,71.624202,127.073863
2025-12-23 19:25:00,8687.830000,86.650000,96.765727,134.896135
2025-12-23 19:30:00,8667.040000,89.530000,103.268857,136.083061
2025-12-23 19:35:00,8653.400000,88.360000,68.647430,124.558056
2025-12-23 19:40:00,8582.380000,93.390000,98.502198,123.296694
2025-12-23 19:45:00,8587.790000,93.920000,92.204728,116.711743
2025-12-23 19:50:00,8539.610000,100.090000,106.069202,125.133023
2025-12-23 19:55:00,8500.590000,99.570000,104.891679,128.418542
2025-12-23 20:00:00,8403.990000,94.530000,95.547442,123.978207
2025-12-23 20:05:00,8426.390000,112.910000,96.576957,117.764207
2025-12-23 20:10:00,8321.240000,95.260000,101.844315,130.567868
2025-12-23 20:15:00,8383.930000,99.290000,59.365413,94.359709
2025-12-23 20:20:00,8365.310000,114.440000,92.854702,101.049867
2025-12-23 20:25:00,8316.780000,90.070000,87.895272,97.464712
2025-12-23 20:30:00,8315.790000,84.790000,89.706483,98.311187
2025-12-23 20:35:00,8235.330000,96.640000,85.910820,97.811907
2025-12-23 20:40:00,8171.240000,119.830000,86.653032,98.062546
2025-12-23 20:45:00,8123.900000,106.710000,87.130712,96.189317
2025-12-23 20:50:00,8144.740000,89.660000,92.544248,104.732222
2025-12-23 20:55:00,8136.420000,120.010000,93.709924,106.201690
2025-12-23 21:00:00,8051.780000,121.400000,89.812672,109.584369
2025-12-23 21:05:00,8018.960000,115.170000,97.298333,120.200697
2025-12-23 21:10:00,8076.500000,122.340000,93.214281,114.924141
2025-12-23 21:15:00,8116.730000,119.810000,95.852871,114.382044
2025-12-23 21:20:00,8128.360000,105.790000,102.027196,129.486530
2025-12-23 21:25:00,8065.080000,115.330000,91.993786,107.024937
2025-12-23 21:30:00,8018.380000,114.800000,85.463757,105.020672
2025-12-23 21:35:00,8027.900000,105.790000,94.180962,109.686641
2025-12-23 21:40:00,7982.110000,113.570000,102.094624,128.240247
2025-12-23 21:45:00,7953.080000,105.790000,98.715558,119.040184
2025-12-23 21:50:00,7914.890000,105.790000,91.603890,103.194337
2025-12-23 21:55:00,7955.710000,105.790000,101.594781,124.797386
2025-12-23 22:00:00,7933.570000,88.880000,105.823154,128.554979
2025-12-23 22:05:00,7819.820000,116.170000,98.145584,120.984640
2025-12-23 22:10:00,7770.920000,124.800000,100.270755,127.639373
2025-12-23 22:15:00,7756.940000,112.800000,94.969764,122.798444
2025-12-23 22:20:00,7748.300000,105.790000,90.675638,108.757825
2025-12-23 22:25:00,7727.180000,90.670000,94.969764,120.559853
2025-12-23 22:30:00,7661.110000,105.790000,94.969764,120.104963
2025-12-23 22:35:00,7659.120000,105.790000,93.981936,115.144824
2025-12-23 22:40:00,7701.610000,125.220000,96.342714,121.808844
2025-12-23 22:45:00,7646.900000,120.010000,93.981936,116.112628
2025-12-23 22:50:00,7622.790000,115.880000,93.981936,118.379288
2025-12-23 22:55:00,7596.690000,120.010000,92.778779,115.657748
2025-12-23 23:00:00,7569.240000,143.460000,86.740780,105.626781
2025-12-23 23:05:00,7477.820000,109.560000,95.487464,128.569804
2025-12-23 23:10:00,7512.300000,87.500000,102.524120,140.864608
2025-12-23 23:15:00,7425.660000,144.460000,97.417291,133.199535
2025-12-23 23:20:00,7350.600000,141.270000,88.379409,125.971390
2025-12-23 23:25:00,7345.000000,142.540000,80.525589,107.516945
2025-12-23 23:30:00,7342.640000,143.190000,88.152913,126.756150
2025-12-23 23:35:00,7287.060000,105.790000,87.024370,118.270113
2025-12-23 23:40:00,7343.740000,123.250000,94.051725,135.946779
2025-12-23 23:45:00,7282.640000,112.880000,88.073871,128.698337
2025-12-23 23:50:00,7285.080000,105.910000,88.073871,128.753170
2025-12-23 23:55:00,7229.010000,105.790000,86.077369,122.797629
2025-12-24 00:00:00,7267.290000,107.170000,102.485829,141.079653
2025-12-24 00:05:00,7175.400000,120.010000,95.488271,142.751804
2025-12-24 00:10:00,7155.310000,120.010000,83.931206,113.423980
2025-12-24 00:15:00,7153.600000,120.010000,110.193926,149.030323
2025-12-24 00:20:00,7082.120000,106.920000,110.364998,151.200573
2025-12-24 00:25:00,7051.330000,85.790000,107.378073,151.014195
2025-12-24 00:30:00,7037.740000,105.790000,107.378073,147.503438
2025-12-24 00:35:00,6968.800000,111.560000,93.113526,114.148713
2025-12-24 00:40:00,6973.050000,106.090000,100.308914,129.122711
2025-12-24 00:45:00,6959.960000,84.980000,93.669101,119.490630
2025-12-24 00:50:00,6913.750000,85.060000,91.653831,115.606139
2025-12-24 00:55:00,6883.460000,105.790000,91.653831,124.120314
2025-12-24 01:00:00,6813.620000,84.790000,89.117176,118.000751
2025-12-24 01:05:00,6785.780000,120.010000,87.599010,105.026929
2025-12-24 01:10:00,6780.770000,120.010000,87.599010,108.083590
2025-12-24 01:15:00,6769.040000,105.790000,89.075201,120.875418
2025-12-24 01:20:00,6748.550000,83.650000,85.873056,102.531091
2025-12-24 01:25:00,6698.920000,83.170000,76.527788,86.857344
2025-12-24 01:30:00,6651.550000,84.750000,85.578051,94.713833
2025-12-24 01:35:00,6604.610000,84.790000,87.599010,102.842566
2025-12-24 01:40:00,6587.760000,84.790000,85.578051,94.729484
2025-12-24 01:45:00,6558.220000,84.790000,76.527788,82.017289
2025-12-24 01:50:00,6538.300000,84.790000,76.527788,84.032445
2025-12-24 01:55:00,6498.530000,80.020000,85.158918,99.454388
2025-12-24 02:00:00,6495.940000,85.670000,74.704132,89.947707
2025-12-24 02:05:00,6498.600000,80.020000,87.698099,112.063443
2025-12-24 02:10:00,6462.860000,80.020000,87.470473,109.714356
2025-12-24 02:15:00,6467.920000,78.960000,85.158918,102.384351
2025-12-24 02:20:00,6477.910000,80.020000,75.016104,86.333105
2025-12-24 02:25:00,6466.300000,80.020000,76.863011,86.751907
2025-12-24 02:30:00,6396.710000,70.160000,77.514593,86.835902
2025-12-24 02:35:00,6436.720000,80.020000,78.965173,90.662386
2025-12-24 02:40:00,6422.990000,80.020000,78.965173,90.662386
2025-12-24 02:45:00,6414.620000,80.020000,78.965173,90.556787
2025-12-24 02:50:00,6391.100000,79.520000,78.965173,90.347847
2025-12-24 02:55:00,6362.210000,80.020000,75.092406,83.260868
2025-12-24 03:00:00,6350.040000,80.020000,79.868003,92.155168
2025-12-24 03:05:00,6353.520000,71.510000,72.418163,83.548020
2025-12-24 03:10:00,6319.520000,70.600000,72.418163,84.485909
2025-12-24 03:15:00,6331.050000,71.480000,70.983505,83.037409
2025-12-24 03:20:00,6341.860000,78.000000,70.983505,83.996382
2025-12-24 03:25:00,6363.670000,71.550000,70.983505,83.715865
2025-12-24 03:30:00,6355.200000,79.930000,67.639119,79.215320
2025-12-24 03:35:00,6345.030000,79.950000,70.983505,83.792418
2025-12-24 03:40:00,6384.000000,78.000000,71.087830,83.792418
2025-12-24 03:45:00,6394.990000,80.020000,72.418163,83.999063
2025-12-24 03:50:00,6403.320000,80.020000,72.418163,84.276539
2025-12-24 03:55:00,6416.750000,79.950000,72.418163,84.583644
2025-12-24 04:00:00,6388.020000,78.000000,72.418163,84.682699
2025-12-24 04:05:00,6444.200000,80.020000,69.042852,80.066412
2025-12-24 04:10:00,6496.750000,80.380000,70.344711,80.472144
2025-12-24 04:15:00,6504.200000,89.040000,72.801552,79.882105
2025-12-24 04:20:00,6514.360000,80.370000,74.824378,86.308269
2025-12-24 04:25:00,6570.440000,91.310000,74.877355,81.022698
2025-12-24 04:30:00,6565.600000,80.390000,77.832442,88.047951
2025-12-24 04:35:00,6531.010000,80.020000,74.824378,88.148507
2025-12-24 04:40:00,6571.150000,87.080000,74.824378,87.087334
2025-12-24 04:45:00,6548.690000,80.020000,74.824378,87.982217
2025-12-24 04:50:00,6554.870000,75.100000,74.824378,87.561868
2025-12-24 04:55:00,6615.910000,80.020000,77.225466,88.402010
2025-12-24 05:00:00,6571.690000,75.190000,81.085488,88.110069
2025-12-24 05:05:00,6614.840000,80.020000,77.832442,89.190871
2025-12-24 05:10:00,6643.090000,75.150000,79.577316,88.870490
2025-12-24 05:15:00,6620.600000,74.180000,85.170611,102.794222
2025-12-24 05:20:00,6659.220000,71.340000,73.972368,87.675041
2025-12-24 05:25:00,6679.300000,70.890000,80.315734,100.164023
2025-12-24 05:30:00,6699.830000,70.200000,73.610192,83.767327
2025-12-24 05:35:00,6664.700000,65.000000,67.911654,81.666452
2025-12-24 05:40:00,6630.850000,57.080000,69.159971,81.741475
2025-12-24 05:45:00,6662.660000,55.440000,48.793454,70.414997
2025-12-24 05:50:00,6613.070000,56.640000,44.522956,65.096719
2025-12-24 05:55:00,6663.040000,56.670000,34.334764,66.088604
2025-12-24 06:00:00,6650.530000,36.060000,12.372954,52.813079
2025-12-24 06:05:00,6605.240000,6.630000,17.057097,46.940518
2025-12-24 06:10:00,6563.940000,35.880000,4.045681,38.596486
2025-12-24 06:15:00,6599.830000,36.060000,2.574252,37.385998
2025-12-24 06:20:00,6555.590000,0.820000,1.301551,38.104968
2025-12-24 06:25:00,6592.090000,40.540000,-0.175593,34.562895
2025-12-24 06:30:00,6545.400000,35.880000,-0.099152,34.384883
2025-12-24 06:35:00,6500.190000,45.010000,-0.173396,32.050178
2025-12-24 06:40:00,6499.870000,35.880000,0.040904,30.530473
2025-12-24 06:45:00,6416.870000,-7.690000,0.174764,29.905856
2025-12-24 06:50:00,6517.910000,0.000000,-0.056021,31.331341
2025-12-24 06:55:00,6436.080000,-9.870000,-0.781652,30.749222
2025-12-24 07:00:00,6450.630000,35.880000,-1.333892,29.647420
2025-12-24 07:05:00,6383.620000,54.910000,-0.413571,32.957475
2025-12-24 07:10:00,6365.590000,48.590000,-0.271288,34.335201
2025-12-24 07:15:00,6300.800000,36.060000,-1.104727,33.050460
2025-12-24 07:20:00,6190.690000,36.060000,-1.111131,32.471974
2025-12-24 07:25:00,6150.620000,53.090000,-0.715571,32.338555
2025-12-24 07:30:00,6088.560000,36.060000,-1.359695,31.575987
2025-12-24 07:35:00,6129.530000,56.840000,-0.342849,39.651997
2025-12-24 07:40:00,6071.460000,56.820000,-0.491206,42.486416
2025-12-24 07:45:00,6005.140000,-7.280000,-0.276675,43.844425
2025-12-24 07:50:00,6100.820000,36.060000,-0.030263,53.694124
2025-12-24 07:55:00,5978.060000,35.880000,-0.148126,47.834184
2025-12-24 08:00:00,5903.100000,35.880000,0.548480,31.355350
2025-12-24 08:05:00,5847.430000,36.060000,0.205349,27.155880
2025-12-24 08:10:00,5797.120000,0.510000,-0.021566,16.869660
2025-12-24 08:15:00,5755.350000,49.250000,-0.190953,19.857300
2025-12-24 08:20:00,5670.470000,34.780000,-0.283447,19.920607
2025-12-24 08:25:00,5625.640000,30.510000,-0.713908,21.173555
2025-12-24 08:30:00,5573.180000,29.870000,-3.596429,17.210149
2025-12-24 08:35:00,5522.360000,30.930000,-1.525438,18.508207
2025-12-24 08:40:00,5483.390000,43.590000,-3.148772,17.930215
2025-12-24 08:45:00,5419.720000,28.690000,-7.486366,9.285277
2025-12-24 08:50:00,5465.770000,29.730000,-0.461551,16.811367
2025-12-24 08:55:00,5384.110000,0.510000,-0.736678,16.223623
2025-12-24 09:00:00,5320.310000,28.910000,-2.865755,16.196234
2025-12-24 09:05:00,5196.650000,-15.390000,-1.468158,19.171205
2025-12-24 09:10:00,5322.260000,-10.920000,-7.960886,22.960515
2025-12-24 09:15:00,5238.680000,-12.620000,-2.986342,25.926773
2025-12-24 09:20:00,5316.290000,-4.460000,-5.788060,23.264454
2025-12-24 09:25:00,5240.670000,-4.460000,-6.174506,22.895193
2025-12-24 09:30:00,5130.860000,-15.460000,-6.539947,22.636654
2025-12-24 09:35:00,5158.590000,-15.610000,-5.909606,25.925739
2025-12-24 09:40:00,5283.050000,36.060000,-3.439679,31.499237
2025-12-24 09:45:00,5178.900000,59.320000,-5.179305,28.565820
2025-12-24 09:50:00,5200.230000,47.310000,-7.884051,29.587764
2025-12-24 09:55:00,5274.930000,27.310000,-8.426580,29.998162
2025-12-24 10:00:00,5230.140000,28.680000,-10.309644,35.190750
2025-12-24 10:05:00,5169.540000,0.510000,-1.940596,24.066124
2025-12-24 10:10:00,5182.600000,34.010000,-1.344765,26.319180
2025-12-24 10:15:00,5056.000000,0.510000,-1.272076,27.564873
2025-12-24 10:20:00,5064.270000,-21.130000,-6.307728,24.835729
2025-12-24 10:25:00,5114.160000,-21.310000,-5.441865,29.400886
2025-12-24 10:30:00,5195.360000,-5.010000,-1.234662,26.912938
2025-12-24 10:35:00,5122.620000,-5.510000,-1.269727,23.641867
2025-12-24 10:40:00,5103.570000,17.010000,-7.114898,34.525037
2025-12-24 10:45:00,5080.720000,-5.010000,-5.570300,34.479855
2025-12-24 10:50:00,5092.440000,-22.220000,-5.435299,34.170317
2025-12-24 10:55:00,5148.140000,-22.220000,-7.931746,32.906155
2025-12-24 11:00:00,5160.550000,-5.510000,-2.734483,33.812059
2025-12-24 11:05:00,5061.930000,-5.510000,-4.952348,23.817101
2025-12-24 11:10:00,5058.710000,0.000000,-1.026090,33.189021
2025-12-24 11:15:00,5054.510000,-20.990000,-1.744823,22.607798
2025-12-24 11:20:00,5137.920000,-20.000000,-6.054401,23.215933
2025-12-24 11:25:00,5152.600000,0.000000,-3.931261,24.853678
2025-12-24 11:30:00,5065.960000,0.510000,-3.540612,17.353641
2025-12-24 11:35:00,5026.240000,0.280000,-4.827251,23.154693
2025-12-24 11:40:00,5077.470000,-5.010000,-0.527498,30.428043
2025-12-24 11:45:00,5041.330000,0.510000,-5.095624,14.658632
2025-12-24 11:50:00,5038.130000,-5.010000,-10.545489,11.143644
2025-12-24 11:55:00,5098.170000,22.620000,-9.598831,6.758057
2025-12-24 12:00:00,5129.200000,0.510000,-6.682749,19.498219
2025-12-24 12:05:00,5164.040000,22.860000,-4.818205,23.267399
2025-12-24 12:10:00,5161.710000,29.110000,-3.145216,22.184007
2025-12-24 12:15:00,5174.000000,34.010000,-3.283163,25.036617
2025-12-24 12:20:00,5135.220000,45.210000,-3.271341,19.024515
2025-12-24 12:25:00,5172.880000,45.160000,-4.521800,22.948480
2025-12-24 12:30:00,5183.320000,29.040000,-3.556222,35.902902
2025-12-24 12:35:00,5223.150000,45.040000,-3.014568,34.745723
2025-12-24 12:40:00,5225.160000,-5.010000,-2.193894,36.209101
2025-12-24 12:45:00,5241.150000,-27.000000,-0.994845,41.021113
2025-12-24 12:50:00,5362.930000,-5.010000,-0.010171,42.023195
2025-12-24 12:55:00,5353.160000,-22.220000,-0.707393,45.781439
2025-12-24 13:00:00,5406.480000,0.510000,0.102338,45.470364
2025-12-24 13:05:00,5363.570000,-5.510000,-0.825452,44.291188
2025-12-24 13:10:00,5374.370000,-27.000000,-0.545293,46.604827
2025-12-24 13:15:00,5459.640000,36.060000,0.239479,49.492138
2025-12-24 13:20:00,5398.740000,-22.220000,-0.439009,48.420563
2025-12-24 13:25:00,5517.450000,-5.510000,0.279315,49.211099
2025-12-24 13:30:00,5564.870000,53.170000,0.030574,46.307600
2025-12-24 13:35:00,5609.050000,24.840000,0.463647,49.936002
2025-12-24 13:40:00,5664.660000,36.060000,0.473530,40.254768
2025-12-24 13:45:00,5626.640000,-5.010000,0.463763,28.575228
2025-12-24 13:50:00,5811.870000,41.950000,-0.019306,39.819544
2025-12-24 13:55:00,5786.690000,-5.010000,0.209338,33.724118
2025-12-24 14:00:00,5867.750000,40.060000,-0.154820,44.239423
2025-12-24 14:05:00,5933.770000,-5.010000,0.400226,41.719567
2025-12-24 14:10:00,6041.150000,-5.010000,0.485986,34.631412
2025-12-24 14:15:00,6139.360000,-5.010000,3.230981,47.033618
2025-12-24 14:20:00,6164.410000,-27.000000,0.967437,40.635537
2025-12-24 14:25:00,6274.800000,32.740000,0.952998,40.648330
2025-12-24 14:30:00,6296.780000,-5.010000,3.204798,47.147914
2025-12-24 14:35:00,6457.600000,45.010000,4.367283,59.924858
2025-12-24 14:40:00,6486.960000,-5.010000,4.328834,60.174989
2025-12-24 14:45:00,6613.240000,36.060000,1.433534,59.852426
2025-12-24 14:50:00,6620.570000,-5.010000,3.165848,58.014516
2025-12-24 14:55:00,6787.280000,64.890000,1.562357,56.160663
2025-12-24 15:00:00,6829.560000,36.060000,1.246980,67.942999
2025-12-24 15:05:00,6931.940000,56.980000,0.402431,58.721248
2025-12-24 15:10:00,7045.510000,-5.010000,-0.003950,64.757082
2025-12-24 15:15:00,7158.740000,36.060000,0.019588,57.627610
2025-12-24 15:20:00,7191.880000,-22.220000,0.343034,51.403421
2025-12-24 15:25:00,7446.900000,64.890000,2.623063,82.311933
2025-12-24 15:30:00,7532.600000,112.560000,1.084437,66.767210
2025-12-24 15:35:00,7447.670000,57.060000,1.908509,86.503060
2025-12-24 15:40:00,7633.560000,109.310000,1.383424,78.998715
2025-12-24 15:45:00,7637.430000,45.010000,2.652686,88.826118
2025-12-24 15:50:00,7855.760000,65.000000,1.947217,85.434689
2025-12-24 15:55:00,7912.380000,57.060000,3.703214,89.595414
2025-12-24 16:00:00,8017.050000,57.060000,2.869665,86.813601
2025-12-24 16:05:00,8142.180000,40.920000,0.640066,95.792299
2025-12-24 16:10:00,8290.070000,40.890000,0.514523,77.265928
2025-12-24 16:15:00,8357.420000,36.060000,1.618279,81.254156
2025-12-24 16:20:00,8451.240000,36.060000,2.111665,72.595886
2025-12-24 16:25:00,8549.290000,55.920000,8.895287,79.192252
2025-12-24 16:30:00,8673.030000,56.250000,7.709871,119.121275
2025-12-24 16:35:00,8740.300000,40.780000,10.437291,78.505153
2025-12-24 16:40:00,8856.760000,64.780000,11.482688,115.216743
2025-12-24 16:45:00,8901.750000,43.610000,17.240474,75.794029
2025-12-24 16:50:00,9091.780000,65.180000,22.056265,84.389423
2025-12-24 16:55:00,9104.260000,51.440000,19.500095,81.959062
2025-12-24 17:00:00,9169.790000,52.330000,23.440589,102.308632
2025-12-24 17:05:00,9249.590000,49.260000,19.984349,100.575532
2025-12-24 17:10:00,9295.630000,49.160000,18.968916,105.987980
2025-12-24 17:15:00,9316.270000,6.030000,15.173211,97.852763
2025-12-24 17:20:00,9380.970000,12.550000,16.875053,91.563758
2025-12-24 17:25:00,9492.320000,45.010000,40.095495,104.675696
2025-12-24 17:30:00,9529.200000,57.060000,38.725579,106.694054
2025-12-24 17:35:00,9660.840000,45.010000,41.907842,110.600976
2025-12-24 17:40:00,9625.570000,42.710000,35.464063,111.764943
2025-12-24 17:45:00,9652.110000,6.480000,55.735272,116.368202
2025-12-24 17:50:00,9712.520000,45.010000,55.755418,123.507818
2025-12-24 17:55:00,9736.390000,57.060000,54.594500,125.867454
2025-12-24 18:00:00,9801.760000,80.010000,53.113102,126.209698
2025-12-24 18:05:00,9831.340000,80.010000,54.113426,128.328765
2025-12-24 18:10:00,9807.020000,80.010000,54.443023,130.888594
2025-12-24 18:15:00,9724.190000,45.010000,42.672463,121.901838
2025-12-24 18:20:00,9712.360000,80.010000,47.292975,122.321998
2025-12-24 18:25:00,9705.470000,80.010000,78.272476,129.399483
2025-12-24 18:30:00,9677.550000,80.010000,102.753438,132.370790
2025-12-24 18:35:00,9581.950000,80.010000,73.258128,132.834440
2025-12-24 18:40:00,9630.480000,88.890000,101.042581,130.648352
2025-12-24 18:45:00,9573.880000,120.010000,87.275602,129.804331
2025-12-24 18:50:00,9473.680000,94.900000,106.392574,136.184658
2025-12-24 18:55:00,9548.920000,94.880000,115.770091,136.427348
2025-12-24 19:00:00,9472.490000,91.420000,128.623847,137.951501
2025-12-24 19:05:00,9508.700000,92.610000,123.264460,137.867553
2025-12-24 19:10:00,9507.280000,96.190000,115.844268,138.558105
2025-12-24 19:15:00,9410.440000,80.610000,86.617792,134.856415
2025-12-24 19:20:00,9405.200000,91.150000,106.632370,129.233201
2025-12-24 19:25:00,9381.010000,97.330000,106.632370,125.559766
2025-12-24 19:30:00,9282.160000,90.730000,101.995397,118.107247
2025-12-24 19:35:00,9275.190000,98.110000,105.992969,122.125353
2025-12-24 19:40:00,9241.960000,97.530000,108.774137,115.529978
2025-12-24 19:45:00,9182.810000,94.040000,115.908864,131.189019
2025-12-24 19:50:00,9193.930000,94.140000,106.125515,108.139096
2025-12-24 19:55:00,9193.680000,83.940000,98.846095,105.121881
2025-12-24 20:00:00,9125.610000,97.750000,100.197580,106.450269
2025-12-24 20:05:00,9116.310000,105.790000,98.309961,104.485850
2025-12-24 20:10:00,9050.600000,119.610000,93.629277,107.422925
2025-12-24 20:15:00,9040.980000,96.130000,85.567046,93.880114
2025-12-24 20:20:00,9006.640000,105.790000,93.361621,104.106203
2025-12-24 20:25:00,8937.070000,105.790000,92.207921,105.444042
2025-12-24 20:30:00,8835.280000,94.050000,83.553909,94.298108
2025-12-24 20:35:00,8833.200000,95.670000,85.008129,94.394835
2025-12-24 20:40:00,8820.600000,105.790000,88.077257,102.201487
2025-12-24 20:45:00,8759.080000,92.310000,86.540958,103.059773
2025-12-24 20:50:00,8664.050000,94.000000,83.525357,95.645048
2025-12-24 20:55:00,8677.170000,88.450000,78.684282,87.279857
2025-12-24 21:00:00,8608.110000,86.620000,81.656202,92.105566
2025-12-24 21:05:00,8596.430000,88.630000,85.791532,97.798431
2025-12-24 21:10:00,8566.730000,86.750000,87.817532,107.491873
2025-12-24 21:15:00,8564.140000,90.860000,80.231888,94.645004
2025-12-24 21:20:00,8532.680000,88.410000,85.791532,99.396623
2025-12-24 21:25:00,8461.280000,89.850000,84.823036,100.005661
2025-12-24 21:30:00,8426.000000,89.420000,79.806748,98.430268
2025-12-24 21:35:00,8433.590000,88.890000,79.984186,100.132898
2025-12-24 21:40:00,8347.190000,88.360000,84.823036,102.875756
2025-12-24 21:45:00,8318.180000,88.890000,79.806748,96.255602
2025-12-24 21:50:00,8268.790000,88.120000,92.635948,102.893835
2025-12-24 21:55:00,8187.300000,80.010000,87.355316,94.955225
2025-12-24 22:00:00,8126.580000,74.860000,87.114631,96.117894
2025-12-24 22:05:00,8078.950000,80.010000,89.610324,99.331310
2025-12-24 22:10:00,8030.730000,80.010000,83.043924,97.570699
2025-12-24 22:15:00,8012.240000,81.820000,85.709589,100.709292
2025-12-24 22:20:00,7940.900000,80.860000,82.702250,97.039458
2025-12-24 22:25:00,7909.880000,80.010000,82.402422,97.987323
2025-12-24 22:30:00,7819.500000,88.890000,82.849366,97.603140
2025-12-24 22:35:00,7779.970000,88.890000,82.849366,97.704106
2025-12-24 22:40:00,7768.700000,80.010000,81.161842,97.257882
2025-12-24 22:45:00,7738.740000,80.010000,83.256992,98.589685
2025-12-24 22:50:00,7682.190000,73.910000,75.751023,89.762357
2025-12-24 22:55:00,7653.140000,73.670000,68.801490,81.565223
2025-12-24 23:00:00,7638.620000,72.440000,66.792934,80.998805
2025-12-24 23:05:00,7553.740000,75.460000,75.115353,84.924346
2025-12-24 23:10:00,7514.330000,76.000000,73.505049,84.842694
2025-12-24 23:15:00,7444.560000,75.550000,74.537449,89.157416
2025-12-24 23:20:00,7390.110000,73.030000,75.932326,89.465328
2025-12-24 23:25:00,7364.560000,74.030000,73.103069,85.082156
2025-12-24 23:30:00,7299.760000,63.840000,81.550556,99.466372
2025-12-24 23:35:00,7286.050000,77.180000,81.550556,99.575254
2025-12-24 23:40:00,7257.440000,80.010000,73.103069,84.924041
2025-12-24 23:45:00,7164.250000,88.890000,71.526057,84.959533
2025-12-24 23:50:00,7088.780000,76.800000,68.798428,81.676237
2025-12-24 23:55:00,7078.530000,80.010000,68.899543,81.676237
2025-12-25 00:00:00,7042.820000,80.010000,70.936119,80.065844
2025-12-25 00:05:00,7007.510000,75.420000,68.884086,77.411628
2025-12-25 00:10:00,7002.240000,80.010000,70.732796,78.173839
2025-12-25 00:15:00,6939.730000,80.010000,68.647435,77.480030
2025-12-25 00:20:00,6879.910000,78.230000,67.719261,76.882224
2025-12-25 00:25:00,6812.800000,56.980000,67.024149,75.193215
2025-12-25 00:30:00,6770.450000,57.060000,56.084977,72.316554
2025-12-25 00:35:00,6778.060000,80.010000,70.489795,76.010652
2025-12-25 00:40:00,6713.800000,75.790000,70.489795,74.748042
2025-12-25 00:45:00,6692.230000,54.510000,76.928424,80.435955
2025-12-25 00:50:00,6666.200000,76.600000,68.621893,76.063571
2025-12-25 00:55:00,6605.790000,76.340000,68.744525,75.697776
2025-12-25 01:00:00,6551.710000,80.010000,67.252254,73.869600
2025-12-25 01:05:00,6518.790000,80.010000,73.281526,84.033191
2025-12-25 01:10:00,6476.340000,64.890000,73.504140,84.744946
2025-12-25 01:15:00,6495.900000,73.040000,75.248231,88.693373
2025-12-25 01:20:00,6448.480000,72.850000,73.254260,87.561075
2025-12-25 01:25:00,6463.230000,79.940000,60.928372,81.511500
2025-12-25 01:30:00,6335.540000,74.820000,62.868544,74.754135
2025-12-25 01:35:00,6310.810000,71.210000,71.969592,85.924955
2025-12-25 01:40:00,6303.450000,73.010000,72.323697,85.066417
2025-12-25 01:45:00,6268.770000,64.430000,57.218266,74.032784
2025-12-25 01:50:00,6277.030000,76.130000,72.323697,84.015223
2025-12-25 01:55:00,6240.550000,73.490000,70.483958,84.382503
2025-12-25 02:00:00,6257.380000,73.950000,75.468214,88.620863
2025-12-25 02:05:00,6235.420000,63.350000,66.422258,80.616736
2025-12-25 02:10:00,6191.260000,72.220000,60.369757,74.728510
2025-12-25 02:15:00,6179.690000,72.280000,61.312056,77.536113
2025-12-25 02:20:00,6183.880000,72.700000,63.990274,77.288898
2025-12-25 02:25:00,6154.190000,79.260000,66.429683,79.351298
2025-12-25 02:30:00,6137.190000,64.480000,64.510976,78.489916
2025-12-25 02:35:00,6102.390000,72.350000,63.229765,77.197749
2025-12-25 02:40:00,6115.110000,79.310000,64.579481,78.187056
2025-12-25 02:45:00,6081.730000,78.870000,59.029178,72.839871
2025-12-25 02:50:00,6071.510000,75.480000,67.768451,78.989364
2025-12-25 02:55:00,6049.230000,72.380000,65.419266,77.889396
2025-12-25 03:00:00,6064.000000,73.320000,65.419266,77.889396
2025-12-25 03:05:00,6047.100000,72.850000,60.639001,74.861629
2025-12-25 03:10:00,6042.970000,72.410000,65.741149,81.111568
2025-12-25 03:15:00,6030.710000,71.150000,65.741149,81.030734
2025-12-25 03:20:00,6013.960000,74.480000,65.419266,80.194161
2025-12-25 03:25:00,5993.630000,72.460000,67.913138,83.406837
2025-12-25 03:30:00,5995.840000,80.010000,60.639001,73.761272
2025-12-25 03:35:00,5988.350000,71.600000,65.419266,77.400917
2025-12-25 03:40:00,5951.780000,75.910000,67.913138,79.881632
2025-12-25 03:45:00,5968.100000,72.050000,67.913138,80.581360
2025-12-25 03:50:00,5946.760000,75.150000,66.138108,76.974664
2025-12-25 03:55:00,5940.950000,79.670000,65.419266,76.263996
2025-12-25 04:00:00,5914.340000,78.150000,65.419266,75.610679
2025-12-25 04:05:00,5924.740000,72.120000,68.007729,79.593098
2025-12-25 04:10:00,5989.160000,72.530000,70.587320,79.782488
2025-12-25 04:15:00,5940.840000,73.200000,69.736605,78.568089
2025-12-25 04:20:00,5932.470000,73.380000,70.610726,80.525497
2025-12-25 04:25:00,5886.520000,73.470000,71.293133,79.830522
2025-12-25 04:30:00,5945.530000,80.010000,73.647464,83.704574
2025-12-25 04:35:00,5927.700000,81.180000,71.408127,79.534242
2025-12-25 04:40:00,5937.690000,80.010000,74.991046,84.933363
2025-12-25 04:45:00,5920.910000,75.160000,71.225118,82.372669
2025-12-25 04:50:00,5928.400000,80.010000,72.001715,84.108561
2025-12-25 04:55:00,5881.350000,80.010000,73.755037,87.629455
2025-12-25 05:00:00,5940.140000,81.640000,77.389140,89.221467
2025-12-25 05:05:00,5898.480000,73.200000,65.251603,76.998599
2025-12-25 05:10:00,5996.790000,80.010000,64.989440,79.210870
2025-12-25 05:15:00,5965.300000,79.950000,65.251603,78.727523
2025-12-25 05:20:00,5973.160000,74.270000,65.251603,76.338893
2025-12-25 05:25:00,5995.530000,77.080000,65.251603,75.825503
2025-12-25 05:30:00,5936.610000,64.830000,60.626087,74.889180
2025-12-25 05:35:00,5918.470000,54.830000,49.118375,67.238930
2025-12-25 05:40:00,5888.080000,40.540000,29.132445,54.960280
2025-12-25 05:45:00,5864.820000,0.470000,17.291716,49.048876
2025-12-25 05:50:00,5854.800000,0.470000,0.701941,38.856256
2025-12-25 05:55:00,5814.000000,-5.510000,-1.205181,33.843978
2025-12-25 06:00:00,5777.590000,0.000000,-14.537101,27.114065
2025-12-25 06:05:00,5733.450000,-5.510000,-17.745699,25.293209
2025-12-25 06:10:00,5776.900000,24.910000,-18.078741,24.807147
2025-12-25 06:15:00,5740.990000,12.880000,-16.232871,24.807147
2025-12-25 06:20:00,5717.830000,-7.000000,-15.617773,23.724773
2025-12-25 06:25:00,5754.660000,-5.510000,-6.964903,24.249428
2025-12-25 06:30:00,5722.680000,0.000000,-3.529889,24.071611
2025-12-25 06:35:00,5680.470000,-5.730000,-0.981022,23.642189
2025-12-25 06:40:00,5592.210000,0.000000,-0.304962,17.727861
2025-12-25 06:45:00,5596.800000,0.000000,-3.913669,9.702136
2025-12-25 06:50:00,5509.030000,-5.940000,-4.608498,8.104744
2025-12-25 06:55:00,5527.020000,0.000000,-7.563712,4.163888
2025-12-25 07:00:00,5464.600000,0.000000,-4.563899,7.134521
2025-12-25 07:05:00,5455.470000,-6.020000,-7.930171,4.696987
2025-12-25 07:10:00,5488.770000,0.470000,-0.964045,12.799054
2025-12-25 07:15:00,5429.680000,0.000000,0.212892,0.917274
2025-12-25 07:20:00,5346.150000,-6.630000,-16.796481,-6.433100
2025-12-25 07:25:00,5334.260000,0.000000,-13.869477,-6.361868
2025-12-25 07:30:00,5258.630000,0.470000,-7.042286,-0.236554
2025-12-25 07:35:00,5208.920000,0.000000,-13.288117,-5.703883
2025-12-25 07:40:00,5107.220000,0.700000,-6.247092,-0.257424
2025-12-25 07:45:00,5035.590000,0.700000,-6.875022,-0.293033
2025-12-25 07:50:00,5029.490000,0.510000,-11.096000,-5.736265
2025-12-25 07:55:00,4985.270000,0.000000,-6.484953,-0.272162
2025-12-25 08:00:00,4909.830000,0.000000,-5.479922,0.074759
2025-12-25 08:05:00,4869.630000,0.700000,-10.149650,-4.022734
2025-12-25 08:10:00,4904.370000,0.000000,-3.967123,0.688596
2025-12-25 08:15:00,4865.020000,0.000000,-4.925388,0.125869
2025-12-25 08:20:00,4831.390000,-6.480000,-10.056908,-3.925221
2025-12-25 08:25:00,4735.910000,-8.440000,-4.965465,0.167624
2025-12-25 08:30:00,4720.690000,-6.780000,-3.375546,0.862988
2025-12-25 08:35:00,4663.180000,0.000000,-5.139130,0.041374
2025-12-25 08:40:00,4574.850000,0.000000,-3.763182,0.688136
2025-12-25 08:45:00,4584.690000,0.000000,-3.535333,0.763711
2025-12-25 08:50:00,4554.870000,-6.740000,-3.535333,0.762188
2025-12-25 08:55:00,4548.550000,-6.930000,-5.373892,-0.058690
2025-12-25 09:00:00,4568.270000,-6.780000,-4.942041,-0.354035
2025-12-25 09:05:00,4486.380000,-5.510000,-3.922387,0.166537
2025-12-25 09:10:00,4537.500000,0.000000,-5.348614,-0.384983
2025-12-25 09:15:00,4488.650000,0.510000,-5.483983,-0.321397
2025-12-25 09:20:00,4490.060000,-5.510000,-10.018038,-5.751802
2025-12-25 09:25:00,4494.250000,-7.100000,-11.954771,-5.412325
2025-12-25 09:30:00,4436.940000,-6.910000,-12.055282,-4.916346
2025-12-25 09:35:00,4375.890000,-3.000000,-5.112271,-0.353385
2025-12-25 09:40:00,4509.650000,0.510000,-3.439958,0.042528
2025-12-25 09:45:00,4501.910000,-6.750000,-4.029851,-0.002737
2025-12-25 09:50:00,4476.300000,-5.510000,-10.675619,-5.097302
2025-12-25 09:55:00,4458.570000,-7.110000,-10.675619,-5.079171
2025-12-25 10:00:00,4420.180000,-5.510000,-11.697349,-5.224884
2025-12-25 10:05:00,4360.900000,-7.670000,-9.736596,-6.137235
2025-12-25 10:10:00,4288.620000,0.510000,-4.983357,-0.307892
2025-12-25 10:15:00,4142.960000,-6.540000,-4.159631,0.165793
2025-12-25 10:20:00,4141.790000,-6.500000,-10.842552,-6.685480
2025-12-25 10:25:00,4072.570000,-7.350000,-13.114850,-6.879819
2025-12-25 10:30:00,4007.140000,-5.510000,-12.735451,-7.038098
2025-12-25 10:35:00,3896.860000,-6.730000,-10.062599,-7.038098
2025-12-25 10:40:00,3894.010000,-6.530000,-4.496924,0.148880
2025-12-25 10:45:00,3873.700000,-5.510000,-12.387554,-7.223849
2025-12-25 10:50:00,3818.960000,-6.530000,-11.112329,-7.183044
2025-12-25 10:55:00,3867.630000,-7.230000,-12.460905,-7.183044
2025-12-25 11:00:00,3817.440000,-7.330000,-10.078417,-7.223849
2025-12-25 11:05:00,3781.510000,-7.540000,-12.667513,-7.293101
2025-12-25 11:10:00,3729.150000,-7.060000,-4.635469,0.141118
2025-12-25 11:15:00,3619.820000,-6.870000,-11.159267,-6.955748
2025-12-25 11:20:00,3590.850000,-7.800000,-11.159267,-6.955748
2025-12-25 11:25:00,3567.280000,-7.630000,-12.667513,-6.368469
2025-12-25 11:30:00,3548.270000,-7.580000,-11.066173,-6.362960
2025-12-25 11:35:00,3473.320000,-7.470000,-12.667513,-6.037367
2025-12-25 11:40:00,3492.770000,-7.400000,-11.066173,-5.918046
2025-12-25 11:45:00,3414.160000,-7.330000,-11.066173,-5.983048
2025-12-25 11:50:00,3383.760000,-7.290000,-11.066173,-5.773800
2025-12-25 11:55:00,3441.170000,-6.630000,-12.606411,-5.771406
2025-12-25 12:00:00,3386.220000,-6.510000,-12.667513,-5.835268
2025-12-25 12:05:00,3409.620000,-7.120000,-12.491416,-5.851637
2025-12-25 12:10:00,3360.740000,-7.130000,-12.491416,-5.851637
2025-12-25 12:15:00,3390.530000,-6.400000,-12.215147,-5.666148
2025-12-25 12:20:00,3270.530000,-27.000000,-12.606411,-5.832849
2025-12-25 12:25:00,3334.780000,-7.200000,-10.367777,-0.180206
2025-12-25 12:30:00,3284.970000,-12.010000,-10.567783,-0.200578
2025-12-25 12:35:00,3306.480000,-12.170000,-12.207372,-0.190553
2025-12-25 12:40:00,3342.670000,-10.000000,-9.797934,-0.107907
2025-12-25 12:45:00,3294.510000,-14.000000,-13.738016,-0.181249
2025-12-25 12:50:00,3250.080000,-16.540000,-12.266553,-0.197683
2025-12-25 12:55:00,3289.910000,-12.010000,-9.289263,-0.133491
2025-12-25 13:00:00,3303.190000,-8.340000,-7.582273,-0.105051
2025-12-25 13:05:00,3370.120000,-12.170000,-11.147018,-0.132888
2025-12-25 13:10:00,3441.690000,-6.990000,-13.919068,-1.877007
2025-12-25 13:15:00,3489.380000,-15.090000,-9.796414,-1.823230
2025-12-25 13:20:00,3543.910000,-6.500000,-25.806929,-8.500338
2025-12-25 13:25:00,3552.660000,-6.980000,-10.223921,-5.613362
2025-12-25 13:30:00,3571.410000,-27.000000,-12.029704,-12.053246
2025-12-25 13:35:00,3588.330000,-11.190000,-10.035214,-3.193035
2025-12-25 13:40:00,3697.890000,-10.000000,-6.856144,-3.119595
2025-12-25 13:45:00,3664.710000,-6.460000,-7.434249,-2.966823
2025-12-25 13:50:00,3732.040000,-7.090000,-6.283299,-0.474360
2025-12-25 13:55:00,3908.920000,-6.510000,-6.090932,-0.282026
2025-12-25 14:00:00,3960.290000,-5.680000,-3.813503,0.126617
2025-12-25 14:05:00,3980.420000,-5.540000,-5.638810,-0.223526
2025-12-25 14:10:00,4104.390000,-5.770000,-4.384277,0.122614
2025-12-25 14:15:00,4225.520000,-5.440000,-5.655123,-0.321731
2025-12-25 14:20:00,4306.900000,-6.150000,-3.414413,0.137944
2025-12-25 14:25:00,4331.370000,-5.330000,-4.379748,0.153158
2025-12-25 14:30:00,4463.190000,-3.000000,-11.794120,-1.324887
2025-12-25 14:35:00,4560.000000,-5.640000,-8.516741,-10.221146
2025-12-25 14:40:00,4532.790000,-5.440000,-8.343021,-11.410834
2025-12-25 14:45:00,4543.480000,-3.000000,-6.378203,-5.014708
2025-12-25 14:50:00,4496.830000,0.000000,-8.343021,-5.070007
2025-12-25 14:55:00,4502.380000,0.000000,-6.530634,-5.064615
2025-12-25 15:00:00,4477.680000,43.640000,-8.706673,-4.834621
2025-12-25 15:05:00,4505.170000,-5.310000,-0.670290,28.211445
2025-12-25 15:10:00,4516.650000,0.510000,-0.670089,27.645434
2025-12-25 15:15:00,4514.390000,0.510000,-0.500408,26.397985
2025-12-25 15:20:00,4572.590000,0.510000,-0.840125,26.122435
2025-12-25 15:25:00,4754.410000,47.940000,-0.670290,29.707338
2025-12-25 15:30:00,4899.590000,-5.010000,0.045017,36.402231
2025-12-25 15:35:00,5087.610000,0.510000,-0.157522,36.283652
2025-12-25 15:40:00,5178.250000,47.840000,-0.058988,43.318792
2025-12-25 15:45:00,5342.650000,47.320000,0.822296,61.122107
2025-12-25 15:50:00,5374.430000,46.720000,1.253682,67.797436
2025-12-25 15:55:00,5452.830000,52.010000,1.253682,67.837554
2025-12-25 16:00:00,5490.870000,36.060000,2.437843,72.554917
2025-12-25 16:05:00,5574.690000,0.510000,0.948842,60.434680
2025-12-25 16:10:00,5562.800000,47.720000,1.464226,67.545689
2025-12-25 16:15:00,5570.330000,-17.830000,1.686599,67.996321
2025-12-25 16:20:00,5736.560000,48.770000,1.543770,67.935961
2025-12-25 16:25:00,5746.120000,47.290000,2.938757,72.003700
2025-12-25 16:30:00,5865.900000,66.740000,1.882181,62.366095
2025-12-25 16:35:00,5884.490000,30.970000,6.310796,53.124505
2025-12-25 16:40:00,6018.490000,49.010000,8.426073,58.089438
2025-12-25 16:45:00,6062.700000,39.540000,7.518250,60.464427
2025-12-25 16:50:00,6122.560000,49.000000,7.638284,60.023225
2025-12-25 16:55:00,6245.340000,48.660000,8.982648,73.553717
2025-12-25 17:00:00,6247.120000,47.770000,8.275811,57.335038
2025-12-25 17:05:00,6228.640000,-5.010000,5.437741,66.822634
2025-12-25 17:10:00,6247.140000,0.000000,8.772854,72.294990
2025-12-25 17:15:00,6237.880000,30.730000,1.592706,52.893918
2025-12-25 17:20:00,6265.200000,-27.000000,6.017128,63.735875
2025-12-25 17:25:00,6458.970000,48.870000,15.160920,71.347153
2025-12-25 17:30:00,6365.600000,0.510000,4.238866,63.869677
2025-12-25 17:35:00,6450.700000,62.580000,7.520631,62.960693
2025-12-25 17:40:00,6440.590000,35.880000,7.706412,70.796132
2025-12-25 17:45:00,6500.370000,57.300000,9.491018,71.229828
2025-12-25 17:50:00,6483.870000,40.540000,12.693776,73.865525
2025-12-25 17:55:00,6490.120000,57.300000,13.853217,75.232732
2025-12-25 18:00:00,6527.260000,57.300000,15.919178,78.596422
2025-12-25 18:05:00,6527.910000,57.300000,6.090178,73.868692
2025-12-25 18:10:00,6549.240000,36.060000,13.288083,77.293550
2025-12-25 18:15:00,6564.530000,66.890000,25.206639,77.824244
2025-12-25 18:20:00,6492.130000,56.980000,6.853728,68.755843
2025-12-25 18:25:00,6554.610000,57.300000,54.606443,75.184617
2025-12-25 18:30:00,6558.540000,57.300000,15.593584,61.296252
2025-12-25 18:35:00,6608.890000,46.140000,70.366262,80.981146
2025-12-25 18:40:00,6692.690000,31.630000,54.546612,84.979723
2025-12-25 18:45:00,6718.220000,64.060000,74.909363,81.533987
2025-12-25 18:50:00,6675.780000,57.300000,61.913175,90.125675
2025-12-25 18:55:00,6715.190000,59.370000,81.167034,83.284563
2025-12-25 19:00:00,6753.680000,59.360000,81.903415,83.078081
2025-12-25 19:05:00,6756.270000,57.300000,72.453388,80.800326
2025-12-25 19:10:00,6762.570000,63.680000,59.323751,82.386344
2025-12-25 19:15:00,6747.700000,65.680000,71.992255,83.612705
2025-12-25 19:20:00,6690.600000,66.120000,66.818102,81.539348
2025-12-25 19:25:00,6752.250000,63.760000,63.590552,78.295596
2025-12-25 19:30:00,6797.500000,57.590000,62.837924,77.919910
2025-12-25 19:35:00,6795.590000,64.900000,58.864810,75.600072
2025-12-25 19:40:00,6789.650000,64.890000,48.806673,73.081528
2025-12-25 19:45:00,6784.890000,64.890000,69.751286,78.959469
2025-12-25 19:50:00,6796.120000,57.300000,66.717258,71.764541
2025-12-25 19:55:00,6779.850000,66.180000,51.608904,66.815812
2025-12-25 20:00:00,6673.850000,64.980000,50.420412,63.740501
2025-12-25 20:05:00,6748.050000,64.610000,63.626433,71.159311
2025-12-25 20:10:00,6758.950000,64.630000,63.202341,71.934367
2025-12-25 20:15:00,6726.670000,57.300000,62.856624,73.151507
2025-12-25 20:20:00,6766.210000,66.220000,75.269972,81.064721
2025-12-25 20:25:00,6653.810000,57.300000,70.730183,77.306623
2025-12-25 20:30:00,6781.000000,57.300000,68.411071,72.842471
2025-12-25 20:35:00,6695.700000,57.300000,65.610913,76.922554
2025-12-25 20:40:00,6682.210000,57.300000,61.529322,69.830991
2025-12-25 20:45:00,6665.780000,57.300000,59.903917,69.255290
2025-12-25 20:50:00,6586.450000,57.300000,56.141017,63.792435
2025-12-25 20:55:00,6610.460000,57.300000,68.298429,76.959940
2025-12-25 21:00:00,6577.870000,57.490000,64.301359,76.125799
2025-12-25 21:05:00,6555.170000,57.300000,60.286181,68.126852
2025-12-25 21:10:00,6648.330000,57.300000,62.550299,68.442756
2025-12-25 21:15:00,6660.580000,57.300000,60.439607,64.717340
2025-12-25 21:20:00,6685.820000,57.300000,62.389570,68.097116
2025-12-25 21:25:00,6726.810000,57.300000,58.539694,65.476008
2025-12-25 21:30:00,6654.190000,57.300000,56.861830,64.515886
2025-12-25 21:35:00,6680.510000,58.370000,57.284421,65.288060
2025-12-25 21:40:00,6698.330000,58.000000,58.252964,65.978203
2025-12-25 21:45:00,6708.860000,58.040000,58.586747,65.978203
2025-12-25 21:50:00,6686.380000,57.300000,57.669649,65.978203
2025-12-25 21:55:00,6703.760000,52.190000,55.491905,65.594262
2025-12-25 22:00:00,6670.350000,56.980000,55.491905,65.274280
2025-12-25 22:05:00,6590.010000,57.300000,55.082533,64.502164
2025-12-25 22:10:00,6615.680000,56.980000,55.082533,63.196650
2025-12-25 22:15:00,6616.240000,57.300000,55.082533,63.990847
2025-12-25 22:20:00,6616.580000,57.300000,55.082533,63.990847
2025-12-25 22:25:00,6621.520000,57.300000,55.082533,64.337768
2025-12-25 22:30:00,6615.540000,57.300000,55.726858,64.831785
2025-12-25 22:35:00,6593.580000,57.300000,55.726858,64.702971
2025-12-25 22:40:00,6539.260000,57.060000,54.202655,64.780697
2025-12-25 22:45:00,6547.510000,57.300000,54.202655,64.780697
2025-12-25 22:50:00,6482.880000,57.300000,54.202655,63.874951
2025-12-25 22:55:00,6497.360000,57.300000,50.776429,62.762852
2025-12-25 23:00:00,6433.860000,57.180000,49.255059,63.264511
2025-12-25 23:05:00,6435.950000,51.090000,52.578668,64.694007
2025-12-25 23:10:00,6435.580000,57.060000,49.255059,63.603913
2025-12-25 23:15:00,6397.680000,58.290000,52.578668,63.930647
2025-12-25 23:20:00,6346.640000,57.930000,48.644750,62.584552
2025-12-25 23:25:00,6311.790000,57.300000,47.590084,62.370828
2025-12-25 23:30:00,6345.310000,58.110000,46.829766,62.377458
2025-12-25 23:35:00,6315.570000,64.890000,48.126066,62.323566
2025-12-25 23:40:00,6323.930000,59.160000,52.105890,61.024304
2025-12-25 23:45:00,6322.860000,59.200000,52.715408,61.732117
2025-12-25 23:50:00,6275.170000,58.830000,52.105890,61.831495
2025-12-25 23:55:00,6280.340000,59.930000,52.105890,61.806274
2025-12-26 00:00:00,6252.330000,52.920000,57.497315,60.704401
2025-12-26 00:05:00,6175.600000,68.910000,49.629607,58.781129
2025-12-26 00:10:00,6236.010000,62.280000,57.497315,60.054560
2025-12-26 00:15:00,6184.630000,61.570000,57.497315,62.175532
2025-12-26 00:20:00,6130.770000,61.970000,56.708928,62.175532
2025-12-26 00:25:00,6126.520000,62.020000,54.385062,61.468562
2025-12-26 00:30:00,6087.350000,61.690000,54.385062,61.656057
2025-12-26 00:35:00,6049.050000,62.090000,59.245626,64.831426
2025-12-26 00:40:00,5996.430000,62.080000,52.498392,61.790670
2025-12-26 00:45:00,5950.920000,61.750000,46.235080,62.192928
2025-12-26 00:50:00,5944.610000,54.160000,53.387965,61.542905
2025-12-26 00:55:00,5912.420000,61.760000,49.575834,62.995975
2025-12-26 01:00:00,5929.270000,57.060000,49.104612,59.514843
2025-12-26 01:05:00,5951.520000,64.890000,62.113654,67.528969
2025-12-26 01:10:00,5898.900000,62.170000,50.654154,62.289346
2025-12-26 01:15:00,5906.420000,62.570000,57.806284,61.730763
2025-12-26 01:20:00,5851.320000,56.980000,56.227380,61.730763
2025-12-26 01:25:00,5829.890000,56.980000,56.227380,62.301852
2025-12-26 01:30:00,5843.000000,57.060000,56.227380,61.721114
2025-12-26 01:35:00,5797.310000,61.920000,56.227380,62.495512
2025-12-26 01:40:00,5751.480000,73.200000,50.466281,62.495512
2025-12-26 01:45:00,5754.990000,61.190000,50.466281,63.156545
2025-12-26 01:50:00,5738.960000,61.980000,44.888601,60.276105
2025-12-26 01:55:00,5710.560000,62.710000,50.386695,63.199659
2025-12-26 02:00:00,5698.300000,56.980000,48.197707,60.888778
2025-12-26 02:05:00,5685.860000,73.200000,50.386695,64.851561
2025-12-26 02:10:00,5711.370000,64.890000,50.386695,63.854611
2025-12-26 02:15:00,5653.180000,64.890000,50.386695,63.359025
2025-12-26 02:20:00,5661.870000,73.200000,44.817807,60.124235
2025-12-26 02:25:00,5616.780000,62.760000,44.817807,61.227111
2025-12-26 02:30:00,5636.650000,64.470000,47.842126,60.083220
2025-12-26 02:35:00,5626.490000,63.580000,50.386695,63.299599
2025-12-26 02:40:00,5652.090000,73.200000,55.838241,70.105148
2025-12-26 02:45:00,5628.640000,63.610000,50.386695,63.138982
2025-12-26 02:50:00,5619.750000,63.960000,50.386695,63.265380
2025-12-26 02:55:00,5610.560000,64.890000,50.386695,64.189657
2025-12-26 03:00:00,5572.160000,64.890000,44.817807,46.245738
2025-12-26 03:05:00,5591.220000,64.020000,56.253227,55.547097
2025-12-26 03:10:00,5615.430000,57.060000,50.386695,65.352775
2025-12-26 03:15:00,5603.190000,62.660000,51.694148,67.367440
2025-12-26 03:20:00,5620.570000,57.060000,57.486328,71.985440
2025-12-26 03:25:00,5624.090000,57.060000,52.511425,66.107265
2025-12-26 03:30:00,5625.160000,57.060000,52.101874,66.493776
2025-12-26 03:35:00,5611.800000,64.890000,52.101874,66.668837
2025-12-26 03:40:00,5595.880000,56.520000,57.287100,54.555678
2025-12-26 03:45:00,5619.300000,58.120000,52.101874,66.029617
2025-12-26 03:50:00,5633.420000,57.060000,52.511425,66.220000
2025-12-26 03:55:00,5653.310000,65.610000,52.511425,66.795149
2025-12-26 04:00:00,5636.770000,65.230000,52.511425,66.750106
2025-12-26 04:05:00,5655.820000,73.050000,53.411115,67.176484
2025-12-26 04:10:00,5705.950000,64.890000,54.106099,64.595933
2025-12-26 04:15:00,5700.610000,65.250000,56.774147,68.194911
2025-12-26 04:20:00,5671.550000,64.890000,48.706930,63.522912
2025-12-26 04:25:00,5680.810000,73.200000,48.706930,63.337619
2025-12-26 04:30:00,5711.040000,64.890000,48.706930,63.150480
2025-12-26 04:35:00,5675.860000,63.280000,52.511425,67.396300
2025-12-26 04:40:00,5687.100000,64.590000,48.168107,62.560067
2025-12-26 04:45:00,5656.250000,63.310000,49.470722,63.789273
2025-12-26 04:50:00,5662.230000,64.120000,49.083578,61.578618
2025-12-26 04:55:00,5646.260000,73.200000,52.671526,66.439949
2025-12-26 05:00:00,5656.040000,73.200000,54.518124,68.470276
2025-12-26 05:05:00,5659.600000,70.200000,49.713025,67.963828
2025-12-26 05:10:00,5674.260000,64.890000,44.300501,64.322301
2025-12-26 05:15:00,5694.910000,73.200000,45.967804,64.312406
2025-12-26 05:20:00,5703.710000,63.840000,44.300501,63.901598
2025-12-26 05:25:00,5709.070000,62.550000,41.522721,66.139481
2025-12-26 05:30:00,5706.650000,57.060000,30.484489,61.090429
2025-12-26 05:35:00,5675.780000,57.060000,13.459606,52.291823
2025-12-26 05:40:00,5744.290000,52.600000,9.727264,50.509486
2025-12-26 05:45:00,5735.380000,53.670000,5.069278,41.773609
2025-12-26 05:50:00,5696.620000,54.280000,3.091736,40.944777
2025-12-26 05:55:00,5713.710000,54.720000,3.222281,41.281006
2025-12-26 06:00:00,5691.240000,34.970000,0.837688,34.584768
2025-12-26 06:05:00,5681.130000,35.610000,2.871162,38.216703
2025-12-26 06:10:00,5708.010000,36.060000,1.719005,38.467631
2025-12-26 06:15:00,5734.390000,36.290000,0.653680,35.371199
2025-12-26 06:20:00,5750.810000,27.610000,0.633750,30.942954
2025-12-26 06:25:00,5775.140000,36.060000,0.320720,30.288721
2025-12-26 06:30:00,5784.450000,45.390000,0.289105,30.695464
2025-12-26 06:35:00,5734.600000,35.520000,0.001987,28.668942
2025-12-26 06:40:00,5741.150000,35.740000,-0.164290,26.751875
2025-12-26 06:45:00,5729.310000,36.060000,-0.055776,25.593983
2025-12-26 06:50:00,5718.250000,10.180000,-0.128230,25.787224
2025-12-26 06:55:00,5686.660000,36.060000,-0.128230,25.364428
2025-12-26 07:00:00,5628.120000,0.700000,-0.893669,21.042499
2025-12-26 07:05:00,5628.930000,36.060000,-0.655195,23.340360
2025-12-26 07:10:00,5734.240000,54.070000,-0.435289,23.502119
2025-12-26 07:15:00,5701.090000,54.360000,-0.109375,24.123277
2025-12-26 07:20:00,5696.800000,52.510000,-1.045977,26.600296
2025-12-26 07:25:00,5675.130000,51.580000,-0.400474,27.642160
2025-12-26 07:30:00,5697.870000,44.610000,-0.501775,32.802194
2025-12-26 07:35:00,5672.200000,56.140000,-0.391923,25.213962
2025-12-26 07:40:00,5590.320000,56.460000,-0.564196,23.721277
2025-12-26 07:45:00,5550.150000,55.780000,-1.180486,23.721277
2025-12-26 07:50:00,5528.600000,45.900000,-1.524279,24.232132
2025-12-26 07:55:00,5489.450000,50.340000,-0.001788,24.183740
2025-12-26 08:00:00,5501.610000,36.060000,-2.722918,13.625200
2025-12-26 08:05:00,5498.310000,55.070000,-0.191512,1.852738
2025-12-26 08:10:00,5613.650000,56.980000,0.833230,8.812503
2025-12-26 08:15:00,5619.910000,56.980000,0.709524,1.943623
2025-12-26 08:20:00,5599.800000,56.160000,0.245481,10.391279
2025-12-26 08:25:00,5581.650000,46.660000,0.245481,10.391279
2025-12-26 08:30:00,5587.680000,56.880000,0.306769,9.983360
2025-12-26 08:35:00,5471.930000,36.600000,0.020717,2.123557
2025-12-26 08:40:00,5477.380000,57.060000,0.214377,3.596788
2025-12-26 08:45:00,5378.940000,0.700000,0.125735,4.878533
2025-12-26 08:50:00,5424.310000,0.700000,-0.219615,28.603804
2025-12-26 08:55:00,5410.840000,0.700000,-2.526546,24.730671
2025-12-26 09:00:00,5407.820000,34.010000,-2.642065,24.458638
2025-12-26 09:05:00,5357.540000,15.170000,-1.088228,35.968306
2025-12-26 09:10:00,5473.570000,40.540000,-0.787222,37.192879
2025-12-26 09:15:00,5399.650000,36.060000,-0.119698,37.696807
2025-12-26 09:20:00,5345.080000,22.620000,-2.630844,23.859269
2025-12-26 09:25:00,5376.330000,34.010000,-1.877580,26.415439
2025-12-26 09:30:00,5349.920000,37.040000,-1.512041,25.275303
2025-12-26 09:35:00,5319.610000,36.060000,-1.180938,25.598702
2025-12-26 09:40:00,5471.900000,57.300000,0.364903,36.965037
2025-12-26 09:45:00,5498.480000,57.300000,-0.169328,31.608430
2025-12-26 09:50:00,5454.300000,36.060000,-0.120774,34.412991
2025-12-26 09:55:00,5527.040000,57.300000,0.546587,36.500764
2025-12-26 10:00:00,5451.450000,33.550000,0.726885,38.330081
2025-12-26 10:05:00,5403.410000,57.300000,0.188928,32.701159
2025-12-26 10:10:00,5424.300000,57.060000,1.205636,33.512013
2025-12-26 10:15:00,5393.630000,22.070000,1.207687,36.475275
2025-12-26 10:20:00,5330.800000,0.700000,0.639213,40.829813
2025-12-26 10:25:00,5360.730000,36.060000,0.228837,36.496877
2025-12-26 10:30:00,5232.950000,36.060000,0.913378,31.585504
2025-12-26 10:35:00,5248.880000,36.070000,1.023285,34.909824
2025-12-26 10:40:00,5192.390000,22.070000,-0.051987,33.077680
2025-12-26 10:45:00,5189.020000,36.060000,-0.407528,27.991511
2025-12-26 10:50:00,5194.770000,36.070000,-0.360223,23.772392
2025-12-26 10:55:00,5217.600000,36.060000,0.014311,28.865261
2025-12-26 11:00:00,5180.140000,36.060000,-0.737289,23.153965
2025-12-26 11:05:00,5132.080000,36.070000,0.141511,25.353434
2025-12-26 11:10:00,5126.950000,36.070000,0.685113,33.132139
2025-12-26 11:15:00,5134.420000,22.070000,-0.559297,21.447727
2025-12-26 11:20:00,5107.540000,22.070000,-2.265240,15.911742
2025-12-26 11:25:00,5025.440000,0.700000,0.072415,1.918462
2025-12-26 11:30:00,5111.280000,34.010000,0.501472,29.305368
2025-12-26 11:35:00,4949.670000,36.070000,0.052827,22.348084
2025-12-26 11:40:00,5023.470000,36.060000,-0.344355,25.976521
2025-12-26 11:45:00,4975.770000,36.070000,0.387795,29.934214
2025-12-26 11:50:00,4974.840000,36.060000,0.501472,29.725479
2025-12-26 11:55:00,5046.700000,36.060000,0.501472,29.934214
2025-12-26 12:00:00,5011.170000,36.060000,1.013102,30.319422
2025-12-26 12:05:00,4938.100000,22.070000,1.013102,30.108004
2025-12-26 12:10:00,4994.570000,34.010000,0.757739,30.226828
2025-12-26 12:15:00,4972.220000,36.070000,0.427164,32.130246
2025-12-26 12:20:00,4995.780000,36.060000,0.243166,32.122673
2025-12-26 12:25:00,5052.730000,36.070000,-0.520157,31.824421
2025-12-26 12:30:00,5023.280000,17.250000,1.837983,1.661856
2025-12-26 12:35:00,5132.560000,36.070000,1.564371,2.987154
2025-12-26 12:40:00,5120.650000,36.060000,1.301366,2.978802
2025-12-26 12:45:00,5124.340000,36.060000,1.459670,2.987154
2025-12-26 12:50:00,5138.610000,36.070000,1.244844,2.978802
2025-12-26 12:55:00,5139.210000,36.070000,1.183523,2.807799
2025-12-26 13:00:00,5129.070000,49.300000,1.413216,3.034944
2025-12-26 13:05:00,5125.980000,36.070000,1.703675,4.890483
2025-12-26 13:10:00,5122.740000,36.070000,1.103677,2.923485
2025-12-26 13:15:00,5128.220000,36.070000,1.732231,3.119347
2025-12-26 13:20:00,5152.380000,36.070000,1.399597,2.978802
2025-12-26 13:25:00,5147.860000,22.070000,1.413216,3.071305
2025-12-26 13:30:00,5194.280000,34.010000,0.985651,4.469667
2025-12-26 13:35:00,5181.000000,34.010000,2.336926,2.418834
2025-12-26 13:40:00,5205.970000,34.010000,2.170000,2.199933
2025-12-26 13:45:00,5189.390000,36.060000,2.310233,2.215383
2025-12-26 13:50:00,5204.410000,36.070000,2.392676,2.446926
2025-12-26 13:55:00,5242.160000,36.060000,2.880856,2.684073
2025-12-26 14:00:00,5210.130000,36.070000,2.544702,2.796800
2025-12-26 14:05:00,5252.180000,36.520000,3.762253,1.980398
2025-12-26 14:10:00,5168.410000,36.070000,3.551309,1.843223
2025-12-26 14:15:00,5218.220000,22.070000,3.553488,1.768453
2025-12-26 14:20:00,5137.480000,36.060000,3.672222,2.442119
2025-12-26 14:25:00,5210.150000,0.700000,1.864556,1.917644
2025-12-26 14:30:00,5243.210000,36.060000,0.454459,35.249699
2025-12-26 14:35:00,5259.510000,14.420000,0.703411,39.988247
2025-12-26 14:40:00,5364.010000,22.070000,1.961107,42.201960
2025-12-26 14:45:00,5334.830000,26.820000,1.473742,44.437455
2025-12-26 14:50:00,5253.740000,26.420000,1.339934,40.233539
2025-12-26 14:55:00,5278.520000,26.140000,0.529571,36.236598
2025-12-26 15:00:00,5270.840000,45.010000,0.876234,33.913775
2025-12-26 15:05:00,5288.860000,36.070000,1.075370,33.230135
2025-12-26 15:10:00,5313.210000,36.070000,1.244887,37.104535
2025-12-26 15:15:00,5352.160000,36.070000,1.261703,40.039762
2025-12-26 15:20:00,5234.140000,22.070000,1.157865,31.281970
2025-12-26 15:25:00,5352.830000,22.070000,0.248983,30.125100
2025-12-26 15:30:00,5326.670000,22.070000,1.244887,16.070892
2025-12-26 15:35:00,5336.020000,31.040000,0.413345,14.077919
2025-12-26 15:40:00,5360.910000,22.070000,1.138760,3.543968
2025-12-26 15:45:00,5352.670000,22.070000,1.332293,3.754788
2025-12-26 15:50:00,5453.590000,22.070000,1.800548,4.774145
2025-12-26 15:55:00,5348.490000,22.070000,1.652424,4.636201
2025-12-26 16:00:00,5474.800000,23.390000,2.317036,5.240471
2025-12-26 16:05:00,5332.710000,-5.660000,1.304200,3.199870
2025-12-26 16:10:00,5524.870000,36.070000,3.264633,60.015185
2025-12-26 16:15:00,5480.920000,17.360000,1.806880,45.316706
2025-12-26 16:20:00,5481.970000,22.070000,2.973611,62.458534
2025-12-26 16:25:00,5580.430000,0.510000,2.224885,40.047365
2025-12-26 16:30:00,5660.920000,22.070000,4.506033,72.247997
2025-12-26 16:35:00,5662.090000,-39.370000,6.483987,56.445036
2025-12-26 16:40:00,5913.240000,12.950000,7.004361,57.125209
2025-12-26 16:45:00,5977.840000,22.070000,7.083530,71.524710
2025-12-26 16:50:00,5998.510000,22.070000,7.133998,71.524710
2025-12-26 16:55:00,6066.690000,22.070000,9.369774,71.524710
2025-12-26 17:00:00,6109.380000,22.070000,9.758817,71.496956
2025-12-26 17:05:00,6127.870000,22.070000,1.826511,63.181694
2025-12-26 17:10:00,6181.230000,22.070000,10.108702,67.947835
2025-12-26 17:15:00,6250.530000,11.370000,10.156231,64.027258
2025-12-26 17:20:00,6330.440000,-5.010000,8.052020,67.759859
2025-12-26 17:25:00,6384.720000,0.000000,3.890833,60.784953
2025-12-26 17:30:00,6418.790000,1.300000,8.358005,69.137371
2025-12-26 17:35:00,6453.650000,22.070000,-0.547363,39.478282
2025-12-26 17:40:00,6522.300000,22.070000,6.960048,58.969603
2025-12-26 17:45:00,6577.150000,22.070000,11.735836,58.945067
2025-12-26 17:50:00,6639.070000,17.700000,11.852144,60.255596
2025-12-26 17:55:00,6707.460000,36.070000,13.475854,64.584705
2025-12-26 18:00:00,6740.840000,36.070000,13.899480,64.563789
2025-12-26 18:05:00,6792.640000,38.550000,16.308237,66.809781
2025-12-26 18:10:00,6789.250000,3.790000,17.131138,69.160150
2025-12-26 18:15:00,6794.450000,4.530000,12.469118,62.119442
2025-12-26 18:20:00,6745.910000,29.730000,3.064510,55.689036
2025-12-26 18:25:00,6750.320000,29.870000,4.872678,56.499429
2025-12-26 18:30:00,6826.190000,4.780000,5.475968,54.937924
2025-12-26 18:35:00,6769.300000,-3.120000,20.247505,69.843963
2025-12-26 18:40:00,6855.420000,47.650000,22.880255,72.301051
2025-12-26 18:45:00,6855.060000,47.290000,30.693954,74.782713
2025-12-26 18:50:00,6853.840000,47.630000,26.979052,70.066290
2025-12-26 18:55:00,6894.220000,55.550000,36.424531,80.850811
2025-12-26 19:00:00,6929.160000,55.860000,28.597543,80.211504
2025-12-26 19:05:00,6931.420000,36.060000,31.739065,80.417071
2025-12-26 19:10:00,7011.180000,36.200000,18.473862,76.717994
2025-12-26 19:15:00,7042.950000,47.200000,16.883870,77.043698
2025-12-26 19:20:00,7034.190000,38.240000,27.981332,78.104792
2025-12-26 19:25:00,6999.570000,30.230000,27.649987,78.104792
2025-12-26 19:30:00,7058.700000,25.830000,15.401892,68.756651
2025-12-26 19:35:00,7042.160000,36.060000,10.510364,57.885796
2025-12-26 19:40:00,7052.500000,17.870000,42.142465,71.375227
2025-12-26 19:45:00,7071.320000,17.990000,40.870739,70.281945
2025-12-26 19:50:00,7084.840000,36.060000,40.646269,70.371511
2025-12-26 19:55:00,7068.510000,31.230000,40.559000,70.157495
2025-12-26 20:00:00,7023.830000,0.700000,36.984097,66.414136
2025-12-26 20:05:00,7034.440000,22.070000,32.470698,69.540752
2025-12-26 20:10:00,7063.150000,36.200000,30.646918,66.613255
2025-12-26 20:15:00,6977.020000,36.200000,41.120482,65.002259
2025-12-26 20:20:00,7028.400000,36.200000,37.880590,67.710005
2025-12-26 20:25:00,6980.190000,36.200000,26.498214,60.452037
2025-12-26 20:30:00,6990.460000,36.200000,26.498214,58.224425
2025-12-26 20:35:00,6920.950000,36.200000,27.348826,59.480420
2025-12-26 20:40:00,6937.240000,49.240000,18.994331,53.654785
2025-12-26 20:45:00,6898.420000,49.530000,16.951459,52.369895
2025-12-26 20:50:00,6862.840000,36.200000,21.744175,57.129756
2025-12-26 20:55:00,6853.430000,50.280000,19.533569,55.038844
2025-12-26 21:00:00,6826.740000,36.200000,7.379755,40.977501
2025-12-26 21:05:00,6840.000000,50.650000,15.481921,51.616035
2025-12-26 21:10:00,6885.890000,36.200000,23.371590,54.307315
2025-12-26 21:15:00,6874.590000,36.200000,23.371590,54.741278
2025-12-26 21:20:00,6881.350000,50.580000,23.371590,54.307315
2025-12-26 21:25:00,6896.260000,51.050000,23.371590,54.741278
2025-12-26 21:30:00,6870.120000,36.200000,20.680776,54.741278
2025-12-26 21:35:00,6861.060000,36.200000,20.680776,54.741278
2025-12-26 21:40:00,6845.540000,42.600000,40.755503,60.878406
2025-12-26 21:45:00,6829.700000,36.200000,38.304678,60.848202
2025-12-26 21:50:00,6812.350000,36.200000,21.489917,55.527717
2025-12-26 21:55:00,6785.940000,36.200000,34.426992,60.986049
2025-12-26 22:00:00,6747.970000,36.200000,20.140107,54.723219
2025-12-26 22:05:00,6749.210000,36.200000,38.062446,60.271252
2025-12-26 22:10:00,6741.700000,36.200000,20.140107,53.351282
2025-12-26 22:15:00,6734.580000,36.200000,20.140107,53.351282
2025-12-26 22:20:00,6701.190000,36.200000,37.720140,58.282619
2025-12-26 22:25:00,6698.630000,36.200000,35.427690,59.906713
2025-12-26 22:30:00,6733.090000,36.200000,16.618179,38.806402
2025-12-26 22:35:00,6640.050000,36.200000,15.552657,37.888564
2025-12-26 22:40:00,6645.490000,36.200000,27.645545,53.974849
2025-12-26 22:45:00,6612.070000,35.360000,16.640964,39.857896
2025-12-26 22:50:00,6602.770000,36.200000,16.640964,39.857896
2025-12-26 22:55:00,6544.070000,34.970000,13.182536,38.997473
2025-12-26 23:00:00,6541.120000,0.710000,13.182536,40.194873
2025-12-26 23:05:00,6517.480000,34.600000,15.598034,56.210575
2025-12-26 23:10:00,6522.440000,34.350000,18.087150,56.210575
2025-12-26 23:15:00,6472.210000,34.610000,17.875155,55.764969
2025-12-26 23:20:00,6532.590000,34.840000,20.768198,57.018117
2025-12-26 23:25:00,6418.420000,19.710000,18.087150,54.702337
2025-12-26 23:30:00,6416.080000,19.830000,18.087150,55.029932
2025-12-26 23:35:00,6357.020000,34.010000,17.810892,55.029932
2025-12-26 23:40:00,6339.770000,34.240000,17.712946,55.029932
2025-12-26 23:45:00,6342.010000,36.200000,17.712946,53.178723
2025-12-26 23:50:00,6329.110000,19.630000,17.712946,54.899085
2025-12-26 23:55:00,6312.300000,19.430000,17.712946,53.178723
2025-12-27 00:00:00,6326.640000,34.450000,2.144132,34.152297
2025-12-27 00:05:00,6257.510000,33.510000,21.527273,50.223418
2025-12-27 00:10:00,6285.280000,34.580000,21.331852,50.223418
2025-12-27 00:15:00,6266.610000,33.970000,21.299139,50.223418
2025-12-27 00:20:00,6227.850000,4.810000,19.500874,49.693972
2025-12-27 00:25:00,6208.610000,0.710000,18.082385,48.854999
2025-12-27 00:30:00,6198.560000,36.060000,18.082385,50.686408
2025-12-27 00:35:00,6153.660000,34.270000,19.893769,51.207516
2025-12-27 00:40:00,6115.010000,34.490000,19.437384,51.207516
2025-12-27 00:45:00,6099.100000,19.750000,20.257912,52.570045
2025-12-27 00:50:00,6076.410000,20.000000,15.476484,50.750486
2025-12-27 00:55:00,6005.010000,34.490000,14.909735,47.162555
2025-12-27 01:00:00,5983.560000,34.270000,18.235899,50.803083
2025-12-27 01:05:00,5989.470000,33.660000,19.425439,50.975420
2025-12-27 01:10:00,5994.870000,34.290000,19.821443,50.958653
2025-12-27 01:15:00,5970.240000,34.310000,19.425439,50.975420
2025-12-27 01:20:00,5925.920000,0.710000,4.815986,38.276992
2025-12-27 01:25:00,5914.610000,26.310000,3.503523,38.276992
2025-12-27 01:30:00,5901.080000,33.920000,18.414223,50.859584
2025-12-27 01:35:00,5837.380000,0.710000,19.517835,49.148616
2025-12-27 01:40:00,5843.150000,0.000000,19.517835,50.525395
2025-12-27 01:45:00,5821.550000,0.000000,14.598272,51.735455
2025-12-27 01:50:00,5803.890000,0.000000,14.136525,51.871061
2025-12-27 01:55:00,5802.660000,0.000000,17.101922,54.025347
2025-12-27 02:00:00,5732.230000,0.000000,14.797053,52.255553
2025-12-27 02:05:00,5721.390000,26.030000,9.099862,51.296784
2025-12-27 02:10:00,5726.590000,0.710000,11.131837,50.855656
2025-12-27 02:15:00,5745.620000,26.210000,15.364812,50.894767
2025-12-27 02:20:00,5713.920000,0.710000,2.480899,38.193554
2025-12-27 02:25:00,5739.310000,34.170000,12.637987,50.602566
2025-12-27 02:30:00,5684.560000,33.980000,13.014870,50.894767
2025-12-27 02:35:00,5711.350000,26.210000,2.653133,38.592077
2025-12-27 02:40:00,5677.490000,0.010000,1.751754,38.021570
2025-12-27 02:45:00,5697.730000,26.220000,2.439803,37.995627
2025-12-27 02:50:00,5651.970000,0.710000,1.664984,37.784220
2025-12-27 02:55:00,5701.820000,0.370000,2.439803,37.995627
2025-12-27 03:00:00,5674.390000,0.030000,2.439803,37.855600
2025-12-27 03:05:00,5653.240000,0.010000,11.476051,51.820533
2025-12-27 03:10:00,5668.300000,0.170000,2.970043,39.168768
2025-12-27 03:15:00,5662.270000,26.220000,11.030997,50.869538
2025-12-27 03:20:00,5652.600000,0.710000,2.093808,39.039100
2025-12-27 03:25:00,5660.840000,26.400000,15.916975,52.309252
2025-12-27 03:30:00,5627.110000,0.710000,11.913167,54.096696
2025-12-27 03:35:00,5657.230000,10.530000,14.034716,52.077903
2025-12-27 03:40:00,5671.090000,26.600000,4.088064,30.345099
2025-12-27 03:45:00,5631.560000,26.430000,14.320642,52.485342
2025-12-27 03:50:00,5628.150000,26.600000,4.454421,40.123116
2025-12-27 03:55:00,5602.370000,1.690000,2.147611,39.452352
2025-12-27 04:00:00,5624.310000,34.480000,3.311154,39.735487
2025-12-27 04:05:00,5597.110000,34.460000,2.334024,39.646009
2025-12-27 04:10:00,5628.020000,20.120000,3.311154,41.092780
2025-12-27 04:15:00,5608.170000,20.220000,12.815928,52.290748
2025-12-27 04:20:00,5602.140000,45.650000,2.147611,38.975552
2025-12-27 04:25:00,5566.280000,45.170000,11.812261,46.193763
2025-12-27 04:30:00,5584.870000,35.530000,2.093808,36.495444
2025-12-27 04:35:00,5611.120000,35.570000,9.314242,43.381542
2025-12-27 04:40:00,5641.630000,36.020000,13.595277,49.985655
2025-12-27 04:45:00,5613.070000,35.790000,11.900348,49.470331
2025-12-27 04:50:00,5671.100000,36.060000,13.550971,50.151660
2025-12-27 04:55:00,5654.730000,0.710000,4.138006,37.910141
2025-12-27 05:00:00,5715.440000,20.330000,30.111501,56.811195
2025-12-27 05:05:00,5668.170000,36.060000,13.966047,49.423749
2025-12-27 05:10:00,5701.580000,35.150000,11.438964,48.580379
2025-12-27 05:15:00,5693.590000,10.640000,11.438964,48.613545
2025-12-27 05:20:00,5743.270000,15.500000,26.538638,56.776081
2025-12-27 05:25:00,5705.040000,15.390000,21.290929,52.826504
2025-12-27 05:30:00,5698.560000,0.710000,10.335584,48.414154
2025-12-27 05:35:00,5710.570000,15.390000,5.510797,47.522030
2025-12-27 05:40:00,5703.450000,10.750000,3.112178,41.736430
2025-12-27 05:45:00,5632.880000,0.230000,2.142670,37.800589
2025-12-27 05:50:00,5657.340000,-3.200000,1.866596,34.027280
2025-12-27 05:55:00,5654.100000,-5.010000,-1.351251,22.813181
2025-12-27 06:00:00,5613.540000,-5.010000,-0.330713,24.403396
2025-12-27 06:05:00,5545.150000,-5.510000,0.552263,28.096474
2025-12-27 06:10:00,5531.000000,-5.510000,-0.173434,22.526011
2025-12-27 06:15:00,5516.550000,-5.510000,-1.310635,15.879155
2025-12-27 06:20:00,5406.420000,-8.520000,-1.752301,16.254292
2025-12-27 06:25:00,5423.460000,-5.510000,-1.752301,13.431035
2025-12-27 06:30:00,5437.730000,-7.170000,-3.397455,4.582597
2025-12-27 06:35:00,5340.640000,-10.870000,-2.179081,7.915110
2025-12-27 06:40:00,5323.220000,-12.170000,-1.213685,0.857818
2025-12-27 06:45:00,5303.220000,-14.580000,-8.053236,-0.046618
2025-12-27 06:50:00,5266.580000,-14.000000,-15.778341,-6.134279
2025-12-27 06:55:00,5122.380000,-15.410000,-15.702318,-5.809899
2025-12-27 07:00:00,5172.900000,-14.000000,-15.474331,-7.018257
2025-12-27 07:05:00,5105.060000,-12.010000,-16.220031,-5.717616
2025-12-27 07:10:00,5099.430000,-8.010000,-16.220031,-5.828664
2025-12-27 07:15:00,4952.600000,-7.970000,-15.061987,-6.011087
2025-12-27 07:20:00,4867.900000,-13.800000,-15.432437,-6.110592
2025-12-27 07:25:00,4759.300000,-13.910000,-12.433009,-6.150793
2025-12-27 07:30:00,4731.050000,-14.240000,-14.230719,-6.150793
2025-12-27 07:35:00,4642.080000,-9.330000,-14.435533,-12.750178
2025-12-27 07:40:00,4588.020000,-9.680000,-16.140375,-12.664769
2025-12-27 07:45:00,4569.020000,-9.580000,-16.517994,-13.800585
2025-12-27 07:50:00,4474.630000,-14.260000,-16.140375,-12.465334
2025-12-27 07:55:00,4407.680000,-12.170000,-15.417524,-13.583371
2025-12-27 08:00:00,4370.590000,-14.700000,-15.491882,-12.673658
2025-12-27 08:05:00,4302.810000,-9.960000,-13.152069,-12.969403
2025-12-27 08:10:00,4306.980000,-6.390000,-12.442449,-6.246673
2025-12-27 08:15:00,4284.640000,-10.230000,-12.072795,-6.246673
2025-12-27 08:20:00,4267.840000,-8.400000,-14.287311,-13.078848
2025-12-27 08:25:00,4304.250000,-8.110000,-13.650923,-9.369131
2025-12-27 08:30:00,4286.290000,-7.620000,-13.970539,-14.080619
2025-12-27 08:35:00,4293.680000,-8.530000,-11.602471,-6.553775
2025-12-27 08:40:00,4275.540000,-8.720000,-12.241655,-8.827696
2025-12-27 08:45:00,4232.360000,-7.860000,-12.413518,-7.261432
2025-12-27 08:50:00,4111.660000,-8.700000,-13.969712,-15.229145
2025-12-27 08:55:00,4085.800000,-7.780000,-14.354207,-8.212919
2025-12-27 09:00:00,4104.710000,-8.650000,-14.842180,-14.313805
2025-12-27 09:05:00,4048.470000,-12.800000,-11.845384,-13.392914
2025-12-27 09:10:00,4134.460000,-8.090000,-9.524635,-6.120605
2025-12-27 09:15:00,4105.690000,-7.780000,-9.522350,-13.353022
2025-12-27 09:20:00,3988.360000,-7.900000,-10.335355,-6.249120
2025-12-27 09:25:00,4056.020000,-8.840000,-11.436931,-6.133705
2025-12-27 09:30:00,4033.080000,-6.970000,-9.951374,-6.093428
2025-12-27 09:35:00,3983.240000,-8.780000,-11.436931,-6.160622
2025-12-27 09:40:00,4074.580000,-7.970000,-10.335355,-10.057775
2025-12-27 09:45:00,4164.520000,-5.580000,-9.305262,-5.621834
2025-12-27 09:50:00,4144.370000,-8.040000,-9.299868,-9.260441
2025-12-27 09:55:00,4127.690000,-7.330000,-9.299868,-5.626515
2025-12-27 10:00:00,4076.150000,-7.100000,-9.617739,-9.490161
2025-12-27 10:05:00,4018.310000,-7.240000,-13.902147,-13.382633
2025-12-27 10:10:00,4022.940000,-8.180000,-9.879683,-5.896126
2025-12-27 10:15:00,3966.210000,-7.810000,-9.879683,-5.983896
2025-12-27 10:20:00,3852.950000,-6.980000,-10.112242,-6.143429
2025-12-27 10:25:00,3834.780000,-6.980000,-10.722882,-10.315238
2025-12-27 10:30:00,3766.570000,-7.640000,-10.922105,-6.265410
2025-12-27 10:35:00,3760.460000,-8.700000,-10.563910,-10.315238
2025-12-27 10:40:00,3692.260000,-7.400000,-13.091058,-6.316247
2025-12-27 10:45:00,3633.740000,-8.310000,-10.874751,-6.789540
2025-12-27 10:50:00,3650.700000,-8.290000,-12.448603,-6.536716
2025-12-27 10:55:00,3625.110000,-8.220000,-12.563206,-6.496227
2025-12-27 11:00:00,3585.180000,-8.060000,-12.563206,-6.496227
2025-12-27 11:05:00,3509.270000,-8.100000,-12.563206,-6.496227
2025-12-27 11:10:00,3500.330000,-7.030000,-12.563206,-6.496227
2025-12-27 11:15:00,3420.290000,-6.870000,-12.563206,-6.567412
2025-12-27 11:20:00,3431.030000,-8.000000,-12.448603,-6.324562
2025-12-27 11:25:00,3468.870000,-8.000000,-13.197721,-6.339237
2025-12-27 11:30:00,3389.480000,-7.190000,-13.134077,-6.321322
2025-12-27 11:35:00,3366.430000,-7.910000,-12.448603,-10.337969
2025-12-27 11:40:00,3389.200000,-7.750000,-13.091058,-6.215072
2025-12-27 11:45:00,3355.120000,-7.580000,-12.353596,-6.117478
2025-12-27 11:50:00,3295.140000,-7.800000,-12.326784,-5.977520
2025-12-27 11:55:00,3264.850000,-7.630000,-12.326784,-5.955951
2025-12-27 12:00:00,3221.930000,-7.610000,-12.326784,-5.976766
2025-12-27 12:05:00,3214.940000,-7.580000,-12.326784,-6.007956
2025-12-27 12:10:00,3224.330000,-7.490000,-12.326784,-6.007956
2025-12-27 12:15:00,3184.550000,-7.490000,-11.772686,-6.007956
2025-12-27 12:20:00,3184.300000,-8.370000,-12.326784,-6.007956
2025-12-27 12:25:00,3093.260000,-6.910000,-12.326784,-6.029709
2025-12-27 12:30:00,3066.590000,-7.550000,-11.865404,-6.022515
2025-12-27 12:35:00,3019.500000,-7.420000,-12.353596,-6.029709
2025-12-27 12:40:00,3008.240000,-7.430000,-12.353596,-5.976766
2025-12-27 12:45:00,3007.970000,-7.340000,-12.353596,-6.007956
2025-12-27 12:50:00,2949.680000,-10.710000,-13.091058,-6.035476
2025-12-27 12:55:00,2938.760000,-8.470000,-12.502828,-6.254291
2025-12-27 13:00:00,2915.180000,-9.370000,-12.345416,-6.254291
2025-12-27 13:05:00,2947.200000,-9.540000,-11.624405,-6.177163
2025-12-27 13:10:00,2978.470000,-10.710000,-11.624405,-6.078596
2025-12-27 13:15:00,2972.000000,-9.350000,-11.164832,-6.086183
2025-12-27 13:20:00,2981.900000,-10.440000,-10.172294,-6.086183
2025-12-27 13:25:00,2963.610000,-9.080000,-9.733843,-5.942678
2025-12-27 13:30:00,3023.320000,-8.620000,-10.172294,-6.126414
2025-12-27 13:35:00,2986.370000,-6.430000,-9.733843,-5.938432
2025-12-27 13:40:00,2915.070000,-12.980000,-9.511985,-5.600278
2025-12-27 13:45:00,3022.920000,-3.000000,-9.271047,-5.604941
2025-12-27 13:50:00,2946.220000,-14.000000,-9.892783,-12.054625
2025-12-27 13:55:00,2939.130000,-23.500000,-8.331799,-5.134094
2025-12-27 14:00:00,3062.440000,-5.010000,-5.548596,-4.591220
2025-12-27 14:05:00,3058.790000,-5.510000,-6.360637,-3.274349
2025-12-27 14:10:00,3038.970000,-27.000000,-9.016930,-3.291121
2025-12-27 14:15:00,3070.730000,-27.000000,-3.494641,0.046360
2025-12-27 14:20:00,3081.190000,-5.510000,-3.117010,5.057298
2025-12-27 14:25:00,3121.770000,0.000000,-1.900809,6.134457
2025-12-27 14:30:00,3029.520000,-27.000000,-3.417182,12.404969
2025-12-27 14:35:00,3163.900000,-3.000000,-2.115299,16.641670
2025-12-27 14:40:00,3249.950000,-5.510000,-2.422337,15.883677
2025-12-27 14:45:00,3271.260000,-6.070000,-0.672588,17.933854
2025-12-27 14:50:00,3379.780000,0.000000,-1.899359,17.464443
2025-12-27 14:55:00,3383.110000,-27.000000,-1.867933,12.543870
2025-12-27 15:00:00,3513.890000,0.000000,-0.729446,18.025407
2025-12-27 15:05:00,3504.190000,0.000000,-1.172591,24.424650
2025-12-27 15:10:00,3548.950000,0.000000,-3.675389,17.190767
2025-12-27 15:15:00,3614.710000,0.000000,-3.683647,13.697607
2025-12-27 15:20:00,3643.630000,0.000000,-2.006974,14.802053
2025-12-27 15:25:00,3737.940000,0.000000,-0.230602,19.436091
2025-12-27 15:30:00,3840.520000,0.000000,-6.962970,10.810049
2025-12-27 15:35:00,3955.780000,0.000000,-1.258487,0.801850
2025-12-27 15:40:00,4055.920000,0.000000,-1.746508,1.657328
2025-12-27 15:45:00,4125.360000,0.000000,-1.746508,1.657328
2025-12-27 15:50:00,4163.340000,-5.410000,-0.068479,2.207112
2025-12-27 15:55:00,4228.140000,0.000000,-6.674615,0.088088
2025-12-27 16:00:00,4339.440000,0.000000,-2.210326,-0.073836
2025-12-27 16:05:00,4420.230000,-6.910000,-2.303566,0.003636
2025-12-27 16:10:00,4555.550000,-6.510000,-2.079544,0.134519
2025-12-27 16:15:00,4670.940000,-10.310000,-2.088974,0.133611
2025-12-27 16:20:00,4749.440000,-5.800000,-1.816012,0.118017
2025-12-27 16:25:00,4814.440000,-6.580000,-1.941145,0.115790
2025-12-27 16:30:00,5024.080000,-5.870000,-1.902268,0.186055
2025-12-27 16:35:00,5104.060000,-8.920000,-2.029306,0.134987
2025-12-27 16:40:00,5268.810000,-5.960000,-1.854347,0.331688
2025-12-27 16:45:00,5415.240000,-8.740000,-1.869579,0.355976
2025-12-27 16:50:00,5559.720000,-6.240000,-4.762520,-1.452551
2025-12-27 16:55:00,5622.310000,-5.700000,-0.543362,4.062533
2025-12-27 17:00:00,5745.410000,0.000000,-0.514826,5.053919
2025-12-27 17:05:00,5839.320000,-5.580000,-4.154121,0.612861
2025-12-27 17:10:00,5962.570000,-5.610000,-3.467916,0.281742
2025-12-27 17:15:00,5950.100000,-8.480000,-5.665582,-0.416783
2025-12-27 17:20:00,6087.120000,0.000000,-3.076303,0.200420
2025-12-27 17:25:00,6159.670000,-5.010000,-3.272496,0.431457
2025-12-27 17:30:00,6229.290000,-5.560000,-3.186763,0.343891
2025-12-27 17:35:00,6357.280000,0.020000,-3.635886,0.444655
2025-12-27 17:40:00,6484.160000,-5.420000,-2.809142,0.594441
2025-12-27 17:45:00,6534.410000,0.000000,-4.210641,0.127429
2025-12-27 17:50:00,6627.390000,0.510000,-3.723146,0.456281
2025-12-27 17:55:00,6712.470000,23.700000,-3.691989,1.296373
2025-12-27 18:00:00,6847.120000,49.940000,1.386542,53.507181
2025-12-27 18:05:00,6791.780000,36.200000,2.952678,53.414208
2025-12-27 18:10:00,6830.720000,31.990000,5.191372,65.319558
2025-12-27 18:15:00,6880.900000,36.060000,6.664490,71.272724
2025-12-27 18:20:00,6916.090000,51.480000,8.276370,72.664461
2025-12-27 18:25:00,6918.060000,56.980000,9.733401,72.106341
2025-12-27 18:30:00,6900.500000,36.200000,9.992671,73.996566
2025-12-27 18:35:00,6892.270000,33.640000,10.527292,77.481695
2025-12-27 18:40:00,6994.290000,42.710000,13.857305,75.803655
2025-12-27 18:45:00,6961.890000,53.110000,16.845406,61.243954
2025-12-27 18:50:00,6993.440000,53.220000,18.173603,62.571846
2025-12-27 18:55:00,6986.240000,54.290000,41.915069,89.560607
2025-12-27 19:00:00,6995.260000,54.530000,57.121367,86.880884
2025-12-27 19:05:00,7003.070000,36.200000,38.931636,90.364411
2025-12-27 19:10:00,7123.140000,36.200000,37.453481,82.940510
2025-12-27 19:15:00,7080.320000,36.060000,35.862102,82.337765
2025-12-27 19:20:00,7105.900000,36.200000,47.824613,86.315299
2025-12-27 19:25:00,7125.860000,36.200000,44.595531,79.942667
2025-12-27 19:30:00,7156.100000,36.200000,31.092067,72.010058
2025-12-27 19:35:00,7119.720000,36.200000,29.638525,68.201225
2025-12-27 19:40:00,7154.890000,19.200000,36.425497,68.441185
2025-12-27 19:45:00,7188.060000,34.250000,36.012313,69.275812
2025-12-27 19:50:00,7174.280000,36.200000,35.213360,66.588590
2025-12-27 19:55:00,7158.980000,36.200000,33.878360,65.381968
2025-12-27 20:00:00,7155.590000,36.060000,30.290706,62.647454
2025-12-27 20:05:00,7119.060000,33.790000,21.786196,59.491434
2025-12-27 20:10:00,7135.330000,36.200000,20.110554,57.101872
2025-12-27 20:15:00,7101.850000,33.770000,19.885528,56.697223
2025-12-27 20:20:00,7070.860000,34.170000,20.246764,56.697223
2025-12-27 20:25:00,7030.850000,20.190000,20.131289,56.265653
2025-12-27 20:30:00,7022.070000,33.310000,22.041787,55.685794
2025-12-27 20:35:00,6966.740000,36.060000,20.685725,56.031224
2025-12-27 20:40:00,6988.980000,36.200000,13.436164,50.633615
2025-12-27 20:45:00,6969.650000,33.700000,18.378063,54.935025
2025-12-27 20:50:00,6900.540000,33.770000,16.820750,56.697223
2025-12-27 20:55:00,6859.470000,33.400000,18.529889,56.293226
2025-12-27 21:00:00,6860.610000,26.600000,16.286937,55.761004
2025-12-27 21:05:00,6808.990000,36.060000,12.955777,52.254936
2025-12-27 21:10:00,6906.930000,36.060000,16.987055,55.185165
2025-12-27 21:15:00,6878.570000,36.200000,16.987055,53.044318
2025-12-27 21:20:00,6838.600000,36.200000,17.290893,53.044318
2025-12-27 21:25:00,6884.340000,36.200000,14.212057,52.926442
2025-12-27 21:30:00,6878.000000,14.350000,13.573709,32.363195
2025-12-27 21:35:00,6822.730000,33.900000,17.228179,54.718825
2025-12-27 21:40:00,6771.810000,35.040000,15.886657,54.521867
2025-12-27 21:45:00,6832.910000,36.060000,17.190439,52.790490
2025-12-27 21:50:00,6762.520000,34.360000,15.626002,52.878078
2025-12-27 21:55:00,6757.950000,36.200000,17.640708,52.634363
2025-12-27 22:00:00,6740.240000,36.200000,12.417010,52.252983
2025-12-27 22:05:00,6700.850000,52.030000,16.590862,54.718479
2025-12-27 22:10:00,6667.800000,53.530000,15.626002,54.423936
2025-12-27 22:15:00,6655.080000,54.000000,15.778888,55.919784
2025-12-27 22:20:00,6645.780000,35.880000,16.590862,56.438561
2025-12-27 22:25:00,6613.940000,54.480000,16.590862,56.227401
2025-12-27 22:30:00,6558.670000,36.200000,9.878539,47.826171
2025-12-27 22:35:00,6538.120000,55.230000,15.488813,52.467222
2025-12-27 22:40:00,6491.810000,36.060000,15.488813,53.771896
2025-12-27 22:45:00,6583.290000,55.820000,16.628367,55.852715
2025-12-27 22:50:00,6470.800000,54.850000,15.488813,53.849335
2025-12-27 22:55:00,6386.680000,36.200000,13.350346,55.919784
2025-12-27 23:00:00,6471.290000,55.560000,13.623694,56.267493
2025-12-27 23:05:00,6356.370000,56.160000,28.727449,61.087841
2025-12-27 23:10:00,6377.320000,56.500000,30.498809,63.323531
2025-12-27 23:15:00,6371.700000,35.960000,30.498809,63.323531
2025-12-27 23:20:00,6372.820000,56.980000,14.175295,56.057865
2025-12-27 23:25:00,6284.320000,56.890000,27.207956,61.452667
2025-12-27 23:30:00,6329.130000,56.980000,13.547144,54.744740
2025-12-27 23:35:00,6292.290000,33.600000,30.498809,61.969218
2025-12-27 23:40:00,6354.280000,40.610000,14.746304,56.964235
2025-12-27 23:45:00,6301.330000,57.060000,30.156386,62.069166
2025-12-27 23:50:00,6276.150000,56.980000,30.927725,62.370531
2025-12-27 23:55:00,6247.720000,36.060000,14.724131,54.993735
2025-12-28 00:00:00,6255.960000,57.800000,36.651243,61.792227
2025-12-28 00:05:00,6184.980000,57.060000,36.532958,61.744541
2025-12-28 00:10:00,6190.160000,36.200000,36.589027,62.778982
2025-12-28 00:15:00,6172.510000,36.650000,17.749444,52.749982
2025-12-28 00:20:00,6137.440000,74.340000,32.329556,63.340691
2025-12-28 00:25:00,6075.590000,56.980000,39.787195,61.919027
2025-12-28 00:30:00,6052.700000,36.200000,41.152221,60.009864
2025-12-28 00:35:00,6023.050000,56.980000,20.777835,51.273223
2025-12-28 00:40:00,6012.120000,64.930000,28.936462,56.500807
2025-12-28 00:45:00,6010.990000,55.100000,38.509683,59.822133
2025-12-28 00:50:00,5993.050000,36.310000,36.775489,59.699727
2025-12-28 00:55:00,5936.440000,57.060000,18.784337,52.909535
2025-12-28 01:00:00,5929.700000,56.310000,41.073422,59.120816
2025-12-28 01:05:00,5885.430000,56.700000,39.268194,58.558932
2025-12-28 01:10:00,5885.650000,56.980000,18.784337,52.321400
2025-12-28 01:15:00,5859.040000,56.660000,27.664277,53.291868
2025-12-28 01:20:00,5848.020000,56.980000,41.644973,63.259449
2025-12-28 01:25:00,5821.450000,20.810000,40.498233,61.355878
2025-12-28 01:30:00,5803.680000,36.200000,20.715031,54.010542
2025-12-28 01:35:00,5811.360000,36.200000,38.955004,62.212609
2025-12-28 01:40:00,5816.080000,56.980000,43.528539,63.207325
2025-12-28 01:45:00,5782.330000,56.620000,38.955004,61.608900
2025-12-28 01:50:00,5788.200000,36.200000,20.824084,55.972946
2025-12-28 01:55:00,5733.250000,36.200000,38.940019,64.854800
2025-12-28 02:00:00,5715.460000,36.200000,36.072865,64.079451
2025-12-28 02:05:00,5701.510000,36.200000,34.865180,60.891450
2025-12-28 02:10:00,5689.770000,36.410000,31.775044,62.007015
2025-12-28 02:15:00,5694.570000,36.670000,36.410659,63.036230
2025-12-28 02:20:00,5665.140000,36.420000,31.775044,63.430699
2025-12-28 02:25:00,5611.660000,36.200000,15.405272,48.659643
2025-12-28 02:30:00,5609.460000,36.200000,16.121212,51.205118
2025-12-28 02:35:00,5627.680000,36.200000,16.121212,50.799179
2025-12-28 02:40:00,5571.650000,35.980000,27.555391,58.748030
2025-12-28 02:45:00,5578.520000,36.200000,34.254263,57.372429
2025-12-28 02:50:00,5588.250000,36.200000,9.349255,29.019688
2025-12-28 02:55:00,5615.610000,36.220000,9.821095,37.505537
2025-12-28 03:00:00,5581.660000,36.200000,9.349255,29.772226
2025-12-28 03:05:00,5585.320000,36.200000,9.122655,30.522209
2025-12-28 03:10:00,5538.930000,36.200000,9.956774,29.916842
2025-12-28 03:15:00,5581.080000,36.270000,19.639225,36.006948
2025-12-28 03:20:00,5512.610000,36.200000,9.158685,30.228591
2025-12-28 03:25:00,5543.910000,36.240000,11.243626,32.869055
2025-12-28 03:30:00,5555.750000,36.240000,9.122655,30.633779
2025-12-28 03:35:00,5536.400000,36.200000,10.054305,30.400511
2025-12-28 03:40:00,5562.590000,36.270000,10.202847,32.869055
2025-12-28 03:45:00,5555.170000,36.200000,11.047196,32.638496
2025-12-28 03:50:00,5560.820000,36.200000,10.929270,32.189712
2025-12-28 03:55:00,5601.690000,36.200000,10.303787,37.436100
2025-12-28 04:00:00,5582.330000,36.200000,11.309858,32.045560
2025-12-28 04:05:00,5579.120000,36.060000,12.304043,33.777108
2025-12-28 04:10:00,5568.280000,34.820000,11.837992,32.883587
2025-12-28 04:15:00,5541.320000,36.200000,11.149290,32.789013
2025-12-28 04:20:00,5556.590000,36.200000,11.934875,32.883587
2025-12-28 04:25:00,5565.130000,36.200000,11.583648,32.789013
2025-12-28 04:30:00,5592.230000,36.200000,10.905907,32.789013
2025-12-28 04:35:00,5565.140000,36.200000,10.122634,32.559014
2025-12-28 04:40:00,5586.650000,36.200000,10.008489,32.559014
2025-12-28 04:45:00,5578.800000,36.060000,10.122634,32.539351
2025-12-28 04:50:00,5578.120000,36.060000,10.008489,32.761047
2025-12-28 04:55:00,5572.460000,36.060000,9.956774,30.344802
2025-12-28 05:00:00,5588.280000,36.060000,12.117116,33.741469
2025-12-28 05:05:00,5581.420000,35.610000,8.629697,27.302258
2025-12-28 05:10:00,5630.440000,36.060000,9.400756,37.610132
2025-12-28 05:15:00,5639.890000,36.060000,8.469283,35.779366
2025-12-28 05:20:00,5568.840000,35.300000,7.063271,26.535698
2025-12-28 05:25:00,5544.290000,0.700000,5.671933,25.361613
2025-12-28 05:30:00,5551.140000,10.180000,2.926637,38.523706
2025-12-28 05:35:00,5520.830000,0.710000,2.614345,37.116627
2025-12-28 05:40:00,5491.650000,0.710000,1.621486,33.071911
2025-12-28 05:45:00,5468.690000,0.000000,0.840473,31.883625
2025-12-28 05:50:00,5461.320000,-2.990000,-0.069019,30.663291
2025-12-28 05:55:00,5420.410000,-5.510000,-1.131825,28.326807
2025-12-28 06:00:00,5389.940000,-7.000000,-1.958469,23.458962
2025-12-28 06:05:00,5291.670000,-6.680000,-2.611591,23.458962
2025-12-28 06:10:00,5340.470000,-7.000000,-1.972590,21.806390
2025-12-28 06:15:00,5325.720000,-7.770000,-1.356477,16.632500
2025-12-28 06:20:00,5274.680000,-7.400000,-1.299544,16.129584
2025-12-28 06:25:00,5243.310000,-7.620000,-7.247594,4.526740
2025-12-28 06:30:00,5239.280000,-10.000000,-1.820981,4.170901
2025-12-28 06:35:00,5132.260000,-10.070000,-8.008388,0.072546
2025-12-28 06:40:00,5111.720000,-11.010000,-8.008388,0.140758
2025-12-28 06:45:00,5075.420000,-14.000000,-9.602816,-0.238455
2025-12-28 06:50:00,5028.480000,-14.280000,-13.442885,-6.668723
2025-12-28 06:55:00,4916.680000,-14.090000,-14.278303,-6.746336
2025-12-28 07:00:00,4857.520000,-14.000000,-15.724489,-6.801507
2025-12-28 07:05:00,4844.880000,-14.000000,-13.477147,-6.801507
2025-12-28 07:10:00,4804.630000,-12.010000,-15.971122,-6.562654
2025-12-28 07:15:00,4721.240000,-14.000000,-15.971122,-6.571216
2025-12-28 07:20:00,4702.980000,-13.770000,-15.424956,-6.571216
2025-12-28 07:25:00,4655.760000,-13.860000,-15.424956,-6.571216
2025-12-28 07:30:00,4589.050000,-13.620000,-15.554464,-12.960911
2025-12-28 07:35:00,4568.950000,-14.310000,-14.284075,-13.482827
2025-12-28 07:40:00,4483.150000,-14.000000,-14.483065,-13.287586
2025-12-28 07:45:00,4460.150000,-14.580000,-15.899911,-12.734595
2025-12-28 07:50:00,4373.250000,-14.700000,-15.847451,-14.365253
2025-12-28 07:55:00,4318.860000,-16.020000,-15.715514,-14.771529
2025-12-28 08:00:00,4228.390000,-19.980000,-15.654935,-13.340767
2025-12-28 08:05:00,4182.730000,-14.340000,-15.400474,-13.751885
2025-12-28 08:10:00,4284.180000,-15.050000,-12.578796,-13.486088
2025-12-28 08:15:00,4192.790000,-14.960000,-13.570330,-9.908317
2025-12-28 08:20:00,4180.450000,-12.600000,-13.679766,-9.820466
2025-12-28 08:25:00,4124.100000,-13.660000,-13.679766,-9.820466
2025-12-28 08:30:00,4064.240000,-12.010000,-13.555039,-9.851805
2025-12-28 08:35:00,4033.520000,-9.350000,-14.635833,-15.100225
2025-12-28 08:40:00,3984.750000,-12.010000,-14.254252,-7.984698
2025-12-28 08:45:00,3870.610000,-12.170000,-14.635833,-15.327692
2025-12-28 08:50:00,3758.700000,-11.120000,-14.587922,-12.652144
2025-12-28 08:55:00,3728.200000,-11.200000,-15.471703,-13.677149
2025-12-28 09:00:00,3721.460000,-14.000000,-19.688796,-17.696625
2025-12-28 09:05:00,3664.720000,-13.720000,-14.300198,-15.360642
2025-12-28 09:10:00,3825.180000,-10.550000,-14.929695,-15.360642
2025-12-28 09:15:00,3824.130000,-7.850000,-13.766067,-15.360642
2025-12-28 09:20:00,3856.020000,-11.470000,-12.892654,-12.913687
2025-12-28 09:25:00,3904.210000,-11.750000,-13.020616,-13.305578
2025-12-28 09:30:00,3884.720000,-9.350000,-10.607318,-13.305578
2025-12-28 09:35:00,3945.170000,-14.520000,-9.029550,-9.187172
2025-12-28 09:40:00,4140.640000,-6.890000,-9.318009,-12.982129
2025-12-28 09:45:00,4291.140000,-10.000000,-11.518663,-12.286504
2025-12-28 09:50:00,4286.760000,-6.950000,-7.775266,-11.144879
2025-12-28 09:55:00,4368.650000,-10.190000,-7.775266,-11.069641
2025-12-28 10:00:00,4367.340000,-7.740000,-11.580373,-11.045894
2025-12-28 10:05:00,4346.090000,-7.860000,-11.580373,-10.866679
2025-12-28 10:10:00,4368.970000,-7.300000,-7.960122,-10.873876
2025-12-28 10:15:00,4372.260000,-7.810000,-7.623598,-4.664943
2025-12-28 10:20:00,4345.230000,-8.860000,-7.960122,-10.873876
2025-12-28 10:25:00,4429.690000,-7.930000,-8.149549,-11.944098
2025-12-28 10:30:00,4373.700000,-7.160000,-7.805143,-8.533830
2025-12-28 10:35:00,4330.630000,-7.880000,-12.590572,-13.833358
2025-12-28 10:40:00,4296.210000,-7.870000,-7.905341,-5.417382
2025-12-28 10:45:00,4219.110000,-7.680000,-9.348211,-12.503937
2025-12-28 10:50:00,4151.490000,-10.880000,-9.383988,-5.624666
2025-12-28 10:55:00,4156.420000,-6.760000,-9.602892,-12.647781
2025-12-28 11:00:00,4038.430000,-14.570000,-11.125465,-5.690722
2025-12-28 11:05:00,3996.810000,-7.390000,-11.604079,-5.924983
2025-12-28 11:10:00,3973.410000,-9.500000,-12.297089,-6.069736
2025-12-28 11:15:00,3908.000000,-5.510000,-12.337515,-6.143479
2025-12-28 11:20:00,3898.730000,-6.940000,-11.693360,-10.122866
2025-12-28 11:25:00,3876.960000,-6.860000,-11.801056,-6.389048
2025-12-28 11:30:00,3751.500000,-7.800000,-11.801056,-6.534771
2025-12-28 11:35:00,3757.240000,-7.940000,-11.801056,-6.476091
2025-12-28 11:40:00,3709.970000,-7.780000,-11.801056,-6.515885
2025-12-28 11:45:00,3650.530000,-6.210000,-11.801056,-6.476091
2025-12-28 11:50:00,3593.040000,-5.900000,-11.971090,-13.096165
2025-12-28 11:55:00,3616.190000,-6.140000,-11.801056,-6.223477
2025-12-28 12:00:00,3545.460000,-6.630000,-13.757367,-15.639782
2025-12-28 12:05:00,3566.580000,-7.290000,-12.337515,-5.881918
2025-12-28 12:10:00,3543.660000,-7.000000,-12.297089,-9.449331
2025-12-28 12:15:00,3577.040000,-6.580000,-9.988159,-6.102646
2025-12-28 12:20:00,3483.280000,-7.160000,-11.604079,-5.671088
2025-12-28 12:25:00,3484.550000,-7.030000,-11.604079,-5.587185
2025-12-28 12:30:00,3406.850000,-5.960000,-11.145303,-6.049981
2025-12-28 12:35:00,3263.420000,-27.000000,-12.297089,-6.206084
2025-12-28 12:40:00,3409.570000,-14.000000,-9.121353,-0.103350
2025-12-28 12:45:00,3386.980000,-14.000000,-6.606337,-0.191294
2025-12-28 12:50:00,3204.420000,-5.550000,-7.863558,-0.130694
2025-12-28 12:55:00,3183.160000,-14.000000,-8.335156,-0.219828
2025-12-28 13:00:00,3189.960000,-10.020000,-7.764072,-0.204018
2025-12-28 13:05:00,3185.300000,-21.130000,-9.023965,-0.130694
2025-12-28 13:10:00,3107.950000,-14.000000,-6.888892,-0.022176
2025-12-28 13:15:00,3150.380000,-14.000000,-6.031155,-0.039974
2025-12-28 13:20:00,3106.040000,-12.010000,-6.888892,-0.021525
2025-12-28 13:25:00,3126.890000,-14.000000,-9.564148,-0.130694
2025-12-28 13:30:00,3093.210000,-14.000000,-8.340256,-0.130694
2025-12-28 13:35:00,3120.240000,-14.000000,-21.614390,-9.128234
2025-12-28 13:40:00,3115.110000,-14.000000,-13.635347,-8.938463
2025-12-28 13:45:00,3111.030000,-14.000000,-13.691751,-8.962829
2025-12-28 13:50:00,3036.900000,-27.000000,-9.164198,-5.036418
2025-12-28 13:55:00,3027.970000,-12.010000,-14.064333,-8.665644
2025-12-28 14:00:00,3118.110000,-14.000000,-9.332490,-8.457861
2025-12-28 14:05:00,3047.060000,-14.000000,-18.318687,-12.852728
2025-12-28 14:10:00,3059.120000,-14.000000,-13.315905,-8.644199
2025-12-28 14:15:00,3068.710000,-14.000000,-13.538968,-8.687024
2025-12-28 14:20:00,3076.760000,-14.000000,-10.677483,-8.689714
2025-12-28 14:25:00,3147.620000,-14.000000,-12.399605,-8.998696
2025-12-28 14:30:00,3187.140000,-14.000000,-12.793386,-8.951584
2025-12-28 14:35:00,3195.040000,-14.000000,-12.175241,-8.998696
2025-12-28 14:40:00,3364.510000,-12.680000,-9.997140,-8.900445
2025-12-28 14:45:00,3406.060000,-12.010000,-9.997140,-8.917102
2025-12-28 14:50:00,3393.300000,-14.000000,-16.274216,-17.447685
2025-12-28 14:55:00,3454.670000,-14.990000,-9.843677,-12.452820
2025-12-28 15:00:00,3468.660000,-14.000000,-14.705644,-12.546573
2025-12-28 15:05:00,3528.230000,-11.450000,-14.874008,-12.368380
2025-12-28 15:10:00,3592.320000,-11.440000,-14.874008,-12.324228
2025-12-28 15:15:00,3643.840000,-11.010000,-14.874008,-12.375321
2025-12-28 15:20:00,3659.960000,-10.000000,-13.483237,-12.257664
2025-12-28 15:25:00,3742.900000,-9.270000,-13.802488,-12.281025
2025-12-28 15:30:00,3800.370000,-8.970000,-13.802488,-12.281025
2025-12-28 15:35:00,3837.030000,-8.610000,-13.483237,-12.267745
2025-12-28 15:40:00,3965.080000,-8.080000,-13.483237,-12.342238
2025-12-28 15:45:00,4021.600000,-7.970000,-11.107127,-12.328892
2025-12-28 15:50:00,4113.020000,-6.230000,-12.502067,-12.312654
2025-12-28 15:55:00,4252.880000,-5.510000,-11.836255,-13.252330
2025-12-28 16:00:00,4340.040000,0.000000,-11.229289,-12.059392
2025-12-28 16:05:00,4446.710000,-5.780000,-7.984737,-10.955014
2025-12-28 16:10:00,4556.880000,-5.320000,-7.643412,-9.922834
2025-12-28 16:15:00,4667.980000,-3.000000,-7.688226,-9.856745
2025-12-28 16:20:00,4755.360000,-2.680000,-7.320061,-9.448435
2025-12-28 16:25:00,4882.120000,-2.720000,-7.320061,-6.895247
2025-12-28 16:30:00,5034.660000,0.000000,-7.320061,-6.843118
2025-12-28 16:35:00,5065.170000,-5.390000,-7.320061,-6.843118
2025-12-28 16:40:00,5293.660000,-2.560000,-6.919847,-4.061701
2025-12-28 16:45:00,5346.260000,-2.610000,-6.919847,-4.061701
2025-12-28 16:50:00,5439.440000,0.000000,-5.031349,-3.263646
2025-12-28 16:55:00,5632.160000,30.430000,-5.817568,-1.726171
2025-12-28 17:00:00,5721.850000,30.380000,0.688868,43.209045
2025-12-28 17:05:00,5858.310000,0.510000,0.401679,33.421040
2025-12-28 17:10:00,5953.180000,0.000000,-0.032605,32.009126
2025-12-28 17:15:00,6043.680000,0.010000,0.316637,41.719714
2025-12-28 17:20:00,6163.370000,21.720000,0.059981,42.640517
2025-12-28 17:25:00,6286.870000,23.330000,0.967636,42.381163
2025-12-28 17:30:00,6401.690000,36.060000,3.472356,49.069290
2025-12-28 17:35:00,6522.830000,-1.880000,1.098365,45.648422
2025-12-28 17:40:00,6606.900000,0.000000,1.285594,44.390285
2025-12-28 17:45:00,6694.630000,30.130000,1.787113,47.889742
2025-12-28 17:50:00,6773.510000,48.390000,4.515135,52.013203
2025-12-28 17:55:00,6824.560000,29.780000,19.471388,70.321888
2025-12-28 18:00:00,6862.770000,0.000000,20.521778,72.379028
2025-12-28 18:05:00,6983.650000,38.040000,8.015685,56.990223
2025-12-28 18:10:00,6894.240000,49.940000,6.778109,60.441268
2025-12-28 18:15:00,6920.550000,51.450000,7.319240,73.269479
2025-12-28 18:20:00,6938.580000,51.450000,22.301579,78.001221
2025-12-28 18:25:00,6923.980000,57.060000,28.620519,79.223216
2025-12-28 18:30:00,7011.600000,57.060000,25.211470,80.440299
2025-12-28 18:35:00,7028.150000,36.200000,12.782676,75.941612
2025-12-28 18:40:00,7061.060000,38.240000,16.665752,78.333102
2025-12-28 18:45:00,7040.070000,53.840000,35.585095,78.935751
2025-12-28 18:50:00,7031.310000,57.060000,58.570129,81.810745
2025-12-28 18:55:00,7077.210000,57.060000,43.230679,80.980957
2025-12-28 19:00:00,7117.040000,57.060000,25.942646,66.025148
2025-12-28 19:05:00,7151.200000,53.840000,48.517457,84.831317
2025-12-28 19:10:00,7225.800000,55.840000,56.178235,82.098389
2025-12-28 19:15:00,7256.390000,57.300000,52.661987,82.078748
2025-12-28 19:20:00,7261.180000,57.060000,49.483793,82.078748
2025-12-28 19:25:00,7294.150000,56.940000,52.264003,83.008888
2025-12-28 19:30:00,7273.050000,57.060000,51.645394,76.257508
2025-12-28 19:35:00,7291.830000,56.950000,34.092571,71.467430
2025-12-28 19:40:00,7285.130000,56.420000,40.053112,70.668529
2025-12-28 19:45:00,7288.500000,51.970000,40.757501,68.524313
2025-12-28 19:50:00,7291.210000,51.180000,46.603471,68.946698
2025-12-28 19:55:00,7254.670000,49.880000,46.372423,67.931210
2025-12-28 20:00:00,7281.620000,56.050000,44.212868,66.997572
2025-12-28 20:05:00,7242.660000,36.350000,41.546619,68.256480
2025-12-28 20:10:00,7217.230000,50.590000,41.605335,68.547434
2025-12-28 20:15:00,7191.420000,56.990000,42.456554,68.488153
2025-12-28 20:20:00,7172.440000,50.640000,42.456554,65.189336
2025-12-28 20:25:00,7127.900000,57.060000,37.690157,63.996787
2025-12-28 20:30:00,7117.470000,40.540000,41.599479,63.996787
2025-12-28 20:35:00,7085.840000,49.090000,39.043195,64.013605
2025-12-28 20:40:00,7060.160000,57.300000,39.043195,63.623413
2025-12-28 20:45:00,7025.000000,57.580000,39.486429,61.872884
2025-12-28 20:50:00,6963.030000,36.190000,37.836483,60.578867
2025-12-28 20:55:00,6957.070000,57.300000,37.634243,61.025985
2025-12-28 21:00:00,6907.820000,57.300000,35.639379,61.927199
2025-12-28 21:05:00,6541.400000,36.200000,8.254236,47.628535
2025-12-28 21:10:00,6606.910000,36.200000,21.684971,54.403642
2025-12-28 21:15:00,6612.720000,36.060000,24.073240,55.324816
2025-12-28 21:20:00,6610.530000,57.300000,22.892820,54.661906
2025-12-28 21:25:00,6627.540000,56.620000,24.073240,56.609276
2025-12-28 21:30:00,6590.910000,47.180000,15.118978,53.672528
2025-12-28 21:35:00,6559.070000,56.560000,23.914348,56.151525
2025-12-28 21:40:00,6585.150000,63.790000,27.994705,57.427879
2025-12-28 21:45:00,6513.250000,59.420000,28.882060,55.884564
2025-12-28 21:50:00,6499.450000,36.200000,13.085085,49.772515
2025-12-28 21:55:00,6506.180000,35.440000,29.792032,60.588011
2025-12-28 22:00:00,6589.540000,56.980000,41.505905,63.159148
2025-12-28 22:05:00,6559.490000,62.870000,26.974973,57.997034
2025-12-28 22:10:00,6658.730000,39.860000,30.518722,59.565621
2025-12-28 22:15:00,6679.790000,58.860000,35.266702,60.500253
2025-12-28 22:20:00,6694.210000,69.020000,50.778598,68.701396
2025-12-28 22:25:00,6642.450000,68.030000,52.173473,66.474052
2025-12-28 22:30:00,6671.280000,69.160000,56.879262,74.006680
2025-12-28 22:35:00,6614.270000,59.240000,52.414042,68.065696
2025-12-28 22:40:00,6574.100000,59.780000,51.127657,66.685687
2025-12-28 22:45:00,6576.680000,57.060000,53.040461,68.129585
2025-12-28 22:50:00,6573.000000,58.920000,35.041686,60.648367
2025-12-28 22:55:00,6540.740000,40.540000,22.925015,55.575421
2025-12-28 23:00:00,6560.440000,58.040000,46.105471,64.265131
2025-12-28 23:05:00,6503.100000,57.420000,51.123523,64.681852
2025-12-28 23:10:00,6461.890000,58.080000,33.053600,59.338048
2025-12-28 23:15:00,6454.220000,57.060000,40.674518,61.969364
2025-12-28 23:20:00,6388.970000,37.400000,43.517351,63.861411
2025-12-28 23:25:00,6360.210000,36.690000,43.021624,63.194465
2025-12-28 23:30:00,6424.890000,37.930000,39.037248,55.522070
2025-12-28 23:35:00,6364.670000,57.060000,38.756618,63.626997
2025-12-28 23:40:00,6347.380000,37.170000,38.530190,63.852770
2025-12-28 23:45:00,6289.170000,57.060000,39.815448,60.005398
2025-12-28 23:50:00,6298.830000,36.950000,42.410087,63.626997
2025-12-28 23:55:00,6283.010000,37.220000,29.348432,59.309288
2025-12-29 00:00:00,6309.160000,36.200000,53.265870,64.830396
2025-12-29 00:05:00,6238.740000,38.780000,53.265870,61.931335
2025-12-29 00:10:00,6263.470000,61.050000,48.428569,65.213871
2025-12-29 00:15:00,6214.940000,61.030000,48.289211,62.702224
2025-12-29 00:20:00,6166.260000,57.060000,38.694150,56.219017
2025-12-29 00:25:00,6129.470000,38.800000,37.051355,51.920287
2025-12-29 00:30:00,6161.910000,39.070000,33.810377,55.805753
2025-12-29 00:35:00,6111.260000,54.560000,52.702310,61.344710
2025-12-29 00:40:00,6069.710000,57.060000,36.444558,51.689273
2025-12-29 00:45:00,6041.010000,39.330000,50.320254,61.687867
2025-12-29 00:50:00,6053.300000,39.370000,33.023250,52.587091
2025-12-29 00:55:00,5987.330000,36.200000,36.244382,52.209250
2025-12-29 01:00:00,5981.100000,36.200000,21.710334,51.432741
2025-12-29 01:05:00,5927.160000,36.200000,32.973855,54.923811
2025-12-29 01:10:00,5937.120000,36.200000,50.610039,62.829409
2025-12-29 01:15:00,5929.830000,38.650000,52.423069,63.191664
2025-12-29 01:20:00,5893.440000,38.930000,51.857788,62.703865
2025-12-29 01:25:00,5890.740000,38.960000,32.109030,56.324668
2025-12-29 01:30:00,5850.670000,38.690000,33.217461,55.749265
2025-12-29 01:35:00,5845.320000,36.200000,44.167834,62.178512
2025-12-29 01:40:00,5891.110000,36.200000,51.855256,61.527831
2025-12-29 01:45:00,5878.760000,57.060000,28.796706,59.546844
2025-12-29 01:50:00,5781.620000,36.200000,33.217461,55.295533
2025-12-29 01:55:00,5741.800000,36.200000,19.066362,52.416512
2025-12-29 02:00:00,5717.490000,36.200000,18.768439,51.998122
2025-12-29 02:05:00,5731.390000,36.200000,17.828732,51.861113
2025-12-29 02:10:00,5685.320000,29.580000,15.173957,50.740036
2025-12-29 02:15:00,5694.800000,36.200000,22.501475,54.625412
2025-12-29 02:20:00,5715.380000,30.120000,23.757879,56.095488
2025-12-29 02:25:00,5722.440000,35.120000,22.640335,56.095488
2025-12-29 02:30:00,5705.400000,36.200000,22.777514,53.850057
2025-12-29 02:35:00,5697.510000,35.270000,15.448945,51.018706
2025-12-29 02:40:00,5733.510000,29.930000,14.670679,51.257386
2025-12-29 02:45:00,5685.880000,36.200000,28.178879,58.655065
2025-12-29 02:50:00,5673.210000,36.170000,9.130232,36.880055
2025-12-29 02:55:00,5673.650000,29.370000,9.130232,36.547057
2025-12-29 03:00:00,5655.030000,36.200000,11.306340,36.748738
2025-12-29 03:05:00,5640.040000,38.070000,11.306340,37.128111
2025-12-29 03:10:00,5657.310000,38.580000,9.085174,30.077709
2025-12-29 03:15:00,5629.880000,57.060000,11.710424,37.128111
2025-12-29 03:20:00,5609.750000,38.330000,13.833750,49.032557
2025-12-29 03:25:00,5609.860000,57.300000,16.886549,49.488306
2025-12-29 03:30:00,5600.650000,57.060000,18.001319,49.605161
2025-12-29 03:35:00,5631.300000,57.300000,19.289555,49.263850
2025-12-29 03:40:00,5635.060000,57.300000,14.262278,47.958364
2025-12-29 03:45:00,5659.950000,36.700000,19.671152,51.025606
2025-12-29 03:50:00,5680.660000,37.650000,21.004344,51.743822
2025-12-29 03:55:00,5686.250000,64.890000,17.288377,49.894280
2025-12-29 04:00:00,5623.400000,60.780000,18.966003,50.836421
2025-12-29 04:05:00,5669.060000,38.310000,29.484760,56.735604
2025-12-29 04:10:00,5762.550000,36.400000,34.447805,58.569167
2025-12-29 04:15:00,5799.910000,36.200000,48.838511,65.065937
2025-12-29 04:20:00,5828.470000,36.200000,40.301800,61.272569
2025-12-29 04:25:00,5811.630000,36.200000,51.570604,65.578124
2025-12-29 04:30:00,5839.560000,36.200000,51.570604,67.331342
2025-12-29 04:35:00,5835.200000,52.730000,51.570604,65.578124
2025-12-29 04:40:00,5798.980000,38.020000,48.838511,64.575471
2025-12-29 04:45:00,5819.590000,36.200000,40.034054,56.654288
2025-12-29 04:50:00,5850.660000,37.590000,40.034054,59.729004
2025-12-29 04:55:00,5860.110000,48.050000,54.390842,68.386692
2025-12-29 05:00:00,5805.420000,58.790000,55.262063,71.764521
2025-12-29 05:05:00,5851.910000,59.160000,33.825732,56.334315
2025-12-29 05:10:00,5906.220000,57.060000,23.978309,52.253475
2025-12-29 05:15:00,5930.110000,36.200000,23.457279,51.534498
2025-12-29 05:20:00,5925.170000,37.760000,22.211519,51.108815
2025-12-29 05:25:00,5942.120000,36.200000,19.777303,52.502472
2025-12-29 05:30:00,5991.650000,21.380000,18.047185,52.206724
2025-12-29 05:35:00,5917.260000,34.360000,28.292943,57.410177
2025-12-29 05:40:00,5910.110000,9.060000,10.329959,44.073660
2025-12-29 05:45:00,5890.270000,0.650000,1.718223,40.242237
2025-12-29 05:50:00,5844.980000,0.000000,0.340212,36.874814
2025-12-29 05:55:00,5857.680000,-2.880000,-1.109354,32.617201
2025-12-29 06:00:00,5826.230000,-1.230000,-2.050754,29.213119
2025-12-29 06:05:00,5784.010000,-5.010000,-2.275091,28.445654
2025-12-29 06:10:00,5778.110000,-5.010000,-2.465527,28.711288
2025-12-29 06:15:00,5794.600000,-5.510000,-2.086078,23.322881
2025-12-29 06:20:00,5709.870000,-7.000000,-1.875695,21.631340
2025-12-29 06:25:00,5664.780000,-8.080000,-1.429487,21.753062
2025-12-29 06:30:00,5724.740000,-8.220000,-1.443819,20.407888
2025-12-29 06:35:00,5675.720000,-8.320000,-1.312465,16.581256
2025-12-29 06:40:00,5610.250000,-7.820000,-1.987546,5.515756
2025-12-29 06:45:00,5586.900000,-8.320000,-7.163496,1.381392
2025-12-29 06:50:00,5532.020000,-8.320000,-9.875037,-0.424970
2025-12-29 06:55:00,5490.410000,-9.040000,-13.716190,-7.435915
2025-12-29 07:00:00,5440.040000,-10.620000,-8.699397,-3.478707
2025-12-29 07:05:00,5436.700000,-6.950000,-13.601921,-7.162244
2025-12-29 07:10:00,5415.820000,-7.740000,-13.313245,-7.124956
2025-12-29 07:15:00,5373.240000,-7.020000,-13.520102,-7.287951
2025-12-29 07:20:00,5370.070000,-7.700000,-14.307232,-6.978022
2025-12-29 07:25:00,5372.840000,-6.400000,-14.744878,-6.929545
2025-12-29 07:30:00,5242.580000,-6.220000,-14.490760,-6.147899
2025-12-29 07:35:00,5169.400000,-5.510000,-15.059397,-6.164106
2025-12-29 07:40:00,5188.010000,-7.160000,-13.604859,-6.142730
2025-12-29 07:45:00,5115.540000,-5.670000,-13.719153,-6.206377
2025-12-29 07:50:00,5050.420000,-6.210000,-12.911291,-4.259279
2025-12-29 07:55:00,5021.580000,-7.240000,-12.911291,-6.920320
2025-12-29 08:00:00,4967.870000,-7.820000,-12.897304,-8.901572
2025-12-29 08:05:00,4919.460000,-4.130000,-12.770757,-3.140749
2025-12-29 08:10:00,4993.200000,0.700000,-10.721473,-3.298749
2025-12-29 08:15:00,4884.660000,-7.150000,-11.989063,-3.020345
2025-12-29 08:20:00,4912.820000,-4.070000,-10.773939,-2.913685
2025-12-29 08:25:00,4871.690000,-7.690000,-9.826526,-2.991826
2025-12-29 08:30:00,4860.990000,-7.860000,-8.477808,-2.790727
2025-12-29 08:35:00,4791.540000,-7.920000,-9.826526,-3.012304
2025-12-29 08:40:00,4752.240000,-7.350000,-12.290731,-3.012304
2025-12-29 08:45:00,4657.280000,-8.170000,-10.329808,-2.951540
2025-12-29 08:50:00,4595.220000,-7.920000,-10.329808,-2.921874
2025-12-29 08:55:00,4488.820000,-10.450000,-13.091964,-3.437697
2025-12-29 09:00:00,4395.730000,-10.540000,-13.282211,-5.584036
2025-12-29 09:05:00,4318.590000,-9.800000,-11.552731,-5.990943
2025-12-29 09:10:00,4286.480000,-8.090000,-4.834028,0.228848
2025-12-29 09:15:00,4172.110000,-7.110000,-14.400791,-6.799737
2025-12-29 09:20:00,4115.910000,-16.910000,-11.668401,-6.912704
2025-12-29 09:25:00,4146.480000,-16.700000,-14.400791,-6.956228
2025-12-29 09:30:00,4013.830000,-13.690000,-14.400791,-6.253374
2025-12-29 09:35:00,3942.240000,-12.010000,-14.521737,-6.992036
2025-12-29 09:40:00,4007.550000,-10.560000,-14.400791,-6.131525
2025-12-29 09:45:00,3987.180000,-12.010000,-14.400791,-6.857630
2025-12-29 09:50:00,3934.890000,-14.000000,-12.891447,-7.191093
2025-12-29 09:55:00,3892.850000,-14.000000,-14.131153,-14.715374
2025-12-29 10:00:00,3817.290000,-13.730000,-13.703863,-14.591534
2025-12-29 10:05:00,3720.000000,-12.010000,-13.509379,-14.393918
2025-12-29 10:10:00,3684.700000,-12.010000,-13.509379,-7.150759
2025-12-29 10:15:00,3597.590000,-14.000000,-13.509379,-7.035153
2025-12-29 10:20:00,3530.910000,-14.000000,-16.713485,-16.551312
2025-12-29 10:25:00,3412.780000,-14.000000,-17.010742,-16.749716
2025-12-29 10:30:00,3346.040000,-14.000000,-15.950485,-14.556747
2025-12-29 10:35:00,3305.660000,-14.000000,-15.429950,-14.556747
2025-12-29 10:40:00,3247.420000,-15.790000,-14.023089,-14.537296
2025-12-29 10:45:00,3191.390000,-14.200000,-15.789185,-14.411463
2025-12-29 10:50:00,3123.720000,-14.000000,-15.950485,-14.193856
2025-12-29 10:55:00,3111.080000,-14.000000,-16.933819,-14.193856
2025-12-29 11:00:00,3036.830000,-14.000000,-15.803260,-14.193856
2025-12-29 11:05:00,3060.350000,-15.200000,-14.279483,-13.999491
2025-12-29 11:10:00,3011.530000,-14.000000,-14.279483,-14.120849
2025-12-29 11:15:00,2969.010000,-16.380000,-15.671689,-13.393235
2025-12-29 11:20:00,2948.780000,-15.490000,-15.671689,-14.027541
2025-12-29 11:25:00,2956.550000,-13.590000,-15.528892,-14.114174
2025-12-29 11:30:00,2928.580000,-12.010000,-15.329174,-13.694005
2025-12-29 11:35:00,2908.140000,-14.000000,-15.528892,-14.142268
2025-12-29 11:40:00,2915.430000,-12.460000,-16.348292,-15.746196
2025-12-29 11:45:00,2908.320000,-12.010000,-15.351182,-14.992305
2025-12-29 11:50:00,2880.930000,-12.470000,-15.266060,-13.752347
2025-12-29 11:55:00,2830.710000,-14.500000,-15.329174,-13.730473
2025-12-29 12:00:00,2803.310000,-14.000000,-14.529507,-13.765404
2025-12-29 12:05:00,2798.110000,-14.000000,-16.609337,-15.006309
2025-12-29 12:10:00,2808.080000,-10.830000,-14.864980,-13.697812
2025-12-29 12:15:00,2847.940000,-12.010000,-16.183639,-15.787759
2025-12-29 12:20:00,2780.090000,-14.000000,-15.569159,-14.880060
2025-12-29 12:25:00,2777.820000,-10.440000,-14.864980,-13.380690
2025-12-29 12:30:00,2796.130000,-13.790000,-12.558141,-13.389629
2025-12-29 12:35:00,2780.540000,-10.740000,-15.436816,-13.332599
2025-12-29 12:40:00,2799.440000,-12.360000,-14.619746,-13.342443
2025-12-29 12:45:00,2779.770000,-14.370000,-12.272516,-13.342443
2025-12-29 12:50:00,2708.640000,-12.120000,-14.864980,-13.389629
2025-12-29 12:55:00,2794.490000,-12.010000,-13.558762,-14.892285
2025-12-29 13:00:00,2919.590000,-13.350000,-12.831970,-13.342443
2025-12-29 13:05:00,2841.450000,-11.010000,-13.568471,-13.857828
2025-12-29 13:10:00,2865.230000,-11.400000,-11.119937,-13.765404
2025-12-29 13:15:00,2835.110000,-11.010000,-12.587983,-13.765404
2025-12-29 13:20:00,2833.240000,-11.340000,-13.455426,-13.765404
2025-12-29 13:25:00,2875.700000,-10.000000,-10.707073,-13.765404
2025-12-29 13:30:00,2924.780000,-10.000000,-13.037828,-13.697812
2025-12-29 13:35:00,2929.470000,-11.010000,-10.245790,-13.697812
2025-12-29 13:40:00,2976.400000,-11.010000,-13.037828,-13.342443
2025-12-29 13:45:00,3008.670000,-10.080000,-12.831970,-14.880060
2025-12-29 13:50:00,3000.490000,-12.010000,-11.919790,-13.332881
2025-12-29 13:55:00,3054.870000,-10.000000,-11.258507,-13.275346
2025-12-29 14:00:00,3070.890000,-11.800000,-12.132643,-13.236451
2025-12-29 14:05:00,3134.370000,-10.000000,-8.513344,-12.884148
2025-12-29 14:10:00,3117.050000,-12.010000,-8.513344,-12.950976
2025-12-29 14:15:00,3186.590000,-9.430000,-8.678526,-12.653212
2025-12-29 14:20:00,3234.300000,-9.430000,-8.673229,-12.646033
2025-12-29 14:25:00,3289.980000,-7.950000,-8.307017,-12.274269
2025-12-29 14:30:00,3289.440000,-7.710000,-8.312094,-12.444168
2025-12-29 14:35:00,3425.230000,-10.190000,-8.638544,-12.583608
2025-12-29 14:40:00,3494.280000,-6.920000,-8.638544,-12.583608
2025-12-29 14:45:00,3573.610000,-7.030000,-8.273777,-12.225875
2025-12-29 14:50:00,3663.970000,-6.940000,-10.003532,-12.565993
2025-12-29 14:55:00,3782.760000,-7.050000,-8.157685,-12.214032
2025-12-29 15:00:00,3859.360000,-7.020000,-9.405060,-12.336512
2025-12-29 15:05:00,3924.040000,-7.960000,-8.905097,-11.973789
2025-12-29 15:10:00,4030.730000,-6.920000,-10.750160,-11.908242
2025-12-29 15:15:00,4069.530000,-7.820000,-8.905097,-8.526032
2025-12-29 15:20:00,4259.320000,-7.900000,-8.555458,-8.378512
2025-12-29 15:25:00,4321.410000,-6.930000,-8.505669,-5.085142
2025-12-29 15:30:00,4377.970000,-6.890000,-8.505669,-4.766359
2025-12-29 15:35:00,4559.060000,-7.970000,-8.505669,-10.483055
2025-12-29 15:40:00,4631.550000,-7.270000,-8.505669,-4.658790
2025-12-29 15:45:00,4745.990000,-6.960000,-8.435557,-4.634465
2025-12-29 15:50:00,4829.480000,-6.310000,-8.435557,-4.634465
2025-12-29 15:55:00,4930.410000,-6.140000,-8.435557,-4.634465
2025-12-29 16:00:00,5045.430000,0.000000,-8.435557,-4.656574
2025-12-29 16:05:00,5184.320000,-6.880000,-8.190083,-4.491335
2025-12-29 16:10:00,5266.660000,-7.530000,-8.190083,-4.542468
2025-12-29 16:15:00,5422.350000,-6.070000,-7.246913,-4.131472
2025-12-29 16:20:00,5537.640000,-5.510000,-7.393266,-4.246774
2025-12-29 16:25:00,5662.970000,-5.510000,-7.382914,-2.273269
2025-12-29 16:30:00,5737.750000,-5.510000,-8.459929,-2.208781
2025-12-29 16:35:00,5909.820000,-5.510000,-6.556717,-0.885878
2025-12-29 16:40:00,5988.660000,-5.510000,-6.556717,-0.885878
2025-12-29 16:45:00,6123.620000,-5.510000,-6.261311,-0.138559
2025-12-29 16:50:00,6233.470000,-4.160000,-4.619842,-0.137309
2025-12-29 16:55:00,6321.730000,31.440000,-4.568997,-0.100073
2025-12-29 17:00:00,6348.520000,39.670000,1.083786,35.413427
2025-12-29 17:05:00,6407.940000,31.010000,0.301158,42.300531
2025-12-29 17:10:00,6467.080000,0.510000,0.546704,44.650785
2025-12-29 17:15:00,6553.530000,48.230000,0.773297,44.464453
2025-12-29 17:20:00,6653.470000,36.060000,1.946075,61.201457
2025-12-29 17:25:00,6752.290000,50.790000,2.480468,63.198056
2025-12-29 17:30:00,6847.760000,56.990000,3.237590,65.268491
2025-12-29 17:35:00,6946.030000,47.720000,3.038365,64.570140
2025-12-29 17:40:00,7026.020000,49.060000,3.816256,66.595067
2025-12-29 17:45:00,7114.100000,57.300000,6.511093,67.231888
2025-12-29 17:50:00,7181.270000,64.890000,6.803765,67.395981
2025-12-29 17:55:00,7284.450000,68.020000,29.392885,73.986916
2025-12-29 18:00:00,7317.670000,74.910000,32.623608,78.660947
2025-12-29 18:05:00,7330.820000,73.560000,29.852016,79.239453
2025-12-29 18:10:00,7369.470000,73.170000,17.790328,77.354246
2025-12-29 18:15:00,7343.220000,80.010000,66.824191,81.983767
2025-12-29 18:20:00,7304.820000,79.700000,52.771474,83.141251
2025-12-29 18:25:00,7396.140000,80.010000,82.805420,88.003525
2025-12-29 18:30:00,7383.770000,88.220000,83.283747,89.752062
2025-12-29 18:35:00,7492.650000,87.810000,79.741863,96.762288
2025-12-29 18:40:00,7404.950000,87.040000,80.184165,97.258348
2025-12-29 18:45:00,7395.240000,85.510000,83.240675,97.437356
2025-12-29 18:50:00,7463.270000,80.010000,94.411005,95.455727
2025-12-29 18:55:00,7452.520000,80.010000,96.034311,95.465380
2025-12-29 19:00:00,7472.020000,82.800000,92.888794,99.637494
2025-12-29 19:05:00,7418.240000,80.010000,78.997600,95.924049
2025-12-29 19:10:00,7512.860000,77.970000,78.997600,96.410587
2025-12-29 19:15:00,7506.210000,75.730000,83.431048,94.292047
2025-12-29 19:20:00,7538.340000,77.650000,82.443648,95.652497
2025-12-29 19:25:00,7522.540000,76.490000,76.192083,90.089659
2025-12-29 19:30:00,7543.710000,75.950000,82.289647,99.914401
2025-12-29 19:35:00,7557.090000,76.050000,75.958869,95.169390
2025-12-29 19:40:00,7594.180000,81.470000,75.496302,93.339452
2025-12-29 19:45:00,7563.560000,72.420000,72.101564,89.048098
2025-12-29 19:50:00,7601.330000,70.200000,65.295820,80.327629
2025-12-29 19:55:00,7618.640000,67.170000,61.815930,80.931219
2025-12-29 20:00:00,7558.720000,65.460000,64.184331,82.793722
2025-12-29 20:05:00,7549.820000,64.830000,64.920858,85.582911
2025-12-29 20:10:00,7522.900000,63.620000,66.625623,80.617839
2025-12-29 20:15:00,7493.770000,66.840000,65.297522,79.421341
2025-12-29 20:20:00,7426.050000,60.630000,61.750473,79.696079
2025-12-29 20:25:00,7387.760000,57.300000,66.729763,80.022869
2025-12-29 20:30:00,7396.960000,57.300000,61.473037,79.937100
2025-12-29 20:35:00,7340.530000,56.980000,61.815930,78.776542
2025-12-29 20:40:00,7312.820000,57.300000,66.017986,81.954465
2025-12-29 20:45:00,7313.030000,56.390000,63.005882,77.396205
2025-12-29 20:50:00,7252.600000,55.840000,56.854244,75.411185
2025-12-29 20:55:00,7192.760000,55.320000,60.013719,74.147959
2025-12-29 21:00:00,7166.180000,54.740000,58.705408,74.273822
2025-12-29 21:05:00,7108.140000,55.780000,44.607756,71.275243
2025-12-29 21:10:00,7251.230000,56.980000,52.995296,71.802802
2025-12-29 21:15:00,7228.290000,55.870000,56.854244,72.717622
2025-12-29 21:20:00,7233.670000,55.850000,58.205776,67.219323
2025-12-29 21:25:00,7224.880000,56.430000,56.286105,65.018020
2025-12-29 21:30:00,7197.570000,55.620000,51.538545,65.018020
2025-12-29 21:35:00,7201.520000,56.490000,55.783369,67.424736
2025-12-29 21:40:00,7151.710000,55.390000,61.769751,68.995915
2025-12-29 21:45:00,7097.110000,45.110000,56.573664,65.443963
2025-12-29 21:50:00,7091.410000,56.340000,53.539173,68.859759
2025-12-29 21:55:00,7015.190000,36.200000,53.066080,67.217167
2025-12-29 22:00:00,7003.090000,38.250000,59.493422,73.979312
2025-12-29 22:05:00,6961.410000,54.480000,59.821922,75.682308
2025-12-29 22:10:00,7005.970000,54.330000,56.261427,74.830505
2025-12-29 22:15:00,6968.760000,55.230000,59.493422,73.877003
2025-12-29 22:20:00,6943.970000,55.270000,60.138137,73.877003
2025-12-29 22:25:00,6904.770000,55.620000,60.138137,73.877003
2025-12-29 22:30:00,6879.140000,36.200000,60.138137,74.830505
2025-12-29 22:35:00,6845.190000,56.860000,53.213321,72.865209
2025-12-29 22:40:00,6796.660000,57.120000,52.235704,72.156839
2025-12-29 22:45:00,6773.370000,57.060000,46.306153,67.236516
2025-12-29 22:50:00,6781.760000,57.060000,53.213321,71.687387
2025-12-29 22:55:00,6674.200000,56.840000,25.885972,60.672284
2025-12-29 23:00:00,6738.720000,57.300000,45.339108,66.243535
2025-12-29 23:05:00,6680.460000,58.930000,53.213321,70.415283
2025-12-29 23:10:00,6752.250000,70.630000,53.213321,70.117119
2025-12-29 23:15:00,6617.450000,58.770000,52.363292,70.599705
2025-12-29 23:20:00,6637.690000,59.730000,48.734551,71.803946
2025-12-29 23:25:00,6604.540000,61.080000,47.956039,71.803946
2025-12-29 23:30:00,6642.600000,59.630000,27.793842,61.697640
2025-12-29 23:35:00,6547.890000,60.820000,52.363292,67.561365
2025-12-29 23:40:00,6596.830000,70.230000,51.443927,69.448933
2025-12-29 23:45:00,6517.370000,59.240000,54.221833,69.048883
2025-12-29 23:50:00,6520.360000,59.640000,49.658211,69.048883
2025-12-29 23:55:00,6493.830000,55.910000,46.748054,69.387179
2025-12-30 00:00:00,6460.860000,39.420000,52.720080,68.760275
2025-12-30 00:05:00,6459.550000,54.870000,53.460284,74.583226
2025-12-30 00:10:00,6481.740000,57.560000,63.635016,77.810969
2025-12-30 00:15:00,6493.850000,61.560000,60.588575,75.482270
2025-12-30 00:20:00,6407.410000,57.060000,57.681777,73.713624
2025-12-30 00:25:00,6328.230000,39.040000,54.722825,73.428903
2025-12-30 00:30:00,6293.680000,39.040000,52.681741,73.862321
2025-12-30 00:35:00,6266.240000,39.850000,59.121424,76.360478
2025-12-30 00:40:00,6229.210000,57.060000,63.023868,76.436824
2025-12-30 00:45:00,6219.790000,65.110000,53.725800,75.677781
2025-12-30 00:50:00,6198.950000,63.990000,54.217687,74.609213
2025-12-30 00:55:00,6156.580000,63.380000,50.446545,72.393334
2025-12-30 01:00:00,6148.860000,65.530000,41.815427,66.746135
2025-12-30 01:05:00,6108.900000,64.890000,49.163353,72.281964
2025-12-30 01:10:00,6066.240000,65.570000,51.761152,72.903426
2025-12-30 01:15:00,6072.130000,64.890000,54.474433,73.501625
2025-12-30 01:20:00,6064.480000,64.890000,51.723510,72.389666
2025-12-30 01:25:00,6039.600000,64.140000,36.363101,64.849589
2025-12-30 01:30:00,5966.370000,64.560000,36.363101,62.140063
2025-12-30 01:35:00,5918.610000,65.730000,36.080052,62.470885
2025-12-30 01:40:00,5907.810000,66.740000,51.210538,64.554730
2025-12-30 01:45:00,5855.310000,71.260000,54.025775,67.961355
2025-12-30 01:50:00,5865.230000,65.290000,47.435238,64.130335
2025-12-30 01:55:00,5870.340000,65.330000,51.878804,64.236415
2025-12-30 02:00:00,5866.490000,65.830000,52.658986,65.520432
2025-12-30 02:05:00,5878.940000,73.200000,45.953451,64.824807
2025-12-30 02:10:00,5833.000000,64.090000,48.224193,64.440941
2025-12-30 02:15:00,5845.020000,63.040000,45.953451,63.847902
2025-12-30 02:20:00,5847.140000,64.890000,46.928981,63.847902
2025-12-30 02:25:00,5837.750000,64.560000,51.246506,63.287615
2025-12-30 02:30:00,5819.340000,64.180000,50.671341,64.469871
2025-12-30 02:35:00,5810.400000,64.890000,53.175110,65.370444
2025-12-30 02:40:00,5797.790000,64.890000,55.065232,66.605185
2025-12-30 02:45:00,5810.380000,62.500000,54.966172,68.932569
2025-12-30 02:50:00,5802.080000,73.190000,52.969074,65.761973
2025-12-30 02:55:00,5766.460000,64.890000,47.579170,65.769258
2025-12-30 03:00:00,5777.120000,73.200000,47.394808,66.130193
2025-12-30 03:05:00,5779.270000,72.830000,51.410102,71.834133
2025-12-30 03:10:00,5757.740000,71.840000,47.114770,66.954522
2025-12-30 03:15:00,5794.440000,59.720000,59.375547,66.273058
2025-12-30 03:20:00,5842.190000,62.230000,54.018748,68.738260
2025-12-30 03:25:00,5828.360000,73.200000,59.466652,68.651479
2025-12-30 03:30:00,5764.580000,64.890000,51.970442,66.869992
2025-12-30 03:35:00,5821.860000,61.010000,59.466652,68.651479
2025-12-30 03:40:00,5826.480000,73.200000,59.585661,68.651479
2025-12-30 03:45:00,5821.410000,80.010000,53.967259,66.983070
2025-12-30 03:50:00,5772.280000,71.150000,53.531050,78.629156
2025-12-30 03:55:00,5814.380000,71.400000,62.488543,74.906405
2025-12-30 04:00:00,5836.690000,80.010000,69.622172,79.895749
2025-12-30 04:05:00,5825.800000,69.920000,61.988198,79.938328
2025-12-30 04:10:00,5887.640000,69.980000,62.889991,78.539533
2025-12-30 04:15:00,5896.960000,62.980000,55.307199,73.124030
2025-12-30 04:20:00,5911.680000,59.700000,56.335996,73.446173
2025-12-30 04:25:00,5919.480000,71.270000,62.472256,80.083925
2025-12-30 04:30:00,6023.090000,79.660000,58.937736,78.308476
2025-12-30 04:35:00,5925.050000,61.790000,60.479287,72.991085
2025-12-30 04:40:00,6006.000000,57.060000,62.457084,81.283833
2025-12-30 04:45:00,5967.480000,57.560000,64.431425,86.372695
2025-12-30 04:50:00,5911.410000,58.230000,60.990572,79.421411
2025-12-30 04:55:00,5912.380000,57.060000,60.524884,78.616772
2025-12-30 05:00:00,5859.510000,56.980000,73.352760,86.160970
2025-12-30 05:05:00,5886.880000,57.060000,62.899403,74.806321
2025-12-30 05:10:00,5908.200000,57.060000,62.435401,74.052813
2025-12-30 05:15:00,5949.480000,57.130000,54.005046,70.977312
2025-12-30 05:20:00,5936.480000,57.960000,51.130264,69.993158
2025-12-30 05:25:00,5931.150000,61.260000,56.883945,73.473117
2025-12-30 05:30:00,5924.230000,80.010000,51.770938,74.694081
2025-12-30 05:35:00,5894.820000,66.040000,49.135306,68.638042
2025-12-30 05:40:00,5921.740000,45.190000,28.310621,62.193719
2025-12-30 05:45:00,5943.630000,34.300000,24.870042,56.628389
2025-12-30 05:50:00,5890.290000,1.140000,18.610878,52.379344
2025-12-30 05:55:00,5845.380000,36.060000,6.784318,45.800528
2025-12-30 06:00:00,5792.420000,13.770000,1.057124,45.338692
2025-12-30 06:05:00,5771.560000,0.000000,0.746668,45.099184
2025-12-30 06:10:00,5799.810000,14.480000,-0.043803,44.589785
2025-12-30 06:15:00,5725.220000,0.710000,-2.207088,32.779722
2025-12-30 06:20:00,5759.720000,-2.930000,-3.933438,31.939331
2025-12-30 06:25:00,5695.810000,-6.180000,-4.137874,31.939331
2025-12-30 06:30:00,5639.340000,-5.510000,-4.437046,30.913833
2025-12-30 06:35:00,5635.750000,-4.810000,-2.947640,26.215122
2025-12-30 06:40:00,5621.080000,-2.970000,-1.676534,24.412545
2025-12-30 06:45:00,5529.720000,-7.000000,-1.225293,21.527535
2025-12-30 06:50:00,5541.130000,-7.880000,-2.398709,15.045610
2025-12-30 06:55:00,5495.540000,-8.200000,-0.639171,20.648686
2025-12-30 07:00:00,5378.610000,-7.980000,-2.205957,14.079647
2025-12-30 07:05:00,5343.560000,-7.760000,-3.516418,2.781766
2025-12-30 07:10:00,5281.860000,-7.700000,-2.767725,5.391921
2025-12-30 07:15:00,5295.970000,-7.820000,-7.245741,0.973334
2025-12-30 07:20:00,5314.950000,-7.000000,-10.963872,-3.288670
2025-12-30 07:25:00,5226.970000,-7.000000,-14.242783,-7.081668
2025-12-30 07:30:00,5188.320000,-8.100000,-14.242783,-6.987000
2025-12-30 07:35:00,5075.210000,-7.000000,-12.695109,-6.780820
2025-12-30 07:40:00,5029.310000,-7.000000,-12.695109,-6.758393
2025-12-30 07:45:00,4934.880000,-6.390000,-14.663987,-4.956451
2025-12-30 07:50:00,4844.220000,-6.840000,-14.663987,-4.998157
2025-12-30 07:55:00,4781.160000,-7.000000,-14.663987,-4.959988
2025-12-30 08:00:00,4701.600000,-7.550000,-14.224641,-4.991427
2025-12-30 08:05:00,4631.110000,-7.000000,-14.074569,-4.796543
2025-12-30 08:10:00,4609.550000,-7.080000,-12.793733,-4.708530
2025-12-30 08:15:00,4442.280000,-7.000000,-14.193792,-4.895998
2025-12-30 08:20:00,4414.830000,-7.450000,-14.193792,-4.965945
2025-12-30 08:25:00,4367.680000,-7.000000,-12.930219,-4.908457
2025-12-30 08:30:00,4271.740000,-9.990000,-12.930219,-4.908457
2025-12-30 08:35:00,4265.530000,-6.850000,-14.193792,-5.428121
2025-12-30 08:40:00,4255.060000,-7.030000,-14.193792,-5.397608
2025-12-30 08:45:00,4107.870000,-9.990000,-11.304861,-6.362639
2025-12-30 08:50:00,4057.270000,-7.450000,-12.940482,-6.472616
2025-12-30 08:55:00,4025.880000,-10.000000,-12.940482,-6.472616
2025-12-30 09:00:00,4008.630000,-9.990000,-13.128540,-7.012193
2025-12-30 09:05:00,3938.580000,-17.100000,-13.128540,-7.056706
2025-12-30 09:10:00,3978.010000,-10.140000,-13.741256,-7.179122
2025-12-30 09:15:00,3890.070000,-12.010000,-13.128540,-7.279943
2025-12-30 09:20:00,3824.150000,-14.000000,-14.316388,-7.183008
2025-12-30 09:25:00,3791.530000,-14.000000,-13.238854,-7.279943
2025-12-30 09:30:00,3721.670000,-14.000000,-14.197144,-14.652088
2025-12-30 09:35:00,3652.390000,-14.000000,-12.699709,-7.279943
2025-12-30 09:40:00,3713.650000,-14.000000,-13.733605,-7.279943
2025-12-30 09:45:00,3725.640000,-19.290000,-14.197144,-14.329726
2025-12-30 09:50:00,3747.680000,-14.000000,-14.067725,-6.584334
2025-12-30 09:55:00,3718.860000,-16.800000,-14.067725,-14.201317
2025-12-30 10:00:00,3614.210000,-16.020000,-14.465044,-14.170900
2025-12-30 10:05:00,3517.130000,-16.020000,-19.517889,-16.513020
2025-12-30 10:10:00,3453.790000,-18.890000,-14.465044,-14.170900
2025-12-30 10:15:00,3535.470000,-16.140000,-14.279483,-14.689877
2025-12-30 10:20:00,3511.750000,-18.320000,-15.671689,-14.684231
2025-12-30 10:25:00,3505.350000,-18.210000,-15.379509,-14.398709
2025-12-30 10:30:00,3447.390000,-25.630000,-15.329174,-13.583560
2025-12-30 10:35:00,3445.520000,-23.360000,-15.329174,-13.772163
2025-12-30 10:40:00,3421.040000,-27.000000,-16.634112,-12.079078
2025-12-30 10:45:00,3429.480000,-19.560000,-20.947137,-14.760633
2025-12-30 10:50:00,3391.120000,-19.560000,-15.671689,-11.672731
2025-12-30 10:55:00,3358.990000,-19.250000,-16.713485,-13.089584
2025-12-30 11:00:00,3326.710000,-19.080000,-16.561233,-13.009237
2025-12-30 11:05:00,3373.450000,-22.700000,-16.417665,-13.812823
2025-12-30 11:10:00,3354.870000,-16.020000,-19.277651,-15.673729
2025-12-30 11:15:00,3304.840000,-16.990000,-16.485521,-11.934253
2025-12-30 11:20:00,3323.740000,-15.890000,-18.938958,-14.279662
2025-12-30 11:25:00,3287.870000,-24.780000,-19.267061,-14.041862
2025-12-30 11:30:00,3220.330000,-22.590000,-24.893603,-17.816160
2025-12-30 11:35:00,3241.130000,-16.540000,-21.754926,-13.749795
2025-12-30 11:40:00,3234.070000,-27.000000,-24.812236,-20.983889
2025-12-30 11:45:00,3269.090000,-16.590000,-19.566856,-13.723494
2025-12-30 11:50:00,3302.750000,-14.000000,-19.277651,-13.675138
2025-12-30 11:55:00,3319.280000,-23.500000,-18.466806,-13.896087
2025-12-30 12:00:00,3300.550000,-23.160000,-19.101714,-12.975032
2025-12-30 12:05:00,3275.260000,-14.000000,-20.349044,-13.020926
2025-12-30 12:10:00,3267.800000,-23.500000,-16.132330,-11.014322
2025-12-30 12:15:00,3288.360000,-14.000000,-14.379347,-11.075697
2025-12-30 12:20:00,3284.170000,-16.510000,-14.428785,-8.973446
2025-12-30 12:25:00,3272.440000,-14.000000,-24.223809,-13.623055
2025-12-30 12:30:00,3216.260000,-14.000000,-20.035890,-10.877010
2025-12-30 12:35:00,3337.210000,-23.500000,-14.145212,-9.012477
2025-12-30 12:40:00,3328.110000,-14.000000,-23.567193,-15.720134
2025-12-30 12:45:00,3364.610000,-14.900000,-12.566051,-10.509843
2025-12-30 12:50:00,3326.830000,-17.260000,-14.404070,-9.423903
2025-12-30 12:55:00,3362.990000,-15.190000,-21.162763,-15.630977
2025-12-30 13:00:00,3356.000000,-19.980000,-18.188501,-12.129295
2025-12-30 13:05:00,3353.890000,-13.670000,-11.017996,-9.084909
2025-12-30 13:10:00,3441.550000,-13.180000,-13.772774,-14.028994
2025-12-30 13:15:00,3514.700000,-14.000000,-12.278182,-12.868249
2025-12-30 13:20:00,3538.410000,-14.000000,-14.356745,-15.253911
2025-12-30 13:25:00,3576.890000,-12.010000,-12.350372,-12.947149
2025-12-30 13:30:00,3624.620000,-14.000000,-11.312578,-12.947149
2025-12-30 13:35:00,3635.330000,-14.000000,-18.859784,-19.233415
2025-12-30 13:40:00,3826.520000,-12.890000,-12.145380,-12.685517
2025-12-30 13:45:00,3928.540000,-14.000000,-12.152774,-14.230631
2025-12-30 13:50:00,4016.400000,-12.460000,-15.114827,-15.333575
2025-12-30 13:55:00,4072.320000,-12.450000,-12.139586,-14.091133
2025-12-30 14:00:00,4122.650000,-12.100000,-15.421931,-14.183554
2025-12-30 14:05:00,4228.760000,-12.730000,-11.599382,-12.459625
2025-12-30 14:10:00,4254.280000,-12.210000,-11.590176,-12.457740
2025-12-30 14:15:00,4204.730000,-13.170000,-12.145380,-12.448354
2025-12-30 14:20:00,4207.160000,-12.910000,-12.145380,-12.461829
2025-12-30 14:25:00,4303.000000,-12.010000,-9.855651,-12.116328
2025-12-30 14:30:00,4260.920000,-12.010000,-11.966126,-12.383302
2025-12-30 14:35:00,4336.480000,-11.000000,-9.385338,-10.978627
2025-12-30 14:40:00,4348.640000,-9.740000,-12.135745,-11.521685
2025-12-30 14:45:00,4405.430000,-9.670000,-12.135745,-11.418644
2025-12-30 14:50:00,4434.020000,-7.750000,-12.456964,-10.759324
2025-12-30 14:55:00,4634.670000,-8.080000,-11.966126,-11.299203
2025-12-30 15:00:00,4674.540000,-7.680000,-13.259008,-11.488986
2025-12-30 15:05:00,4772.470000,-7.670000,-13.132629,-11.430044
2025-12-30 15:10:00,4929.390000,-7.650000,-13.532555,-11.481571
2025-12-30 15:15:00,4976.660000,-7.380000,-14.262908,-11.422277
2025-12-30 15:20:00,5101.640000,-7.000000,-12.964532,-11.203516
2025-12-30 15:25:00,5216.860000,-6.790000,-10.679267,-11.328526
2025-12-30 15:30:00,5271.960000,-3.000000,-10.126189,-10.359304
2025-12-30 15:35:00,5351.680000,-2.710000,-8.450970,-9.936905
2025-12-30 15:40:00,5537.330000,-3.000000,-7.720334,-9.817239
2025-12-30 15:45:00,5677.820000,-2.780000,-7.720334,-2.872485
2025-12-30 15:50:00,5722.670000,0.670000,-5.880176,-0.798339
2025-12-30 15:55:00,5917.790000,35.680000,-5.995400,0.148429
2025-12-30 16:00:00,6027.570000,51.190000,-0.562086,42.387976
2025-12-30 16:05:00,6158.740000,-6.450000,1.029303,55.585566
2025-12-30 16:10:00,6266.560000,-6.160000,1.180567,58.827593
2025-12-30 16:15:00,6323.910000,-5.510000,1.029303,58.827593
2025-12-30 16:20:00,6389.640000,0.510000,0.944636,56.519765
2025-12-30 16:25:00,6566.430000,56.140000,0.871103,54.812414
2025-12-30 16:30:00,6653.980000,-6.150000,2.829899,63.928971
2025-12-30 16:35:00,6810.260000,-6.020000,3.274434,65.173729
2025-12-30 16:40:00,6935.710000,0.000000,3.585857,67.182596
2025-12-30 16:45:00,7027.880000,0.000000,6.155997,69.582223
2025-12-30 16:50:00,7182.820000,33.280000,6.436330,72.407513
2025-12-30 16:55:00,7322.220000,34.010000,14.392346,76.671474
2025-12-30 17:00:00,7341.700000,57.300000,21.884343,76.289977
2025-12-30 17:05:00,7338.740000,41.780000,6.358809,67.741763
2025-12-30 17:10:00,7346.730000,74.170000,6.059817,66.565479
2025-12-30 17:15:00,7409.350000,0.000000,7.188853,70.792824
2025-12-30 17:20:00,7510.060000,80.010000,12.228731,77.874871
2025-12-30 17:25:00,7590.470000,52.130000,18.798938,83.212232
2025-12-30 17:30:00,7636.490000,76.660000,17.562214,79.913903
2025-12-30 17:35:00,7700.740000,70.280000,14.925012,80.082802
2025-12-30 17:40:00,7804.740000,70.530000,28.283409,87.302220
2025-12-30 17:45:00,7779.990000,61.880000,59.337190,96.554433
2025-12-30 17:50:00,7787.850000,77.790000,72.439405,97.817233
2025-12-30 17:55:00,7809.590000,77.310000,75.897331,98.000841
2025-12-30 18:00:00,7807.130000,76.680000,92.728754,102.666488
2025-12-30 18:05:00,7845.170000,75.310000,86.976134,99.265594
2025-12-30 18:10:00,7851.280000,80.010000,101.018689,102.706687
2025-12-30 18:15:00,7835.250000,77.600000,68.716940,97.066919
2025-12-30 18:20:00,7901.940000,80.010000,103.374317,103.587864
2025-12-30 18:25:00,7991.680000,96.230000,96.402171,88.261589
2025-12-30 18:30:00,7914.270000,98.390000,108.610699,109.025255
2025-12-30 18:35:00,8007.070000,116.980000,110.497976,105.550003
2025-12-30 18:40:00,7884.910000,73.380000,105.148619,121.131466
2025-12-30 18:45:00,8000.370000,80.080000,92.107233,120.285334
2025-12-30 18:50:00,8008.620000,95.000000,102.794849,123.201925
2025-12-30 18:55:00,7959.960000,92.240000,98.727566,122.716391
2025-12-30 19:00:00,8005.510000,82.950000,98.942026,123.100898
2025-12-30 19:05:00,8077.890000,96.100000,96.910231,121.654441
2025-12-30 19:10:00,8000.250000,86.520000,98.348735,122.595708
2025-12-30 19:15:00,7997.260000,79.270000,97.179185,122.109320
2025-12-30 19:20:00,8047.390000,85.350000,93.615869,117.571092
2025-12-30 19:25:00,7963.400000,89.500000,95.745649,116.349831
2025-12-30 19:30:00,7958.020000,86.980000,95.577965,115.892486
2025-12-30 19:35:00,7979.970000,78.560000,99.875507,126.205558
2025-12-30 19:40:00,7982.330000,79.540000,79.640756,86.828933
2025-12-30 19:45:00,7961.820000,80.980000,78.729459,86.990459
2025-12-30 19:50:00,7914.260000,81.110000,87.040936,104.424485
2025-12-30 19:55:00,7837.640000,79.300000,80.558086,98.476144
2025-12-30 20:00:00,7878.380000,80.080000,72.755806,87.532499
2025-12-30 20:05:00,7853.490000,80.670000,86.583296,103.795731
2025-12-30 20:10:00,7923.630000,80.520000,82.792033,94.439829
2025-12-30 20:15:00,7859.210000,61.380000,74.511403,83.501858
2025-12-30 20:20:00,7801.700000,60.730000,74.167938,87.262231
2025-12-30 20:25:00,7788.420000,57.060000,75.828318,95.637059
2025-12-30 20:30:00,7778.210000,52.910000,73.469927,95.144657
2025-12-30 20:35:00,7760.570000,53.090000,67.973477,86.027811
2025-12-30 20:40:00,7801.930000,57.060000,70.503830,88.671258
2025-12-30 20:45:00,7776.070000,56.980000,69.382395,92.776012
2025-12-30 20:50:00,7723.940000,60.780000,70.282189,94.320295
2025-12-30 20:55:00,7674.040000,60.160000,70.050235,95.895947
2025-12-30 21:00:00,7706.750000,56.980000,70.893204,92.061579
2025-12-30 21:05:00,7619.760000,64.560000,66.895272,84.983121
2025-12-30 21:10:00,7645.410000,56.980000,70.741764,85.077051
2025-12-30 21:15:00,7637.100000,72.950000,70.247111,74.543164
2025-12-30 21:20:00,7596.290000,64.950000,72.240029,76.982367
2025-12-30 21:25:00,7629.870000,73.960000,70.135047,79.630113
2025-12-30 21:30:00,7541.970000,64.080000,68.788752,75.998191
2025-12-30 21:35:00,7540.330000,75.950000,76.669844,83.843291
2025-12-30 21:40:00,7590.710000,78.920000,77.112735,86.125274
2025-12-30 21:45:00,7476.390000,75.530000,66.983469,85.167767
2025-12-30 21:50:00,7460.870000,75.580000,76.344133,89.311087
2025-12-30 21:55:00,7474.630000,67.210000,75.342668,90.804476
2025-12-30 22:00:00,7375.190000,65.650000,70.305613,84.680889
2025-12-30 22:05:00,7333.070000,64.890000,75.835308,90.046306
2025-12-30 22:10:00,7375.370000,64.940000,74.066765,84.169613
2025-12-30 22:15:00,7323.480000,73.690000,74.949214,85.806508
2025-12-30 22:20:00,7265.900000,63.840000,70.170737,81.236733
2025-12-30 22:25:00,7248.730000,63.850000,71.705643,84.265385
2025-12-30 22:30:00,7184.010000,63.090000,64.914964,78.656777
2025-12-30 22:35:00,7171.300000,105.790000,59.827926,76.605831
2025-12-30 22:40:00,7150.160000,84.200000,51.675020,72.737941
2025-12-30 22:45:00,7099.830000,88.180000,54.049196,75.469807
2025-12-30 22:50:00,7070.280000,109.410000,63.019710,78.021032
2025-12-30 22:55:00,7052.980000,109.410000,58.314776,79.093173
2025-12-30 23:00:00,7041.760000,109.410000,56.822265,80.594603
2025-12-30 23:05:00,6998.710000,109.410000,50.976734,80.185633
2025-12-30 23:10:00,6972.170000,103.000000,49.240251,78.372348
2025-12-30 23:15:00,6857.510000,103.000000,54.215434,74.751483
2025-12-30 23:20:00,6874.680000,105.790000,50.699943,77.449361
2025-12-30 23:25:00,6827.570000,105.790000,50.879468,76.437795
2025-12-30 23:30:00,6849.860000,109.410000,51.533434,78.908078
2025-12-30 23:35:00,6851.290000,109.940000,85.962024,113.201767
2025-12-30 23:40:00,6884.300000,109.110000,75.956729,100.005166
2025-12-30 23:45:00,6802.640000,109.410000,77.898743,100.363895
2025-12-30 23:50:00,6836.440000,109.930000,87.080454,112.438292
2025-12-30 23:55:00,6806.800000,105.790000,81.077048,111.303872
2025-12-31 00:00:00,6758.240000,105.790000,77.877887,110.372349
2025-12-31 00:05:00,6723.440000,95.590000,87.044185,110.543118
2025-12-31 00:10:00,6762.440000,105.790000,90.393533,106.024774
2025-12-31 00:15:00,6731.910000,105.600000,90.892612,106.348998
2025-12-31 00:20:00,6666.730000,105.010000,91.290107,107.312704
2025-12-31 00:25:00,6573.960000,83.700000,77.877317,105.534277
2025-12-31 00:30:00,6564.470000,71.050000,77.877887,106.856322
2025-12-31 00:35:00,6489.150000,73.200000,77.877887,109.412600
2025-12-31 00:40:00,6493.500000,73.200000,90.454072,104.972502
2025-12-31 00:45:00,6447.840000,73.200000,90.508029,105.639319
2025-12-31 00:50:00,6443.600000,71.640000,89.983473,106.216244
2025-12-31 00:55:00,6387.170000,70.900000,87.453086,97.527923
2025-12-31 01:00:00,6355.630000,70.660000,87.453086,101.525314
2025-12-31 01:05:00,6331.130000,84.790000,81.785781,91.204009
2025-12-31 01:10:00,6336.190000,84.790000,87.259082,94.044987
2025-12-31 01:15:00,6289.740000,84.060000,82.623209,91.130140
2025-12-31 01:20:00,6248.340000,81.440000,82.955800,88.819214
2025-12-31 01:25:00,6261.340000,75.580000,72.862788,80.624553
2025-12-31 01:30:00,6188.300000,70.440000,62.018023,73.741428
2025-12-31 01:35:00,6154.380000,70.050000,66.596999,75.344201
2025-12-31 01:40:00,6153.430000,70.900000,64.421006,74.538079
2025-12-31 01:45:00,6121.050000,73.200000,64.744174,75.240462
2025-12-31 01:50:00,6113.590000,70.580000,62.299468,73.340708
2025-12-31 01:55:00,6148.220000,81.440000,62.719719,75.843866
2025-12-31 02:00:00,6058.250000,69.670000,59.949239,73.201706
2025-12-31 02:05:00,6049.770000,73.200000,68.797188,73.186336
2025-12-31 02:10:00,6084.250000,70.190000,68.892856,75.814697
2025-12-31 02:15:00,6090.840000,73.200000,66.593905,79.346637
2025-12-31 02:20:00,6039.110000,73.200000,65.701374,78.528246
2025-12-31 02:25:00,6065.140000,58.400000,65.286487,75.351169
2025-12-31 02:30:00,6025.980000,67.300000,61.549126,76.082305
2025-12-31 02:35:00,6026.510000,68.860000,65.894828,75.879227
2025-12-31 02:40:00,6021.620000,56.980000,66.609214,76.699660
2025-12-31 02:45:00,5971.330000,57.060000,67.959951,78.241373
2025-12-31 02:50:00,5990.480000,64.890000,67.078563,77.834175
2025-12-31 02:55:00,5964.820000,64.890000,72.132312,84.156889
2025-12-31 03:00:00,5954.420000,57.480000,68.756607,77.433157
2025-12-31 03:05:00,5946.550000,57.060000,71.098132,82.603043
2025-12-31 03:10:00,5995.070000,58.430000,69.043442,81.010078
2025-12-31 03:15:00,5991.590000,58.800000,70.443869,82.272073
2025-12-31 03:20:00,5946.050000,58.400000,68.792658,81.577246
2025-12-31 03:25:00,5962.000000,58.080000,62.273441,72.138669
2025-12-31 03:30:00,5956.380000,64.890000,66.702236,77.756286
2025-12-31 03:35:00,5949.540000,67.550000,66.702236,78.957827
2025-12-31 03:40:00,6015.380000,57.060000,66.377517,71.718700
2025-12-31 03:45:00,5981.740000,57.060000,67.676631,71.394171
2025-12-31 03:50:00,5962.930000,57.060000,69.993531,77.481051
2025-12-31 03:55:00,5968.050000,57.060000,70.197784,77.481051
2025-12-31 04:00:00,6003.940000,65.730000,67.676631,70.662595
2025-12-31 04:05:00,5952.680000,66.420000,67.676631,71.588279
2025-12-31 04:10:00,5982.790000,55.740000,60.572558,72.155119
2025-12-31 04:15:00,5941.360000,57.060000,58.942036,72.040847
2025-12-31 04:20:00,5948.870000,57.060000,58.906795,72.471741
2025-12-31 04:25:00,6064.120000,56.980000,64.411407,74.021900
2025-12-31 04:30:00,6025.570000,56.980000,66.718468,77.242229
2025-12-31 04:35:00,6020.510000,56.980000,67.133278,79.941930
2025-12-31 04:40:00,6035.640000,57.060000,57.580917,67.699066
2025-12-31 04:45:00,6022.440000,56.070000,57.580917,67.632173
2025-12-31 04:50:00,6041.730000,56.980000,61.700368,68.439352
2025-12-31 04:55:00,6060.160000,57.060000,61.764919,68.439352
2025-12-31 05:00:00,6107.000000,57.060000,66.889545,77.018956
2025-12-31 05:05:00,6114.460000,63.670000,63.743099,73.403927
2025-12-31 05:10:00,6167.890000,57.060000,56.015503,67.918774
2025-12-31 05:15:00,6121.690000,62.790000,60.310433,67.795330
2025-12-31 05:20:00,6101.230000,61.630000,59.923187,68.101093
2025-12-31 05:25:00,6051.890000,56.980000,55.854479,66.178911
2025-12-31 05:30:00,6067.530000,54.130000,50.000201,66.028121
2025-12-31 05:35:00,6006.540000,53.570000,40.201432,61.222431
2025-12-31 05:40:00,6077.200000,44.540000,36.297684,60.742639
2025-12-31 05:45:00,6057.170000,0.000000,29.261669,57.935071
2025-12-31 05:50:00,6009.160000,-6.210000,12.333302,49.218543
2025-12-31 05:55:00,6029.700000,-7.800000,2.000672,49.544998
2025-12-31 06:00:00,6010.860000,-9.410000,-0.134766,35.740095
2025-12-31 06:05:00,5986.890000,-7.440000,-0.528589,38.763072
2025-12-31 06:10:00,5977.320000,-7.360000,-1.205671,33.884368
2025-12-31 06:15:00,5951.540000,-7.270000,-1.811329,33.593819
2025-12-31 06:20:00,5947.980000,-10.000000,-1.235899,33.622943
2025-12-31 06:25:00,5958.420000,-9.650000,-1.459171,30.992387
2025-12-31 06:30:00,5871.290000,-7.270000,-1.386397,29.785458
2025-12-31 06:35:00,5860.250000,-7.340000,-0.454783,29.937112
2025-12-31 06:40:00,5816.300000,-6.440000,0.343588,29.145396
2025-12-31 06:45:00,5781.090000,-6.570000,-4.771024,2.410804
2025-12-31 06:50:00,5682.650000,-6.030000,-7.808774,-1.023255
2025-12-31 06:55:00,5643.720000,-6.060000,-9.204237,-1.025027
2025-12-31 07:00:00,5578.790000,-5.970000,-9.204237,-3.727876
2025-12-31 07:05:00,5650.740000,-6.140000,-9.204237,-0.808579
2025-12-31 07:10:00,5693.790000,-6.280000,-9.089162,-0.927908
2025-12-31 07:15:00,5651.380000,-6.300000,-9.089162,-0.774933
2025-12-31 07:20:00,5612.480000,-6.340000,-8.528701,-1.663854
2025-12-31 07:25:00,5643.500000,0.000000,-8.421969,-1.712967
2025-12-31 07:30:00,5671.290000,0.000000,-9.793865,-0.601791
2025-12-31 07:35:00,5664.940000,72.480000,-9.434309,-0.537379
2025-12-31 07:40:00,5641.480000,45.480000,-0.312670,40.345897
2025-12-31 07:45:00,5593.830000,36.060000,-0.367654,44.156768
2025-12-31 07:50:00,5520.620000,36.060000,-0.409878,58.768338
2025-12-31 07:55:00,5458.500000,-7.360000,-0.730975,58.768338
2025-12-31 08:00:00,5379.340000,0.000000,-0.887383,43.792456
2025-12-31 08:05:00,5297.990000,-7.320000,-1.004949,43.792456
2025-12-31 08:10:00,5320.610000,-7.230000,-1.239073,42.927264
2025-12-31 08:15:00,5409.980000,-7.620000,0.189249,40.451728
2025-12-31 08:20:00,5330.690000,-5.510000,0.189249,41.532215
2025-12-31 08:25:00,5376.580000,-5.510000,2.819024,47.674769
2025-12-31 08:30:00,5405.090000,-7.230000,-1.702380,33.064369
2025-12-31 08:35:00,5278.490000,-7.980000,-3.781775,18.088028
2025-12-31 08:40:00,5248.220000,-8.920000,-1.129950,32.937167
2025-12-31 08:45:00,5187.940000,-7.130000,-0.081489,26.564187
2025-12-31 08:50:00,5127.970000,-8.330000,0.186640,23.568574
2025-12-31 08:55:00,5061.410000,-7.040000,-10.777309,-4.371039
2025-12-31 09:00:00,5065.290000,-8.350000,-5.884626,-0.203479
2025-12-31 09:05:00,5044.000000,-7.280000,-10.448192,-6.028764
2025-12-31 09:10:00,5163.650000,-7.350000,-9.656729,-6.158637
2025-12-31 09:15:00,5293.890000,34.730000,-10.140599,-6.194716
2025-12-31 09:20:00,5330.700000,58.430000,-3.392764,9.620407
2025-12-31 09:25:00,5320.480000,43.530000,-1.640607,13.742887
2025-12-31 09:30:00,5203.210000,133.290000,-0.956735,14.210222
2025-12-31 09:35:00,5230.520000,-5.510000,-3.397632,25.789030
2025-12-31 09:40:00,5318.860000,-4.460000,-2.881419,20.019706
2025-12-31 09:45:00,5393.590000,59.410000,-3.391048,24.906266
2025-12-31 09:50:00,5451.370000,75.000000,-3.686272,35.655234
2025-12-31 09:55:00,5532.770000,44.060000,-2.907159,42.690668
2025-12-31 10:00:00,5581.960000,5.070000,1.293855,59.290383
2025-12-31 10:05:00,5637.810000,78.000000,1.293855,55.511142
2025-12-31 10:10:00,5653.670000,36.060000,1.306276,56.283735
2025-12-31 10:15:00,5567.760000,-9.200000,1.302067,58.667456
2025-12-31 10:20:00,5576.420000,36.060000,0.373224,61.998137
2025-12-31 10:25:00,5443.460000,59.870000,0.414688,62.311856
2025-12-31 10:30:00,5481.310000,77.000000,1.713793,109.005742
2025-12-31 10:35:00,5437.820000,-9.550000,0.563583,44.522057
2025-12-31 10:40:00,5457.180000,58.100000,1.593778,47.186435
2025-12-31 10:45:00,5226.910000,-9.140000,-0.753475,39.505304
2025-12-31 10:50:00,5101.530000,-9.040000,-2.800698,24.239504
2025-12-31 10:55:00,4999.770000,-10.690000,-3.425350,21.021770
2025-12-31 11:00:00,5023.540000,-7.880000,-4.406550,25.772684
2025-12-31 11:05:00,5000.210000,-12.700000,-3.583684,17.601054
2025-12-31 11:10:00,4873.700000,-9.920000,-2.891945,19.903011
2025-12-31 11:15:00,4864.260000,-10.210000,-1.727261,16.169707
2025-12-31 11:20:00,4845.550000,-7.880000,-2.891945,19.903011
2025-12-31 11:25:00,4892.910000,-8.610000,-2.359377,16.445285
2025-12-31 11:30:00,4887.020000,-10.000000,-1.299029,16.150213
2025-12-31 11:35:00,4891.480000,-10.580000,-1.439048,13.749275
2025-12-31 11:40:00,4971.020000,-10.560000,-0.210185,17.197881
2025-12-31 11:45:00,4973.750000,-8.870000,-11.042563,-9.875386
2025-12-31 11:50:00,4926.990000,-12.010000,-11.697048,-8.595986
2025-12-31 11:55:00,4995.100000,-10.420000,-12.409431,-9.835313
2025-12-31 12:00:00,5044.740000,-7.660000,-11.748870,-5.920172
2025-12-31 12:05:00,5056.510000,-9.220000,-12.865244,-10.600371
2025-12-31 12:10:00,5039.610000,-8.520000,-11.029815,-9.269695
2025-12-31 12:15:00,4956.580000,-9.970000,-9.395006,-9.260989
2025-12-31 12:20:00,4911.640000,-7.120000,-10.283098,-4.298582
2025-12-31 12:25:00,4993.060000,-7.200000,-9.025989,-7.185625
2025-12-31 12:30:00,5079.770000,-6.860000,-7.731094,-10.029490
2025-12-31 12:35:00,5244.500000,-6.780000,-8.420487,-10.247200
2025-12-31 12:40:00,5372.960000,0.000000,-7.911947,-9.020921
2025-12-31 12:45:00,5337.970000,0.000000,-7.488600,-5.902462
2025-12-31 12:50:00,5298.130000,0.000000,-7.542354,-6.293897
2025-12-31 12:55:00,5260.430000,0.000000,-6.314963,-7.018855
2025-12-31 13:00:00,5300.550000,-5.010000,-5.393809,-3.775246
2025-12-31 13:05:00,5371.370000,0.000000,-5.307120,-4.191904
2025-12-31 13:10:00,5446.910000,-6.740000,-5.183384,-3.205323
2025-12-31 13:15:00,5418.830000,0.000000,-5.408565,-5.548073
2025-12-31 13:20:00,5398.320000,0.010000,-5.881406,-3.072627
2025-12-31 13:25:00,5444.480000,14.810000,-5.812070,-3.415585
2025-12-31 13:30:00,5509.620000,0.510000,-3.506585,0.391012
2025-12-31 13:35:00,5553.410000,45.720000,-4.165659,-1.014825
2025-12-31 13:40:00,5610.560000,45.130000,3.477192,37.681127
2025-12-31 13:45:00,5520.050000,34.780000,2.667605,40.217633
2025-12-31 13:50:00,5335.160000,18.100000,2.348759,50.109201
2025-12-31 13:55:00,5321.860000,33.680000,2.399769,50.094050
2025-12-31 14:00:00,5350.180000,4.480000,3.285453,48.282774
2025-12-31 14:05:00,5469.040000,0.510000,3.315161,45.230428
2025-12-31 14:10:00,5561.140000,-7.010000,1.301813,43.492579
2025-12-31 14:15:00,5701.200000,0.000000,6.614035,50.290184
2025-12-31 14:20:00,5728.790000,0.000000,7.110645,49.941748
2025-12-31 14:25:00,5822.060000,0.000000,9.774102,55.135857
2025-12-31 14:30:00,6038.150000,40.650000,7.701944,73.923399
2025-12-31 14:35:00,6110.650000,39.660000,13.295512,82.947961
2025-12-31 14:40:00,6259.310000,77.230000,19.515863,90.882727
2025-12-31 14:45:00,6252.440000,103.990000,18.876765,89.550613
2025-12-31 14:50:00,6337.060000,68.480000,21.989425,96.372790
2025-12-31 14:55:00,6395.380000,69.290000,18.769083,101.050775
2025-12-31 15:00:00,6448.340000,66.980000,7.203642,94.725350
2025-12-31 15:05:00,6514.280000,80.320000,7.056311,91.920944
2025-12-31 15:10:00,6576.020000,99.610000,3.866198,91.074305
2025-12-31 15:15:00,6477.680000,56.780000,6.799709,90.893708
2025-12-31 15:20:00,6474.960000,64.270000,8.859195,92.527293
2025-12-31 15:25:00,6284.510000,53.280000,7.832415,82.479447
2025-12-31 15:30:00,6297.430000,51.570000,14.063306,84.581028
2025-12-31 15:35:00,6233.900000,33.060000,10.999587,62.746687
2025-12-31 15:40:00,6088.720000,4.810000,2.072577,57.553368
2025-12-31 15:45:00,6070.490000,41.090000,1.137467,78.278648
2025-12-31 15:50:00,6063.300000,36.060000,0.324469,44.984408
2025-12-31 15:55:00,6096.010000,42.400000,0.766026,45.564583
2025-12-31 16:00:00,6165.440000,58.450000,2.951812,56.933147
2025-12-31 16:05:00,6097.130000,36.060000,0.739003,50.890679
2025-12-31 16:10:00,6234.460000,56.260000,1.123180,69.365209
2025-12-31 16:15:00,6096.990000,-5.510000,2.829279,47.488414
2025-12-31 16:20:00,6179.910000,41.910000,1.476778,51.135676
2025-12-31 16:25:00,6295.480000,-7.880000,3.232675,56.180498
2025-12-31 16:30:00,6463.790000,47.340000,4.419077,60.784603
2025-12-31 16:35:00,6595.210000,57.300000,9.888592,70.857701
2025-12-31 16:40:00,6676.070000,36.060000,6.611559,67.654255
2025-12-31 16:45:00,6737.290000,36.060000,12.181081,78.143996
2025-12-31 16:50:00,6978.720000,57.300000,20.232490,85.592603
2025-12-31 16:55:00,7021.640000,80.020000,27.897530,87.648853
2025-12-31 17:00:00,7177.750000,69.750000,23.226653,87.530164
2025-12-31 17:05:00,7196.100000,57.300000,13.813729,89.138307
2025-12-31 17:10:00,7233.140000,57.030000,18.893265,88.196830
2025-12-31 17:15:00,7305.750000,56.980000,6.388135,74.962333
2025-12-31 17:20:00,7258.770000,56.690000,23.791477,85.977778
2025-12-31 17:25:00,7297.920000,57.030000,5.864079,71.874814
2025-12-31 17:30:00,7386.460000,57.080000,39.595559,84.610699
2025-12-31 17:35:00,7358.380000,44.700000,30.946681,81.561293
2025-12-31 17:40:00,7371.470000,45.490000,22.590734,73.094740
2025-12-31 17:45:00,7382.290000,43.630000,24.109562,72.993713
2025-12-31 17:50:00,7456.320000,57.300000,38.168425,84.683869
2025-12-31 17:55:00,7470.850000,56.990000,43.918628,92.803063
2025-12-31 18:00:00,7458.100000,57.300000,45.849662,95.039647
2025-12-31 18:05:00,7471.910000,50.740000,43.297520,87.444752
2025-12-31 18:10:00,7418.850000,48.590000,43.773396,86.760107
2025-12-31 18:15:00,7424.070000,51.030000,48.822751,90.581456
2025-12-31 18:20:00,7355.800000,55.260000,61.314194,89.998758
2025-12-31 18:25:00,7370.970000,57.080000,52.126724,86.718060
2025-12-31 18:30:00,7393.220000,69.340000,64.253967,90.636131
2025-12-31 18:35:00,7369.020000,68.800000,54.584121,87.469745
2025-12-31 18:40:00,7292.780000,57.300000,59.577324,89.171543
2025-12-31 18:45:00,7366.500000,57.300000,62.077605,88.981284
2025-12-31 18:50:00,7321.540000,57.300000,73.466376,92.396190
2025-12-31 18:55:00,7269.530000,64.780000,71.919965,87.467282
2025-12-31 19:00:00,7209.820000,66.030000,70.909707,89.021621
2025-12-31 19:05:00,7250.690000,72.010000,70.945928,84.713993
2025-12-31 19:10:00,7216.320000,71.280000,73.119909,84.703436
2025-12-31 19:15:00,7233.080000,68.470000,71.873019,85.153772
2025-12-31 19:20:00,7216.910000,78.230000,75.032787,85.906675
2025-12-31 19:25:00,7247.240000,74.440000,79.886454,89.841807
2025-12-31 19:30:00,7244.340000,80.020000,87.126278,97.552940
2025-12-31 19:35:00,7241.990000,67.420000,86.119003,99.778345
2025-12-31 19:40:00,7169.810000,58.520000,76.545723,89.967257
2025-12-31 19:45:00,7276.680000,75.890000,78.104590,90.912196
2025-12-31 19:50:00,7169.800000,71.430000,71.246133,83.495009
2025-12-31 19:55:00,7176.260000,71.840000,70.678802,84.297331
2025-12-31 20:00:00,7180.180000,65.620000,70.276692,84.755878
2025-12-31 20:05:00,7198.590000,80.020000,77.746940,87.390127
2025-12-31 20:10:00,7137.500000,74.340000,75.288878,86.903235
2025-12-31 20:15:00,7073.000000,69.040000,71.789886,81.967683
2025-12-31 20:20:00,7064.300000,58.790000,75.660070,87.164829
2025-12-31 20:25:00,7089.180000,59.960000,70.435628,78.997616
2025-12-31 20:30:00,7108.190000,59.130000,71.421562,81.448646
2025-12-31 20:35:00,7023.080000,67.150000,67.220940,78.070214
2025-12-31 20:40:00,7077.970000,72.530000,62.976130,74.716690
2025-12-31 20:45:00,6979.050000,68.620000,71.109965,80.112253
2025-12-31 20:50:00,7061.100000,67.530000,69.790396,80.681313
2025-12-31 20:55:00,7070.930000,73.010000,69.790396,80.669796
2025-12-31 21:00:00,7034.420000,72.550000,64.988190,78.696791
2025-12-31 21:05:00,7024.390000,72.270000,72.096135,82.056130
2025-12-31 21:10:00,7133.810000,73.720000,69.067341,80.885171
2025-12-31 21:15:00,7134.820000,72.270000,67.174624,77.229284
2025-12-31 21:20:00,7146.740000,69.270000,61.200880,70.780199
2025-12-31 21:25:00,7176.820000,71.400000,61.751457,70.979211
2025-12-31 21:30:00,7148.600000,71.050000,57.317524,70.178361
2025-12-31 21:35:00,7123.220000,57.300000,65.799952,73.001298
2025-12-31 21:40:00,7177.730000,58.010000,63.946716,76.966859
2025-12-31 21:45:00,7145.470000,57.300000,67.017369,75.963261
2025-12-31 21:50:00,7226.220000,57.980000,67.347228,76.372255
2025-12-31 21:55:00,7186.220000,57.300000,64.571179,76.696771
2025-12-31 22:00:00,7185.490000,57.400000,69.092653,76.639443
2025-12-31 22:05:00,7113.910000,69.100000,68.754247,76.639443
2025-12-31 22:10:00,7132.080000,57.300000,68.754247,76.671472
2025-12-31 22:15:00,7191.350000,69.170000,69.457859,78.892819
2025-12-31 22:20:00,7137.250000,70.400000,66.664993,76.846035
2025-12-31 22:25:00,7131.390000,58.950000,67.317300,77.658531
2025-12-31 22:30:00,7128.000000,58.840000,67.817573,78.158998
2025-12-31 22:35:00,7051.510000,57.300000,64.159151,70.289941
2025-12-31 22:40:00,7081.130000,72.420000,62.136083,70.823855
2025-12-31 22:45:00,7002.770000,58.280000,62.399481,70.418039
2025-12-31 22:50:00,7065.950000,58.320000,63.216384,71.973261
2025-12-31 22:55:00,6976.970000,57.030000,63.216384,70.089370
2025-12-31 23:00:00,7017.870000,57.300000,63.216384,70.121930
2025-12-31 23:05:00,6886.240000,57.300000,66.016038,75.633739
2025-12-31 23:10:00,6947.740000,71.280000,63.216384,70.561306
2025-12-31 23:15:00,6873.090000,57.300000,62.207138,75.875978
2025-12-31 23:20:00,6871.740000,57.300000,62.814618,75.633739
2025-12-31 23:25:00,6793.640000,57.300000,51.854735,70.021499
2025-12-31 23:30:00,6896.410000,57.300000,62.206618,69.995848
2025-12-31 23:35:00,6783.260000,57.300000,53.040252,69.001150
2025-12-31 23:40:00,6815.600000,58.190000,67.267121,76.555336
2025-12-31 23:45:00,6747.400000,68.250000,56.775049,68.988337
2025-12-31 23:50:00,6787.870000,77.330000,55.743645,69.438030
2025-12-31 23:55:00,6751.400000,67.930000,56.775049,70.039320
