REGION,SETTLEMENTDATE,TOTALDEMAND,RRP,PERIODTYPE
NSW1,2026/07/01 00:05:00,8080.22,74.05,TRADE
NSW1,2026/07/01 00:10:00,8188.48,77.19,TRADE
NSW1,2026/07/01 00:15:00,8222.81,103.73,TRADE
NSW1,2026/07/01 00:20:00,8129.67,98.52,TRADE
NSW1,2026/07/01 00:25:00,8121.23,82.96,TRADE
NSW1,2026/07/01 00:30:00,8093.9,77.40,TRADE
NSW1,2026/07/01 00:35:00,8047.74,82.96,TRADE
NSW1,2026/07/01 00:40:00,8016.85,82.96,TRADE
NSW1,2026/07/01 00:45:00,7962.41,98.52,TRADE
NSW1,2026/07/01 00:50:00,7970.39,97.84,TRADE
NSW1,2026/07/01 00:55:00,7894.82,74.05,TRADE
NSW1,2026/07/01 01:00:00,7912.25,79.04,TRADE
NSW1,2026/07/01 01:05:00,7871.22,100.94,TRADE
NSW1,2026/07/01 01:10:00,7813.82,93.14,TRADE
NSW1,2026/07/01 01:15:00,7768.5,82.96,TRADE
NSW1,2026/07/01 01:20:00,7707.17,82.96,TRADE
NSW1,2026/07/01 01:25:00,7673.02,83.74,TRADE
NSW1,2026/07/01 01:30:00,7615.51,84.94,TRADE
NSW1,2026/07/01 01:35:00,7589.23,84.94,TRADE
NSW1,2026/07/01 01:40:00,7556.48,84.94,TRADE
NSW1,2026/07/01 01:45:00,7508.73,82.96,TRADE
NSW1,2026/07/01 01:50:00,7490.44,89.01,TRADE
NSW1,2026/07/01 01:55:00,7484.67,89.01,TRADE
NSW1,2026/07/01 02:00:00,7424.53,82.96,TRADE
NSW1,2026/07/01 02:05:00,7412.71,89,TRADE
NSW1,2026/07/01 02:10:00,7352.69,87.04,TRADE
NSW1,2026/07/01 02:15:00,7282.08,87.02,TRADE
NSW1,2026/07/01 02:20:00,7277.74,82.96,TRADE
NSW1,2026/07/01 02:25:00,7234.36,82.96,TRADE
NSW1,2026/07/01 02:30:00,7186.31,82.96,TRADE
NSW1,2026/07/01 02:35:00,7146.38,86.52,TRADE
NSW1,2026/07/01 02:40:00,7211.92,89.01,TRADE
NSW1,2026/07/01 02:45:00,7189.03,87.64,TRADE
NSW1,2026/07/01 02:50:00,7172.28,82.96,TRADE
NSW1,2026/07/01 02:55:00,7110.9,85.99,TRADE
NSW1,2026/07/01 03:00:00,7045.7,84.92,TRADE
NSW1,2026/07/01 03:05:00,7023.56,82.96,TRADE
NSW1,2026/07/01 03:10:00,6975.66,82.96,TRADE
NSW1,2026/07/01 03:15:00,6970.32,82.96,TRADE
NSW1,2026/07/01 03:20:00,6977.72,89.01,TRADE
NSW1,2026/07/01 03:25:00,6917.99,89,TRADE
NSW1,2026/07/01 03:30:00,6944.24,82.96,TRADE
NSW1,2026/07/01 03:35:00,6910.7,82.96,TRADE
NSW1,2026/07/01 03:40:00,6905.13,83.71,TRADE
NSW1,2026/07/01 03:45:00,6935.29,89,TRADE
NSW1,2026/07/01 03:50:00,6963.97,89,TRADE
NSW1,2026/07/01 03:55:00,6987.61,85.91,TRADE
NSW1,2026/07/01 04:00:00,6964.66,89,TRADE
NSW1,2026/07/01 04:05:00,6971.06,74.06,TRADE
NSW1,2026/07/01 04:10:00,6997.85,77.94,TRADE
NSW1,2026/07/01 04:15:00,7031.51,79,TRADE
NSW1,2026/07/01 04:20:00,7030.1,79,TRADE
NSW1,2026/07/01 04:25:00,7012.49,82.98,TRADE
NSW1,2026/07/01 04:30:00,7054.57,74.06,TRADE
NSW1,2026/07/01 04:35:00,7051.44,78.38,TRADE
NSW1,2026/07/01 04:40:00,7045.42,79,TRADE
NSW1,2026/07/01 04:45:00,7075.32,82.98,TRADE
NSW1,2026/07/01 04:50:00,7064.61,82.98,TRADE
NSW1,2026/07/01 04:55:00,7116.15,79,TRADE
NSW1,2026/07/01 05:00:00,7118.1,75.81,TRADE
NSW1,2026/07/01 05:05:00,7185.43,79,TRADE
NSW1,2026/07/01 05:10:00,7313.3,82.74,TRADE
NSW1,2026/07/01 05:15:00,7371.72,95.87,TRADE
NSW1,2026/07/01 05:20:00,7401.06,79,TRADE
NSW1,2026/07/01 05:25:00,7485.03,82.98,TRADE
NSW1,2026/07/01 05:30:00,7459.07,82.98,TRADE
NSW1,2026/07/01 05:35:00,7569.56,62.76,TRADE
NSW1,2026/07/01 05:40:00,7651.61,84.79,TRADE
NSW1,2026/07/01 05:45:00,7671.19,97.43,TRADE
NSW1,2026/07/01 05:50:00,7698.73,84.79,TRADE
NSW1,2026/07/01 05:55:00,7795.62,88.88,TRADE
NSW1,2026/07/01 06:00:00,7836.33,86.94,TRADE
NSW1,2026/07/01 06:05:00,7928.39,86.90,TRADE
NSW1,2026/07/01 06:10:00,8087.6,92.95,TRADE
NSW1,2026/07/01 06:15:00,8199.01,93.43,TRADE
NSW1,2026/07/01 06:20:00,8322.54,107.52,TRADE
NSW1,2026/07/01 06:25:00,8446.08,97.67,TRADE
NSW1,2026/07/01 06:30:00,8496.72,108.84,TRADE
NSW1,2026/07/01 06:35:00,8606.82,110.49,TRADE
NSW1,2026/07/01 06:40:00,8712.72,119.75,TRADE
NSW1,2026/07/01 06:45:00,8835.31,116.82,TRADE
NSW1,2026/07/01 06:50:00,8882.04,117.82,TRADE
NSW1,2026/07/01 06:55:00,8974.01,115.72,TRADE
NSW1,2026/07/01 07:00:00,8974.75,114.88,TRADE
NSW1,2026/07/01 07:05:00,9028.09,112.10,TRADE
NSW1,2026/07/01 07:10:00,9110.9,114.54,TRADE
NSW1,2026/07/01 07:15:00,9227.06,118.39,TRADE
NSW1,2026/07/01 07:20:00,9269.28,115.73,TRADE
NSW1,2026/07/01 07:25:00,9365.31,121.09,TRADE
NSW1,2026/07/01 07:30:00,9431.68,118.57,TRADE
NSW1,2026/07/01 07:35:00,9456.1,121.09,TRADE
NSW1,2026/07/01 07:40:00,9493.26,115.29,TRADE
NSW1,2026/07/01 07:45:00,9462.22,116.54,TRADE
NSW1,2026/07/01 07:50:00,9506.03,118.26,TRADE
NSW1,2026/07/01 07:55:00,9528.95,113.94,TRADE
NSW1,2026/07/01 08:00:00,9439.16,111.01,TRADE
NSW1,2026/07/01 08:05:00,9434.85,115.18,TRADE
NSW1,2026/07/01 08:10:00,9415.23,117.12,TRADE
NSW1,2026/07/01 08:15:00,9409.33,129.45,TRADE
NSW1,2026/07/01 08:20:00,9321.05,122.12,TRADE
NSW1,2026/07/01 08:25:00,9259.21,108.84,TRADE
NSW1,2026/07/01 08:30:00,9183.64,108.84,TRADE
NSW1,2026/07/01 08:35:00,9184.5,115.18,TRADE
NSW1,2026/07/01 08:40:00,9091.36,114.54,TRADE
NSW1,2026/07/01 08:45:00,8987.02,115.18,TRADE
NSW1,2026/07/01 08:50:00,8911.42,108.84,TRADE
NSW1,2026/07/01 08:55:00,8852.74,111,TRADE
NSW1,2026/07/01 09:00:00,8805.21,111,TRADE
NSW1,2026/07/01 09:05:00,8714.48,115.18,TRADE
NSW1,2026/07/01 09:10:00,8830.53,111,TRADE
NSW1,2026/07/01 09:15:00,8726.65,111,TRADE
NSW1,2026/07/01 09:20:00,8671.97,97.67,TRADE
NSW1,2026/07/01 09:25:00,8675.15,82.98,TRADE
NSW1,2026/07/01 09:30:00,8640.66,82.98,TRADE
NSW1,2026/07/01 09:35:00,8515.41,74.06,TRADE
NSW1,2026/07/01 09:40:00,8609.76,82.98,TRADE
NSW1,2026/07/01 09:45:00,8524.42,99.01,TRADE
NSW1,2026/07/01 09:50:00,8432.39,99.01,TRADE
NSW1,2026/07/01 09:55:00,8471.79,80,TRADE
NSW1,2026/07/01 10:00:00,8416.21,97.67,TRADE
NSW1,2026/07/01 10:05:00,8258.48,88.88,TRADE
NSW1,2026/07/01 10:10:00,8262.32,111,TRADE
NSW1,2026/07/01 10:15:00,8245.75,111,TRADE
NSW1,2026/07/01 10:20:00,8190.94,111,TRADE
NSW1,2026/07/01 10:25:00,8188.64,82.98,TRADE
NSW1,2026/07/01 10:30:00,8110.6,82.98,TRADE
NSW1,2026/07/01 10:35:00,8028.48,82.98,TRADE
NSW1,2026/07/01 10:40:00,8038.72,88.88,TRADE
NSW1,2026/07/01 10:45:00,8011.38,88.88,TRADE
NSW1,2026/07/01 10:50:00,7989.3,88.88,TRADE
NSW1,2026/07/01 10:55:00,7924.86,82.98,TRADE
NSW1,2026/07/01 11:00:00,7866.42,82.98,TRADE
NSW1,2026/07/01 11:05:00,7732.45,82.98,TRADE
NSW1,2026/07/01 11:10:00,7852.54,95.95,TRADE
NSW1,2026/07/01 11:15:00,7798.44,84.32,TRADE
NSW1,2026/07/01 11:20:00,7784.02,82.98,TRADE
NSW1,2026/07/01 11:25:00,7815.26,82.98,TRADE
NSW1,2026/07/01 11:30:00,7751.65,82.98,TRADE
NSW1,2026/07/01 11:35:00,7812.29,82.98,TRADE
NSW1,2026/07/01 11:40:00,7770.4,82.98,TRADE
NSW1,2026/07/01 11:45:00,7679.23,82.98,TRADE
NSW1,2026/07/01 11:50:00,7657.56,82.98,TRADE
NSW1,2026/07/01 11:55:00,7618.15,82.98,TRADE
NSW1,2026/07/01 12:00:00,7589.2,82.98,TRADE
NSW1,2026/07/01 12:05:00,7620.29,82.98,TRADE
NSW1,2026/07/01 12:10:00,7594.38,92.14,TRADE
NSW1,2026/07/01 12:15:00,7559.67,82.98,TRADE
NSW1,2026/07/01 12:20:00,7475.34,87,TRADE
NSW1,2026/07/01 12:25:00,7460.97,82.98,TRADE
NSW1,2026/07/01 12:30:00,7410.93,82.98,TRADE
NSW1,2026/07/01 12:35:00,7406.98,82.98,TRADE
NSW1,2026/07/01 12:40:00,7444.95,88.23,TRADE
NSW1,2026/07/01 12:45:00,7332.8,84.79,TRADE
NSW1,2026/07/01 12:50:00,7313.96,82.98,TRADE
NSW1,2026/07/01 12:55:00,7245.67,84.51,TRADE
NSW1,2026/07/01 13:00:00,7183.98,82.98,TRADE
NSW1,2026/07/01 13:05:00,7202.03,82.98,TRADE
NSW1,2026/07/01 13:10:00,7228.63,84.04,TRADE
NSW1,2026/07/01 13:15:00,7217.36,88.88,TRADE
NSW1,2026/07/01 13:20:00,7250.59,88.88,TRADE
NSW1,2026/07/01 13:25:00,7363.78,88.88,TRADE
NSW1,2026/07/01 13:30:00,7390.91,88.43,TRADE
NSW1,2026/07/01 13:35:00,7423.6,85.11,TRADE
NSW1,2026/07/01 13:40:00,7493.37,88.87,TRADE
NSW1,2026/07/01 13:45:00,7540.22,77.48,TRADE
NSW1,2026/07/01 13:50:00,7592.16,76.46,TRADE
NSW1,2026/07/01 13:55:00,7659.39,82.98,TRADE
NSW1,2026/07/01 14:00:00,7571.16,82.98,TRADE
NSW1,2026/07/01 14:05:00,7642.07,82.98,TRADE
NSW1,2026/07/01 14:10:00,7645.23,82.98,TRADE
NSW1,2026/07/01 14:15:00,7745.51,91.60,TRADE
NSW1,2026/07/01 14:20:00,7856.98,93.86,TRADE
NSW1,2026/07/01 14:25:00,7974.12,96.95,TRADE
NSW1,2026/07/01 14:30:00,8040.38,96.31,TRADE
NSW1,2026/07/01 14:35:00,8162.39,91.10,TRADE
NSW1,2026/07/01 14:40:00,8192.37,97.34,TRADE
NSW1,2026/07/01 14:45:00,8224.63,97.29,TRADE
NSW1,2026/07/01 14:50:00,8345.58,97.81,TRADE
NSW1,2026/07/01 14:55:00,8396.57,88.88,TRADE
NSW1,2026/07/01 15:00:00,8360.23,88.88,TRADE
NSW1,2026/07/01 15:05:00,8449.58,82.98,TRADE
NSW1,2026/07/01 15:10:00,8429.51,82.98,TRADE
NSW1,2026/07/01 15:15:00,8459.31,82.98,TRADE
NSW1,2026/07/01 15:20:00,8488.41,82.98,TRADE
NSW1,2026/07/01 15:25:00,8531.02,82.98,TRADE
NSW1,2026/07/01 15:30:00,8543.28,82.98,TRADE
NSW1,2026/07/01 15:35:00,8586.47,100.81,TRADE
NSW1,2026/07/01 15:40:00,8659.32,83.91,TRADE
NSW1,2026/07/01 15:45:00,8711.85,82.98,TRADE
NSW1,2026/07/01 15:50:00,8738.97,82.98,TRADE
NSW1,2026/07/01 15:55:00,8758.89,111.01,TRADE
NSW1,2026/07/01 16:00:00,8755.55,111.01,TRADE
NSW1,2026/07/01 16:05:00,8764.89,88.88,TRADE
NSW1,2026/07/01 16:10:00,8772.04,105.62,TRADE
NSW1,2026/07/01 16:15:00,8830.78,108.84,TRADE
NSW1,2026/07/01 16:20:00,8877.94,111.01,TRADE
NSW1,2026/07/01 16:25:00,8941.49,113.01,TRADE
NSW1,2026/07/01 16:30:00,8997.54,115.18,TRADE
NSW1,2026/07/01 16:35:00,9043.98,111.01,TRADE
NSW1,2026/07/01 16:40:00,9158.74,111.01,TRADE
NSW1,2026/07/01 16:45:00,9252.92,111.01,TRADE
NSW1,2026/07/01 16:50:00,9322.86,111.01,TRADE
NSW1,2026/07/01 16:55:00,9460.31,116.56,TRADE
NSW1,2026/07/01 17:00:00,9504.57,111.01,TRADE
NSW1,2026/07/01 17:05:00,9612.06,111.01,TRADE
NSW1,2026/07/01 17:10:00,9658.98,109.85,TRADE
NSW1,2026/07/01 17:15:00,9738.99,109.21,TRADE
NSW1,2026/07/01 17:20:00,9769.87,111.01,TRADE
NSW1,2026/07/01 17:25:00,9897.87,112.74,TRADE
NSW1,2026/07/01 17:30:00,9960.09,111.09,TRADE
NSW1,2026/07/01 17:35:00,10023.71,111.01,TRADE
NSW1,2026/07/01 17:40:00,10025.06,111.01,TRADE
NSW1,2026/07/01 17:45:00,10128.01,110.83,TRADE
NSW1,2026/07/01 17:50:00,10120.26,109.99,TRADE
NSW1,2026/07/01 17:55:00,10190.29,111.01,TRADE
NSW1,2026/07/01 18:00:00,10184.13,111.01,TRADE
NSW1,2026/07/01 18:05:00,10181.75,111.01,TRADE
NSW1,2026/07/01 18:10:00,10118.41,111.01,TRADE
NSW1,2026/07/01 18:15:00,10071.49,108.84,TRADE
NSW1,2026/07/01 18:20:00,10013.07,108.84,TRADE
NSW1,2026/07/01 18:25:00,10081.4,108.84,TRADE
NSW1,2026/07/01 18:30:00,10077.16,108.84,TRADE
NSW1,2026/07/01 18:35:00,10038.49,96.62,TRADE
NSW1,2026/07/01 18:40:00,10002.03,97.36,TRADE
NSW1,2026/07/01 18:45:00,9990.04,94.49,TRADE
NSW1,2026/07/01 18:50:00,9967.79,94.48,TRADE
NSW1,2026/07/01 18:55:00,9966.72,100.55,TRADE
NSW1,2026/07/01 19:00:00,9895.07,99.93,TRADE
NSW1,2026/07/01 19:05:00,9868.99,97.67,TRADE
NSW1,2026/07/01 19:10:00,9839.71,95.96,TRADE
NSW1,2026/07/01 19:15:00,9804.35,96.64,TRADE
NSW1,2026/07/01 19:20:00,9764.78,95.46,TRADE
NSW1,2026/07/01 19:25:00,9779.43,93.43,TRADE
NSW1,2026/07/01 19:30:00,9682.07,93.43,TRADE
NSW1,2026/07/01 19:35:00,9711.09,93.43,TRADE
NSW1,2026/07/01 19:40:00,9677.45,93.43,TRADE
NSW1,2026/07/01 19:45:00,9659.18,93.43,TRADE
NSW1,2026/07/01 19:50:00,9646.28,93.43,TRADE
NSW1,2026/07/01 19:55:00,9607.02,88.88,TRADE
NSW1,2026/07/01 20:00:00,9499.13,88.67,TRADE
NSW1,2026/07/01 20:05:00,9469.23,88.68,TRADE
NSW1,2026/07/01 20:10:00,9427.87,88.69,TRADE
NSW1,2026/07/01 20:15:00,9425.38,88.88,TRADE
NSW1,2026/07/01 20:20:00,9372.63,88.88,TRADE
NSW1,2026/07/01 20:25:00,9363.72,88.88,TRADE
NSW1,2026/07/01 20:30:00,9345.96,88.88,TRADE
NSW1,2026/07/01 20:35:00,9298.64,88.88,TRADE
NSW1,2026/07/01 20:40:00,9340.6,88.88,TRADE
NSW1,2026/07/01 20:45:00,9281.29,88.75,TRADE
NSW1,2026/07/01 20:50:00,9255.83,88.88,TRADE
NSW1,2026/07/01 20:55:00,9193.34,86.30,TRADE
NSW1,2026/07/01 21:00:00,9119.79,79,TRADE
NSW1,2026/07/01 21:05:00,9095.6,84.79,TRADE
NSW1,2026/07/01 21:10:00,9137.23,86.39,TRADE
NSW1,2026/07/01 21:15:00,9108.6,79,TRADE
NSW1,2026/07/01 21:20:00,9041.06,76.33,TRADE
NSW1,2026/07/01 21:25:00,8970.98,86.91,TRADE
NSW1,2026/07/01 21:30:00,8941.67,79,TRADE
NSW1,2026/07/01 21:35:00,8836.69,83.14,TRADE
NSW1,2026/07/01 21:40:00,8868.27,86.01,TRADE
NSW1,2026/07/01 21:45:00,8804.79,84.79,TRADE
NSW1,2026/07/01 21:50:00,8679.54,79,TRADE
NSW1,2026/07/01 21:55:00,8574.14,74.85,TRADE
NSW1,2026/07/01 22:00:00,8596.07,75.52,TRADE
NSW1,2026/07/01 22:05:00,8526.21,84.79,TRADE
NSW1,2026/07/01 22:10:00,8635.63,91.22,TRADE
NSW1,2026/07/01 22:15:00,8660.89,88.01,TRADE
NSW1,2026/07/01 22:20:00,8610.79,84.79,TRADE
NSW1,2026/07/01 22:25:00,8563.88,74.33,TRADE
NSW1,2026/07/01 22:30:00,8500.27,74.06,TRADE
NSW1,2026/07/01 22:35:00,8431.85,76.27,TRADE
NSW1,2026/07/01 22:40:00,8453.53,76.85,TRADE
NSW1,2026/07/01 22:45:00,8388.78,79.11,TRADE
NSW1,2026/07/01 22:50:00,8371.1,74.11,TRADE
NSW1,2026/07/01 22:55:00,8275.09,74.06,TRADE
NSW1,2026/07/01 23:00:00,8245.51,75.06,TRADE
NSW1,2026/07/01 23:05:00,8248.65,87.21,TRADE
NSW1,2026/07/01 23:10:00,8257.63,84.79,TRADE
NSW1,2026/07/01 23:15:00,8099.06,74.06,TRADE
NSW1,2026/07/01 23:20:00,8097.06,84.63,TRADE
NSW1,2026/07/01 23:25:00,8044.24,74.06,TRADE
NSW1,2026/07/01 23:30:00,8036.69,64.89,TRADE
NSW1,2026/07/01 23:35:00,8023.41,74.61,TRADE
NSW1,2026/07/01 23:40:00,7942.35,74.70,TRADE
NSW1,2026/07/01 23:45:00,7891.21,74.18,TRADE
NSW1,2026/07/01 23:50:00,7893.39,74.06,TRADE
NSW1,2026/07/01 23:55:00,7856.91,74.06,TRADE
NSW1,2026/07/02 00:00:00,7838.83,64.89,TRADE
NSW1,2026/07/02 00:05:00,7749.96,75.25,TRADE
NSW1,2026/07/02 00:10:00,7926.96,84.79,TRADE
NSW1,2026/07/02 00:15:00,7872.76,79,TRADE
NSW1,2026/07/02 00:20:00,7927.99,84.79,TRADE
NSW1,2026/07/02 00:25:00,7917.1,79,TRADE
NSW1,2026/07/02 00:30:00,7823.26,74.06,TRADE
NSW1,2026/07/02 00:35:00,7763.21,73.71,TRADE
NSW1,2026/07/02 00:40:00,7797.56,77.82,TRADE
NSW1,2026/07/02 00:45:00,7800.34,74.06,TRADE
NSW1,2026/07/02 00:50:00,7691.56,72.81,TRADE
NSW1,2026/07/02 00:55:00,7666.54,72.36,TRADE
NSW1,2026/07/02 01:00:00,7733.62,73.35,TRADE
NSW1,2026/07/02 01:05:00,7681.54,73.39,TRADE
NSW1,2026/07/02 01:10:00,7676.1,74.06,TRADE
NSW1,2026/07/02 01:15:00,7618.59,74.06,TRADE
NSW1,2026/07/02 01:20:00,7539.72,74.06,TRADE
NSW1,2026/07/02 01:25:00,7411.5,70.39,TRADE
NSW1,2026/07/02 01:30:00,7427.22,70.84,TRADE
NSW1,2026/07/02 01:35:00,7365.73,70.37,TRADE
NSW1,2026/07/02 01:40:00,7355.97,70.86,TRADE
NSW1,2026/07/02 01:45:00,7251.37,69.53,TRADE
NSW1,2026/07/02 01:50:00,7223.67,70.92,TRADE
NSW1,2026/07/02 01:55:00,7277.21,70.26,TRADE
NSW1,2026/07/02 02:00:00,7247.38,70.02,TRADE
NSW1,2026/07/02 02:05:00,7220.63,70,TRADE
NSW1,2026/07/02 02:10:00,7182.77,70.46,TRADE
NSW1,2026/07/02 02:15:00,7088.38,69.55,TRADE
NSW1,2026/07/02 02:20:00,6991.44,56.28,TRADE
NSW1,2026/07/02 02:25:00,7127.34,70.03,TRADE
NSW1,2026/07/02 02:30:00,7066.47,74.06,TRADE
NSW1,2026/07/02 02:35:00,6966.96,68.25,TRADE
NSW1,2026/07/02 02:40:00,7022.12,57.49,TRADE
NSW1,2026/07/02 02:45:00,6982.88,69.06,TRADE
NSW1,2026/07/02 02:50:00,6974.64,69.11,TRADE
NSW1,2026/07/02 02:55:00,6822.1,55.79,TRADE
NSW1,2026/07/02 03:00:00,6786.31,55.37,TRADE
NSW1,2026/07/02 03:05:00,6853.12,72,TRADE
NSW1,2026/07/02 03:10:00,6909.25,72,TRADE
NSW1,2026/07/02 03:15:00,6838.43,50.05,TRADE
NSW1,2026/07/02 03:20:00,6887.84,54.21,TRADE
NSW1,2026/07/02 03:25:00,6871.82,72,TRADE
NSW1,2026/07/02 03:30:00,6838.18,73,TRADE
NSW1,2026/07/02 03:35:00,6817.58,72,TRADE
NSW1,2026/07/02 03:40:00,6869.03,50.05,TRADE
NSW1,2026/07/02 03:45:00,6852.48,53.77,TRADE
NSW1,2026/07/02 03:50:00,6812.72,73,TRADE
NSW1,2026/07/02 03:55:00,6819.63,72,TRADE
NSW1,2026/07/02 04:00:00,6792.72,55.03,TRADE
NSW1,2026/07/02 04:05:00,6763.48,59.48,TRADE
NSW1,2026/07/02 04:10:00,6780.44,72,TRADE
NSW1,2026/07/02 04:15:00,6809,61.02,TRADE
NSW1,2026/07/02 04:20:00,6858.72,69.26,TRADE
NSW1,2026/07/02 04:25:00,6840.14,57.46,TRADE
NSW1,2026/07/02 04:30:00,6851.66,61.02,TRADE
NSW1,2026/07/02 04:35:00,6890.98,61.02,TRADE
NSW1,2026/07/02 04:40:00,6889.29,72,TRADE
NSW1,2026/07/02 04:45:00,6947.74,72.83,TRADE
NSW1,2026/07/02 04:50:00,6968.25,61.02,TRADE
NSW1,2026/07/02 04:55:00,7010.88,58.16,TRADE
NSW1,2026/07/02 05:00:00,7007.66,61.02,TRADE
NSW1,2026/07/02 05:05:00,7016.28,67.19,TRADE
NSW1,2026/07/02 05:10:00,7114.53,72,TRADE
NSW1,2026/07/02 05:15:00,7243.7,61.02,TRADE
NSW1,2026/07/02 05:20:00,7317.87,61.02,TRADE
NSW1,2026/07/02 05:25:00,7339.29,72.57,TRADE
NSW1,2026/07/02 05:30:00,7359.31,73,TRADE
NSW1,2026/07/02 05:35:00,7384.61,59.45,TRADE
NSW1,2026/07/02 05:40:00,7509.64,68.82,TRADE
NSW1,2026/07/02 05:45:00,7518.17,73,TRADE
NSW1,2026/07/02 05:50:00,7490.79,50.05,TRADE
NSW1,2026/07/02 05:55:00,7638.82,56.78,TRADE
NSW1,2026/07/02 06:00:00,7657.51,73,TRADE
NSW1,2026/07/02 06:05:00,7738.9,73.54,TRADE
NSW1,2026/07/02 06:10:00,7831.82,84.79,TRADE
NSW1,2026/07/02 06:15:00,7945.83,88.88,TRADE
NSW1,2026/07/02 06:20:00,8074.5,92.50,TRADE
NSW1,2026/07/02 06:25:00,8208.56,88.22,TRADE
NSW1,2026/07/02 06:30:00,8243.98,93.64,TRADE
NSW1,2026/07/02 06:35:00,8278.89,89.81,TRADE
NSW1,2026/07/02 06:40:00,8490.74,107.48,TRADE
NSW1,2026/07/02 06:45:00,8562.31,93.95,TRADE
NSW1,2026/07/02 06:50:00,8566.44,93.95,TRADE
NSW1,2026/07/02 06:55:00,8627.36,93.95,TRADE
NSW1,2026/07/02 07:00:00,8735.2,93.95,TRADE
NSW1,2026/07/02 07:05:00,8735.23,93.95,TRADE
NSW1,2026/07/02 07:10:00,8820.2,93.95,TRADE
NSW1,2026/07/02 07:15:00,8874.13,96.80,TRADE
NSW1,2026/07/02 07:20:00,9038.12,134.89,TRADE
NSW1,2026/07/02 07:25:00,9052.48,134.89,TRADE
NSW1,2026/07/02 07:30:00,9063.82,121.09,TRADE
NSW1,2026/07/02 07:35:00,9050.12,102.96,TRADE
NSW1,2026/07/02 07:40:00,9179.99,108.32,TRADE
NSW1,2026/07/02 07:45:00,9142.74,108.84,TRADE
NSW1,2026/07/02 07:50:00,9080.57,102.33,TRADE
NSW1,2026/07/02 07:55:00,9031.73,100.96,TRADE
NSW1,2026/07/02 08:00:00,9005.58,101.08,TRADE
NSW1,2026/07/02 08:05:00,8973.77,103.91,TRADE
NSW1,2026/07/02 08:10:00,8959.92,93.95,TRADE
NSW1,2026/07/02 08:15:00,8810.89,79.43,TRADE
NSW1,2026/07/02 08:20:00,8773.21,90.17,TRADE
NSW1,2026/07/02 08:25:00,8676.6,64.39,TRADE
NSW1,2026/07/02 08:30:00,8600.05,74.06,TRADE
NSW1,2026/07/02 08:35:00,8426.68,74.06,TRADE
NSW1,2026/07/02 08:40:00,8374.35,75.26,TRADE
NSW1,2026/07/02 08:45:00,8242.66,65.88,TRADE
NSW1,2026/07/02 08:50:00,8148.31,50.05,TRADE
NSW1,2026/07/02 08:55:00,8085.39,58.86,TRADE
NSW1,2026/07/02 09:00:00,7974.73,73,TRADE
NSW1,2026/07/02 09:05:00,8019.14,58.58,TRADE
NSW1,2026/07/02 09:10:00,8039.1,58.93,TRADE
NSW1,2026/07/02 09:15:00,7996.31,59.61,TRADE
NSW1,2026/07/02 09:20:00,7906.42,75.91,TRADE
NSW1,2026/07/02 09:25:00,7745.51,79,TRADE
NSW1,2026/07/02 09:30:00,7653.43,57.43,TRADE
NSW1,2026/07/02 09:35:00,7693.5,63.07,TRADE
NSW1,2026/07/02 09:40:00,7691.28,74.60,TRADE
NSW1,2026/07/02 09:45:00,7599,73.83,TRADE
NSW1,2026/07/02 09:50:00,7575.37,61.33,TRADE
NSW1,2026/07/02 09:55:00,7553.44,58.54,TRADE
NSW1,2026/07/02 10:00:00,7490.39,50.05,TRADE
NSW1,2026/07/02 10:05:00,7449.39,69.69,TRADE
NSW1,2026/07/02 10:10:00,7421.88,73,TRADE
NSW1,2026/07/02 10:15:00,7324.14,73,TRADE
NSW1,2026/07/02 10:20:00,7250.13,57.76,TRADE
NSW1,2026/07/02 10:25:00,7146.16,50.05,TRADE
NSW1,2026/07/02 10:30:00,7151.23,70.04,TRADE
NSW1,2026/07/02 10:35:00,7056.5,72,TRADE
NSW1,2026/07/02 10:40:00,7007.89,50.05,TRADE
NSW1,2026/07/02 10:45:00,6945.53,50.05,TRADE
NSW1,2026/07/02 10:50:00,6998.2,69.37,TRADE
NSW1,2026/07/02 10:55:00,6878.07,72,TRADE
NSW1,2026/07/02 11:00:00,6894.44,50.05,TRADE
NSW1,2026/07/02 11:05:00,6852.49,55.59,TRADE
NSW1,2026/07/02 11:10:00,6944.87,67.38,TRADE
NSW1,2026/07/02 11:15:00,6854.32,71.52,TRADE
NSW1,2026/07/02 11:20:00,6746.74,72.08,TRADE
NSW1,2026/07/02 11:25:00,6831.56,73,TRADE
NSW1,2026/07/02 11:30:00,6739.81,50.05,TRADE
NSW1,2026/07/02 11:35:00,6772.59,50.05,TRADE
NSW1,2026/07/02 11:40:00,6842.38,50.88,TRADE
NSW1,2026/07/02 11:45:00,6888.93,61.02,TRADE
NSW1,2026/07/02 11:50:00,6773.28,61.02,TRADE
NSW1,2026/07/02 11:55:00,6722.63,61.02,TRADE
NSW1,2026/07/02 12:00:00,6619.23,50.05,TRADE
NSW1,2026/07/02 12:05:00,6742.36,61.02,TRADE
NSW1,2026/07/02 12:10:00,6642.81,50.05,TRADE
NSW1,2026/07/02 12:15:00,6732.8,61.02,TRADE
NSW1,2026/07/02 12:20:00,6623.24,50.05,TRADE
NSW1,2026/07/02 12:25:00,6660.7,50.05,TRADE
NSW1,2026/07/02 12:30:00,6582.52,50.05,TRADE
NSW1,2026/07/02 12:35:00,6547.7,69.37,TRADE
NSW1,2026/07/02 12:40:00,6373.76,51.11,TRADE
NSW1,2026/07/02 12:45:00,6372.8,50.05,TRADE
NSW1,2026/07/02 12:50:00,6331.82,50.05,TRADE
NSW1,2026/07/02 12:55:00,6419.36,50.05,TRADE
NSW1,2026/07/02 13:00:00,6449.38,50.05,TRADE
NSW1,2026/07/02 13:05:00,6507.79,50.05,TRADE
NSW1,2026/07/02 13:10:00,6591.4,50.05,TRADE
NSW1,2026/07/02 13:15:00,6593.82,73,TRADE
NSW1,2026/07/02 13:20:00,6542.57,50.05,TRADE
NSW1,2026/07/02 13:25:00,6619.96,73,TRADE
NSW1,2026/07/02 13:30:00,6549.47,73,TRADE
NSW1,2026/07/02 13:35:00,6530.71,50.05,TRADE
NSW1,2026/07/02 13:40:00,6545.8,50.05,TRADE
NSW1,2026/07/02 13:45:00,6597.9,50.88,TRADE
NSW1,2026/07/02 13:50:00,6522.78,61.02,TRADE
NSW1,2026/07/02 13:55:00,6599.35,72.06,TRADE
NSW1,2026/07/02 14:00:00,6639.13,73,TRADE
NSW1,2026/07/02 14:05:00,6567.12,73,TRADE
NSW1,2026/07/02 14:10:00,6632.14,50.05,TRADE
NSW1,2026/07/02 14:15:00,6642.72,50.05,TRADE
NSW1,2026/07/02 14:20:00,6702.64,79,TRADE
NSW1,2026/07/02 14:25:00,6740.91,81.94,TRADE
NSW1,2026/07/02 14:30:00,6739.11,74.06,TRADE
NSW1,2026/07/02 14:35:00,6760.32,73,TRADE
NSW1,2026/07/02 14:40:00,6856.65,70.01,TRADE
NSW1,2026/07/02 14:45:00,6970.92,50.88,TRADE
NSW1,2026/07/02 14:50:00,7001.6,50.88,TRADE
NSW1,2026/07/02 14:55:00,7100.85,73,TRADE
NSW1,2026/07/02 15:00:00,7155.63,73,TRADE
NSW1,2026/07/02 15:05:00,7156.82,50.05,TRADE
NSW1,2026/07/02 15:10:00,7220.4,50.05,TRADE
NSW1,2026/07/02 15:15:00,7358.94,50.05,TRADE
NSW1,2026/07/02 15:20:00,7468.96,50.05,TRADE
NSW1,2026/07/02 15:25:00,7566.25,50.05,TRADE
NSW1,2026/07/02 15:30:00,7615.48,50.05,TRADE
NSW1,2026/07/02 15:35:00,7687.99,61.02,TRADE
NSW1,2026/07/02 15:40:00,7734.35,73.25,TRADE
NSW1,2026/07/02 15:45:00,7861.69,50.05,TRADE
NSW1,2026/07/02 15:50:00,8044.72,50.05,TRADE
NSW1,2026/07/02 15:55:00,8037.17,79,TRADE
NSW1,2026/07/02 16:00:00,8060.1,88.88,TRADE
NSW1,2026/07/02 16:05:00,8209.13,72.99,TRADE
NSW1,2026/07/02 16:10:00,8306.59,73.25,TRADE
NSW1,2026/07/02 16:15:00,8437.07,84.79,TRADE
NSW1,2026/07/02 16:20:00,8516.39,79,TRADE
NSW1,2026/07/02 16:25:00,8578.35,84.79,TRADE
NSW1,2026/07/02 16:30:00,8760.31,93.95,TRADE
NSW1,2026/07/02 16:35:00,8716.72,75.22,TRADE
NSW1,2026/07/02 16:40:00,8914.44,84.79,TRADE
NSW1,2026/07/02 16:45:00,9000.14,101.10,TRADE
NSW1,2026/07/02 16:50:00,8943.9,92.70,TRADE
NSW1,2026/07/02 16:55:00,9136.4,101.10,TRADE
NSW1,2026/07/02 17:00:00,9178.63,101.10,TRADE
NSW1,2026/07/02 17:05:00,9129.13,101.10,TRADE
NSW1,2026/07/02 17:10:00,9135.24,93.78,TRADE
NSW1,2026/07/02 17:15:00,9300.37,101.10,TRADE
NSW1,2026/07/02 17:20:00,9383.21,101.10,TRADE
NSW1,2026/07/02 17:25:00,9510.83,101.10,TRADE
NSW1,2026/07/02 17:30:00,9620.66,101.10,TRADE
NSW1,2026/07/02 17:35:00,9668.89,101.10,TRADE
NSW1,2026/07/02 17:40:00,9573.45,101.10,TRADE
NSW1,2026/07/02 17:45:00,9676.46,101.10,TRADE
NSW1,2026/07/02 17:50:00,9689.17,101.10,TRADE
NSW1,2026/07/02 17:55:00,9776.65,101.10,TRADE
NSW1,2026/07/02 18:00:00,9740.65,101.10,TRADE
NSW1,2026/07/02 18:05:00,9716.33,91.98,TRADE
NSW1,2026/07/02 18:10:00,9770.18,93.20,TRADE
NSW1,2026/07/02 18:15:00,9650.16,97.67,TRADE
NSW1,2026/07/02 18:20:00,9715.71,101.10,TRADE
NSW1,2026/07/02 18:25:00,9687.04,91.96,TRADE
NSW1,2026/07/02 18:30:00,9683.22,92.56,TRADE
NSW1,2026/07/02 18:35:00,9686.35,95.80,TRADE
NSW1,2026/07/02 18:40:00,9711.29,95.43,TRADE
NSW1,2026/07/02 18:45:00,9593.14,84.79,TRADE
NSW1,2026/07/02 18:50:00,9630.66,79,TRADE
NSW1,2026/07/02 18:55:00,9719.82,84.79,TRADE
NSW1,2026/07/02 19:00:00,9729.66,84.79,TRADE
NSW1,2026/07/02 19:05:00,9677.67,90.39,TRADE
NSW1,2026/07/02 19:10:00,9623.29,77.28,TRADE
NSW1,2026/07/02 19:15:00,9546.09,83.61,TRADE
NSW1,2026/07/02 19:20:00,9469.35,84.79,TRADE
NSW1,2026/07/02 19:25:00,9551.51,84.79,TRADE
NSW1,2026/07/02 19:30:00,9540.06,84.32,TRADE
NSW1,2026/07/02 19:35:00,9491.89,88.88,TRADE
NSW1,2026/07/02 19:40:00,9417.63,88.88,TRADE
NSW1,2026/07/02 19:45:00,9400.03,84.79,TRADE
NSW1,2026/07/02 19:50:00,9429.4,84.79,TRADE
NSW1,2026/07/02 19:55:00,9456.27,84.79,TRADE
NSW1,2026/07/02 20:00:00,9390.58,84.79,TRADE
NSW1,2026/07/02 20:05:00,9317.29,84.79,TRADE
NSW1,2026/07/02 20:10:00,9390.44,84.89,TRADE
NSW1,2026/07/02 20:15:00,9417.98,84.89,TRADE
NSW1,2026/07/02 20:20:00,9378.58,81.03,TRADE
NSW1,2026/07/02 20:25:00,9405.99,83.75,TRADE
NSW1,2026/07/02 20:30:00,9294.06,73.25,TRADE
NSW1,2026/07/02 20:35:00,9306.35,77.28,TRADE
NSW1,2026/07/02 20:40:00,9340.91,79,TRADE
NSW1,2026/07/02 20:45:00,9268.85,77.28,TRADE
NSW1,2026/07/02 20:50:00,9213.73,77.92,TRADE
NSW1,2026/07/02 20:55:00,9195.38,82.53,TRADE
NSW1,2026/07/02 21:00:00,9099.87,72.05,TRADE
NSW1,2026/07/02 21:05:00,9048.51,82.58,TRADE
NSW1,2026/07/02 21:10:00,9039.4,83.09,TRADE
NSW1,2026/07/02 21:15:00,9041.06,85.87,TRADE
NSW1,2026/07/02 21:20:00,8879.82,81.06,TRADE
NSW1,2026/07/02 21:25:00,8818.81,79,TRADE
NSW1,2026/07/02 21:30:00,8828.75,73.47,TRADE
NSW1,2026/07/02 21:35:00,8826.81,91.56,TRADE
NSW1,2026/07/02 21:40:00,8770.95,80.09,TRADE
NSW1,2026/07/02 21:45:00,8722.41,79.58,TRADE
NSW1,2026/07/02 21:50:00,8587.59,73.25,TRADE
NSW1,2026/07/02 21:55:00,8654.12,79,TRADE
NSW1,2026/07/02 22:00:00,8569,73.25,TRADE
NSW1,2026/07/02 22:05:00,8464.35,70.81,TRADE
NSW1,2026/07/02 22:10:00,8554.36,73.25,TRADE
NSW1,2026/07/02 22:15:00,8530.87,71.67,TRADE
NSW1,2026/07/02 22:20:00,8589.51,73.25,TRADE
NSW1,2026/07/02 22:25:00,8504.48,73.25,TRADE
NSW1,2026/07/02 22:30:00,8444.62,43.05,TRADE
NSW1,2026/07/02 22:35:00,8427.75,57.53,TRADE
NSW1,2026/07/02 22:40:00,8377.92,67.44,TRADE
NSW1,2026/07/02 22:45:00,8368.6,79,TRADE
NSW1,2026/07/02 22:50:00,8307.76,77.81,TRADE
NSW1,2026/07/02 22:55:00,8244.03,68.66,TRADE
NSW1,2026/07/02 23:00:00,8214.66,68.21,TRADE
NSW1,2026/07/02 23:05:00,8175.86,71.64,TRADE
NSW1,2026/07/02 23:10:00,8143.27,70.26,TRADE
NSW1,2026/07/02 23:15:00,8130.41,70.76,TRADE
NSW1,2026/07/02 23:20:00,8030.66,56.59,TRADE
NSW1,2026/07/02 23:25:00,8034.72,57,TRADE
NSW1,2026/07/02 23:30:00,7952.91,57.39,TRADE
NSW1,2026/07/02 23:35:00,7975.49,57.47,TRADE
NSW1,2026/07/02 23:40:00,7899.32,60.43,TRADE
NSW1,2026/07/02 23:45:00,7869.51,57.59,TRADE
NSW1,2026/07/02 23:50:00,7866.8,69.25,TRADE
NSW1,2026/07/02 23:55:00,7806.89,79,TRADE
NSW1,2026/07/03 00:00:00,7780.16,55.09,TRADE
NSW1,2026/07/03 00:05:00,7741.08,60.43,TRADE
NSW1,2026/07/03 00:10:00,7819.47,74.88,TRADE
NSW1,2026/07/03 00:15:00,7871.57,81.14,TRADE
NSW1,2026/07/03 00:20:00,7836.7,79,TRADE
NSW1,2026/07/03 00:25:00,7784.79,74.93,TRADE
NSW1,2026/07/03 00:30:00,7831.13,75.44,TRADE
NSW1,2026/07/03 00:35:00,7693.45,58.34,TRADE
NSW1,2026/07/03 00:40:00,7660.06,55.61,TRADE
NSW1,2026/07/03 00:45:00,7777.57,71.27,TRADE
NSW1,2026/07/03 00:50:00,7789.27,84.79,TRADE
NSW1,2026/07/03 00:55:00,7787.14,58.65,TRADE
NSW1,2026/07/03 01:00:00,7697.04,56.36,TRADE
NSW1,2026/07/03 01:05:00,7651.55,57.47,TRADE
NSW1,2026/07/03 01:10:00,7622.72,71.44,TRADE
NSW1,2026/07/03 01:15:00,7549.95,77.11,TRADE
NSW1,2026/07/03 01:20:00,7487.58,46.83,TRADE
NSW1,2026/07/03 01:25:00,7409.04,46.22,TRADE
NSW1,2026/07/03 01:30:00,7356.84,68.82,TRADE
NSW1,2026/07/03 01:35:00,7357.77,71.17,TRADE
NSW1,2026/07/03 01:40:00,7369.9,46.86,TRADE
NSW1,2026/07/03 01:45:00,7266.22,55.71,TRADE
NSW1,2026/07/03 01:50:00,7244.02,70.23,TRADE
NSW1,2026/07/03 01:55:00,7229.08,75.20,TRADE
NSW1,2026/07/03 02:00:00,7211.16,46.99,TRADE
NSW1,2026/07/03 02:05:00,7225.53,56.81,TRADE
NSW1,2026/07/03 02:10:00,7152.54,70.13,TRADE
NSW1,2026/07/03 02:15:00,7184.17,75.62,TRADE
NSW1,2026/07/03 02:20:00,7156.44,47.30,TRADE
NSW1,2026/07/03 02:25:00,7129.8,47.15,TRADE
NSW1,2026/07/03 02:30:00,7099.79,57.39,TRADE
NSW1,2026/07/03 02:35:00,7045.55,57.39,TRADE
NSW1,2026/07/03 02:40:00,7019.04,57.39,TRADE
NSW1,2026/07/03 02:45:00,7058.73,56.85,TRADE
NSW1,2026/07/03 02:50:00,7015.83,56.86,TRADE
NSW1,2026/07/03 02:55:00,6934.2,56.49,TRADE
NSW1,2026/07/03 03:00:00,6882.53,56.15,TRADE
NSW1,2026/07/03 03:05:00,6907.31,56.10,TRADE
NSW1,2026/07/03 03:10:00,6879.07,46.55,TRADE
NSW1,2026/07/03 03:15:00,6940.39,58.44,TRADE
NSW1,2026/07/03 03:20:00,6973.29,70.16,TRADE
NSW1,2026/07/03 03:25:00,6976.82,47.56,TRADE
NSW1,2026/07/03 03:30:00,6956.17,56.83,TRADE
NSW1,2026/07/03 03:35:00,6911.92,69.74,TRADE
NSW1,2026/07/03 03:40:00,6899.12,56.48,TRADE
NSW1,2026/07/03 03:45:00,6879.17,56.43,TRADE
NSW1,2026/07/03 03:50:00,6793.31,57.39,TRADE
NSW1,2026/07/03 03:55:00,6829.44,57.39,TRADE
NSW1,2026/07/03 04:00:00,6808.87,57.39,TRADE
NSW1,2026/07/03 04:05:00,6766.09,46.75,TRADE
NSW1,2026/07/03 04:10:00,6840.1,57.39,TRADE
NSW1,2026/07/03 04:15:00,6903.32,57.39,TRADE
NSW1,2026/07/03 04:20:00,6801.94,54.23,TRADE
NSW1,2026/07/03 04:25:00,6941.62,57.39,TRADE
NSW1,2026/07/03 04:30:00,6923.67,73.17,TRADE
NSW1,2026/07/03 04:35:00,6880.38,57.39,TRADE
NSW1,2026/07/03 04:40:00,6930.37,78.16,TRADE
NSW1,2026/07/03 04:45:00,6866.3,53.50,TRADE
NSW1,2026/07/03 04:50:00,6895.59,57.39,TRADE
NSW1,2026/07/03 04:55:00,6973.8,78.11,TRADE
NSW1,2026/07/03 05:00:00,6917,57.39,TRADE
NSW1,2026/07/03 05:05:00,6972.52,57.39,TRADE
NSW1,2026/07/03 05:10:00,7144.91,83.65,TRADE
NSW1,2026/07/03 05:15:00,7152.88,70.71,TRADE
NSW1,2026/07/03 05:20:00,7256.08,84.77,TRADE
NSW1,2026/07/03 05:25:00,7279.01,79,TRADE
NSW1,2026/07/03 05:30:00,7228.46,79,TRADE
NSW1,2026/07/03 05:35:00,7363.16,71.20,TRADE
NSW1,2026/07/03 05:40:00,7469.03,70.75,TRADE
NSW1,2026/07/03 05:45:00,7492.47,70.78,TRADE
NSW1,2026/07/03 05:50:00,7508.94,71.76,TRADE
NSW1,2026/07/03 05:55:00,7626.42,83.52,TRADE
NSW1,2026/07/03 06:00:00,7625.05,83.81,TRADE
NSW1,2026/07/03 06:05:00,7748.25,57.49,TRADE
NSW1,2026/07/03 06:10:00,7940.2,79,TRADE
NSW1,2026/07/03 06:15:00,8020.74,79,TRADE
NSW1,2026/07/03 06:20:00,8130.84,90.53,TRADE
NSW1,2026/07/03 06:25:00,8175.44,86.68,TRADE
NSW1,2026/07/03 06:30:00,8178.45,88.88,TRADE
NSW1,2026/07/03 06:35:00,8319.68,73.25,TRADE
NSW1,2026/07/03 06:40:00,8444.01,84.79,TRADE
NSW1,2026/07/03 06:45:00,8528.55,84.79,TRADE
NSW1,2026/07/03 06:50:00,8696.08,84.79,TRADE
NSW1,2026/07/03 06:55:00,8700.98,90.22,TRADE
NSW1,2026/07/03 07:00:00,8689.68,84.79,TRADE
NSW1,2026/07/03 07:05:00,8869.09,85.22,TRADE
NSW1,2026/07/03 07:10:00,8942.71,84.79,TRADE
NSW1,2026/07/03 07:15:00,9027,86.94,TRADE
NSW1,2026/07/03 07:20:00,9065.54,84.79,TRADE
NSW1,2026/07/03 07:25:00,9205.15,88.88,TRADE
NSW1,2026/07/03 07:30:00,9228.31,84.79,TRADE
NSW1,2026/07/03 07:35:00,9251.28,97.55,TRADE
NSW1,2026/07/03 07:40:00,9205.37,92.83,TRADE
NSW1,2026/07/03 07:45:00,9235.34,88.41,TRADE
NSW1,2026/07/03 07:50:00,9215.74,84.79,TRADE
NSW1,2026/07/03 07:55:00,9154.78,74.50,TRADE
NSW1,2026/07/03 08:00:00,9049.82,51.95,TRADE
NSW1,2026/07/03 08:05:00,8997.19,54.88,TRADE
NSW1,2026/07/03 08:10:00,9039.85,79,TRADE
NSW1,2026/07/03 08:15:00,9060.81,57.54,TRADE
NSW1,2026/07/03 08:20:00,8917.64,57.16,TRADE
NSW1,2026/07/03 08:25:00,8877.9,51.95,TRADE
NSW1,2026/07/03 08:30:00,8774.03,49.57,TRADE
NSW1,2026/07/03 08:35:00,8709.01,35.47,TRADE
NSW1,2026/07/03 08:40:00,8735.47,60.01,TRADE
NSW1,2026/07/03 08:45:00,8606.44,61.02,TRADE
NSW1,2026/07/03 08:50:00,8411.35,51.09,TRADE
NSW1,2026/07/03 08:55:00,8394.73,27.82,TRADE
NSW1,2026/07/03 09:00:00,8415.02,50.88,TRADE
NSW1,2026/07/03 09:05:00,8324.04,59.22,TRADE
NSW1,2026/07/03 09:10:00,8218.44,50,TRADE
NSW1,2026/07/03 09:15:00,8194.67,28.85,TRADE
NSW1,2026/07/03 09:20:00,8199.62,26.11,TRADE
NSW1,2026/07/03 09:25:00,8175.44,48.17,TRADE
NSW1,2026/07/03 09:30:00,8058.2,47.08,TRADE
NSW1,2026/07/03 09:35:00,7911.17,30.86,TRADE
NSW1,2026/07/03 09:40:00,8037.17,28.37,TRADE
NSW1,2026/07/03 09:45:00,7989.88,49.27,TRADE
NSW1,2026/07/03 09:50:00,7990.13,50,TRADE
NSW1,2026/07/03 09:55:00,8002.35,33.76,TRADE
NSW1,2026/07/03 10:00:00,7951.45,101.10,TRADE
NSW1,2026/07/03 10:05:00,7838.7,121.09,TRADE
NSW1,2026/07/03 10:10:00,7863.6,97.67,TRADE
NSW1,2026/07/03 10:15:00,7858.8,97.67,TRADE
NSW1,2026/07/03 10:20:00,7835.34,97.67,TRADE
NSW1,2026/07/03 10:25:00,7798.4,34.55,TRADE
NSW1,2026/07/03 10:30:00,7737.01,27.95,TRADE
NSW1,2026/07/03 10:35:00,7714.19,42.54,TRADE
NSW1,2026/07/03 10:40:00,7741.99,70.72,TRADE
NSW1,2026/07/03 10:45:00,7641.38,74.06,TRADE
NSW1,2026/07/03 10:50:00,7616.96,51.95,TRADE
NSW1,2026/07/03 10:55:00,7663.86,51.95,TRADE
NSW1,2026/07/03 11:00:00,7559.34,51.95,TRADE
NSW1,2026/07/03 11:05:00,7555.84,51.95,TRADE
NSW1,2026/07/03 11:10:00,7696.24,31.78,TRADE
NSW1,2026/07/03 11:15:00,7703.39,23.95,TRADE
NSW1,2026/07/03 11:20:00,7684.9,24.08,TRADE
NSW1,2026/07/03 11:25:00,7749.54,50,TRADE
NSW1,2026/07/03 11:30:00,7701.4,51.95,TRADE
NSW1,2026/07/03 11:35:00,7581.8,23.95,TRADE
NSW1,2026/07/03 11:40:00,7704.29,25.95,TRADE
NSW1,2026/07/03 11:45:00,7715.94,35.76,TRADE
NSW1,2026/07/03 11:50:00,7740.77,89.10,TRADE
NSW1,2026/07/03 11:55:00,7542.17,88.88,TRADE
NSW1,2026/07/03 12:00:00,7533.01,74.06,TRADE
NSW1,2026/07/03 12:05:00,7251.06,32.30,TRADE
NSW1,2026/07/03 12:10:00,7200.25,37.15,TRADE
NSW1,2026/07/03 12:15:00,7099.96,23.95,TRADE
NSW1,2026/07/03 12:20:00,7147.95,23.95,TRADE
NSW1,2026/07/03 12:25:00,7035.67,27.88,TRADE
NSW1,2026/07/03 12:30:00,6922.01,26.04,TRADE
NSW1,2026/07/03 12:35:00,6885.25,29.89,TRADE
NSW1,2026/07/03 12:40:00,6953,7.94,TRADE
NSW1,2026/07/03 12:45:00,7041.01,24.16,TRADE
NSW1,2026/07/03 12:50:00,6944.35,23.99,TRADE
NSW1,2026/07/03 12:55:00,6831.2,12.35,TRADE
NSW1,2026/07/03 13:00:00,6871.02,23.99,TRADE
NSW1,2026/07/03 13:05:00,6756,7.81,TRADE
NSW1,2026/07/03 13:10:00,6788.3,23.99,TRADE
NSW1,2026/07/03 13:15:00,6754.98,23.95,TRADE
NSW1,2026/07/03 13:20:00,6778,7.51,TRADE
NSW1,2026/07/03 13:25:00,6852.56,7.63,TRADE
NSW1,2026/07/03 13:30:00,6928.78,11.65,TRADE
NSW1,2026/07/03 13:35:00,6793.88,23.95,TRADE
NSW1,2026/07/03 13:40:00,6777.54,8.11,TRADE
NSW1,2026/07/03 13:45:00,6838.85,9.20,TRADE
NSW1,2026/07/03 13:50:00,6820.98,24.53,TRADE
NSW1,2026/07/03 13:55:00,6768.66,7.98,TRADE
NSW1,2026/07/03 14:00:00,6818.4,7.93,TRADE
NSW1,2026/07/03 14:05:00,6896.54,23.95,TRADE
NSW1,2026/07/03 14:10:00,6891.32,9.49,TRADE
NSW1,2026/07/03 14:15:00,6868.76,7.03,TRADE
NSW1,2026/07/03 14:20:00,6905.37,7.23,TRADE
NSW1,2026/07/03 14:25:00,7005.02,1.07,TRADE
NSW1,2026/07/03 14:30:00,7068.61,23.95,TRADE
NSW1,2026/07/03 14:35:00,7051.29,23.95,TRADE
NSW1,2026/07/03 14:40:00,7103.61,14.94,TRADE
NSW1,2026/07/03 14:45:00,7140.81,1.71,TRADE
NSW1,2026/07/03 14:50:00,7350.56,16.92,TRADE
NSW1,2026/07/03 14:55:00,7343.8,43.05,TRADE
NSW1,2026/07/03 15:00:00,7352.56,0.01,TRADE
NSW1,2026/07/03 15:05:00,7508.22,0.06,TRADE
NSW1,2026/07/03 15:10:00,7494.1,0.01,TRADE
NSW1,2026/07/03 15:15:00,7542.55,0,TRADE
NSW1,2026/07/03 15:20:00,7642.35,0,TRADE
NSW1,2026/07/03 15:25:00,7735.97,0.02,TRADE
NSW1,2026/07/03 15:30:00,7836.7,15.03,TRADE
NSW1,2026/07/03 15:35:00,7876.03,23.41,TRADE
NSW1,2026/07/03 15:40:00,7967.77,28.89,TRADE
NSW1,2026/07/03 15:45:00,8053.71,42.56,TRADE
NSW1,2026/07/03 15:50:00,8164.22,51.95,TRADE
NSW1,2026/07/03 15:55:00,8277.7,78.95,TRADE
NSW1,2026/07/03 16:00:00,8442.12,89.31,TRADE
NSW1,2026/07/03 16:05:00,8561.57,73.25,TRADE
NSW1,2026/07/03 16:10:00,8637.65,73.25,TRADE
NSW1,2026/07/03 16:15:00,8720.67,87.35,TRADE
NSW1,2026/07/03 16:20:00,8790.84,84.79,TRADE
NSW1,2026/07/03 16:25:00,8968.07,73.25,TRADE
NSW1,2026/07/03 16:30:00,9122.97,92.51,TRADE
NSW1,2026/07/03 16:35:00,9182.38,93.76,TRADE
NSW1,2026/07/03 16:40:00,9232.24,73.25,TRADE
NSW1,2026/07/03 16:45:00,9365.51,77.90,TRADE
NSW1,2026/07/03 16:50:00,9472.7,87.05,TRADE
NSW1,2026/07/03 16:55:00,9578.34,86.92,TRADE
NSW1,2026/07/03 17:00:00,9680.75,89.12,TRADE
NSW1,2026/07/03 17:05:00,9711.69,83.81,TRADE
NSW1,2026/07/03 17:10:00,9652.58,73.98,TRADE
NSW1,2026/07/03 17:15:00,9783.78,78.29,TRADE
NSW1,2026/07/03 17:20:00,9944.83,101.52,TRADE
NSW1,2026/07/03 17:25:00,9949.82,84.79,TRADE
NSW1,2026/07/03 17:30:00,10078.37,76.15,TRADE
NSW1,2026/07/03 17:35:00,10226.51,79,TRADE
NSW1,2026/07/03 17:40:00,10281.77,85.64,TRADE
NSW1,2026/07/03 17:45:00,10231.79,76.66,TRADE
NSW1,2026/07/03 17:50:00,10245.26,77.52,TRADE
NSW1,2026/07/03 17:55:00,10308.85,75.97,TRADE
NSW1,2026/07/03 18:00:00,10359.9,75.18,TRADE
NSW1,2026/07/03 18:05:00,10214.6,73.25,TRADE
NSW1,2026/07/03 18:10:00,10245.3,77.28,TRADE
NSW1,2026/07/03 18:15:00,10212.39,78.13,TRADE
NSW1,2026/07/03 18:20:00,10120.17,73.25,TRADE
NSW1,2026/07/03 18:25:00,10141.18,71.40,TRADE
NSW1,2026/07/03 18:30:00,10198.95,77.20,TRADE
NSW1,2026/07/03 18:35:00,10130.77,73.25,TRADE
NSW1,2026/07/03 18:40:00,10117.39,73.25,TRADE
NSW1,2026/07/03 18:45:00,10114.2,73.25,TRADE
NSW1,2026/07/03 18:50:00,10121.48,73.25,TRADE
NSW1,2026/07/03 18:55:00,10105.12,77.26,TRADE
NSW1,2026/07/03 19:00:00,10114.59,73.25,TRADE
NSW1,2026/07/03 19:05:00,10049.03,73.25,TRADE
NSW1,2026/07/03 19:10:00,10002.21,73.68,TRADE
NSW1,2026/07/03 19:15:00,9959.08,73.25,TRADE
NSW1,2026/07/03 19:20:00,9923.11,73.25,TRADE
NSW1,2026/07/03 19:25:00,9966.3,73.25,TRADE
NSW1,2026/07/03 19:30:00,9927.15,73.25,TRADE
NSW1,2026/07/03 19:35:00,9874.15,75.51,TRADE
NSW1,2026/07/03 19:40:00,9884.74,73.25,TRADE
NSW1,2026/07/03 19:45:00,9838.9,75.62,TRADE
NSW1,2026/07/03 19:50:00,9904.12,77.18,TRADE
NSW1,2026/07/03 19:55:00,9892.76,79.63,TRADE
NSW1,2026/07/03 20:00:00,9863.79,79.58,TRADE
NSW1,2026/07/03 20:05:00,9784.11,74.12,TRADE
NSW1,2026/07/03 20:10:00,9785.39,77.28,TRADE
NSW1,2026/07/03 20:15:00,9745.62,75.78,TRADE
NSW1,2026/07/03 20:20:00,9794.05,79,TRADE
NSW1,2026/07/03 20:25:00,9776.3,77.85,TRADE
NSW1,2026/07/03 20:30:00,9678.89,77.18,TRADE
NSW1,2026/07/03 20:35:00,9661.91,73.97,TRADE
NSW1,2026/07/03 20:40:00,9591.8,75.70,TRADE
NSW1,2026/07/03 20:45:00,9609.26,75.70,TRADE
NSW1,2026/07/03 20:50:00,9594.82,77.28,TRADE
NSW1,2026/07/03 20:55:00,9600.9,77.18,TRADE
NSW1,2026/07/03 21:00:00,9490.98,77.28,TRADE
NSW1,2026/07/03 21:05:00,9528.82,79,TRADE
NSW1,2026/07/03 21:10:00,9483.5,79,TRADE
NSW1,2026/07/03 21:15:00,9465.01,79.92,TRADE
NSW1,2026/07/03 21:20:00,9402.42,73.34,TRADE
NSW1,2026/07/03 21:25:00,9363.22,74.03,TRADE
NSW1,2026/07/03 21:30:00,9301.01,79,TRADE
NSW1,2026/07/03 21:35:00,9319.83,81.89,TRADE
NSW1,2026/07/03 21:40:00,9344.08,85.10,TRADE
NSW1,2026/07/03 21:45:00,9220.04,81.35,TRADE
NSW1,2026/07/03 21:50:00,9161.07,73.25,TRADE
NSW1,2026/07/03 21:55:00,9150.9,79.51,TRADE
NSW1,2026/07/03 22:00:00,9089.12,73.25,TRADE
NSW1,2026/07/03 22:05:00,9054.4,80.21,TRADE
NSW1,2026/07/03 22:10:00,9043.96,82.06,TRADE
NSW1,2026/07/03 22:15:00,8983.03,73.25,TRADE
NSW1,2026/07/03 22:20:00,8951.03,69.79,TRADE
NSW1,2026/07/03 22:25:00,9008.15,69.38,TRADE
NSW1,2026/07/03 22:30:00,8944.57,68.99,TRADE
NSW1,2026/07/03 22:35:00,8917.12,67.67,TRADE
NSW1,2026/07/03 22:40:00,8885.7,67.70,TRADE
NSW1,2026/07/03 22:45:00,8806.37,67.68,TRADE
NSW1,2026/07/03 22:50:00,8761.12,66.88,TRADE
NSW1,2026/07/03 22:55:00,8696.59,63.89,TRADE
NSW1,2026/07/03 23:00:00,8680.23,52.91,TRADE
NSW1,2026/07/03 23:05:00,8629.36,53.58,TRADE
NSW1,2026/07/03 23:10:00,8648,69.15,TRADE
NSW1,2026/07/03 23:15:00,8543.52,65.03,TRADE
NSW1,2026/07/03 23:20:00,8562.83,69.16,TRADE
NSW1,2026/07/03 23:25:00,8470.94,66.52,TRADE
NSW1,2026/07/03 23:30:00,8450.26,56.95,TRADE
NSW1,2026/07/03 23:35:00,8394.42,70.63,TRADE
NSW1,2026/07/03 23:40:00,8341.38,81.01,TRADE
NSW1,2026/07/03 23:45:00,8263.87,79,TRADE
NSW1,2026/07/03 23:50:00,8195.27,70.62,TRADE
NSW1,2026/07/03 23:55:00,8232.99,69.73,TRADE
NSW1,2026/07/04 00:00:00,8219.12,57.42,TRADE
NSW1,2026/07/04 00:05:00,8187.04,54.46,TRADE
NSW1,2026/07/04 00:10:00,8208.31,69.35,TRADE
NSW1,2026/07/04 00:15:00,8234.63,74.88,TRADE
NSW1,2026/07/04 00:20:00,8304.83,79,TRADE
NSW1,2026/07/04 00:25:00,8326.11,72.18,TRADE
NSW1,2026/07/04 00:30:00,8318.79,71.29,TRADE
NSW1,2026/07/04 00:35:00,8298.54,78.49,TRADE
NSW1,2026/07/04 00:40:00,8156.87,71.65,TRADE
NSW1,2026/07/04 00:45:00,8044.28,58.91,TRADE
NSW1,2026/07/04 00:50:00,8051.61,58.15,TRADE
NSW1,2026/07/04 00:55:00,7988.39,57.39,TRADE
NSW1,2026/07/04 01:00:00,7913.08,57.13,TRADE
NSW1,2026/07/04 01:05:00,7887.21,58.59,TRADE
NSW1,2026/07/04 01:10:00,7846.93,55.26,TRADE
NSW1,2026/07/04 01:15:00,7798.74,50.59,TRADE
NSW1,2026/07/04 01:20:00,7737.78,58.71,TRADE
NSW1,2026/07/04 01:25:00,7712.26,58.26,TRADE
NSW1,2026/07/04 01:30:00,7632.79,43.05,TRADE
NSW1,2026/07/04 01:35:00,7596.55,48.93,TRADE
NSW1,2026/07/04 01:40:00,7691.51,59.19,TRADE
NSW1,2026/07/04 01:45:00,7584.67,58.75,TRADE
NSW1,2026/07/04 01:50:00,7635.39,51.12,TRADE
NSW1,2026/07/04 01:55:00,7592.94,57.39,TRADE
NSW1,2026/07/04 02:00:00,7536.14,58.80,TRADE
NSW1,2026/07/04 02:05:00,7479.42,70.65,TRADE
NSW1,2026/07/04 02:10:00,7442.31,57.57,TRADE
NSW1,2026/07/04 02:15:00,7405.08,57.60,TRADE
NSW1,2026/07/04 02:20:00,7342.07,71.55,TRADE
NSW1,2026/07/04 02:25:00,7224.68,72.74,TRADE
NSW1,2026/07/04 02:30:00,7279.42,43.15,TRADE
NSW1,2026/07/04 02:35:00,7217.08,57.13,TRADE
NSW1,2026/07/04 02:40:00,7159,70.71,TRADE
NSW1,2026/07/04 02:45:00,7188.48,57.39,TRADE
NSW1,2026/07/04 02:50:00,7180.4,56.65,TRADE
NSW1,2026/07/04 02:55:00,7138.79,49.29,TRADE
NSW1,2026/07/04 03:00:00,7152.12,58.03,TRADE
NSW1,2026/07/04 03:05:00,7128.48,57.39,TRADE
NSW1,2026/07/04 03:10:00,7102.46,57.18,TRADE
NSW1,2026/07/04 03:15:00,7099.6,56.83,TRADE
NSW1,2026/07/04 03:20:00,7028.29,49.67,TRADE
NSW1,2026/07/04 03:25:00,7072.55,57.39,TRADE
NSW1,2026/07/04 03:30:00,7020.23,58.11,TRADE
NSW1,2026/07/04 03:35:00,6970.07,57.39,TRADE
NSW1,2026/07/04 03:40:00,7052.93,58.44,TRADE
NSW1,2026/07/04 03:45:00,7078.74,58.14,TRADE
NSW1,2026/07/04 03:50:00,6995.06,48.64,TRADE
NSW1,2026/07/04 03:55:00,7046.69,57.56,TRADE
NSW1,2026/07/04 04:00:00,7081.15,57.39,TRADE
NSW1,2026/07/04 04:05:00,7093.9,57.39,TRADE
NSW1,2026/07/04 04:10:00,7210.68,58.61,TRADE
NSW1,2026/07/04 04:15:00,7148.38,57.66,TRADE
NSW1,2026/07/04 04:20:00,7191.65,57.39,TRADE
NSW1,2026/07/04 04:25:00,7213.52,59.02,TRADE
NSW1,2026/07/04 04:30:00,7222.41,59.05,TRADE
NSW1,2026/07/04 04:35:00,7119.95,44.27,TRADE
NSW1,2026/07/04 04:40:00,7169.47,57.39,TRADE
NSW1,2026/07/04 04:45:00,7197.67,59.02,TRADE
NSW1,2026/07/04 04:50:00,7255.7,59.42,TRADE
NSW1,2026/07/04 04:55:00,7206.19,62.59,TRADE
NSW1,2026/07/04 05:00:00,7191.89,75.04,TRADE
NSW1,2026/07/04 05:05:00,7170.65,58.49,TRADE
NSW1,2026/07/04 05:10:00,7277.64,66.52,TRADE
NSW1,2026/07/04 05:15:00,7300.65,62.83,TRADE
NSW1,2026/07/04 05:20:00,7358.2,61.35,TRADE
NSW1,2026/07/04 05:25:00,7375.9,73.32,TRADE
NSW1,2026/07/04 05:30:00,7381.3,76.48,TRADE
NSW1,2026/07/04 05:35:00,7471.23,75.96,TRADE
NSW1,2026/07/04 05:40:00,7543.92,75.58,TRADE
NSW1,2026/07/04 05:45:00,7554.37,79,TRADE
NSW1,2026/07/04 05:50:00,7569.83,79,TRADE
NSW1,2026/07/04 05:55:00,7496.73,74.94,TRADE
NSW1,2026/07/04 06:00:00,7569.11,88.88,TRADE
NSW1,2026/07/04 06:05:00,7580.19,81.09,TRADE
NSW1,2026/07/04 06:10:00,7759.17,71.40,TRADE
NSW1,2026/07/04 06:15:00,7753.8,73,TRADE
NSW1,2026/07/04 06:20:00,7830.66,95.93,TRADE
NSW1,2026/07/04 06:25:00,7850.99,90.11,TRADE
NSW1,2026/07/04 06:30:00,7887.03,74.35,TRADE
NSW1,2026/07/04 06:35:00,8003.7,71.40,TRADE
NSW1,2026/07/04 06:40:00,7976.38,83.25,TRADE
NSW1,2026/07/04 06:45:00,8123.4,93.46,TRADE
NSW1,2026/07/04 06:50:00,8160.42,85.65,TRADE
NSW1,2026/07/04 06:55:00,8159.74,77.03,TRADE
NSW1,2026/07/04 07:00:00,8168.47,86.95,TRADE
NSW1,2026/07/04 07:05:00,8214.4,73.40,TRADE
NSW1,2026/07/04 07:10:00,8403.31,71.40,TRADE
NSW1,2026/07/04 07:15:00,8545.23,71.40,TRADE
NSW1,2026/07/04 07:20:00,8551.97,71.40,TRADE
NSW1,2026/07/04 07:25:00,8582.31,93.45,TRADE
NSW1,2026/07/04 07:30:00,8496.92,71.40,TRADE
NSW1,2026/07/04 07:35:00,8543.68,71.40,TRADE
NSW1,2026/07/04 07:40:00,8615.03,71.40,TRADE
NSW1,2026/07/04 07:45:00,8620.74,67.39,TRADE
NSW1,2026/07/04 07:50:00,8590.38,60.26,TRADE
NSW1,2026/07/04 07:55:00,8601.81,59.77,TRADE
NSW1,2026/07/04 08:00:00,8547.38,45.44,TRADE
NSW1,2026/07/04 08:05:00,8611.85,70.72,TRADE
NSW1,2026/07/04 08:10:00,8581.96,70.74,TRADE
NSW1,2026/07/04 08:15:00,8538.98,81.66,TRADE
NSW1,2026/07/04 08:20:00,8511.43,69.69,TRADE
NSW1,2026/07/04 08:25:00,8484.56,58.28,TRADE
NSW1,2026/07/04 08:30:00,8402.91,42.80,TRADE
NSW1,2026/07/04 08:35:00,8372.79,43.49,TRADE
NSW1,2026/07/04 08:40:00,8291.89,43.05,TRADE
NSW1,2026/07/04 08:45:00,8216.99,43.05,TRADE
NSW1,2026/07/04 08:50:00,8030.13,42.54,TRADE
NSW1,2026/07/04 08:55:00,7965.4,42.54,TRADE
NSW1,2026/07/04 09:00:00,7923.89,41.76,TRADE
NSW1,2026/07/04 09:05:00,7927.2,67.99,TRADE
NSW1,2026/07/04 09:10:00,7874.54,42.80,TRADE
NSW1,2026/07/04 09:15:00,7792.18,37.32,TRADE
NSW1,2026/07/04 09:20:00,7694.91,36.73,TRADE
NSW1,2026/07/04 09:25:00,7577.25,42.80,TRADE
NSW1,2026/07/04 09:30:00,7508.77,42.54,TRADE
NSW1,2026/07/04 09:35:00,7316.68,41.76,TRADE
NSW1,2026/07/04 09:40:00,7370.82,56.11,TRADE
NSW1,2026/07/04 09:45:00,7303.09,43.05,TRADE
NSW1,2026/07/04 09:50:00,7243.69,38.44,TRADE
NSW1,2026/07/04 09:55:00,7235.25,43.05,TRADE
NSW1,2026/07/04 10:00:00,7040.04,33.50,TRADE
NSW1,2026/07/04 10:05:00,7032.19,43.05,TRADE
NSW1,2026/07/04 10:10:00,7011.81,43.23,TRADE
NSW1,2026/07/04 10:15:00,6972.05,28.01,TRADE
NSW1,2026/07/04 10:20:00,6922.72,28.01,TRADE
NSW1,2026/07/04 10:25:00,6865.42,44.54,TRADE
NSW1,2026/07/04 10:30:00,6691.82,43.05,TRADE
NSW1,2026/07/04 10:35:00,6649.09,33.50,TRADE
NSW1,2026/07/04 10:40:00,6599.46,32.51,TRADE
NSW1,2026/07/04 10:45:00,6537.99,43.05,TRADE
NSW1,2026/07/04 10:50:00,6352.45,42.54,TRADE
NSW1,2026/07/04 10:55:00,6351.34,24.22,TRADE
NSW1,2026/07/04 11:00:00,6312.35,25.74,TRADE
NSW1,2026/07/04 11:05:00,6309.59,43.05,TRADE
NSW1,2026/07/04 11:10:00,6269.82,43.05,TRADE
NSW1,2026/07/04 11:15:00,6265.88,28.96,TRADE
NSW1,2026/07/04 11:20:00,6353.16,41.76,TRADE
NSW1,2026/07/04 11:25:00,6247.19,43.05,TRADE
NSW1,2026/07/04 11:30:00,6180.35,32.29,TRADE
NSW1,2026/07/04 11:35:00,6069.32,43.05,TRADE
NSW1,2026/07/04 11:40:00,6118.53,52.97,TRADE
NSW1,2026/07/04 11:45:00,6073.04,28.71,TRADE
NSW1,2026/07/04 11:50:00,6068.68,41.88,TRADE
NSW1,2026/07/04 11:55:00,6026.26,27.88,TRADE
NSW1,2026/07/04 12:00:00,6023.94,27.80,TRADE
NSW1,2026/07/04 12:05:00,5995.96,29.16,TRADE
NSW1,2026/07/04 12:10:00,6048.94,33.12,TRADE
NSW1,2026/07/04 12:15:00,6005.53,30.69,TRADE
NSW1,2026/07/04 12:20:00,5908.04,43.05,TRADE
NSW1,2026/07/04 12:25:00,5894.92,43.05,TRADE
NSW1,2026/07/04 12:30:00,5909.52,31.58,TRADE
NSW1,2026/07/04 12:35:00,5883.74,42.84,TRADE
NSW1,2026/07/04 12:40:00,5827.01,32.94,TRADE
NSW1,2026/07/04 12:45:00,5839.55,43.05,TRADE
NSW1,2026/07/04 12:50:00,5774.82,42.87,TRADE
NSW1,2026/07/04 12:55:00,5843.76,43.05,TRADE
NSW1,2026/07/04 13:00:00,5741.94,41.76,TRADE
NSW1,2026/07/04 13:05:00,5780.77,29.56,TRADE
NSW1,2026/07/04 13:10:00,5903.6,42.08,TRADE
NSW1,2026/07/04 13:15:00,5818.82,11.30,TRADE
NSW1,2026/07/04 13:20:00,5851.94,26.32,TRADE
NSW1,2026/07/04 13:25:00,5894.8,32.75,TRADE
NSW1,2026/07/04 13:30:00,5774.94,11.03,TRADE
NSW1,2026/07/04 13:35:00,5843.78,19.87,TRADE
NSW1,2026/07/04 13:40:00,5914.86,11.59,TRADE
NSW1,2026/07/04 13:45:00,5968.28,23.95,TRADE
NSW1,2026/07/04 13:50:00,5956.19,23.95,TRADE
NSW1,2026/07/04 13:55:00,5902.66,11.30,TRADE
NSW1,2026/07/04 14:00:00,6016.14,10.23,TRADE
NSW1,2026/07/04 14:05:00,5945.78,9.99,TRADE
NSW1,2026/07/04 14:10:00,6081.75,10.25,TRADE
NSW1,2026/07/04 14:15:00,6094.95,10.25,TRADE
NSW1,2026/07/04 14:20:00,6090.27,8.65,TRADE
NSW1,2026/07/04 14:25:00,6180.98,8.31,TRADE
NSW1,2026/07/04 14:30:00,6178.13,-5.76,TRADE
NSW1,2026/07/04 14:35:00,6217.46,-5.83,TRADE
NSW1,2026/07/04 14:40:00,6272.81,-2,TRADE
NSW1,2026/07/04 14:45:00,6358.36,0,TRADE
NSW1,2026/07/04 14:50:00,6397.84,9.78,TRADE
NSW1,2026/07/04 14:55:00,6477.2,10.01,TRADE
NSW1,2026/07/04 15:00:00,6543.46,22.22,TRADE
NSW1,2026/07/04 15:05:00,6693.67,36.81,TRADE
NSW1,2026/07/04 15:10:00,6779.96,38.01,TRADE
NSW1,2026/07/04 15:15:00,6890.28,38.62,TRADE
NSW1,2026/07/04 15:20:00,6951.71,42.54,TRADE
NSW1,2026/07/04 15:25:00,7068.15,53.87,TRADE
NSW1,2026/07/04 15:30:00,7121.73,64.89,TRADE
NSW1,2026/07/04 15:35:00,7252.75,44.65,TRADE
NSW1,2026/07/04 15:40:00,7404.66,64.89,TRADE
NSW1,2026/07/04 15:45:00,7448.79,64.89,TRADE
NSW1,2026/07/04 15:50:00,7480.44,77.84,TRADE
NSW1,2026/07/04 15:55:00,7653.24,97.55,TRADE
NSW1,2026/07/04 16:00:00,7795.17,96.46,TRADE
NSW1,2026/07/04 16:05:00,7902.41,79.70,TRADE
NSW1,2026/07/04 16:10:00,7999.39,79,TRADE
NSW1,2026/07/04 16:15:00,8155.98,88.88,TRADE
NSW1,2026/07/04 16:20:00,8226.04,85.01,TRADE
NSW1,2026/07/04 16:25:00,8331.98,92.51,TRADE
NSW1,2026/07/04 16:30:00,8465.23,94.11,TRADE
NSW1,2026/07/04 16:35:00,8535.49,92.88,TRADE
NSW1,2026/07/04 16:40:00,8619.18,97.55,TRADE
NSW1,2026/07/04 16:45:00,8726.28,97.55,TRADE
NSW1,2026/07/04 16:50:00,8882.3,101.10,TRADE
NSW1,2026/07/04 16:55:00,8961.99,97.71,TRADE
NSW1,2026/07/04 17:00:00,9097.42,101.10,TRADE
NSW1,2026/07/04 17:05:00,9181.52,91.99,TRADE
NSW1,2026/07/04 17:10:00,9280.14,97.55,TRADE
NSW1,2026/07/04 17:15:00,9317.18,96.06,TRADE
NSW1,2026/07/04 17:20:00,9400.62,88.65,TRADE
NSW1,2026/07/04 17:25:00,9462.88,89.33,TRADE
NSW1,2026/07/04 17:30:00,9593.91,102.62,TRADE
NSW1,2026/07/04 17:35:00,9649.8,97.67,TRADE
NSW1,2026/07/04 17:40:00,9720.42,94.88,TRADE
NSW1,2026/07/04 17:45:00,9777.18,88.88,TRADE
NSW1,2026/07/04 17:50:00,9745.1,88.95,TRADE
NSW1,2026/07/04 17:55:00,9873.22,99.82,TRADE
NSW1,2026/07/04 18:00:00,9827.85,92.88,TRADE
NSW1,2026/07/04 18:05:00,9861.16,87.38,TRADE
NSW1,2026/07/04 18:10:00,9899.51,86.40,TRADE
NSW1,2026/07/04 18:15:00,9768.86,84.79,TRADE
NSW1,2026/07/04 18:20:00,9813.25,89.98,TRADE
NSW1,2026/07/04 18:25:00,9784.06,94.19,TRADE
NSW1,2026/07/04 18:30:00,9790.75,84.79,TRADE
NSW1,2026/07/04 18:35:00,9867.28,83.84,TRADE
NSW1,2026/07/04 18:40:00,9786.16,93.45,TRADE
NSW1,2026/07/04 18:45:00,9779.44,94.05,TRADE
NSW1,2026/07/04 18:50:00,9740.67,79,TRADE
NSW1,2026/07/04 18:55:00,9834.43,89.08,TRADE
NSW1,2026/07/04 19:00:00,9712.5,104.12,TRADE
NSW1,2026/07/04 19:05:00,9653.08,87.18,TRADE
NSW1,2026/07/04 19:10:00,9707.25,83.94,TRADE
NSW1,2026/07/04 19:15:00,9695.38,88.26,TRADE
NSW1,2026/07/04 19:20:00,9694.06,107.48,TRADE
NSW1,2026/07/04 19:25:00,9576.58,93.40,TRADE
NSW1,2026/07/04 19:30:00,9633.52,89.61,TRADE
NSW1,2026/07/04 19:35:00,9666.69,93.46,TRADE
NSW1,2026/07/04 19:40:00,9645.13,92.88,TRADE
NSW1,2026/07/04 19:45:00,9632.65,91.29,TRADE
NSW1,2026/07/04 19:50:00,9590.85,89.32,TRADE
NSW1,2026/07/04 19:55:00,9637.26,91.24,TRADE
NSW1,2026/07/04 20:00:00,9633.94,103.63,TRADE
NSW1,2026/07/04 20:05:00,9588.84,95.39,TRADE
NSW1,2026/07/04 20:10:00,9615.89,89.94,TRADE
NSW1,2026/07/04 20:15:00,9636.02,95.40,TRADE
NSW1,2026/07/04 20:20:00,9584.32,95.47,TRADE
NSW1,2026/07/04 20:25:00,9564,89.67,TRADE
NSW1,2026/07/04 20:30:00,9629.72,90.30,TRADE
NSW1,2026/07/04 20:35:00,9616.09,96.99,TRADE
NSW1,2026/07/04 20:40:00,9589.94,98.70,TRADE
NSW1,2026/07/04 20:45:00,9507.29,88.94,TRADE
NSW1,2026/07/04 20:50:00,9506.62,91.58,TRADE
NSW1,2026/07/04 20:55:00,9523.93,97.34,TRADE
NSW1,2026/07/04 21:00:00,9460.68,94.22,TRADE
NSW1,2026/07/04 21:05:00,9417.3,97.36,TRADE
NSW1,2026/07/04 21:10:00,9433.35,100.26,TRADE
NSW1,2026/07/04 21:15:00,9314.39,101.10,TRADE
NSW1,2026/07/04 21:20:00,9280,97.43,TRADE
NSW1,2026/07/04 21:25:00,9364.63,105.53,TRADE
NSW1,2026/07/04 21:30:00,9316.29,99.89,TRADE
NSW1,2026/07/04 21:35:00,9274.46,99.06,TRADE
NSW1,2026/07/04 21:40:00,9117.9,98.31,TRADE
NSW1,2026/07/04 21:45:00,9068.88,99.96,TRADE
NSW1,2026/07/04 21:50:00,9041.92,101.10,TRADE
NSW1,2026/07/04 21:55:00,9046.66,101.65,TRADE
NSW1,2026/07/04 22:00:00,9025.06,92.88,TRADE
NSW1,2026/07/04 22:05:00,9015.76,98.99,TRADE
NSW1,2026/07/04 22:10:00,9011.11,111.01,TRADE
NSW1,2026/07/04 22:15:00,8941.15,99.98,TRADE
NSW1,2026/07/04 22:20:00,8928.38,94.37,TRADE
NSW1,2026/07/04 22:25:00,9000.47,99.81,TRADE
NSW1,2026/07/04 22:30:00,8956.2,105.32,TRADE
NSW1,2026/07/04 22:35:00,8908.2,101.10,TRADE
NSW1,2026/07/04 22:40:00,8774.18,92.97,TRADE
NSW1,2026/07/04 22:45:00,8773.38,94.20,TRADE
NSW1,2026/07/04 22:50:00,8845.69,109.42,TRADE
NSW1,2026/07/04 22:55:00,8740.31,95.58,TRADE
NSW1,2026/07/04 23:00:00,8725.97,88.06,TRADE
NSW1,2026/07/04 23:05:00,8607.93,110.50,TRADE
NSW1,2026/07/04 23:10:00,8577.86,111.01,TRADE
NSW1,2026/07/04 23:15:00,8533.95,103.91,TRADE
NSW1,2026/07/04 23:20:00,8489.08,89.54,TRADE
NSW1,2026/07/04 23:25:00,8439.89,93.16,TRADE
NSW1,2026/07/04 23:30:00,8463.88,88.88,TRADE
NSW1,2026/07/04 23:35:00,8441.56,99.47,TRADE
NSW1,2026/07/04 23:40:00,8390.42,96.77,TRADE
NSW1,2026/07/04 23:45:00,8328.76,94.59,TRADE
NSW1,2026/07/04 23:50:00,8275.76,88.88,TRADE
NSW1,2026/07/04 23:55:00,8261.95,84.23,TRADE
NSW1,2026/07/05 00:00:00,8229.16,88.88,TRADE
NSW1,2026/07/05 00:05:00,8172.04,96.19,TRADE
NSW1,2026/07/05 00:10:00,8239.2,98.71,TRADE
NSW1,2026/07/05 00:15:00,8240.35,98.95,TRADE
NSW1,2026/07/05 00:20:00,8194.44,97.67,TRADE
NSW1,2026/07/05 00:25:00,8139.24,97.67,TRADE
NSW1,2026/07/05 00:30:00,8152.28,97.67,TRADE
NSW1,2026/07/05 00:35:00,8135.18,100.05,TRADE
NSW1,2026/07/05 00:40:00,8102.86,100.30,TRADE
NSW1,2026/07/05 00:45:00,8057.57,97.67,TRADE
NSW1,2026/07/05 00:50:00,8021.02,96.60,TRADE
NSW1,2026/07/05 00:55:00,8014.48,87.02,TRADE
NSW1,2026/07/05 01:00:00,7964.64,84.79,TRADE
NSW1,2026/07/05 01:05:00,7904.36,102.94,TRADE
NSW1,2026/07/05 01:10:00,7814,100.36,TRADE
NSW1,2026/07/05 01:15:00,7788.2,88.88,TRADE
NSW1,2026/07/05 01:20:00,7746.76,88.56,TRADE
NSW1,2026/07/05 01:25:00,7677.48,86.95,TRADE
NSW1,2026/07/05 01:30:00,7594.73,85.81,TRADE
NSW1,2026/07/05 01:35:00,7584.85,88.88,TRADE
NSW1,2026/07/05 01:40:00,7553.88,84.79,TRADE
NSW1,2026/07/05 01:45:00,7517,87.58,TRADE
NSW1,2026/07/05 01:50:00,7511.81,83.34,TRADE
NSW1,2026/07/05 01:55:00,7498.29,84.79,TRADE
NSW1,2026/07/05 02:00:00,7532.44,83.34,TRADE
NSW1,2026/07/05 02:05:00,7403.6,79,TRADE
NSW1,2026/07/05 02:10:00,7421.28,84.79,TRADE
NSW1,2026/07/05 02:15:00,7401.06,90.02,TRADE
NSW1,2026/07/05 02:20:00,7325.56,79,TRADE
NSW1,2026/07/05 02:25:00,7309.35,79,TRADE
NSW1,2026/07/05 02:30:00,7338.9,79,TRADE
NSW1,2026/07/05 02:35:00,7298.35,88.88,TRADE
NSW1,2026/07/05 02:40:00,7295.19,88.88,TRADE
NSW1,2026/07/05 02:45:00,7186.2,70.81,TRADE
NSW1,2026/07/05 02:50:00,7227.61,79,TRADE
NSW1,2026/07/05 02:55:00,7130.17,79,TRADE
NSW1,2026/07/05 03:00:00,7080.82,70.78,TRADE
NSW1,2026/07/05 03:05:00,7101.51,79,TRADE
NSW1,2026/07/05 03:10:00,7105.57,88.88,TRADE
NSW1,2026/07/05 03:15:00,7122.69,86.48,TRADE
NSW1,2026/07/05 03:20:00,7115.78,70.72,TRADE
NSW1,2026/07/05 03:25:00,7066.8,70.72,TRADE
NSW1,2026/07/05 03:30:00,7019.9,72,TRADE
NSW1,2026/07/05 03:35:00,7097.57,79,TRADE
NSW1,2026/07/05 03:40:00,7090.78,79,TRADE
NSW1,2026/07/05 03:45:00,7023.74,94.27,TRADE
NSW1,2026/07/05 03:50:00,7018.45,72,TRADE
NSW1,2026/07/05 03:55:00,7005.1,72,TRADE
NSW1,2026/07/05 04:00:00,7056.52,95.42,TRADE
NSW1,2026/07/05 04:05:00,6972,86.53,TRADE
NSW1,2026/07/05 04:10:00,7061,70.72,TRADE
NSW1,2026/07/05 04:15:00,7164.37,97.67,TRADE
NSW1,2026/07/05 04:20:00,7085.67,88.88,TRADE
NSW1,2026/07/05 04:25:00,7082.17,60.87,TRADE
NSW1,2026/07/05 04:30:00,7072.81,62.53,TRADE
NSW1,2026/07/05 04:35:00,6970.74,79,TRADE
NSW1,2026/07/05 04:40:00,6973.7,77.86,TRADE
NSW1,2026/07/05 04:45:00,6998.03,51.95,TRADE
NSW1,2026/07/05 04:50:00,7099.95,58.33,TRADE
NSW1,2026/07/05 04:55:00,7152.01,70.82,TRADE
NSW1,2026/07/05 05:00:00,7067.98,73,TRADE
NSW1,2026/07/05 05:05:00,7125.4,73,TRADE
NSW1,2026/07/05 05:10:00,7201.35,73,TRADE
NSW1,2026/07/05 05:15:00,7208.63,70.80,TRADE
NSW1,2026/07/05 05:20:00,7287.05,72,TRADE
NSW1,2026/07/05 05:25:00,7224.89,64.34,TRADE
NSW1,2026/07/05 05:30:00,7177.41,72,TRADE
NSW1,2026/07/05 05:35:00,7191.5,72,TRADE
NSW1,2026/07/05 05:40:00,7263.98,73,TRADE
NSW1,2026/07/05 05:45:00,7284.4,60.80,TRADE
NSW1,2026/07/05 05:50:00,7306.2,58.38,TRADE
NSW1,2026/07/05 05:55:00,7343.46,70.71,TRADE
NSW1,2026/07/05 06:00:00,7354.25,60,TRADE
NSW1,2026/07/05 06:05:00,7385.22,57.69,TRADE
NSW1,2026/07/05 06:10:00,7484.86,74.37,TRADE
NSW1,2026/07/05 06:15:00,7556.38,79,TRADE
NSW1,2026/07/05 06:20:00,7594.18,79.57,TRADE
NSW1,2026/07/05 06:25:00,7671.1,78.99,TRADE
NSW1,2026/07/05 06:30:00,7719.22,79.63,TRADE
NSW1,2026/07/05 06:35:00,7779.7,62.30,TRADE
NSW1,2026/07/05 06:40:00,7768.48,78.28,TRADE
NSW1,2026/07/05 06:45:00,7892.91,83.34,TRADE
NSW1,2026/07/05 06:50:00,7917.63,88.88,TRADE
NSW1,2026/07/05 06:55:00,7903.41,89.14,TRADE
NSW1,2026/07/05 07:00:00,7941.19,88.88,TRADE
NSW1,2026/07/05 07:05:00,8106.99,88.49,TRADE
NSW1,2026/07/05 07:10:00,8160.44,88.88,TRADE
NSW1,2026/07/05 07:15:00,8164.81,87,TRADE
NSW1,2026/07/05 07:20:00,8299.94,89.89,TRADE
NSW1,2026/07/05 07:25:00,8351.7,88.67,TRADE
NSW1,2026/07/05 07:30:00,8447.68,87.15,TRADE
NSW1,2026/07/05 07:35:00,8414.16,78.65,TRADE
NSW1,2026/07/05 07:40:00,8483.39,75.83,TRADE
NSW1,2026/07/05 07:45:00,8569.6,80.63,TRADE
NSW1,2026/07/05 07:50:00,8542.72,75.06,TRADE
NSW1,2026/07/05 07:55:00,8600.72,73.73,TRADE
NSW1,2026/07/05 08:00:00,8574.45,72,TRADE
NSW1,2026/07/05 08:05:00,8580.4,71.10,TRADE
NSW1,2026/07/05 08:10:00,8590.76,72,TRADE
NSW1,2026/07/05 08:15:00,8586.41,69.28,TRADE
NSW1,2026/07/05 08:20:00,8578.31,46.79,TRADE
NSW1,2026/07/05 08:25:00,8588.61,46.61,TRADE
NSW1,2026/07/05 08:30:00,8552.82,45.15,TRADE
NSW1,2026/07/05 08:35:00,8621.81,55.35,TRADE
NSW1,2026/07/05 08:40:00,8455.43,51.64,TRADE
NSW1,2026/07/05 08:45:00,8399.08,43.05,TRADE
NSW1,2026/07/05 08:50:00,8346.91,50,TRADE
NSW1,2026/07/05 08:55:00,8338.43,47.01,TRADE
NSW1,2026/07/05 09:00:00,8304.07,46.88,TRADE
NSW1,2026/07/05 09:05:00,8199.1,43.05,TRADE
NSW1,2026/07/05 09:10:00,8249.88,43.05,TRADE
NSW1,2026/07/05 09:15:00,8342.9,43.05,TRADE
NSW1,2026/07/05 09:20:00,8327.17,49.21,TRADE
NSW1,2026/07/05 09:25:00,8280.49,43.05,TRADE
NSW1,2026/07/05 09:30:00,8240.79,42.80,TRADE
NSW1,2026/07/05 09:35:00,8182.02,43.05,TRADE
NSW1,2026/07/05 09:40:00,8196.31,43.05,TRADE
NSW1,2026/07/05 09:45:00,8182.75,43.05,TRADE
NSW1,2026/07/05 09:50:00,8047.42,43.05,TRADE
NSW1,2026/07/05 09:55:00,7938.17,43.05,TRADE
NSW1,2026/07/05 10:00:00,7921.8,43.05,TRADE
NSW1,2026/07/05 10:05:00,7931.29,43.05,TRADE
NSW1,2026/07/05 10:10:00,7949.96,43.05,TRADE
NSW1,2026/07/05 10:15:00,7882.37,24.67,TRADE
NSW1,2026/07/05 10:20:00,7911.81,42.08,TRADE
NSW1,2026/07/05 10:25:00,7706.95,26.19,TRADE
NSW1,2026/07/05 10:30:00,7614.19,42.08,TRADE
NSW1,2026/07/05 10:35:00,7485.89,43.05,TRADE
NSW1,2026/07/05 10:40:00,7480.99,42.08,TRADE
NSW1,2026/07/05 10:45:00,7386.16,42.80,TRADE
NSW1,2026/07/05 10:50:00,7369.78,42.80,TRADE
NSW1,2026/07/05 10:55:00,7311.41,43.05,TRADE
NSW1,2026/07/05 11:00:00,7231.87,9.95,TRADE
NSW1,2026/07/05 11:05:00,7292.05,19.59,TRADE
NSW1,2026/07/05 11:10:00,7311.92,43.73,TRADE
NSW1,2026/07/05 11:15:00,7190.8,43.05,TRADE
NSW1,2026/07/05 11:20:00,7169.27,23.95,TRADE
NSW1,2026/07/05 11:25:00,7304.58,27.88,TRADE
NSW1,2026/07/05 11:30:00,7338.04,50,TRADE
NSW1,2026/07/05 11:35:00,7176.28,43.05,TRADE
NSW1,2026/07/05 11:40:00,7192.5,25.10,TRADE
NSW1,2026/07/05 11:45:00,7310.66,42.80,TRADE
NSW1,2026/07/05 11:50:00,7177.62,43.05,TRADE
NSW1,2026/07/05 11:55:00,7233.23,43.05,TRADE
NSW1,2026/07/05 12:00:00,7312.32,43.05,TRADE
NSW1,2026/07/05 12:05:00,7342.34,51.95,TRADE
NSW1,2026/07/05 12:10:00,7424.73,43.05,TRADE
NSW1,2026/07/05 12:15:00,7408.11,43.05,TRADE
NSW1,2026/07/05 12:20:00,7550.19,51.95,TRADE
NSW1,2026/07/05 12:25:00,7564.57,51.95,TRADE
NSW1,2026/07/05 12:30:00,7567.87,51.95,TRADE
NSW1,2026/07/05 12:35:00,7550.61,51.95,TRADE
NSW1,2026/07/05 12:40:00,7592.18,51.95,TRADE
NSW1,2026/07/05 12:45:00,7624.17,51.95,TRADE
NSW1,2026/07/05 12:50:00,7740.47,57.39,TRADE
NSW1,2026/07/05 12:55:00,7713.23,57.39,TRADE
NSW1,2026/07/05 13:00:00,7643.97,55.10,TRADE
NSW1,2026/07/05 13:05:00,7684.64,58.92,TRADE
NSW1,2026/07/05 13:10:00,7630.13,58.44,TRADE
NSW1,2026/07/05 13:15:00,7652.97,55.24,TRADE
NSW1,2026/07/05 13:20:00,7641.67,57.39,TRADE
NSW1,2026/07/05 13:25:00,7613.1,59.10,TRADE
NSW1,2026/07/05 13:30:00,7559.7,58.37,TRADE
NSW1,2026/07/05 13:35:00,7552.69,51.95,TRADE
NSW1,2026/07/05 13:40:00,7620.21,57.61,TRADE
NSW1,2026/07/05 13:45:00,7618.05,73.08,TRADE
NSW1,2026/07/05 13:50:00,7581.3,51.95,TRADE
NSW1,2026/07/05 13:55:00,7706.09,57.21,TRADE
NSW1,2026/07/05 14:00:00,7687.37,53.67,TRADE
NSW1,2026/07/05 14:05:00,7750.75,72,TRADE
NSW1,2026/07/05 14:10:00,7720.8,61.02,TRADE
NSW1,2026/07/05 14:15:00,7681.67,51.95,TRADE
NSW1,2026/07/05 14:20:00,7737.56,56.92,TRADE
NSW1,2026/07/05 14:25:00,7698.41,52.80,TRADE
NSW1,2026/07/05 14:30:00,7806.98,72,TRADE
NSW1,2026/07/05 14:35:00,7813.01,56.06,TRADE
NSW1,2026/07/05 14:40:00,7895.62,56.01,TRADE
NSW1,2026/07/05 14:45:00,7908.34,51.95,TRADE
NSW1,2026/07/05 14:50:00,7985.62,61.02,TRADE
NSW1,2026/07/05 14:55:00,8057.35,63.78,TRADE
NSW1,2026/07/05 15:00:00,8098.36,61.02,TRADE
NSW1,2026/07/05 15:05:00,8114.08,51.95,TRADE
NSW1,2026/07/05 15:10:00,8103.85,42.54,TRADE
NSW1,2026/07/05 15:15:00,8164.45,23.95,TRADE
NSW1,2026/07/05 15:20:00,8319.03,51.95,TRADE
NSW1,2026/07/05 15:25:00,8395.08,43.19,TRADE
NSW1,2026/07/05 15:30:00,8476.48,52.10,TRADE
NSW1,2026/07/05 15:35:00,8488.55,29.68,TRADE
NSW1,2026/07/05 15:40:00,8647.64,42.80,TRADE
NSW1,2026/07/05 15:45:00,8796.8,46.57,TRADE
NSW1,2026/07/05 15:50:00,8933.29,73,TRADE
NSW1,2026/07/05 15:55:00,8957.58,79,TRADE
NSW1,2026/07/05 16:00:00,9025.78,79,TRADE
NSW1,2026/07/05 16:05:00,9095.28,61.33,TRADE
NSW1,2026/07/05 16:10:00,9298.62,74.91,TRADE
NSW1,2026/07/05 16:15:00,9428.2,84.52,TRADE
NSW1,2026/07/05 16:20:00,9490.84,81.49,TRADE
NSW1,2026/07/05 16:25:00,9577.63,92.17,TRADE
NSW1,2026/07/05 16:30:00,9695.25,98.51,TRADE
NSW1,2026/07/05 16:35:00,9683.9,92.61,TRADE
NSW1,2026/07/05 16:40:00,9861.16,100.56,TRADE
NSW1,2026/07/05 16:45:00,9874.14,91.94,TRADE
NSW1,2026/07/05 16:50:00,10037.22,93.12,TRADE
NSW1,2026/07/05 16:55:00,10240.79,101.10,TRADE
NSW1,2026/07/05 17:00:00,10346.37,111.01,TRADE
NSW1,2026/07/05 17:05:00,10288.23,98.24,TRADE
NSW1,2026/07/05 17:10:00,10369.06,93.29,TRADE
NSW1,2026/07/05 17:15:00,10473.04,101.10,TRADE
NSW1,2026/07/05 17:20:00,10530.05,101.10,TRADE
NSW1,2026/07/05 17:25:00,10590.53,103.97,TRADE
NSW1,2026/07/05 17:30:00,10660.33,103.41,TRADE
NSW1,2026/07/05 17:35:00,10725.93,102.07,TRADE
NSW1,2026/07/05 17:40:00,10744.87,102.42,TRADE
NSW1,2026/07/05 17:45:00,10830.19,102.83,TRADE
NSW1,2026/07/05 17:50:00,10798.36,102.73,TRADE
NSW1,2026/07/05 17:55:00,10816.25,101.10,TRADE
NSW1,2026/07/05 18:00:00,10839.08,106.65,TRADE
NSW1,2026/07/05 18:05:00,10917.18,111.01,TRADE
NSW1,2026/07/05 18:10:00,10874.01,107.07,TRADE
NSW1,2026/07/05 18:15:00,10812.3,104.31,TRADE
NSW1,2026/07/05 18:20:00,10844.88,104.32,TRADE
NSW1,2026/07/05 18:25:00,10823.84,105.01,TRADE
NSW1,2026/07/05 18:30:00,10802.04,105.07,TRADE
NSW1,2026/07/05 18:35:00,10740.67,100.08,TRADE
NSW1,2026/07/05 18:40:00,10722.23,97.92,TRADE
NSW1,2026/07/05 18:45:00,10758.99,100.66,TRADE
NSW1,2026/07/05 18:50:00,10616.72,95.58,TRADE
NSW1,2026/07/05 18:55:00,10702.96,98.65,TRADE
NSW1,2026/07/05 19:00:00,10685.74,99.14,TRADE
NSW1,2026/07/05 19:05:00,10630.45,99.86,TRADE
NSW1,2026/07/05 19:10:00,10533,95.42,TRADE
NSW1,2026/07/05 19:15:00,10560.28,95.64,TRADE
NSW1,2026/07/05 19:20:00,10573.38,95.71,TRADE
NSW1,2026/07/05 19:25:00,10577.13,95.99,TRADE
NSW1,2026/07/05 19:30:00,10485.91,93.52,TRADE
NSW1,2026/07/05 19:35:00,10460.18,93.22,TRADE
NSW1,2026/07/05 19:40:00,10430.24,94.60,TRADE
NSW1,2026/07/05 19:45:00,10415.97,90.16,TRADE
NSW1,2026/07/05 19:50:00,10384.8,90.13,TRADE
NSW1,2026/07/05 19:55:00,10261.16,85.96,TRADE
NSW1,2026/07/05 20:00:00,10229.57,84.93,TRADE
NSW1,2026/07/05 20:05:00,10221.2,91.23,TRADE
NSW1,2026/07/05 20:10:00,10226.47,85.98,TRADE
NSW1,2026/07/05 20:15:00,10141.84,84.10,TRADE
NSW1,2026/07/05 20:20:00,10116.01,86.08,TRADE
NSW1,2026/07/05 20:25:00,10053.94,86.12,TRADE
NSW1,2026/07/05 20:30:00,10082.09,89.55,TRADE
NSW1,2026/07/05 20:35:00,10036.8,85.56,TRADE
NSW1,2026/07/05 20:40:00,9955.92,87.72,TRADE
NSW1,2026/07/05 20:45:00,9880.15,80,TRADE
NSW1,2026/07/05 20:50:00,9805.78,85.46,TRADE
NSW1,2026/07/05 20:55:00,9782.53,80.60,TRADE
NSW1,2026/07/05 21:00:00,9759.73,84.12,TRADE
NSW1,2026/07/05 21:05:00,9675.35,84.79,TRADE
NSW1,2026/07/05 21:10:00,9696.69,85.20,TRADE
NSW1,2026/07/05 21:15:00,9569.94,80,TRADE
NSW1,2026/07/05 21:20:00,9453.12,80,TRADE
NSW1,2026/07/05 21:25:00,9450.4,85.74,TRADE
NSW1,2026/07/05 21:30:00,9454.75,79,TRADE
NSW1,2026/07/05 21:35:00,9355.24,85.83,TRADE
NSW1,2026/07/05 21:40:00,9327.63,88.88,TRADE
NSW1,2026/07/05 21:45:00,9231.03,85.82,TRADE
NSW1,2026/07/05 21:50:00,9137.8,77.25,TRADE
NSW1,2026/07/05 21:55:00,8976.26,78.28,TRADE
NSW1,2026/07/05 22:00:00,8956.43,79,TRADE
NSW1,2026/07/05 22:05:00,8916.24,88.71,TRADE
NSW1,2026/07/05 22:10:00,8883.12,77.91,TRADE
NSW1,2026/07/05 22:15:00,9009.78,85.16,TRADE
NSW1,2026/07/05 22:20:00,8881.43,79,TRADE
NSW1,2026/07/05 22:25:00,8894.48,72.74,TRADE
NSW1,2026/07/05 22:30:00,8825.04,79,TRADE
NSW1,2026/07/05 22:35:00,8740.02,81.68,TRADE
NSW1,2026/07/05 22:40:00,8713.64,88.88,TRADE
NSW1,2026/07/05 22:45:00,8572.3,60.86,TRADE
NSW1,2026/07/05 22:50:00,8489.99,62.23,TRADE
NSW1,2026/07/05 22:55:00,8440.06,79,TRADE
NSW1,2026/07/05 23:00:00,8432.61,84.79,TRADE
NSW1,2026/07/05 23:05:00,8416.62,79,TRADE
NSW1,2026/07/05 23:10:00,8368.79,83.34,TRADE
NSW1,2026/07/05 23:15:00,8262.82,79,TRADE
NSW1,2026/07/05 23:20:00,8202.56,80,TRADE
NSW1,2026/07/05 23:25:00,8196.03,83.80,TRADE
NSW1,2026/07/05 23:30:00,8222.44,66.07,TRADE
NSW1,2026/07/05 23:35:00,8192.42,79,TRADE
NSW1,2026/07/05 23:40:00,8124.15,79,TRADE
NSW1,2026/07/05 23:45:00,8026.21,67.99,TRADE
NSW1,2026/07/05 23:50:00,7942.34,67.99,TRADE
NSW1,2026/07/05 23:55:00,7928.48,79.40,TRADE
NSW1,2026/07/06 00:00:00,7913.27,79,TRADE
NSW1,2026/07/06 00:05:00,7924.97,61.93,TRADE
NSW1,2026/07/06 00:10:00,8091.73,88,TRADE
NSW1,2026/07/06 00:15:00,8095.3,95.60,TRADE
NSW1,2026/07/06 00:20:00,8053.05,77.57,TRADE
NSW1,2026/07/06 00:25:00,8094.6,75.06,TRADE
NSW1,2026/07/06 00:30:00,8063.23,73.97,TRADE
NSW1,2026/07/06 00:35:00,7952.87,85.34,TRADE
NSW1,2026/07/06 00:40:00,7879.57,87.08,TRADE
NSW1,2026/07/06 00:45:00,7804.89,87.92,TRADE
NSW1,2026/07/06 00:50:00,7761.05,71.76,TRADE
NSW1,2026/07/06 00:55:00,7836.75,89.35,TRADE
NSW1,2026/07/06 01:00:00,7764.25,54.70,TRADE
NSW1,2026/07/06 01:05:00,7805.72,68.04,TRADE
NSW1,2026/07/06 01:10:00,7685.32,80.19,TRADE
NSW1,2026/07/06 01:15:00,7625.06,95.95,TRADE
NSW1,2026/07/06 01:20:00,7542.43,62.12,TRADE
NSW1,2026/07/06 01:25:00,7520.23,67.67,TRADE
NSW1,2026/07/06 01:30:00,7378.27,72,TRADE
NSW1,2026/07/06 01:35:00,7326.42,51.95,TRADE
NSW1,2026/07/06 01:40:00,7389.68,68.53,TRADE
NSW1,2026/07/06 01:45:00,7384.98,79.20,TRADE
NSW1,2026/07/06 01:50:00,7284.41,67.77,TRADE
NSW1,2026/07/06 01:55:00,7263.23,52.04,TRADE
NSW1,2026/07/06 02:00:00,7271.75,72,TRADE
NSW1,2026/07/06 02:05:00,7288.28,81.98,TRADE
NSW1,2026/07/06 02:10:00,7250.57,67.99,TRADE
NSW1,2026/07/06 02:15:00,7188.97,53.90,TRADE
NSW1,2026/07/06 02:20:00,7235.07,79.83,TRADE
NSW1,2026/07/06 02:25:00,7172.17,85.59,TRADE
NSW1,2026/07/06 02:30:00,7129.16,62.57,TRADE
NSW1,2026/07/06 02:35:00,7056.08,52.99,TRADE
NSW1,2026/07/06 02:40:00,7069.35,63,TRADE
NSW1,2026/07/06 02:45:00,7055.79,73,TRADE
NSW1,2026/07/06 02:50:00,7032.74,58.45,TRADE
NSW1,2026/07/06 02:55:00,7068.6,55.03,TRADE
NSW1,2026/07/06 03:00:00,6989.71,73.29,TRADE
NSW1,2026/07/06 03:05:00,7020.19,74.21,TRADE
NSW1,2026/07/06 03:10:00,7051.08,57.66,TRADE
NSW1,2026/07/06 03:15:00,7084.49,73.17,TRADE
NSW1,2026/07/06 03:20:00,7069.38,81.82,TRADE
NSW1,2026/07/06 03:25:00,7004.96,87.11,TRADE
NSW1,2026/07/06 03:30:00,6970.8,73.22,TRADE
NSW1,2026/07/06 03:35:00,6953.96,67.99,TRADE
NSW1,2026/07/06 03:40:00,6926.67,73,TRADE
NSW1,2026/07/06 03:45:00,6995.1,73,TRADE
NSW1,2026/07/06 03:50:00,6981.2,70.83,TRADE
NSW1,2026/07/06 03:55:00,6959.14,60.99,TRADE
NSW1,2026/07/06 04:00:00,6898.92,68.77,TRADE
NSW1,2026/07/06 04:05:00,7003.72,70.80,TRADE
NSW1,2026/07/06 04:10:00,6945.65,80.27,TRADE
NSW1,2026/07/06 04:15:00,6958.23,67.99,TRADE
NSW1,2026/07/06 04:20:00,7018.8,53.46,TRADE
NSW1,2026/07/06 04:25:00,7091.31,62.83,TRADE
NSW1,2026/07/06 04:30:00,7095.64,72,TRADE
NSW1,2026/07/06 04:35:00,7000.83,66.25,TRADE
NSW1,2026/07/06 04:40:00,7051.58,54.60,TRADE
NSW1,2026/07/06 04:45:00,7162.01,57.44,TRADE
NSW1,2026/07/06 04:50:00,7175.59,68.02,TRADE
NSW1,2026/07/06 04:55:00,7212,57.39,TRADE
NSW1,2026/07/06 05:00:00,7248.47,57.53,TRADE
NSW1,2026/07/06 05:05:00,7330.06,74.32,TRADE
NSW1,2026/07/06 05:10:00,7386.24,78.38,TRADE
NSW1,2026/07/06 05:15:00,7382.54,78.31,TRADE
NSW1,2026/07/06 05:20:00,7513.35,86.05,TRADE
NSW1,2026/07/06 05:25:00,7540.82,88.72,TRADE
NSW1,2026/07/06 05:30:00,7499.99,88.59,TRADE
NSW1,2026/07/06 05:35:00,7585.22,79,TRADE
NSW1,2026/07/06 05:40:00,7709.67,88.57,TRADE
NSW1,2026/07/06 05:45:00,7810.15,92.08,TRADE
NSW1,2026/07/06 05:50:00,7869.9,96.09,TRADE
NSW1,2026/07/06 05:55:00,7895.23,90.81,TRADE
NSW1,2026/07/06 06:00:00,7996.44,99.25,TRADE
NSW1,2026/07/06 06:05:00,8065.66,86.07,TRADE
NSW1,2026/07/06 06:10:00,8243.41,91.66,TRADE
NSW1,2026/07/06 06:15:00,8367,97.94,TRADE
NSW1,2026/07/06 06:20:00,8475.96,100.99,TRADE
NSW1,2026/07/06 06:25:00,8659.4,99.07,TRADE
NSW1,2026/07/06 06:30:00,8707.68,97.63,TRADE
NSW1,2026/07/06 06:35:00,8765.84,98.51,TRADE
NSW1,2026/07/06 06:40:00,8804.66,105.36,TRADE
NSW1,2026/07/06 06:45:00,9002.71,102.64,TRADE
NSW1,2026/07/06 06:50:00,9090.89,103.86,TRADE
NSW1,2026/07/06 06:55:00,9162.9,105.69,TRADE
NSW1,2026/07/06 07:00:00,9169.07,101.69,TRADE
NSW1,2026/07/06 07:05:00,9329.03,105.85,TRADE
NSW1,2026/07/06 07:10:00,9348.62,103.58,TRADE
NSW1,2026/07/06 07:15:00,9545.04,106.43,TRADE
NSW1,2026/07/06 07:20:00,9617.37,105.05,TRADE
NSW1,2026/07/06 07:25:00,9643.53,105.81,TRADE
NSW1,2026/07/06 07:30:00,9681.18,97.55,TRADE
NSW1,2026/07/06 07:35:00,9810.97,103.24,TRADE
NSW1,2026/07/06 07:40:00,9773.4,97.55,TRADE
NSW1,2026/07/06 07:45:00,9768.25,97.55,TRADE
NSW1,2026/07/06 07:50:00,9803.26,97.63,TRADE
NSW1,2026/07/06 07:55:00,9881.46,97.55,TRADE
NSW1,2026/07/06 08:00:00,9730,88.88,TRADE
NSW1,2026/07/06 08:05:00,9799.44,82.95,TRADE
NSW1,2026/07/06 08:10:00,9757.93,88.88,TRADE
NSW1,2026/07/06 08:15:00,9785.05,92.88,TRADE
NSW1,2026/07/06 08:20:00,9756.48,66.52,TRADE
NSW1,2026/07/06 08:25:00,9656.25,62.82,TRADE
NSW1,2026/07/06 08:30:00,9644.4,51.95,TRADE
NSW1,2026/07/06 08:35:00,9710.01,63.92,TRADE
NSW1,2026/07/06 08:40:00,9646.99,64.89,TRADE
NSW1,2026/07/06 08:45:00,9473.25,50.82,TRADE
NSW1,2026/07/06 08:50:00,9383.81,46.85,TRADE
NSW1,2026/07/06 08:55:00,9468.69,57.37,TRADE
NSW1,2026/07/06 09:00:00,9336.25,60.94,TRADE
NSW1,2026/07/06 09:05:00,9288.78,50.44,TRADE
NSW1,2026/07/06 09:10:00,9368.15,47.46,TRADE
NSW1,2026/07/06 09:15:00,9322.75,47.17,TRADE
NSW1,2026/07/06 09:20:00,9233.15,46.02,TRADE
NSW1,2026/07/06 09:25:00,9195.49,45.54,TRADE
NSW1,2026/07/06 09:30:00,9231.18,43.05,TRADE
NSW1,2026/07/06 09:35:00,9143.9,44.67,TRADE
NSW1,2026/07/06 09:40:00,9166.08,43.05,TRADE
NSW1,2026/07/06 09:45:00,9152.41,43.05,TRADE
NSW1,2026/07/06 09:50:00,9082.48,43.05,TRADE
NSW1,2026/07/06 09:55:00,9047.29,44.54,TRADE
NSW1,2026/07/06 10:00:00,8869.82,43.05,TRADE
NSW1,2026/07/06 10:05:00,8848.28,43.05,TRADE
NSW1,2026/07/06 10:10:00,8967.72,44.76,TRADE
NSW1,2026/07/06 10:15:00,8964.04,44.29,TRADE
NSW1,2026/07/06 10:20:00,8964.94,44.73,TRADE
NSW1,2026/07/06 10:25:00,8894.78,48.60,TRADE
NSW1,2026/07/06 10:30:00,8817.93,43.05,TRADE
NSW1,2026/07/06 10:35:00,8868.85,49.27,TRADE
NSW1,2026/07/06 10:40:00,8814.84,49.63,TRADE
NSW1,2026/07/06 10:45:00,8835.31,43.05,TRADE
NSW1,2026/07/06 10:50:00,8968.38,47.38,TRADE
NSW1,2026/07/06 10:55:00,8914.85,46.55,TRADE
NSW1,2026/07/06 11:00:00,8839.02,46.16,TRADE
NSW1,2026/07/06 11:05:00,8868.76,70.74,TRADE
NSW1,2026/07/06 11:10:00,8855.24,47.68,TRADE
NSW1,2026/07/06 11:15:00,8770.6,44.31,TRADE
NSW1,2026/07/06 11:20:00,8697.37,51.83,TRADE
NSW1,2026/07/06 11:25:00,8678.35,48.30,TRADE
NSW1,2026/07/06 11:30:00,8641.96,48.92,TRADE
NSW1,2026/07/06 11:35:00,8614.44,46.66,TRADE
NSW1,2026/07/06 11:40:00,8664.59,46.62,TRADE
NSW1,2026/07/06 11:45:00,8739.15,46.34,TRADE
NSW1,2026/07/06 11:50:00,8680.93,52.83,TRADE
NSW1,2026/07/06 11:55:00,8645.06,52.96,TRADE
NSW1,2026/07/06 12:00:00,8611.6,50.22,TRADE
NSW1,2026/07/06 12:05:00,8676.11,64.89,TRADE
NSW1,2026/07/06 12:10:00,8734.03,72,TRADE
NSW1,2026/07/06 12:15:00,8621.14,64.89,TRADE
NSW1,2026/07/06 12:20:00,8613.15,64.89,TRADE
NSW1,2026/07/06 12:25:00,8628.26,64.89,TRADE
NSW1,2026/07/06 12:30:00,8683.6,53.06,TRADE
NSW1,2026/07/06 12:35:00,8692.07,64.89,TRADE
NSW1,2026/07/06 12:40:00,8696.7,79,TRADE
NSW1,2026/07/06 12:45:00,8622.82,64.89,TRADE
NSW1,2026/07/06 12:50:00,8592.12,79,TRADE
NSW1,2026/07/06 12:55:00,8574.23,64.89,TRADE
NSW1,2026/07/06 13:00:00,8489.82,52.64,TRADE
NSW1,2026/07/06 13:05:00,8414.34,55.13,TRADE
NSW1,2026/07/06 13:10:00,8428.09,64.89,TRADE
NSW1,2026/07/06 13:15:00,8377.69,51.99,TRADE
NSW1,2026/07/06 13:20:00,8419.57,53.33,TRADE
NSW1,2026/07/06 13:25:00,8507.89,57.31,TRADE
NSW1,2026/07/06 13:30:00,8473.9,51.57,TRADE
NSW1,2026/07/06 13:35:00,8490.92,59.57,TRADE
NSW1,2026/07/06 13:40:00,8464.9,51.90,TRADE
NSW1,2026/07/06 13:45:00,8513.36,53.34,TRADE
NSW1,2026/07/06 13:50:00,8605.15,64.89,TRADE
NSW1,2026/07/06 13:55:00,8585.67,64.89,TRADE
NSW1,2026/07/06 14:00:00,8584.35,64.61,TRADE
NSW1,2026/07/06 14:05:00,8603.06,59.63,TRADE
NSW1,2026/07/06 14:10:00,8602.48,51.20,TRADE
NSW1,2026/07/06 14:15:00,8516.83,49.32,TRADE
NSW1,2026/07/06 14:20:00,8584.53,50.45,TRADE
NSW1,2026/07/06 14:25:00,8508.44,47.65,TRADE
NSW1,2026/07/06 14:30:00,8516.24,50.67,TRADE
NSW1,2026/07/06 14:35:00,8623.09,58.28,TRADE
NSW1,2026/07/06 14:40:00,8611.4,63.01,TRADE
NSW1,2026/07/06 14:45:00,8550.98,51.78,TRADE
NSW1,2026/07/06 14:50:00,8578.92,48.36,TRADE
NSW1,2026/07/06 14:55:00,8637.18,47.22,TRADE
NSW1,2026/07/06 15:00:00,8675.23,48.83,TRADE
NSW1,2026/07/06 15:05:00,8784.73,92.98,TRADE
NSW1,2026/07/06 15:10:00,8720.22,53.82,TRADE
NSW1,2026/07/06 15:15:00,8815.7,47.41,TRADE
NSW1,2026/07/06 15:20:00,8862.26,45.90,TRADE
NSW1,2026/07/06 15:25:00,9064.89,64.89,TRADE
NSW1,2026/07/06 15:30:00,9178.77,77.55,TRADE
NSW1,2026/07/06 15:35:00,9135.35,73,TRADE
NSW1,2026/07/06 15:40:00,9213.81,73.07,TRADE
NSW1,2026/07/06 15:45:00,9363.64,84.79,TRADE
NSW1,2026/07/06 15:50:00,9501.35,81.06,TRADE
NSW1,2026/07/06 15:55:00,9533.4,99.17,TRADE
NSW1,2026/07/06 16:00:00,9631.71,108.51,TRADE
NSW1,2026/07/06 16:05:00,9724.92,90.63,TRADE
NSW1,2026/07/06 16:10:00,9745.09,93.69,TRADE
NSW1,2026/07/06 16:15:00,9818.09,103.79,TRADE
NSW1,2026/07/06 16:20:00,9943.92,94.57,TRADE
NSW1,2026/07/06 16:25:00,10092.37,108.89,TRADE
NSW1,2026/07/06 16:30:00,10221.47,111.01,TRADE
NSW1,2026/07/06 16:35:00,10301.59,111.01,TRADE
NSW1,2026/07/06 16:40:00,10425.47,111.01,TRADE
NSW1,2026/07/06 16:45:00,10376.52,111.01,TRADE
NSW1,2026/07/06 16:50:00,10508.22,124.98,TRADE
NSW1,2026/07/06 16:55:00,10569.11,114.80,TRADE
NSW1,2026/07/06 17:00:00,10568.43,114.80,TRADE
NSW1,2026/07/06 17:05:00,10678.43,113.05,TRADE
NSW1,2026/07/06 17:10:00,10778.88,116.56,TRADE
NSW1,2026/07/06 17:15:00,10904.91,111.01,TRADE
NSW1,2026/07/06 17:20:00,10998.99,116.78,TRADE
NSW1,2026/07/06 17:25:00,11153.16,114.80,TRADE
NSW1,2026/07/06 17:30:00,11114.4,117.09,TRADE
NSW1,2026/07/06 17:35:00,11181.13,114.80,TRADE
NSW1,2026/07/06 17:40:00,11323.06,114.80,TRADE
NSW1,2026/07/06 17:45:00,11363.37,117.89,TRADE
NSW1,2026/07/06 17:50:00,11412.28,117.54,TRADE
NSW1,2026/07/06 17:55:00,11422.89,114.96,TRADE
NSW1,2026/07/06 18:00:00,11443.99,121.10,TRADE
NSW1,2026/07/06 18:05:00,11429.72,114.65,TRADE
NSW1,2026/07/06 18:10:00,11373.18,111.01,TRADE
NSW1,2026/07/06 18:15:00,11326.7,111.01,TRADE
NSW1,2026/07/06 18:20:00,11227.37,111.01,TRADE
NSW1,2026/07/06 18:25:00,11236.28,112.87,TRADE
NSW1,2026/07/06 18:30:00,11248.82,110.10,TRADE
NSW1,2026/07/06 18:35:00,11261.53,110.42,TRADE
NSW1,2026/07/06 18:40:00,11292.62,108.54,TRADE
NSW1,2026/07/06 18:45:00,11204.61,112.20,TRADE
NSW1,2026/07/06 18:50:00,11184.76,112.25,TRADE
NSW1,2026/07/06 18:55:00,11145.26,102.13,TRADE
NSW1,2026/07/06 19:00:00,11014.48,101.23,TRADE
NSW1,2026/07/06 19:05:00,11065.19,103.56,TRADE
NSW1,2026/07/06 19:10:00,11030.34,102.15,TRADE
NSW1,2026/07/06 19:15:00,10990.95,106.85,TRADE
NSW1,2026/07/06 19:20:00,10961.49,106.72,TRADE
NSW1,2026/07/06 19:25:00,10897.44,100.10,TRADE
NSW1,2026/07/06 19:30:00,10816.58,101.48,TRADE
NSW1,2026/07/06 19:35:00,10838.63,107.63,TRADE
NSW1,2026/07/06 19:40:00,10815.7,103.72,TRADE
NSW1,2026/07/06 19:45:00,10743.41,103.74,TRADE
NSW1,2026/07/06 19:50:00,10774.16,101.47,TRADE
NSW1,2026/07/06 19:55:00,10717.71,99.82,TRADE
NSW1,2026/07/06 20:00:00,10638.12,97.63,TRADE
NSW1,2026/07/06 20:05:00,10566.34,97.55,TRADE
NSW1,2026/07/06 20:10:00,10639.01,97.63,TRADE
NSW1,2026/07/06 20:15:00,10560.85,97.55,TRADE
NSW1,2026/07/06 20:20:00,10567.84,97.55,TRADE
NSW1,2026/07/06 20:25:00,10511.78,97.63,TRADE
NSW1,2026/07/06 20:30:00,10499.84,97.55,TRADE
NSW1,2026/07/06 20:35:00,10442.8,113.06,TRADE
NSW1,2026/07/06 20:40:00,10352.7,105.98,TRADE
NSW1,2026/07/06 20:45:00,10278.14,104.20,TRADE
NSW1,2026/07/06 20:50:00,10241.14,114.80,TRADE
NSW1,2026/07/06 20:55:00,10160.79,98.15,TRADE
NSW1,2026/07/06 21:00:00,10196.65,99.47,TRADE
NSW1,2026/07/06 21:05:00,10160.29,106.23,TRADE
NSW1,2026/07/06 21:10:00,10034.15,99.52,TRADE
NSW1,2026/07/06 21:15:00,10039.27,99.61,TRADE
NSW1,2026/07/06 21:20:00,9970.71,97.63,TRADE
NSW1,2026/07/06 21:25:00,9862.34,97.63,TRADE
NSW1,2026/07/06 21:30:00,9846.3,97.63,TRADE
NSW1,2026/07/06 21:35:00,9800.36,97.63,TRADE
NSW1,2026/07/06 21:40:00,9737.88,98.22,TRADE
NSW1,2026/07/06 21:45:00,9628.7,97.63,TRADE
NSW1,2026/07/06 21:50:00,9541.58,97.55,TRADE
NSW1,2026/07/06 21:55:00,9550.16,96.59,TRADE
NSW1,2026/07/06 22:00:00,9435.25,95.57,TRADE
NSW1,2026/07/06 22:05:00,9272.13,101.84,TRADE
NSW1,2026/07/06 22:10:00,9380.59,115.18,TRADE
NSW1,2026/07/06 22:15:00,9253.79,107.06,TRADE
NSW1,2026/07/06 22:20:00,9256.11,102.20,TRADE
NSW1,2026/07/06 22:25:00,9253.05,106.69,TRADE
NSW1,2026/07/06 22:30:00,9173.4,93.13,TRADE
NSW1,2026/07/06 22:35:00,9131.55,97.63,TRADE
NSW1,2026/07/06 22:40:00,9075.59,95.39,TRADE
NSW1,2026/07/06 22:45:00,9004.38,88.88,TRADE
NSW1,2026/07/06 22:50:00,8971.13,88.88,TRADE
NSW1,2026/07/06 22:55:00,8872.28,84.79,TRADE
NSW1,2026/07/06 23:00:00,8899.33,89.92,TRADE
NSW1,2026/07/06 23:05:00,8869.9,88.88,TRADE
NSW1,2026/07/06 23:10:00,8778.21,95.28,TRADE
NSW1,2026/07/06 23:15:00,8726.4,96.87,TRADE
NSW1,2026/07/06 23:20:00,8655.27,89.02,TRADE
NSW1,2026/07/06 23:25:00,8571.6,89.10,TRADE
NSW1,2026/07/06 23:30:00,8599.66,89.10,TRADE
NSW1,2026/07/06 23:35:00,8575.87,97.53,TRADE
NSW1,2026/07/06 23:40:00,8533.54,98.39,TRADE
NSW1,2026/07/06 23:45:00,8520.93,97.63,TRADE
NSW1,2026/07/06 23:50:00,8421.04,97.63,TRADE
NSW1,2026/07/06 23:55:00,8349.35,96.84,TRADE
NSW1,2026/07/07 00:00:00,8391.03,89.10,TRADE
NSW1,2026/07/07 00:05:00,8315.6,94.88,TRADE
NSW1,2026/07/07 00:10:00,8448.29,102.86,TRADE
NSW1,2026/07/07 00:15:00,8425.37,98.57,TRADE
NSW1,2026/07/07 00:20:00,8376.14,97.63,TRADE
NSW1,2026/07/07 00:25:00,8349.87,95.16,TRADE
NSW1,2026/07/07 00:30:00,8372.24,97.10,TRADE
NSW1,2026/07/07 00:35:00,8258.31,97.63,TRADE
NSW1,2026/07/07 00:40:00,8323.89,98.17,TRADE
NSW1,2026/07/07 00:45:00,8261.73,97.63,TRADE
NSW1,2026/07/07 00:50:00,8224.3,89.10,TRADE
NSW1,2026/07/07 00:55:00,8205.53,91.15,TRADE
NSW1,2026/07/07 01:00:00,8130.3,95.83,TRADE
NSW1,2026/07/07 01:05:00,8120.16,96.90,TRADE
NSW1,2026/07/07 01:10:00,8102.63,89.10,TRADE
NSW1,2026/07/07 01:15:00,7936.88,89.10,TRADE
NSW1,2026/07/07 01:20:00,7875.44,89.99,TRADE
NSW1,2026/07/07 01:25:00,7840.38,89.10,TRADE
NSW1,2026/07/07 01:30:00,7793.84,89.10,TRADE
NSW1,2026/07/07 01:35:00,7775.97,89.10,TRADE
NSW1,2026/07/07 01:40:00,7763.35,89.10,TRADE
NSW1,2026/07/07 01:45:00,7737.71,83.74,TRADE
NSW1,2026/07/07 01:50:00,7708.57,88.88,TRADE
NSW1,2026/07/07 01:55:00,7727.38,89.10,TRADE
NSW1,2026/07/07 02:00:00,7694.88,84.03,TRADE
NSW1,2026/07/07 02:05:00,7663.24,90.99,TRADE
NSW1,2026/07/07 02:10:00,7653.42,90.71,TRADE
NSW1,2026/07/07 02:15:00,7583.74,89.10,TRADE
NSW1,2026/07/07 02:20:00,7554.97,84.30,TRADE
NSW1,2026/07/07 02:25:00,7516.7,89.10,TRADE
NSW1,2026/07/07 02:30:00,7537.93,82.45,TRADE
NSW1,2026/07/07 02:35:00,7471.57,83.45,TRADE
NSW1,2026/07/07 02:40:00,7471.68,88.88,TRADE
NSW1,2026/07/07 02:45:00,7405.24,82.66,TRADE
NSW1,2026/07/07 02:50:00,7371.78,84.18,TRADE
NSW1,2026/07/07 02:55:00,7364.95,89.10,TRADE
NSW1,2026/07/07 03:00:00,7328.31,83.75,TRADE
NSW1,2026/07/07 03:05:00,7286.33,84.81,TRADE
NSW1,2026/07/07 03:10:00,7334.68,89.10,TRADE
NSW1,2026/07/07 03:15:00,7330.05,89.10,TRADE
NSW1,2026/07/07 03:20:00,7362.65,85.46,TRADE
NSW1,2026/07/07 03:25:00,7335.6,89.10,TRADE
NSW1,2026/07/07 03:30:00,7341.53,88.88,TRADE
NSW1,2026/07/07 03:35:00,7342.42,89.10,TRADE
NSW1,2026/07/07 03:40:00,7333.02,88.88,TRADE
NSW1,2026/07/07 03:45:00,7336.57,84.98,TRADE
NSW1,2026/07/07 03:50:00,7334.14,89.10,TRADE
NSW1,2026/07/07 03:55:00,7359.89,89.10,TRADE
NSW1,2026/07/07 04:00:00,7377.2,88.88,TRADE
NSW1,2026/07/07 04:05:00,7367.52,80.35,TRADE
NSW1,2026/07/07 04:10:00,7435.8,84.69,TRADE
NSW1,2026/07/07 04:15:00,7460.22,89.44,TRADE
NSW1,2026/07/07 04:20:00,7421.93,85.46,TRADE
NSW1,2026/07/07 04:25:00,7433.1,86.16,TRADE
NSW1,2026/07/07 04:30:00,7446.92,88.88,TRADE
NSW1,2026/07/07 04:35:00,7435.01,88.22,TRADE
NSW1,2026/07/07 04:40:00,7506.56,94.62,TRADE
NSW1,2026/07/07 04:45:00,7547.82,88.22,TRADE
NSW1,2026/07/07 04:50:00,7594.34,98.32,TRADE
NSW1,2026/07/07 04:55:00,7722.58,99.02,TRADE
NSW1,2026/07/07 05:00:00,7711.02,98.30,TRADE
NSW1,2026/07/07 05:05:00,7762.3,95.30,TRADE
NSW1,2026/07/07 05:10:00,7799.45,99.02,TRADE
NSW1,2026/07/07 05:15:00,7827.49,99.02,TRADE
NSW1,2026/07/07 05:20:00,7885.03,105.40,TRADE
NSW1,2026/07/07 05:25:00,7940.47,105.35,TRADE
NSW1,2026/07/07 05:30:00,7941.62,104.38,TRADE
NSW1,2026/07/07 05:35:00,8012.31,106.02,TRADE
NSW1,2026/07/07 05:40:00,8073.76,106.84,TRADE
NSW1,2026/07/07 05:45:00,8102.13,106.71,TRADE
NSW1,2026/07/07 05:50:00,8182.96,107.60,TRADE
NSW1,2026/07/07 05:55:00,8271.28,109.37,TRADE
NSW1,2026/07/07 06:00:00,8338.31,111.42,TRADE
NSW1,2026/07/07 06:05:00,8411.7,106.56,TRADE
NSW1,2026/07/07 06:10:00,8529.21,111.01,TRADE
NSW1,2026/07/07 06:15:00,8674.72,112.19,TRADE
NSW1,2026/07/07 06:20:00,8730.51,114.35,TRADE
NSW1,2026/07/07 06:25:00,8921.8,114.80,TRADE
NSW1,2026/07/07 06:30:00,9014.16,114.80,TRADE
NSW1,2026/07/07 06:35:00,9117.47,114.80,TRADE
NSW1,2026/07/07 06:40:00,9183.06,114.80,TRADE
NSW1,2026/07/07 06:45:00,9327.13,116.84,TRADE
NSW1,2026/07/07 06:50:00,9385.29,117.24,TRADE
NSW1,2026/07/07 06:55:00,9438.12,119.85,TRADE
NSW1,2026/07/07 07:00:00,9505.18,121.09,TRADE
NSW1,2026/07/07 07:05:00,9586.93,122.04,TRADE
NSW1,2026/07/07 07:10:00,9657.76,115.88,TRADE
NSW1,2026/07/07 07:15:00,9758.77,121.09,TRADE
NSW1,2026/07/07 07:20:00,9836.49,147.88,TRADE
NSW1,2026/07/07 07:25:00,9802.61,139.91,TRADE
NSW1,2026/07/07 07:30:00,9943.19,125.09,TRADE
NSW1,2026/07/07 07:35:00,10026.24,129.96,TRADE
NSW1,2026/07/07 07:40:00,10022.62,129.96,TRADE
NSW1,2026/07/07 07:45:00,10100.73,129.96,TRADE
NSW1,2026/07/07 07:50:00,10044.31,114.80,TRADE
NSW1,2026/07/07 07:55:00,10024.33,97.63,TRADE
NSW1,2026/07/07 08:00:00,10041.33,97.63,TRADE
NSW1,2026/07/07 08:05:00,9972.98,79.76,TRADE
NSW1,2026/07/07 08:10:00,9921.05,68.59,TRADE
NSW1,2026/07/07 08:15:00,9964.25,73.06,TRADE
NSW1,2026/07/07 08:20:00,9919.47,73.05,TRADE
NSW1,2026/07/07 08:25:00,9846.83,99.01,TRADE
NSW1,2026/07/07 08:30:00,9638.32,74.06,TRADE
NSW1,2026/07/07 08:35:00,9647.48,67.99,TRADE
NSW1,2026/07/07 08:40:00,9687.48,95.95,TRADE
NSW1,2026/07/07 08:45:00,9495.58,73.04,TRADE
NSW1,2026/07/07 08:50:00,9450.78,74.06,TRADE
NSW1,2026/07/07 08:55:00,9431.6,73.08,TRADE
NSW1,2026/07/07 09:00:00,9400.96,74.06,TRADE
NSW1,2026/07/07 09:05:00,9333.96,73,TRADE
NSW1,2026/07/07 09:10:00,9454.29,73.08,TRADE
NSW1,2026/07/07 09:15:00,9420.48,74.06,TRADE
NSW1,2026/07/07 09:20:00,9260.78,73.07,TRADE
NSW1,2026/07/07 09:25:00,9254.11,73,TRADE
NSW1,2026/07/07 09:30:00,9236.85,73,TRADE
NSW1,2026/07/07 09:35:00,9207.17,74.06,TRADE
NSW1,2026/07/07 09:40:00,9183.86,74.06,TRADE
NSW1,2026/07/07 09:45:00,9132.64,74.06,TRADE
NSW1,2026/07/07 09:50:00,9068.9,74.06,TRADE
NSW1,2026/07/07 09:55:00,9006.45,74.06,TRADE
NSW1,2026/07/07 10:00:00,8920.17,74.06,TRADE
NSW1,2026/07/07 10:05:00,8770.52,84.79,TRADE
NSW1,2026/07/07 10:10:00,8758.45,95.95,TRADE
NSW1,2026/07/07 10:15:00,8676.85,83.99,TRADE
NSW1,2026/07/07 10:20:00,8589.25,79,TRADE
NSW1,2026/07/07 10:25:00,8581.27,83.99,TRADE
NSW1,2026/07/07 10:30:00,8429.91,74.06,TRADE
NSW1,2026/07/07 10:35:00,8439.32,79,TRADE
NSW1,2026/07/07 10:40:00,8355.89,74.06,TRADE
NSW1,2026/07/07 10:45:00,8301.62,83.99,TRADE
NSW1,2026/07/07 10:50:00,8261.45,99.02,TRADE
NSW1,2026/07/07 10:55:00,8274.5,84.79,TRADE
NSW1,2026/07/07 11:00:00,8260.37,99.02,TRADE
NSW1,2026/07/07 11:05:00,8228.68,97.63,TRADE
NSW1,2026/07/07 11:10:00,8386.88,99.02,TRADE
NSW1,2026/07/07 11:15:00,8359.46,97.63,TRADE
NSW1,2026/07/07 11:20:00,8438.41,99.02,TRADE
NSW1,2026/07/07 11:25:00,8500.8,99.02,TRADE
NSW1,2026/07/07 11:30:00,8579.37,97.63,TRADE
NSW1,2026/07/07 11:35:00,8500.14,99.02,TRADE
NSW1,2026/07/07 11:40:00,8521.2,97.63,TRADE
NSW1,2026/07/07 11:45:00,8519.72,99.02,TRADE
NSW1,2026/07/07 11:50:00,8544.8,99.02,TRADE
NSW1,2026/07/07 11:55:00,8564.81,99.02,TRADE
NSW1,2026/07/07 12:00:00,8555.78,99.02,TRADE
NSW1,2026/07/07 12:05:00,8512.19,99.02,TRADE
NSW1,2026/07/07 12:10:00,8651.35,99.02,TRADE
NSW1,2026/07/07 12:15:00,8627.38,97.63,TRADE
NSW1,2026/07/07 12:20:00,8570.35,97.63,TRADE
NSW1,2026/07/07 12:25:00,8618.18,97.63,TRADE
NSW1,2026/07/07 12:30:00,8597.38,97.63,TRADE
NSW1,2026/07/07 12:35:00,8646.35,99.02,TRADE
NSW1,2026/07/07 12:40:00,8324.35,28.26,TRADE
NSW1,2026/07/07 12:45:00,8400.46,67.03,TRADE
NSW1,2026/07/07 12:50:00,8413.19,97.63,TRADE
NSW1,2026/07/07 12:55:00,8340.79,73.04,TRADE
NSW1,2026/07/07 13:00:00,8374.67,73.08,TRADE
NSW1,2026/07/07 13:05:00,8386.39,91.52,TRADE
NSW1,2026/07/07 13:10:00,8351.98,79,TRADE
NSW1,2026/07/07 13:15:00,8352.45,83.99,TRADE
NSW1,2026/07/07 13:20:00,8357.03,83.99,TRADE
NSW1,2026/07/07 13:25:00,8576.6,99.02,TRADE
NSW1,2026/07/07 13:30:00,8515.38,99.02,TRADE
NSW1,2026/07/07 13:35:00,8464.45,90.79,TRADE
NSW1,2026/07/07 13:40:00,8515.01,92.29,TRADE
NSW1,2026/07/07 13:45:00,8494.63,83.99,TRADE
NSW1,2026/07/07 13:50:00,8603.34,57.48,TRADE
NSW1,2026/07/07 13:55:00,8742.36,73.08,TRADE
NSW1,2026/07/07 14:00:00,8475.56,51.92,TRADE
NSW1,2026/07/07 14:05:00,8551.72,0.01,TRADE
NSW1,2026/07/07 14:10:00,8528.12,59.55,TRADE
NSW1,2026/07/07 14:15:00,8437.93,54.29,TRADE
NSW1,2026/07/07 14:20:00,8375.73,48.83,TRADE
NSW1,2026/07/07 14:25:00,8474.95,52.53,TRADE
NSW1,2026/07/07 14:30:00,8453.6,64.97,TRADE
NSW1,2026/07/07 14:35:00,8378.47,42.80,TRADE
NSW1,2026/07/07 14:40:00,8497.13,42.08,TRADE
NSW1,2026/07/07 14:45:00,8412.37,42.80,TRADE
NSW1,2026/07/07 14:50:00,8412.98,73.08,TRADE
NSW1,2026/07/07 14:55:00,8588.77,47.60,TRADE
NSW1,2026/07/07 15:00:00,8570.41,45.80,TRADE
NSW1,2026/07/07 15:05:00,8608.51,58.76,TRADE
NSW1,2026/07/07 15:10:00,8909.82,62.21,TRADE
NSW1,2026/07/07 15:15:00,8925.36,61.02,TRADE
NSW1,2026/07/07 15:20:00,9030.53,68.17,TRADE
NSW1,2026/07/07 15:25:00,9163.8,83.26,TRADE
NSW1,2026/07/07 15:30:00,9151.48,88.88,TRADE
NSW1,2026/07/07 15:35:00,9113.31,64.03,TRADE
NSW1,2026/07/07 15:40:00,9344.71,79,TRADE
NSW1,2026/07/07 15:45:00,9293.7,97.86,TRADE
NSW1,2026/07/07 15:50:00,9309.03,83.99,TRADE
NSW1,2026/07/07 15:55:00,9440.84,84.79,TRADE
NSW1,2026/07/07 16:00:00,9502.19,105,TRADE
NSW1,2026/07/07 16:05:00,9544.19,105,TRADE
NSW1,2026/07/07 16:10:00,9688.09,107.06,TRADE
NSW1,2026/07/07 16:15:00,9692.47,109.15,TRADE
NSW1,2026/07/07 16:20:00,9830.99,129.96,TRADE
NSW1,2026/07/07 16:25:00,9837.39,129.96,TRADE
NSW1,2026/07/07 16:30:00,9995.75,131.88,TRADE
NSW1,2026/07/07 16:35:00,10112.18,121.09,TRADE
NSW1,2026/07/07 16:40:00,10230.46,133.20,TRADE
NSW1,2026/07/07 16:45:00,10232.89,129.96,TRADE
NSW1,2026/07/07 16:50:00,10372.05,129.96,TRADE
NSW1,2026/07/07 16:55:00,10488.53,146,TRADE
NSW1,2026/07/07 17:00:00,10535.36,146,TRADE
NSW1,2026/07/07 17:05:00,10554.49,129.96,TRADE
NSW1,2026/07/07 17:10:00,10522.21,129.96,TRADE
NSW1,2026/07/07 17:15:00,10626.95,129.96,TRADE
NSW1,2026/07/07 17:20:00,10819.49,146,TRADE
NSW1,2026/07/07 17:25:00,10868.54,146,TRADE
NSW1,2026/07/07 17:30:00,10887.27,146,TRADE
NSW1,2026/07/07 17:35:00,11059.13,133.25,TRADE
NSW1,2026/07/07 17:40:00,11140.49,146,TRADE
NSW1,2026/07/07 17:45:00,11174.91,146,TRADE
NSW1,2026/07/07 17:50:00,11151.32,146,TRADE
NSW1,2026/07/07 17:55:00,11103.06,131.89,TRADE
NSW1,2026/07/07 18:00:00,11151.63,133.02,TRADE
NSW1,2026/07/07 18:05:00,11148.29,131.88,TRADE
NSW1,2026/07/07 18:10:00,11199.64,146,TRADE
NSW1,2026/07/07 18:15:00,11021.48,129.96,TRADE
NSW1,2026/07/07 18:20:00,11029.85,133.35,TRADE
NSW1,2026/07/07 18:25:00,11054.12,129.96,TRADE
NSW1,2026/07/07 18:30:00,11054.64,146,TRADE
NSW1,2026/07/07 18:35:00,10938.65,129.96,TRADE
NSW1,2026/07/07 18:40:00,11023.68,129.96,TRADE
NSW1,2026/07/07 18:45:00,10935.83,129.96,TRADE
NSW1,2026/07/07 18:50:00,10987.94,143.08,TRADE
NSW1,2026/07/07 18:55:00,10934.51,137.86,TRADE
NSW1,2026/07/07 19:00:00,10979.91,129.96,TRADE
NSW1,2026/07/07 19:05:00,10868.01,129.96,TRADE
NSW1,2026/07/07 19:10:00,10920.49,129.96,TRADE
NSW1,2026/07/07 19:15:00,10847.92,141.85,TRADE
NSW1,2026/07/07 19:20:00,10761.54,129.96,TRADE
NSW1,2026/07/07 19:25:00,10819.51,129.96,TRADE
NSW1,2026/07/07 19:30:00,10705.58,129.96,TRADE
NSW1,2026/07/07 19:35:00,10711.53,146,TRADE
NSW1,2026/07/07 19:40:00,10635.94,146,TRADE
NSW1,2026/07/07 19:45:00,10601.1,131.53,TRADE
NSW1,2026/07/07 19:50:00,10576.68,129.96,TRADE
NSW1,2026/07/07 19:55:00,10551.9,129.96,TRADE
NSW1,2026/07/07 20:00:00,10510.43,129.96,TRADE
NSW1,2026/07/07 20:05:00,10465.92,128.66,TRADE
NSW1,2026/07/07 20:10:00,10526.24,129.96,TRADE
NSW1,2026/07/07 20:15:00,10372.9,129.96,TRADE
NSW1,2026/07/07 20:20:00,10340.26,129.96,TRADE
NSW1,2026/07/07 20:25:00,10336.93,129.96,TRADE
NSW1,2026/07/07 20:30:00,10382.22,118.65,TRADE
NSW1,2026/07/07 20:35:00,10348.18,129.96,TRADE
NSW1,2026/07/07 20:40:00,10215.05,129.96,TRADE
NSW1,2026/07/07 20:45:00,10253.85,121.33,TRADE
NSW1,2026/07/07 20:50:00,10168.2,113.97,TRADE
NSW1,2026/07/07 20:55:00,10147.72,114.80,TRADE
NSW1,2026/07/07 21:00:00,10074.32,122.63,TRADE
NSW1,2026/07/07 21:05:00,9968.04,129.96,TRADE
NSW1,2026/07/07 21:10:00,9993.08,142.58,TRADE
NSW1,2026/07/07 21:15:00,9863.78,126.32,TRADE
NSW1,2026/07/07 21:20:00,9921.83,125.20,TRADE
NSW1,2026/07/07 21:25:00,9821.31,122.66,TRADE
NSW1,2026/07/07 21:30:00,9805.28,114.80,TRADE
NSW1,2026/07/07 21:35:00,9739.49,124.80,TRADE
NSW1,2026/07/07 21:40:00,9682.6,124.04,TRADE
NSW1,2026/07/07 21:45:00,9531.4,111,TRADE
NSW1,2026/07/07 21:50:00,9529.43,115.18,TRADE
NSW1,2026/07/07 21:55:00,9349.78,111,TRADE
NSW1,2026/07/07 22:00:00,9326.66,100.56,TRADE
NSW1,2026/07/07 22:05:00,9197.01,111.78,TRADE
NSW1,2026/07/07 22:10:00,9337.64,124.40,TRADE
NSW1,2026/07/07 22:15:00,9262.08,115.18,TRADE
NSW1,2026/07/07 22:20:00,9314.74,119.97,TRADE
NSW1,2026/07/07 22:25:00,9282.58,121.98,TRADE
NSW1,2026/07/07 22:30:00,9188.32,111,TRADE
NSW1,2026/07/07 22:35:00,9178.66,111,TRADE
NSW1,2026/07/07 22:40:00,9162.9,111,TRADE
NSW1,2026/07/07 22:45:00,9078.05,103.78,TRADE
NSW1,2026/07/07 22:50:00,8978.76,111,TRADE
NSW1,2026/07/07 22:55:00,8942.85,100.42,TRADE
NSW1,2026/07/07 23:00:00,8880.4,99.05,TRADE
NSW1,2026/07/07 23:05:00,8916.15,103.29,TRADE
NSW1,2026/07/07 23:10:00,8855.57,111,TRADE
NSW1,2026/07/07 23:15:00,8797.24,111,TRADE
NSW1,2026/07/07 23:20:00,8704.81,105.41,TRADE
NSW1,2026/07/07 23:25:00,8690.91,111,TRADE
NSW1,2026/07/07 23:30:00,8607.11,102.29,TRADE
NSW1,2026/07/07 23:35:00,8584.38,111,TRADE
NSW1,2026/07/07 23:40:00,8582.98,115.18,TRADE
NSW1,2026/07/07 23:45:00,8489.13,111,TRADE
NSW1,2026/07/07 23:50:00,8457.05,111,TRADE
NSW1,2026/07/07 23:55:00,8488.45,111,TRADE
NSW1,2026/07/08 00:00:00,8433.36,104.97,TRADE
NSW1,2026/07/08 00:05:00,8367.93,111,TRADE
NSW1,2026/07/08 00:10:00,8467.19,111,TRADE
NSW1,2026/07/08 00:15:00,8441.39,108.82,TRADE
NSW1,2026/07/08 00:20:00,8410.51,111,TRADE
NSW1,2026/07/08 00:25:00,8434.19,106.60,TRADE
NSW1,2026/07/08 00:30:00,8370.05,111,TRADE
NSW1,2026/07/08 00:35:00,8294.06,111,TRADE
NSW1,2026/07/08 00:40:00,8338.73,103.70,TRADE
NSW1,2026/07/08 00:45:00,8324.23,104.12,TRADE
NSW1,2026/07/08 00:50:00,8301.79,103.83,TRADE
NSW1,2026/07/08 00:55:00,8230.84,103.70,TRADE
NSW1,2026/07/08 01:00:00,8151.35,102.59,TRADE
NSW1,2026/07/08 01:05:00,8134.88,103.70,TRADE
NSW1,2026/07/08 01:10:00,8100.16,103.70,TRADE
NSW1,2026/07/08 01:15:00,8037.03,103.26,TRADE
NSW1,2026/07/08 01:20:00,7940.4,101.21,TRADE
NSW1,2026/07/08 01:25:00,7862.2,101.98,TRADE
NSW1,2026/07/08 01:30:00,7815.66,99.53,TRADE
NSW1,2026/07/08 01:35:00,7762.44,100.58,TRADE
NSW1,2026/07/08 01:40:00,7815.2,103.70,TRADE
NSW1,2026/07/08 01:45:00,7776.44,103.70,TRADE
NSW1,2026/07/08 01:50:00,7789.2,101.01,TRADE
NSW1,2026/07/08 01:55:00,7741.32,101.28,TRADE
NSW1,2026/07/08 02:00:00,7713.76,99.02,TRADE
NSW1,2026/07/08 02:05:00,7682.17,103.70,TRADE
NSW1,2026/07/08 02:10:00,7580.16,102.12,TRADE
NSW1,2026/07/08 02:15:00,7565.96,102.06,TRADE
NSW1,2026/07/08 02:20:00,7547.63,101.15,TRADE
NSW1,2026/07/08 02:25:00,7563.17,103.70,TRADE
NSW1,2026/07/08 02:30:00,7501.89,102.21,TRADE
NSW1,2026/07/08 02:35:00,7440.93,100.74,TRADE
NSW1,2026/07/08 02:40:00,7431.02,101.15,TRADE
NSW1,2026/07/08 02:45:00,7493.22,100.84,TRADE
NSW1,2026/07/08 02:50:00,7365.91,99.97,TRADE
NSW1,2026/07/08 02:55:00,7456.32,100.52,TRADE
NSW1,2026/07/08 03:00:00,7436.46,100.75,TRADE
NSW1,2026/07/08 03:05:00,7453.81,99.02,TRADE
NSW1,2026/07/08 03:10:00,7488.68,99.02,TRADE
NSW1,2026/07/08 03:15:00,7384.01,99.12,TRADE
NSW1,2026/07/08 03:20:00,7363.48,99.20,TRADE
NSW1,2026/07/08 03:25:00,7432.01,99.02,TRADE
NSW1,2026/07/08 03:30:00,7424.02,99.02,TRADE
NSW1,2026/07/08 03:35:00,7470.37,100,TRADE
NSW1,2026/07/08 03:40:00,7446.85,99.02,TRADE
NSW1,2026/07/08 03:45:00,7501.96,99.02,TRADE
NSW1,2026/07/08 03:50:00,7444.98,99.02,TRADE
NSW1,2026/07/08 03:55:00,7391.44,98.50,TRADE
NSW1,2026/07/08 04:00:00,7371.06,99.02,TRADE
NSW1,2026/07/08 04:05:00,7411.72,99.02,TRADE
NSW1,2026/07/08 04:10:00,7436.71,100.95,TRADE
NSW1,2026/07/08 04:15:00,7456.48,100.39,TRADE
NSW1,2026/07/08 04:20:00,7431.76,99.45,TRADE
NSW1,2026/07/08 04:25:00,7488.01,99.79,TRADE
NSW1,2026/07/08 04:30:00,7528.78,99.02,TRADE
NSW1,2026/07/08 04:35:00,7519.07,99.02,TRADE
NSW1,2026/07/08 04:40:00,7605.72,100.83,TRADE
NSW1,2026/07/08 04:45:00,7614.75,106.32,TRADE
NSW1,2026/07/08 04:50:00,7624.67,106.68,TRADE
NSW1,2026/07/08 04:55:00,7630.26,108.89,TRADE
NSW1,2026/07/08 05:00:00,7632.3,106.66,TRADE
NSW1,2026/07/08 05:05:00,7679.13,102.38,TRADE
NSW1,2026/07/08 05:10:00,7803.22,108.89,TRADE
NSW1,2026/07/08 05:15:00,7878.13,108.89,TRADE
NSW1,2026/07/08 05:20:00,7907.41,108.89,TRADE
NSW1,2026/07/08 05:25:00,7949.45,115.18,TRADE
NSW1,2026/07/08 05:30:00,7987.95,115.18,TRADE
NSW1,2026/07/08 05:35:00,8031.64,108.89,TRADE
NSW1,2026/07/08 05:40:00,8070.52,108.89,TRADE
NSW1,2026/07/08 05:45:00,8114.78,108.89,TRADE
NSW1,2026/07/08 05:50:00,8214.35,115.18,TRADE
NSW1,2026/07/08 05:55:00,8281.69,119.80,TRADE
NSW1,2026/07/08 06:00:00,8273.86,117.51,TRADE
NSW1,2026/07/08 06:05:00,8406.53,119.30,TRADE
NSW1,2026/07/08 06:10:00,8558.77,121.94,TRADE
NSW1,2026/07/08 06:15:00,8647.38,130.80,TRADE
NSW1,2026/07/08 06:20:00,8778.95,129.71,TRADE
NSW1,2026/07/08 06:25:00,8900.58,127.22,TRADE
NSW1,2026/07/08 06:30:00,9021.93,128.91,TRADE
NSW1,2026/07/08 06:35:00,9045.09,120.88,TRADE
NSW1,2026/07/08 06:40:00,9263.66,123.23,TRADE
NSW1,2026/07/08 06:45:00,9345.56,125,TRADE
NSW1,2026/07/08 06:50:00,9464.42,124.52,TRADE
NSW1,2026/07/08 06:55:00,9518.58,126.10,TRADE
NSW1,2026/07/08 07:00:00,9564.25,155.78,TRADE
NSW1,2026/07/08 07:05:00,9644.17,121.09,TRADE
NSW1,2026/07/08 07:10:00,9715.83,122.04,TRADE
NSW1,2026/07/08 07:15:00,9815.25,134.86,TRADE
NSW1,2026/07/08 07:20:00,9865.46,169.25,TRADE
NSW1,2026/07/08 07:25:00,9908.69,153.54,TRADE
NSW1,2026/07/08 07:30:00,10001.02,169.25,TRADE
NSW1,2026/07/08 07:35:00,10013.89,155.99,TRADE
NSW1,2026/07/08 07:40:00,10024.96,125.16,TRADE
NSW1,2026/07/08 07:45:00,10037.55,121.09,TRADE
NSW1,2026/07/08 07:50:00,9993.66,114.80,TRADE
NSW1,2026/07/08 07:55:00,9956.75,114.80,TRADE
NSW1,2026/07/08 08:00:00,9937.43,114.80,TRADE
NSW1,2026/07/08 08:05:00,9907.38,114.80,TRADE
NSW1,2026/07/08 08:10:00,9953.12,114.80,TRADE
NSW1,2026/07/08 08:15:00,9942.02,114.80,TRADE
NSW1,2026/07/08 08:20:00,9828.92,96.88,TRADE
NSW1,2026/07/08 08:25:00,9780.52,97.46,TRADE
NSW1,2026/07/08 08:30:00,9734.4,74.06,TRADE
NSW1,2026/07/08 08:35:00,9647.85,74.06,TRADE
NSW1,2026/07/08 08:40:00,9566.72,99.02,TRADE
NSW1,2026/07/08 08:45:00,9454.6,99.01,TRADE
NSW1,2026/07/08 08:50:00,9349.18,74.06,TRADE
NSW1,2026/07/08 08:55:00,9354.78,74.06,TRADE
NSW1,2026/07/08 09:00:00,9322.38,74.06,TRADE
NSW1,2026/07/08 09:05:00,9223.27,99.01,TRADE
NSW1,2026/07/08 09:10:00,9144.25,99.01,TRADE
NSW1,2026/07/08 09:15:00,9046.03,97.63,TRADE
NSW1,2026/07/08 09:20:00,8988.31,99.01,TRADE
NSW1,2026/07/08 09:25:00,9006.1,99.01,TRADE
NSW1,2026/07/08 09:30:00,8877.22,74.06,TRADE
NSW1,2026/07/08 09:35:00,8865.07,74.06,TRADE
NSW1,2026/07/08 09:40:00,8808.56,74.06,TRADE
NSW1,2026/07/08 09:45:00,8747.17,83.99,TRADE
NSW1,2026/07/08 09:50:00,8597.54,74.06,TRADE
NSW1,2026/07/08 09:55:00,8597.98,74.06,TRADE
NSW1,2026/07/08 10:00:00,8544.63,84.79,TRADE
NSW1,2026/07/08 10:05:00,8352.68,30.39,TRADE
NSW1,2026/07/08 10:10:00,8607.79,73.01,TRADE
NSW1,2026/07/08 10:15:00,8334.26,73,TRADE
NSW1,2026/07/08 10:20:00,8247.75,73,TRADE
NSW1,2026/07/08 10:25:00,8160.8,69.99,TRADE
NSW1,2026/07/08 10:30:00,8181.82,29.52,TRADE
NSW1,2026/07/08 10:35:00,8265.54,73.08,TRADE
NSW1,2026/07/08 10:40:00,8002.55,73,TRADE
NSW1,2026/07/08 10:45:00,7944.79,73,TRADE
NSW1,2026/07/08 10:50:00,7884.52,73,TRADE
NSW1,2026/07/08 10:55:00,7811.28,72,TRADE
NSW1,2026/07/08 11:00:00,7802.21,72,TRADE
NSW1,2026/07/08 11:05:00,7739.08,72,TRADE
NSW1,2026/07/08 11:10:00,7845.45,72,TRADE
NSW1,2026/07/08 11:15:00,7854.42,72,TRADE
NSW1,2026/07/08 11:20:00,7873.32,69.99,TRADE
NSW1,2026/07/08 11:25:00,7910.94,73,TRADE
NSW1,2026/07/08 11:30:00,7912.97,73,TRADE
NSW1,2026/07/08 11:35:00,7908.96,73,TRADE
NSW1,2026/07/08 11:40:00,7940.32,73,TRADE
NSW1,2026/07/08 11:45:00,7921.86,50,TRADE
NSW1,2026/07/08 11:50:00,8143.86,99.02,TRADE
NSW1,2026/07/08 11:55:00,7966.85,84.79,TRADE
NSW1,2026/07/08 12:00:00,7896.55,74.06,TRADE
NSW1,2026/07/08 12:05:00,8072.14,54.39,TRADE
NSW1,2026/07/08 12:10:00,8134.06,73.08,TRADE
NSW1,2026/07/08 12:15:00,8110.21,99.02,TRADE
NSW1,2026/07/08 12:20:00,8047.18,99.02,TRADE
NSW1,2026/07/08 12:25:00,8084.41,129.60,TRADE
NSW1,2026/07/08 12:30:00,7977.97,99.02,TRADE
NSW1,2026/07/08 12:35:00,8026.51,99.02,TRADE
NSW1,2026/07/08 12:40:00,7992.3,99.02,TRADE
NSW1,2026/07/08 12:45:00,7949.42,99.02,TRADE
NSW1,2026/07/08 12:50:00,7927.37,99.02,TRADE
NSW1,2026/07/08 12:55:00,7975.63,99.02,TRADE
NSW1,2026/07/08 13:00:00,7971.31,99.02,TRADE
NSW1,2026/07/08 13:05:00,7985.15,99.02,TRADE
NSW1,2026/07/08 13:10:00,7960.09,99.02,TRADE
NSW1,2026/07/08 13:15:00,7988.75,99.02,TRADE
NSW1,2026/07/08 13:20:00,7993.75,99.02,TRADE
NSW1,2026/07/08 13:25:00,7960.91,97.63,TRADE
NSW1,2026/07/08 13:30:00,7964.62,99.01,TRADE
NSW1,2026/07/08 13:35:00,7951.31,84.09,TRADE
NSW1,2026/07/08 13:40:00,7958.35,97.63,TRADE
NSW1,2026/07/08 13:45:00,7852.58,65.79,TRADE
NSW1,2026/07/08 13:50:00,7902.75,80.91,TRADE
NSW1,2026/07/08 13:55:00,7804.37,81.52,TRADE
NSW1,2026/07/08 14:00:00,7720.74,68.38,TRADE
NSW1,2026/07/08 14:05:00,7734.43,68.32,TRADE
NSW1,2026/07/08 14:10:00,7731.84,69.99,TRADE
NSW1,2026/07/08 14:15:00,7720.26,69.99,TRADE
NSW1,2026/07/08 14:20:00,7745.99,69.99,TRADE
NSW1,2026/07/08 14:25:00,7760.87,69.60,TRADE
NSW1,2026/07/08 14:30:00,7859.54,70.71,TRADE
NSW1,2026/07/08 14:35:00,7991.21,68.64,TRADE
NSW1,2026/07/08 14:40:00,8134.53,72,TRADE
NSW1,2026/07/08 14:45:00,8173.45,51.07,TRADE
NSW1,2026/07/08 14:50:00,8260.47,61.12,TRADE
NSW1,2026/07/08 14:55:00,8339.13,65.98,TRADE
NSW1,2026/07/08 15:00:00,8340.68,69.70,TRADE
NSW1,2026/07/08 15:05:00,8315.79,28.90,TRADE
NSW1,2026/07/08 15:10:00,8399.18,45.68,TRADE
NSW1,2026/07/08 15:15:00,8414.41,61.47,TRADE
NSW1,2026/07/08 15:20:00,8440,57.39,TRADE
NSW1,2026/07/08 15:25:00,8509.93,42.80,TRADE
NSW1,2026/07/08 15:30:00,8567.6,50.15,TRADE
NSW1,2026/07/08 15:35:00,8650.74,49.74,TRADE
NSW1,2026/07/08 15:40:00,8760.17,73.08,TRADE
NSW1,2026/07/08 15:45:00,8797.25,99.01,TRADE
NSW1,2026/07/08 15:50:00,8892.34,81.74,TRADE
NSW1,2026/07/08 15:55:00,8950.65,98.49,TRADE
NSW1,2026/07/08 16:00:00,9010.25,99.72,TRADE
NSW1,2026/07/08 16:05:00,9089.78,73.07,TRADE
NSW1,2026/07/08 16:10:00,9210.71,92.47,TRADE
NSW1,2026/07/08 16:15:00,9366.26,100.07,TRADE
NSW1,2026/07/08 16:20:00,9425.75,107.71,TRADE
NSW1,2026/07/08 16:25:00,9497.49,115.23,TRADE
NSW1,2026/07/08 16:30:00,9663.72,129.60,TRADE
NSW1,2026/07/08 16:35:00,9706.23,124.52,TRADE
NSW1,2026/07/08 16:40:00,9804.77,121.09,TRADE
NSW1,2026/07/08 16:45:00,9903.86,174.59,TRADE
NSW1,2026/07/08 16:50:00,10009.88,174.59,TRADE
NSW1,2026/07/08 16:55:00,10129.49,169.25,TRADE
NSW1,2026/07/08 17:00:00,10189.75,174.59,TRADE
NSW1,2026/07/08 17:05:00,10278.99,159.23,TRADE
NSW1,2026/07/08 17:10:00,10376.89,174.59,TRADE
NSW1,2026/07/08 17:15:00,10453.71,174.59,TRADE
NSW1,2026/07/08 17:20:00,10539.5,229.88,TRADE
NSW1,2026/07/08 17:25:00,10548.95,174.59,TRADE
NSW1,2026/07/08 17:30:00,10694.69,230.59,TRADE
NSW1,2026/07/08 17:35:00,10743.05,229.69,TRADE
NSW1,2026/07/08 17:40:00,10793.71,230.59,TRADE
NSW1,2026/07/08 17:45:00,10911.51,230.59,TRADE
NSW1,2026/07/08 17:50:00,10952.5,230.59,TRADE
NSW1,2026/07/08 17:55:00,10988.37,231.24,TRADE
NSW1,2026/07/08 18:00:00,10959.93,230.59,TRADE
NSW1,2026/07/08 18:05:00,10958.93,230.59,TRADE
NSW1,2026/07/08 18:10:00,10926.69,205.31,TRADE
NSW1,2026/07/08 18:15:00,10875.48,181.41,TRADE
NSW1,2026/07/08 18:20:00,10791.14,174.59,TRADE
NSW1,2026/07/08 18:25:00,10946.51,234.94,TRADE
NSW1,2026/07/08 18:30:00,10820.07,178.47,TRADE
NSW1,2026/07/08 18:35:00,10897.1,169.25,TRADE
NSW1,2026/07/08 18:40:00,10884.92,174.59,TRADE
NSW1,2026/07/08 18:45:00,10856.91,149.99,TRADE
NSW1,2026/07/08 18:50:00,10910.09,174.59,TRADE
NSW1,2026/07/08 18:55:00,10847.62,174.59,TRADE
NSW1,2026/07/08 19:00:00,10872.07,174.59,TRADE
NSW1,2026/07/08 19:05:00,10855.63,169.25,TRADE
NSW1,2026/07/08 19:10:00,10767.07,146,TRADE
NSW1,2026/07/08 19:15:00,10813.97,174.59,TRADE
NSW1,2026/07/08 19:20:00,10701.66,174.59,TRADE
NSW1,2026/07/08 19:25:00,10689.23,160,TRADE
NSW1,2026/07/08 19:30:00,10612.86,128.75,TRADE
NSW1,2026/07/08 19:35:00,10678.08,174.59,TRADE
NSW1,2026/07/08 19:40:00,10581.45,174.59,TRADE
NSW1,2026/07/08 19:45:00,10548.02,169.25,TRADE
NSW1,2026/07/08 19:50:00,10559.2,169.25,TRADE
NSW1,2026/07/08 19:55:00,10487.94,164.78,TRADE
NSW1,2026/07/08 20:00:00,10469.6,148.86,TRADE
NSW1,2026/07/08 20:05:00,10461.63,174.59,TRADE
NSW1,2026/07/08 20:10:00,10416.39,174.59,TRADE
NSW1,2026/07/08 20:15:00,10400.42,174.59,TRADE
NSW1,2026/07/08 20:20:00,10408.37,174.59,TRADE
NSW1,2026/07/08 20:25:00,10356.14,174.59,TRADE
NSW1,2026/07/08 20:30:00,10332.64,174.59,TRADE
NSW1,2026/07/08 20:35:00,10342.49,174.59,TRADE
NSW1,2026/07/08 20:40:00,10267.67,174.59,TRADE
NSW1,2026/07/08 20:45:00,10221.39,174.59,TRADE
NSW1,2026/07/08 20:50:00,10268.4,174.59,TRADE
NSW1,2026/07/08 20:55:00,10152.33,169.25,TRADE
NSW1,2026/07/08 21:00:00,10066.55,129.60,TRADE
NSW1,2026/07/08 21:05:00,10150.58,174.59,TRADE
NSW1,2026/07/08 21:10:00,10071.51,169.25,TRADE
NSW1,2026/07/08 21:15:00,10030.69,129.60,TRADE
NSW1,2026/07/08 21:20:00,10015.78,127.55,TRADE
NSW1,2026/07/08 21:25:00,9934.04,154.55,TRADE
NSW1,2026/07/08 21:30:00,9875.37,131.89,TRADE
NSW1,2026/07/08 21:35:00,9844.52,169.25,TRADE
NSW1,2026/07/08 21:40:00,9799.47,169.25,TRADE
NSW1,2026/07/08 21:45:00,9745.78,134.86,TRADE
NSW1,2026/07/08 21:50:00,9767.94,166.95,TRADE
NSW1,2026/07/08 21:55:00,9695.43,132.90,TRADE
NSW1,2026/07/08 22:00:00,9585.95,114.80,TRADE
NSW1,2026/07/08 22:05:00,9581.16,131.89,TRADE
NSW1,2026/07/08 22:10:00,9633.11,157.33,TRADE
NSW1,2026/07/08 22:15:00,9559.55,157.77,TRADE
NSW1,2026/07/08 22:20:00,9597.7,162.26,TRADE
NSW1,2026/07/08 22:25:00,9504.1,169.25,TRADE
NSW1,2026/07/08 22:30:00,9471.35,168.31,TRADE
NSW1,2026/07/08 22:35:00,9414.31,121.09,TRADE
NSW1,2026/07/08 22:40:00,9342.14,131.89,TRADE
NSW1,2026/07/08 22:45:00,9359.82,174.59,TRADE
NSW1,2026/07/08 22:50:00,9272.16,134.86,TRADE
NSW1,2026/07/08 22:55:00,9218.69,131.89,TRADE
NSW1,2026/07/08 23:00:00,9100.35,129.41,TRADE
NSW1,2026/07/08 23:05:00,9081.15,108.89,TRADE
NSW1,2026/07/08 23:10:00,9109.57,131.09,TRADE
NSW1,2026/07/08 23:15:00,8971.22,108.89,TRADE
NSW1,2026/07/08 23:20:00,8900.42,108.89,TRADE
NSW1,2026/07/08 23:25:00,8847.65,106.20,TRADE
NSW1,2026/07/08 23:30:00,8815.7,108.89,TRADE
NSW1,2026/07/08 23:35:00,8839.41,124.29,TRADE
NSW1,2026/07/08 23:40:00,8801.92,108.89,TRADE
NSW1,2026/07/08 23:45:00,8681.3,99.81,TRADE
NSW1,2026/07/08 23:50:00,8677.73,108.89,TRADE
NSW1,2026/07/08 23:55:00,8735.81,124.29,TRADE
NSW1,2026/07/09 00:00:00,8680.62,108.88,TRADE
NSW1,2026/07/09 00:05:00,8521.92,99.02,TRADE
NSW1,2026/07/09 00:10:00,8670.39,108.88,TRADE
NSW1,2026/07/09 00:15:00,8677.27,108.89,TRADE
NSW1,2026/07/09 00:20:00,8673.58,108.88,TRADE
NSW1,2026/07/09 00:25:00,8616.68,108.83,TRADE
NSW1,2026/07/09 00:30:00,8593.74,108.88,TRADE
NSW1,2026/07/09 00:35:00,8549.11,108.89,TRADE
NSW1,2026/07/09 00:40:00,8492.99,108.89,TRADE
NSW1,2026/07/09 00:45:00,8415.96,108.89,TRADE
NSW1,2026/07/09 00:50:00,8411.12,108.89,TRADE
NSW1,2026/07/09 00:55:00,8295.16,108.88,TRADE
NSW1,2026/07/09 01:00:00,8277.38,108.87,TRADE
NSW1,2026/07/09 01:05:00,8238.67,108.89,TRADE
NSW1,2026/07/09 01:10:00,8242.89,108.89,TRADE
NSW1,2026/07/09 01:15:00,8168.98,108.89,TRADE
NSW1,2026/07/09 01:20:00,8059.83,108.77,TRADE
NSW1,2026/07/09 01:25:00,8053.15,106.34,TRADE
NSW1,2026/07/09 01:30:00,7979.37,106.38,TRADE
NSW1,2026/07/09 01:35:00,7998.61,108.89,TRADE
NSW1,2026/07/09 01:40:00,7959.43,108.89,TRADE
NSW1,2026/07/09 01:45:00,7886.02,108.89,TRADE
NSW1,2026/07/09 01:50:00,7801.83,108.89,TRADE
NSW1,2026/07/09 01:55:00,7734.46,108.89,TRADE
NSW1,2026/07/09 02:00:00,7769.7,97.63,TRADE
NSW1,2026/07/09 02:05:00,7790.67,108.89,TRADE
NSW1,2026/07/09 02:10:00,7723.35,108.89,TRADE
NSW1,2026/07/09 02:15:00,7724.09,97.63,TRADE
NSW1,2026/07/09 02:20:00,7717.52,107.39,TRADE
NSW1,2026/07/09 02:25:00,7653.4,108.89,TRADE
NSW1,2026/07/09 02:30:00,7663.57,108.89,TRADE
NSW1,2026/07/09 02:35:00,7576.7,97.63,TRADE
NSW1,2026/07/09 02:40:00,7558.5,97.63,TRADE
NSW1,2026/07/09 02:45:00,7641.79,97.63,TRADE
NSW1,2026/07/09 02:50:00,7615.35,103.97,TRADE
NSW1,2026/07/09 02:55:00,7511.91,96.01,TRADE
NSW1,2026/07/09 03:00:00,7579.09,96.82,TRADE
NSW1,2026/07/09 03:05:00,7514.11,102.09,TRADE
NSW1,2026/07/09 03:10:00,7545.18,108.89,TRADE
NSW1,2026/07/09 03:15:00,7560.22,108.89,TRADE
NSW1,2026/07/09 03:20:00,7437.2,103.58,TRADE
NSW1,2026/07/09 03:25:00,7485.42,108.88,TRADE
NSW1,2026/07/09 03:30:00,7512.43,108.89,TRADE
NSW1,2026/07/09 03:35:00,7482.38,100.47,TRADE
NSW1,2026/07/09 03:40:00,7421.27,108.89,TRADE
NSW1,2026/07/09 03:45:00,7499.34,97.77,TRADE
NSW1,2026/07/09 03:50:00,7498.52,98.90,TRADE
NSW1,2026/07/09 03:55:00,7436.33,99.92,TRADE
NSW1,2026/07/09 04:00:00,7458.54,108.89,TRADE
NSW1,2026/07/09 04:05:00,7366.92,96.34,TRADE
NSW1,2026/07/09 04:10:00,7504.64,88.88,TRADE
NSW1,2026/07/09 04:15:00,7568.44,91.54,TRADE
NSW1,2026/07/09 04:20:00,7554.45,97.63,TRADE
NSW1,2026/07/09 04:25:00,7469.78,99.01,TRADE
NSW1,2026/07/09 04:30:00,7477.25,97.63,TRADE
NSW1,2026/07/09 04:35:00,7553.83,89.88,TRADE
NSW1,2026/07/09 04:40:00,7604.65,95.18,TRADE
NSW1,2026/07/09 04:45:00,7700.3,108.88,TRADE
NSW1,2026/07/09 04:50:00,7653.64,99.01,TRADE
NSW1,2026/07/09 04:55:00,7719.13,108.60,TRADE
NSW1,2026/07/09 05:00:00,7727.51,92.88,TRADE
NSW1,2026/07/09 05:05:00,7772.82,99.01,TRADE
NSW1,2026/07/09 05:10:00,7887.71,104.38,TRADE
NSW1,2026/07/09 05:15:00,7921.68,97.63,TRADE
NSW1,2026/07/09 05:20:00,7888.24,97.63,TRADE
NSW1,2026/07/09 05:25:00,7988.04,97.63,TRADE
NSW1,2026/07/09 05:30:00,8014.47,115.18,TRADE
NSW1,2026/07/09 05:35:00,8016.69,103.21,TRADE
NSW1,2026/07/09 05:40:00,8156.3,97.63,TRADE
NSW1,2026/07/09 05:45:00,8154.96,100.57,TRADE
NSW1,2026/07/09 05:50:00,8242.5,108.88,TRADE
NSW1,2026/07/09 05:55:00,8233.49,108.88,TRADE
NSW1,2026/07/09 06:00:00,8310.9,115.37,TRADE
NSW1,2026/07/09 06:05:00,8357.7,103.77,TRADE
NSW1,2026/07/09 06:10:00,8509.6,105.71,TRADE
NSW1,2026/07/09 06:15:00,8721.97,115.18,TRADE
NSW1,2026/07/09 06:20:00,8703.84,115.18,TRADE
NSW1,2026/07/09 06:25:00,8857.46,118.96,TRADE
NSW1,2026/07/09 06:30:00,9001.93,122.71,TRADE
NSW1,2026/07/09 06:35:00,8991.72,114.80,TRADE
NSW1,2026/07/09 06:40:00,9134.77,119.38,TRADE
NSW1,2026/07/09 06:45:00,9272.01,120.08,TRADE
NSW1,2026/07/09 06:50:00,9392.94,134.86,TRADE
NSW1,2026/07/09 06:55:00,9476.99,123.90,TRADE
NSW1,2026/07/09 07:00:00,9458.81,116.76,TRADE
NSW1,2026/07/09 07:05:00,9507.55,114.80,TRADE
NSW1,2026/07/09 07:10:00,9634.19,114.80,TRADE
NSW1,2026/07/09 07:15:00,9759.21,114.80,TRADE
NSW1,2026/07/09 07:20:00,9815.04,114.80,TRADE
NSW1,2026/07/09 07:25:00,9901.84,114.80,TRADE
NSW1,2026/07/09 07:30:00,9903.44,114.80,TRADE
NSW1,2026/07/09 07:35:00,9926.89,114.80,TRADE
NSW1,2026/07/09 07:40:00,9975.37,114.80,TRADE
NSW1,2026/07/09 07:45:00,9965.1,114.80,TRADE
NSW1,2026/07/09 07:50:00,9916.43,114.80,TRADE
NSW1,2026/07/09 07:55:00,9948.01,97.63,TRADE
NSW1,2026/07/09 08:00:00,9890.69,89.10,TRADE
NSW1,2026/07/09 08:05:00,9923.75,114.80,TRADE
NSW1,2026/07/09 08:10:00,9883.26,95.95,TRADE
NSW1,2026/07/09 08:15:00,9879.26,70.89,TRADE
NSW1,2026/07/09 08:20:00,9914.29,70.98,TRADE
NSW1,2026/07/09 08:25:00,9860.3,99.01,TRADE
NSW1,2026/07/09 08:30:00,9714.17,99.01,TRADE
NSW1,2026/07/09 08:35:00,9664.59,73.06,TRADE
NSW1,2026/07/09 08:40:00,9529.66,51.95,TRADE
NSW1,2026/07/09 08:45:00,9585.29,51.95,TRADE
NSW1,2026/07/09 08:50:00,9516.11,51.95,TRADE
NSW1,2026/07/09 08:55:00,9461.21,51.95,TRADE
NSW1,2026/07/09 09:00:00,9288.12,51.95,TRADE
NSW1,2026/07/09 09:05:00,9247.53,84.79,TRADE
NSW1,2026/07/09 09:10:00,9110.66,51.95,TRADE
NSW1,2026/07/09 09:15:00,9205.69,68.02,TRADE
NSW1,2026/07/09 09:20:00,8999.77,51.95,TRADE
NSW1,2026/07/09 09:25:00,9082.92,57.39,TRADE
NSW1,2026/07/09 09:30:00,8930.73,51.95,TRADE
NSW1,2026/07/09 09:35:00,8866.46,69.99,TRADE
NSW1,2026/07/09 09:40:00,8780.21,57.39,TRADE
NSW1,2026/07/09 09:45:00,8728.99,57.39,TRADE
NSW1,2026/07/09 09:50:00,8644.74,84.79,TRADE
NSW1,2026/07/09 09:55:00,8559.03,69.99,TRADE
NSW1,2026/07/09 10:00:00,8499.51,70.72,TRADE
NSW1,2026/07/09 10:05:00,8327.69,83.99,TRADE
NSW1,2026/07/09 10:10:00,8264.29,51.95,TRADE
NSW1,2026/07/09 10:15:00,8312.71,53.05,TRADE
NSW1,2026/07/09 10:20:00,8320.1,84.79,TRADE
NSW1,2026/07/09 10:25:00,8180.11,69.99,TRADE
NSW1,2026/07/09 10:30:00,8119.54,69.99,TRADE
NSW1,2026/07/09 10:35:00,8107.15,69.99,TRADE
NSW1,2026/07/09 10:40:00,8113.42,70.72,TRADE
NSW1,2026/07/09 10:45:00,7993.93,51.95,TRADE
NSW1,2026/07/09 10:50:00,8019.16,72,TRADE
NSW1,2026/07/09 10:55:00,7884.9,71.01,TRADE
NSW1,2026/07/09 11:00:00,7851.88,52.74,TRADE
NSW1,2026/07/09 11:05:00,7956.66,71.64,TRADE
NSW1,2026/07/09 11:10:00,7984.37,72,TRADE
NSW1,2026/07/09 11:15:00,7865.74,70.71,TRADE
NSW1,2026/07/09 11:20:00,7839.68,67.99,TRADE
NSW1,2026/07/09 11:25:00,7851.14,69.99,TRADE
NSW1,2026/07/09 11:30:00,7839.37,67.99,TRADE
NSW1,2026/07/09 11:35:00,7864.47,52.69,TRADE
NSW1,2026/07/09 11:40:00,7971.02,72,TRADE
NSW1,2026/07/09 11:45:00,7814.29,64.69,TRADE
NSW1,2026/07/09 11:50:00,7824.09,65.12,TRADE
NSW1,2026/07/09 11:55:00,7887.95,77.73,TRADE
NSW1,2026/07/09 12:00:00,7968.59,78.59,TRADE
NSW1,2026/07/09 12:05:00,7929.69,72,TRADE
NSW1,2026/07/09 12:10:00,7813.52,67.99,TRADE
NSW1,2026/07/09 12:15:00,7845.82,89.10,TRADE
NSW1,2026/07/09 12:20:00,7817.22,65.50,TRADE
NSW1,2026/07/09 12:25:00,7900.73,70.71,TRADE
NSW1,2026/07/09 12:30:00,7918.38,73,TRADE
NSW1,2026/07/09 12:35:00,7890.3,72,TRADE
NSW1,2026/07/09 12:40:00,7833.08,62.23,TRADE
NSW1,2026/07/09 12:45:00,7780.63,62.25,TRADE
NSW1,2026/07/09 12:50:00,7712.54,94.04,TRADE
NSW1,2026/07/09 12:55:00,7755.83,89.10,TRADE
NSW1,2026/07/09 13:00:00,7749.59,81.54,TRADE
NSW1,2026/07/09 13:05:00,7667.79,79.50,TRADE
NSW1,2026/07/09 13:10:00,7620.15,64.99,TRADE
NSW1,2026/07/09 13:15:00,7682.69,78.96,TRADE
NSW1,2026/07/09 13:20:00,7585.18,89.10,TRADE
NSW1,2026/07/09 13:25:00,7530.23,85.01,TRADE
NSW1,2026/07/09 13:30:00,7531.32,76.86,TRADE
NSW1,2026/07/09 13:35:00,7530.97,81,TRADE
NSW1,2026/07/09 13:40:00,7457.12,79.71,TRADE
NSW1,2026/07/09 13:45:00,7486,78.87,TRADE
NSW1,2026/07/09 13:50:00,7513.37,69.99,TRADE
NSW1,2026/07/09 13:55:00,7617.01,80.16,TRADE
NSW1,2026/07/09 14:00:00,7591,73.97,TRADE
NSW1,2026/07/09 14:05:00,7681.57,73.01,TRADE
NSW1,2026/07/09 14:10:00,7575.71,72,TRADE
NSW1,2026/07/09 14:15:00,7663.62,73.37,TRADE
NSW1,2026/07/09 14:20:00,7641.54,60.52,TRADE
NSW1,2026/07/09 14:25:00,7717.29,57.37,TRADE
NSW1,2026/07/09 14:30:00,7748.31,69.99,TRADE
NSW1,2026/07/09 14:35:00,7777.61,74.99,TRADE
NSW1,2026/07/09 14:40:00,7873.76,72,TRADE
NSW1,2026/07/09 14:45:00,7883.6,75.27,TRADE
NSW1,2026/07/09 14:50:00,7963.04,72,TRADE
NSW1,2026/07/09 14:55:00,7962.78,57.39,TRADE
NSW1,2026/07/09 15:00:00,7993.92,69.99,TRADE
NSW1,2026/07/09 15:05:00,8076.15,74.05,TRADE
NSW1,2026/07/09 15:10:00,8195.35,82.23,TRADE
NSW1,2026/07/09 15:15:00,8198.31,79.90,TRADE
NSW1,2026/07/09 15:20:00,8237.11,83.95,TRADE
NSW1,2026/07/09 15:25:00,8288.27,83.91,TRADE
NSW1,2026/07/09 15:30:00,8459.96,99.01,TRADE
NSW1,2026/07/09 15:35:00,8417.47,84.17,TRADE
NSW1,2026/07/09 15:40:00,8533.49,79.35,TRADE
NSW1,2026/07/09 15:45:00,8619.78,92.89,TRADE
NSW1,2026/07/09 15:50:00,8789.18,106.24,TRADE
NSW1,2026/07/09 15:55:00,8908.45,105.06,TRADE
NSW1,2026/07/09 16:00:00,8920.8,108.67,TRADE
NSW1,2026/07/09 16:05:00,8962.26,101.19,TRADE
NSW1,2026/07/09 16:10:00,9055.41,110.73,TRADE
NSW1,2026/07/09 16:15:00,9105.61,115.42,TRADE
NSW1,2026/07/09 16:20:00,9158.01,138.77,TRADE
NSW1,2026/07/09 16:25:00,9296.35,158.54,TRADE
NSW1,2026/07/09 16:30:00,9441.44,169.25,TRADE
NSW1,2026/07/09 16:35:00,9494.9,145.57,TRADE
NSW1,2026/07/09 16:40:00,9719.84,169.25,TRADE
NSW1,2026/07/09 16:45:00,9830.63,174.59,TRADE
NSW1,2026/07/09 16:50:00,9850.13,174.59,TRADE
NSW1,2026/07/09 16:55:00,10001.12,174.59,TRADE
NSW1,2026/07/09 17:00:00,10112.03,185.77,TRADE
NSW1,2026/07/09 17:05:00,10098.33,174.59,TRADE
NSW1,2026/07/09 17:10:00,10245.52,174.59,TRADE
NSW1,2026/07/09 17:15:00,10382.95,174.59,TRADE
NSW1,2026/07/09 17:20:00,10483.88,174.59,TRADE
NSW1,2026/07/09 17:25:00,10527.19,174.59,TRADE
NSW1,2026/07/09 17:30:00,10612.4,174.59,TRADE
NSW1,2026/07/09 17:35:00,10648.11,174.59,TRADE
NSW1,2026/07/09 17:40:00,10696.58,169.25,TRADE
NSW1,2026/07/09 17:45:00,10805.65,169.25,TRADE
NSW1,2026/07/09 17:50:00,10901.3,174.59,TRADE
NSW1,2026/07/09 17:55:00,10789.18,180.06,TRADE
NSW1,2026/07/09 18:00:00,10790.24,176.39,TRADE
NSW1,2026/07/09 18:05:00,10795.81,169.25,TRADE
NSW1,2026/07/09 18:10:00,10809.13,162.88,TRADE
NSW1,2026/07/09 18:15:00,10765.03,154.67,TRADE
NSW1,2026/07/09 18:20:00,10819.81,153.96,TRADE
NSW1,2026/07/09 18:25:00,10806.89,159.22,TRADE
NSW1,2026/07/09 18:30:00,10793.73,160.95,TRADE
NSW1,2026/07/09 18:35:00,10798.08,163.51,TRADE
NSW1,2026/07/09 18:40:00,10901.03,161.01,TRADE
NSW1,2026/07/09 18:45:00,10805.85,146,TRADE
NSW1,2026/07/09 18:50:00,10929.79,146,TRADE
NSW1,2026/07/09 18:55:00,10940.73,146,TRADE
NSW1,2026/07/09 19:00:00,10940.53,169.25,TRADE
NSW1,2026/07/09 19:05:00,10834.08,143.60,TRADE
NSW1,2026/07/09 19:10:00,10846.05,143.64,TRADE
NSW1,2026/07/09 19:15:00,10779.66,169.25,TRADE
NSW1,2026/07/09 19:20:00,10614.75,156.92,TRADE
NSW1,2026/07/09 19:25:00,10687.53,135.76,TRADE
NSW1,2026/07/09 19:30:00,10736.06,130.50,TRADE
NSW1,2026/07/09 19:35:00,10707.5,163.88,TRADE
NSW1,2026/07/09 19:40:00,10656.9,147.98,TRADE
NSW1,2026/07/09 19:45:00,10648.73,150.71,TRADE
NSW1,2026/07/09 19:50:00,10607.22,146,TRADE
NSW1,2026/07/09 19:55:00,10609.27,157.41,TRADE
NSW1,2026/07/09 20:00:00,10492.42,129.46,TRADE
NSW1,2026/07/09 20:05:00,10597.35,142.29,TRADE
NSW1,2026/07/09 20:10:00,10527.32,133.66,TRADE
NSW1,2026/07/09 20:15:00,10529.54,144.72,TRADE
NSW1,2026/07/09 20:20:00,10562.95,144.75,TRADE
NSW1,2026/07/09 20:25:00,10423.1,152.74,TRADE
NSW1,2026/07/09 20:30:00,10422.88,131.89,TRADE
NSW1,2026/07/09 20:35:00,10457.65,141.95,TRADE
NSW1,2026/07/09 20:40:00,10441.87,152.22,TRADE
NSW1,2026/07/09 20:45:00,10350.65,167.71,TRADE
NSW1,2026/07/09 20:50:00,10271.1,142.39,TRADE
NSW1,2026/07/09 20:55:00,10338.25,146,TRADE
NSW1,2026/07/09 21:00:00,10276.74,146,TRADE
NSW1,2026/07/09 21:05:00,10279.62,162.89,TRADE
NSW1,2026/07/09 21:10:00,10176.44,146,TRADE
NSW1,2026/07/09 21:15:00,10159.93,149.10,TRADE
NSW1,2026/07/09 21:20:00,10067.05,162.03,TRADE
NSW1,2026/07/09 21:25:00,10005.53,146,TRADE
NSW1,2026/07/09 21:30:00,9926.03,152.58,TRADE
NSW1,2026/07/09 21:35:00,9880.02,146,TRADE
NSW1,2026/07/09 21:40:00,9890.45,146,TRADE
NSW1,2026/07/09 21:45:00,9856.57,151.23,TRADE
NSW1,2026/07/09 21:50:00,9716.8,150.28,TRADE
NSW1,2026/07/09 21:55:00,9684.15,141.51,TRADE
NSW1,2026/07/09 22:00:00,9603.54,117.77,TRADE
NSW1,2026/07/09 22:05:00,9511.58,138.57,TRADE
NSW1,2026/07/09 22:10:00,9592.07,154.55,TRADE
NSW1,2026/07/09 22:15:00,9449,137.75,TRADE
NSW1,2026/07/09 22:20:00,9447.01,137.56,TRADE
NSW1,2026/07/09 22:25:00,9479.52,152.33,TRADE
NSW1,2026/07/09 22:30:00,9391.85,114.98,TRADE
NSW1,2026/07/09 22:35:00,9303.53,125.31,TRADE
NSW1,2026/07/09 22:40:00,9315.58,142.88,TRADE
NSW1,2026/07/09 22:45:00,9217.62,133.20,TRADE
NSW1,2026/07/09 22:50:00,9185.53,134.86,TRADE
NSW1,2026/07/09 22:55:00,9192.73,114.81,TRADE
NSW1,2026/07/09 23:00:00,9109.79,107.09,TRADE
NSW1,2026/07/09 23:05:00,9114.15,118.05,TRADE
NSW1,2026/07/09 23:10:00,8978.43,103.80,TRADE
NSW1,2026/07/09 23:15:00,8911.8,124.29,TRADE
NSW1,2026/07/09 23:20:00,8952.17,124.29,TRADE
NSW1,2026/07/09 23:25:00,8879.67,94.27,TRADE
NSW1,2026/07/09 23:30:00,8886.77,97.63,TRADE
NSW1,2026/07/09 23:35:00,8821.15,124.29,TRADE
NSW1,2026/07/09 23:40:00,8844.56,124.29,TRADE
NSW1,2026/07/09 23:45:00,8785.01,103.80,TRADE
NSW1,2026/07/09 23:50:00,8697.9,103.80,TRADE
NSW1,2026/07/09 23:55:00,8662.36,104.72,TRADE
NSW1,2026/07/10 00:00:00,8562.83,103.80,TRADE
NSW1,2026/07/10 00:05:00,8591.86,115.26,TRADE
NSW1,2026/07/10 00:10:00,8818.68,115.18,TRADE
NSW1,2026/07/10 00:15:00,8775.54,103.80,TRADE
NSW1,2026/07/10 00:20:00,8698.95,108.87,TRADE
NSW1,2026/07/10 00:25:00,8774.43,108.64,TRADE
NSW1,2026/07/10 00:30:00,8743.66,104.37,TRADE
NSW1,2026/07/10 00:35:00,8738.36,108.64,TRADE
NSW1,2026/07/10 00:40:00,8634.63,108.07,TRADE
NSW1,2026/07/10 00:45:00,8515.75,116.19,TRADE
NSW1,2026/07/10 00:50:00,8424.32,103.80,TRADE
NSW1,2026/07/10 00:55:00,8473.18,108.64,TRADE
NSW1,2026/07/10 01:00:00,8427.27,115.18,TRADE
NSW1,2026/07/10 01:05:00,8366.24,115.18,TRADE
NSW1,2026/07/10 01:10:00,8388.62,111.57,TRADE
NSW1,2026/07/10 01:15:00,8289.15,115.18,TRADE
NSW1,2026/07/10 01:20:00,8225.52,110.51,TRADE
NSW1,2026/07/10 01:25:00,8221.7,115.18,TRADE
NSW1,2026/07/10 01:30:00,8059.41,110.53,TRADE
NSW1,2026/07/10 01:35:00,8021.43,115.18,TRADE
NSW1,2026/07/10 01:40:00,8095.78,117.54,TRADE
NSW1,2026/07/10 01:45:00,8040.67,109.33,TRADE
NSW1,2026/07/10 01:50:00,8023.53,115.18,TRADE
NSW1,2026/07/10 01:55:00,7914.37,106.36,TRADE
NSW1,2026/07/10 02:00:00,7871.06,105.50,TRADE
NSW1,2026/07/10 02:05:00,7917.37,115.18,TRADE
NSW1,2026/07/10 02:10:00,7888.74,121.52,TRADE
NSW1,2026/07/10 02:15:00,7850.01,115.18,TRADE
NSW1,2026/07/10 02:20:00,7799.72,110.03,TRADE
NSW1,2026/07/10 02:25:00,7720.44,108.88,TRADE
NSW1,2026/07/10 02:30:00,7686.57,108.88,TRADE
NSW1,2026/07/10 02:35:00,7708.01,115.65,TRADE
NSW1,2026/07/10 02:40:00,7709.18,115.18,TRADE
NSW1,2026/07/10 02:45:00,7584.2,115.65,TRADE
NSW1,2026/07/10 02:50:00,7658.08,115.18,TRADE
NSW1,2026/07/10 02:55:00,7636.21,111.78,TRADE
NSW1,2026/07/10 03:00:00,7597.98,112.86,TRADE
NSW1,2026/07/10 03:05:00,7638.61,117.75,TRADE
NSW1,2026/07/10 03:10:00,7563.05,115.18,TRADE
NSW1,2026/07/10 03:15:00,7545.45,115.18,TRADE
NSW1,2026/07/10 03:20:00,7570.7,115.18,TRADE
NSW1,2026/07/10 03:25:00,7563.6,115.18,TRADE
NSW1,2026/07/10 03:30:00,7585.34,119.46,TRADE
NSW1,2026/07/10 03:35:00,7506.98,116.79,TRADE
NSW1,2026/07/10 03:40:00,7495.64,115.91,TRADE
NSW1,2026/07/10 03:45:00,7504.89,116.88,TRADE
NSW1,2026/07/10 03:50:00,7542.13,121.06,TRADE
NSW1,2026/07/10 03:55:00,7504.42,116.03,TRADE
NSW1,2026/07/10 04:00:00,7542.78,121.68,TRADE
NSW1,2026/07/10 04:05:00,7484.82,111.01,TRADE
NSW1,2026/07/10 04:10:00,7555.03,113.17,TRADE
NSW1,2026/07/10 04:15:00,7609.22,112.54,TRADE
NSW1,2026/07/10 04:20:00,7631,111.01,TRADE
NSW1,2026/07/10 04:25:00,7635.09,117.68,TRADE
NSW1,2026/07/10 04:30:00,7586.52,115.02,TRADE
NSW1,2026/07/10 04:35:00,7571.11,111.01,TRADE
NSW1,2026/07/10 04:40:00,7721.8,116.04,TRADE
NSW1,2026/07/10 04:45:00,7714.09,116.76,TRADE
NSW1,2026/07/10 04:50:00,7682.85,111.01,TRADE
NSW1,2026/07/10 04:55:00,7784.87,115.77,TRADE
NSW1,2026/07/10 05:00:00,7799.04,111.01,TRADE
NSW1,2026/07/10 05:05:00,7899.68,111.01,TRADE
NSW1,2026/07/10 05:10:00,8008.5,111.01,TRADE
NSW1,2026/07/10 05:15:00,7950.1,111.01,TRADE
NSW1,2026/07/10 05:20:00,8039.26,111.01,TRADE
NSW1,2026/07/10 05:25:00,8159.69,111.01,TRADE
NSW1,2026/07/10 05:30:00,8181.34,111.01,TRADE
NSW1,2026/07/10 05:35:00,8176.33,103.23,TRADE
NSW1,2026/07/10 05:40:00,8344.45,111.01,TRADE
NSW1,2026/07/10 05:45:00,8377.66,123.15,TRADE
NSW1,2026/07/10 05:50:00,8383.92,111.01,TRADE
NSW1,2026/07/10 05:55:00,8512.12,111.01,TRADE
NSW1,2026/07/10 06:00:00,8538.39,115.31,TRADE
NSW1,2026/07/10 06:05:00,8592.78,111.01,TRADE
NSW1,2026/07/10 06:10:00,8838.22,120.43,TRADE
NSW1,2026/07/10 06:15:00,8986.42,125.48,TRADE
NSW1,2026/07/10 06:20:00,8924.38,128.95,TRADE
NSW1,2026/07/10 06:25:00,9116.53,129.71,TRADE
NSW1,2026/07/10 06:30:00,9214.68,132.39,TRADE
NSW1,2026/07/10 06:35:00,9313.19,114.57,TRADE
NSW1,2026/07/10 06:40:00,9353.21,111.11,TRADE
NSW1,2026/07/10 06:45:00,9460.87,111.88,TRADE
NSW1,2026/07/10 06:50:00,9569.03,137.66,TRADE
NSW1,2026/07/10 06:55:00,9672.93,143.90,TRADE
NSW1,2026/07/10 07:00:00,9758.54,143.90,TRADE
NSW1,2026/07/10 07:05:00,9796.69,124.72,TRADE
NSW1,2026/07/10 07:10:00,9814.2,124.18,TRADE
NSW1,2026/07/10 07:15:00,10004.93,129.94,TRADE
NSW1,2026/07/10 07:20:00,10072.17,143.90,TRADE
NSW1,2026/07/10 07:25:00,10157.98,143.90,TRADE
NSW1,2026/07/10 07:30:00,10222.99,136.89,TRADE
NSW1,2026/07/10 07:35:00,10193.35,143.90,TRADE
NSW1,2026/07/10 07:40:00,10190.91,143.15,TRADE
NSW1,2026/07/10 07:45:00,10234.92,134.09,TRADE
NSW1,2026/07/10 07:50:00,10284.72,137.14,TRADE
NSW1,2026/07/10 07:55:00,10158.27,128.90,TRADE
NSW1,2026/07/10 08:00:00,10121.33,122.04,TRADE
NSW1,2026/07/10 08:05:00,10103.44,143.90,TRADE
NSW1,2026/07/10 08:10:00,10148.92,143.90,TRADE
NSW1,2026/07/10 08:15:00,10124.32,143.90,TRADE
NSW1,2026/07/10 08:20:00,9969.14,121.09,TRADE
NSW1,2026/07/10 08:25:00,10079.09,122.04,TRADE
NSW1,2026/07/10 08:30:00,10010.58,132.04,TRADE
NSW1,2026/07/10 08:35:00,9849.06,128.90,TRADE
NSW1,2026/07/10 08:40:00,9862.65,128.90,TRADE
NSW1,2026/07/10 08:45:00,9806.62,122.04,TRADE
NSW1,2026/07/10 08:50:00,9684.41,114.23,TRADE
NSW1,2026/07/10 08:55:00,9606.4,97.63,TRADE
NSW1,2026/07/10 09:00:00,9589.22,97.21,TRADE
NSW1,2026/07/10 09:05:00,9532.85,94.40,TRADE
NSW1,2026/07/10 09:10:00,9602.08,99.01,TRADE
NSW1,2026/07/10 09:15:00,9472.17,99.01,TRADE
NSW1,2026/07/10 09:20:00,9488.87,97.63,TRADE
NSW1,2026/07/10 09:25:00,9474.6,89.10,TRADE
NSW1,2026/07/10 09:30:00,9434.47,97.63,TRADE
NSW1,2026/07/10 09:35:00,9319.66,99.01,TRADE
NSW1,2026/07/10 09:40:00,9233.79,99.01,TRADE
NSW1,2026/07/10 09:45:00,9172.66,89.10,TRADE
NSW1,2026/07/10 09:50:00,9216.78,92.14,TRADE
NSW1,2026/07/10 09:55:00,9201.35,99.01,TRADE
NSW1,2026/07/10 10:00:00,8930.04,98.38,TRADE
NSW1,2026/07/10 10:05:00,8866.72,89.10,TRADE
NSW1,2026/07/10 10:10:00,8938.7,89.10,TRADE
NSW1,2026/07/10 10:15:00,8815.27,95.95,TRADE
NSW1,2026/07/10 10:20:00,8600.62,89.10,TRADE
NSW1,2026/07/10 10:25:00,8576.4,72,TRADE
NSW1,2026/07/10 10:30:00,8648.73,96.32,TRADE
NSW1,2026/07/10 10:35:00,8456.34,99.01,TRADE
NSW1,2026/07/10 10:40:00,8382.76,98.08,TRADE
NSW1,2026/07/10 10:45:00,8262.88,72,TRADE
NSW1,2026/07/10 10:50:00,8359.38,67.99,TRADE
NSW1,2026/07/10 10:55:00,8250.94,99.01,TRADE
NSW1,2026/07/10 11:00:00,8002.16,89.10,TRADE
NSW1,2026/07/10 11:05:00,8015.26,89.10,TRADE
NSW1,2026/07/10 11:10:00,8140.27,91.11,TRADE
NSW1,2026/07/10 11:15:00,8131.5,91.89,TRADE
NSW1,2026/07/10 11:20:00,8039.37,84.79,TRADE
NSW1,2026/07/10 11:25:00,7944.31,51.95,TRADE
NSW1,2026/07/10 11:30:00,8039.8,81.90,TRADE
NSW1,2026/07/10 11:35:00,7968.63,84.79,TRADE
NSW1,2026/07/10 11:40:00,8025.55,89.10,TRADE
NSW1,2026/07/10 11:45:00,7988.53,88.36,TRADE
NSW1,2026/07/10 11:50:00,7995.03,65.53,TRADE
NSW1,2026/07/10 11:55:00,8092.71,67.22,TRADE
NSW1,2026/07/10 12:00:00,8033.46,88.88,TRADE
NSW1,2026/07/10 12:05:00,7996.65,87.21,TRADE
NSW1,2026/07/10 12:10:00,8026.49,84.44,TRADE
NSW1,2026/07/10 12:15:00,7952.02,74.41,TRADE
NSW1,2026/07/10 12:20:00,7987.75,83.24,TRADE
NSW1,2026/07/10 12:25:00,8023.56,76.49,TRADE
NSW1,2026/07/10 12:30:00,8034.95,84.96,TRADE
NSW1,2026/07/10 12:35:00,8022.99,85.77,TRADE
NSW1,2026/07/10 12:40:00,8138.25,83.99,TRADE
NSW1,2026/07/10 12:45:00,8147.77,81.67,TRADE
NSW1,2026/07/10 12:50:00,8145.48,89.31,TRADE
NSW1,2026/07/10 12:55:00,8234.17,77.21,TRADE
NSW1,2026/07/10 13:00:00,8199.19,72,TRADE
NSW1,2026/07/10 13:05:00,8300.21,86.84,TRADE
NSW1,2026/07/10 13:10:00,8269.31,83.99,TRADE
NSW1,2026/07/10 13:15:00,8138.59,58.28,TRADE
NSW1,2026/07/10 13:20:00,8237.6,68.02,TRADE
NSW1,2026/07/10 13:25:00,8269.37,83.99,TRADE
NSW1,2026/07/10 13:30:00,8260.85,77.88,TRADE
NSW1,2026/07/10 13:35:00,8288.2,66.43,TRADE
NSW1,2026/07/10 13:40:00,8216.4,67.82,TRADE
NSW1,2026/07/10 13:45:00,8322.46,73.98,TRADE
NSW1,2026/07/10 13:50:00,8251.13,69.03,TRADE
NSW1,2026/07/10 13:55:00,8348.95,82.68,TRADE
NSW1,2026/07/10 14:00:00,8364.13,88.88,TRADE
NSW1,2026/07/10 14:05:00,8279.64,75.19,TRADE
NSW1,2026/07/10 14:10:00,8322.25,67.99,TRADE
NSW1,2026/07/10 14:15:00,8192.5,75.80,TRADE
NSW1,2026/07/10 14:20:00,8342.21,72.35,TRADE
NSW1,2026/07/10 14:25:00,8418.14,82.20,TRADE
NSW1,2026/07/10 14:30:00,8382.19,82.06,TRADE
NSW1,2026/07/10 14:35:00,8542.84,80,TRADE
NSW1,2026/07/10 14:40:00,8536.24,78.30,TRADE
NSW1,2026/07/10 14:45:00,8551.2,69.99,TRADE
NSW1,2026/07/10 14:50:00,8686.79,80,TRADE
NSW1,2026/07/10 14:55:00,8615.08,70.71,TRADE
NSW1,2026/07/10 15:00:00,8669.85,80,TRADE
NSW1,2026/07/10 15:05:00,8664.95,68,TRADE
NSW1,2026/07/10 15:10:00,8720.69,66.38,TRADE
NSW1,2026/07/10 15:15:00,8885.74,91.01,TRADE
NSW1,2026/07/10 15:20:00,8834.27,88.88,TRADE
NSW1,2026/07/10 15:25:00,8899.96,86.17,TRADE
NSW1,2026/07/10 15:30:00,8977.98,88.88,TRADE
NSW1,2026/07/10 15:35:00,9027.56,86.60,TRADE
NSW1,2026/07/10 15:40:00,9102.7,85.88,TRADE
NSW1,2026/07/10 15:45:00,9087.63,85.70,TRADE
NSW1,2026/07/10 15:50:00,9203.99,97.63,TRADE
NSW1,2026/07/10 15:55:00,9409.57,100.39,TRADE
NSW1,2026/07/10 16:00:00,9415.82,106.06,TRADE
NSW1,2026/07/10 16:05:00,9432.07,89.06,TRADE
NSW1,2026/07/10 16:10:00,9546.17,111.01,TRADE
NSW1,2026/07/10 16:15:00,9563.29,128.90,TRADE
NSW1,2026/07/10 16:20:00,9648.11,128.90,TRADE
NSW1,2026/07/10 16:25:00,9845.05,121.09,TRADE
NSW1,2026/07/10 16:30:00,9940.7,121.09,TRADE
NSW1,2026/07/10 16:35:00,10047.65,121.09,TRADE
NSW1,2026/07/10 16:40:00,10136.02,122.06,TRADE
NSW1,2026/07/10 16:45:00,10204.15,124.98,TRADE
NSW1,2026/07/10 16:50:00,10221.02,127.37,TRADE
NSW1,2026/07/10 16:55:00,10332.54,128.90,TRADE
NSW1,2026/07/10 17:00:00,10388.83,140.02,TRADE
NSW1,2026/07/10 17:05:00,10348.23,124.49,TRADE
NSW1,2026/07/10 17:10:00,10530.43,121.10,TRADE
NSW1,2026/07/10 17:15:00,10593.52,136.32,TRADE
NSW1,2026/07/10 17:20:00,10658.05,142.01,TRADE
NSW1,2026/07/10 17:25:00,10815.49,146,TRADE
NSW1,2026/07/10 17:30:00,10860.61,146.67,TRADE
NSW1,2026/07/10 17:35:00,10896.48,132.39,TRADE
NSW1,2026/07/10 17:40:00,10966.36,132.70,TRADE
NSW1,2026/07/10 17:45:00,11007.03,174.59,TRADE
NSW1,2026/07/10 17:50:00,10856.56,148.23,TRADE
NSW1,2026/07/10 17:55:00,10898.66,123,TRADE
NSW1,2026/07/10 18:00:00,11101.78,136.39,TRADE
NSW1,2026/07/10 18:05:00,11093.04,143.33,TRADE
NSW1,2026/07/10 18:10:00,10953.55,131.99,TRADE
NSW1,2026/07/10 18:15:00,10964.42,128.90,TRADE
NSW1,2026/07/10 18:20:00,10980.03,129.20,TRADE
NSW1,2026/07/10 18:25:00,10979.81,126.81,TRADE
NSW1,2026/07/10 18:30:00,10846.39,126.84,TRADE
NSW1,2026/07/10 18:35:00,10882.53,126.93,TRADE
NSW1,2026/07/10 18:40:00,10838.85,126.39,TRADE
NSW1,2026/07/10 18:45:00,10777.31,121.09,TRADE
NSW1,2026/07/10 18:50:00,10783.59,121.09,TRADE
NSW1,2026/07/10 18:55:00,10829.99,121.09,TRADE
NSW1,2026/07/10 19:00:00,10791,120.27,TRADE
NSW1,2026/07/10 19:05:00,10701.51,121.09,TRADE
NSW1,2026/07/10 19:10:00,10640.01,121.09,TRADE
NSW1,2026/07/10 19:15:00,10602.03,115.04,TRADE
NSW1,2026/07/10 19:20:00,10673.61,101.10,TRADE
NSW1,2026/07/10 19:25:00,10752.63,113.98,TRADE
NSW1,2026/07/10 19:30:00,10634.53,114.80,TRADE
NSW1,2026/07/10 19:35:00,10497.84,114.71,TRADE
NSW1,2026/07/10 19:40:00,10522.25,114.80,TRADE
NSW1,2026/07/10 19:45:00,10557.36,109.85,TRADE
NSW1,2026/07/10 19:50:00,10629.99,114.80,TRADE
NSW1,2026/07/10 19:55:00,10462.32,114.80,TRADE
NSW1,2026/07/10 20:00:00,10486.73,107.95,TRADE
NSW1,2026/07/10 20:05:00,10498.71,113.30,TRADE
NSW1,2026/07/10 20:10:00,10460.97,118.54,TRADE
NSW1,2026/07/10 20:15:00,10473.79,111.60,TRADE
NSW1,2026/07/10 20:20:00,10430.27,107.71,TRADE
NSW1,2026/07/10 20:25:00,10397.95,114.80,TRADE
NSW1,2026/07/10 20:30:00,10384.48,111.81,TRADE
NSW1,2026/07/10 20:35:00,10392.41,108.84,TRADE
NSW1,2026/07/10 20:40:00,10398.17,101.10,TRADE
NSW1,2026/07/10 20:45:00,10387.31,111.01,TRADE
NSW1,2026/07/10 20:50:00,10240.02,109.39,TRADE
NSW1,2026/07/10 20:55:00,10247.1,101.10,TRADE
NSW1,2026/07/10 21:00:00,10246.43,101.10,TRADE
NSW1,2026/07/10 21:05:00,10189.51,101.10,TRADE
NSW1,2026/07/10 21:10:00,10223.52,107.54,TRADE
NSW1,2026/07/10 21:15:00,10155.89,101.10,TRADE
NSW1,2026/07/10 21:20:00,10126.18,101.10,TRADE
NSW1,2026/07/10 21:25:00,10007.27,101.10,TRADE
NSW1,2026/07/10 21:30:00,10034.37,101.10,TRADE
NSW1,2026/07/10 21:35:00,9976.12,101.10,TRADE
NSW1,2026/07/10 21:40:00,9877.85,101.10,TRADE
NSW1,2026/07/10 21:45:00,9832.19,101.10,TRADE
NSW1,2026/07/10 21:50:00,9823.97,101.10,TRADE
NSW1,2026/07/10 21:55:00,9784.6,97.63,TRADE
NSW1,2026/07/10 22:00:00,9742.05,94.14,TRADE
NSW1,2026/07/10 22:05:00,9611.14,96.87,TRADE
NSW1,2026/07/10 22:10:00,9723.27,101.10,TRADE
NSW1,2026/07/10 22:15:00,9737.13,95.91,TRADE
NSW1,2026/07/10 22:20:00,9606.87,93.81,TRADE
NSW1,2026/07/10 22:25:00,9574.87,92.16,TRADE
NSW1,2026/07/10 22:30:00,9589.78,91.56,TRADE
NSW1,2026/07/10 22:35:00,9561.45,96.53,TRADE
NSW1,2026/07/10 22:40:00,9538.39,86.23,TRADE
NSW1,2026/07/10 22:45:00,9374.29,81,TRADE
NSW1,2026/07/10 22:50:00,9397.53,84.79,TRADE
NSW1,2026/07/10 22:55:00,9320.02,84.79,TRADE
NSW1,2026/07/10 23:00:00,9327.86,84.79,TRADE
NSW1,2026/07/10 23:05:00,9229.67,97.63,TRADE
NSW1,2026/07/10 23:10:00,9191.24,101.10,TRADE
NSW1,2026/07/10 23:15:00,9157.99,100.72,TRADE
NSW1,2026/07/10 23:20:00,9076.47,80.10,TRADE
NSW1,2026/07/10 23:25:00,9091.19,80.10,TRADE
NSW1,2026/07/10 23:30:00,9030.62,95.60,TRADE
NSW1,2026/07/10 23:35:00,8994.21,96.21,TRADE
NSW1,2026/07/10 23:40:00,8933.61,97.63,TRADE
NSW1,2026/07/10 23:45:00,8872.29,97.63,TRADE
NSW1,2026/07/10 23:50:00,8834.22,97.63,TRADE
NSW1,2026/07/10 23:55:00,8857.5,101.10,TRADE
NSW1,2026/07/11 00:00:00,8804.35,80.10,TRADE
NSW1,2026/07/11 00:05:00,8779.48,101.10,TRADE
NSW1,2026/07/11 00:10:00,8789.34,97.63,TRADE
NSW1,2026/07/11 00:15:00,8779.29,97.63,TRADE
NSW1,2026/07/11 00:20:00,8765.55,71.73,TRADE
NSW1,2026/07/11 00:25:00,8823.08,97.63,TRADE
NSW1,2026/07/11 00:30:00,8790.97,97.63,TRADE
NSW1,2026/07/11 00:35:00,8642.27,80.10,TRADE
NSW1,2026/07/11 00:40:00,8629.7,71.40,TRADE
NSW1,2026/07/11 00:45:00,8599.26,84.79,TRADE
NSW1,2026/07/11 00:50:00,8582.73,84.79,TRADE
NSW1,2026/07/11 00:55:00,8526.57,84.79,TRADE
NSW1,2026/07/11 01:00:00,8486.36,80.40,TRADE
NSW1,2026/07/11 01:05:00,8439.62,84.79,TRADE
NSW1,2026/07/11 01:10:00,8325.92,80.42,TRADE
NSW1,2026/07/11 01:15:00,8311.29,80.97,TRADE
NSW1,2026/07/11 01:20:00,8313.81,80.98,TRADE
NSW1,2026/07/11 01:25:00,8268.37,80.44,TRADE
NSW1,2026/07/11 01:30:00,8132.53,80.10,TRADE
NSW1,2026/07/11 01:35:00,8103.92,80.10,TRADE
NSW1,2026/07/11 01:40:00,8096.47,80.80,TRADE
NSW1,2026/07/11 01:45:00,8076.4,80.10,TRADE
NSW1,2026/07/11 01:50:00,8048.33,79.92,TRADE
NSW1,2026/07/11 01:55:00,8043.21,80.10,TRADE
NSW1,2026/07/11 02:00:00,7882.68,64.89,TRADE
NSW1,2026/07/11 02:05:00,7862.74,73.22,TRADE
NSW1,2026/07/11 02:10:00,7862.12,73.73,TRADE
NSW1,2026/07/11 02:15:00,7828.44,79.99,TRADE
NSW1,2026/07/11 02:20:00,7822.45,80.10,TRADE
NSW1,2026/07/11 02:25:00,7817.18,79.49,TRADE
NSW1,2026/07/11 02:30:00,7705.63,62.76,TRADE
NSW1,2026/07/11 02:35:00,7722.56,79.53,TRADE
NSW1,2026/07/11 02:40:00,7818.45,80.10,TRADE
NSW1,2026/07/11 02:45:00,7779.49,80.92,TRADE
NSW1,2026/07/11 02:50:00,7828.29,81.20,TRADE
NSW1,2026/07/11 02:55:00,7802.19,81.19,TRADE
NSW1,2026/07/11 03:00:00,7771.15,80.10,TRADE
NSW1,2026/07/11 03:05:00,7677.34,80.67,TRADE
NSW1,2026/07/11 03:10:00,7624.71,80.10,TRADE
NSW1,2026/07/11 03:15:00,7586.69,69.99,TRADE
NSW1,2026/07/11 03:20:00,7632.98,80.14,TRADE
NSW1,2026/07/11 03:25:00,7669.43,71.64,TRADE
NSW1,2026/07/11 03:30:00,7658.59,80.10,TRADE
NSW1,2026/07/11 03:35:00,7559.41,80.10,TRADE
NSW1,2026/07/11 03:40:00,7591.13,70.72,TRADE
NSW1,2026/07/11 03:45:00,7547.56,69.99,TRADE
NSW1,2026/07/11 03:50:00,7524.19,69.99,TRADE
NSW1,2026/07/11 03:55:00,7430.29,70.72,TRADE
NSW1,2026/07/11 04:00:00,7399.79,79.07,TRADE
NSW1,2026/07/11 04:05:00,7454.69,84.79,TRADE
NSW1,2026/07/11 04:10:00,7389.8,79.60,TRADE
NSW1,2026/07/11 04:15:00,7442.8,84.79,TRADE
NSW1,2026/07/11 04:20:00,7436.53,80.10,TRADE
NSW1,2026/07/11 04:25:00,7384.42,80.10,TRADE
NSW1,2026/07/11 04:30:00,7443.7,80.10,TRADE
NSW1,2026/07/11 04:35:00,7424.72,79.03,TRADE
NSW1,2026/07/11 04:40:00,7484.97,80.10,TRADE
NSW1,2026/07/11 04:45:00,7462.9,84.97,TRADE
NSW1,2026/07/11 04:50:00,7448.07,84.79,TRADE
NSW1,2026/07/11 04:55:00,7456.57,84.79,TRADE
NSW1,2026/07/11 05:00:00,7455.96,84.79,TRADE
NSW1,2026/07/11 05:05:00,7529.24,70.79,TRADE
NSW1,2026/07/11 05:10:00,7641.62,84.79,TRADE
NSW1,2026/07/11 05:15:00,7677.1,84.79,TRADE
NSW1,2026/07/11 05:20:00,7609.89,84.79,TRADE
NSW1,2026/07/11 05:25:00,7632.16,84.79,TRADE
NSW1,2026/07/11 05:30:00,7681.11,85.52,TRADE
NSW1,2026/07/11 05:35:00,7719.75,80.10,TRADE
NSW1,2026/07/11 05:40:00,7809.06,86.65,TRADE
NSW1,2026/07/11 05:45:00,7782.87,84.79,TRADE
NSW1,2026/07/11 05:50:00,7789.58,88.88,TRADE
NSW1,2026/07/11 05:55:00,7788.36,84.79,TRADE
NSW1,2026/07/11 06:00:00,7890.83,92.79,TRADE
NSW1,2026/07/11 06:05:00,7958.1,82.19,TRADE
NSW1,2026/07/11 06:10:00,8051.83,87.61,TRADE
NSW1,2026/07/11 06:15:00,8069.3,88.88,TRADE
NSW1,2026/07/11 06:20:00,8148.53,93.03,TRADE
NSW1,2026/07/11 06:25:00,8231.77,91.41,TRADE
NSW1,2026/07/11 06:30:00,8249.18,93.76,TRADE
NSW1,2026/07/11 06:35:00,8344.05,90.46,TRADE
NSW1,2026/07/11 06:40:00,8441.82,88.88,TRADE
NSW1,2026/07/11 06:45:00,8491.89,97.55,TRADE
NSW1,2026/07/11 06:50:00,8512.19,97.55,TRADE
NSW1,2026/07/11 06:55:00,8595.68,90.49,TRADE
NSW1,2026/07/11 07:00:00,8663.1,90.49,TRADE
NSW1,2026/07/11 07:05:00,8754.07,97.63,TRADE
NSW1,2026/07/11 07:10:00,8728.51,97.63,TRADE
NSW1,2026/07/11 07:15:00,8924.31,101.10,TRADE
NSW1,2026/07/11 07:20:00,8956.46,101.10,TRADE
NSW1,2026/07/11 07:25:00,9066.56,97.63,TRADE
NSW1,2026/07/11 07:30:00,9007.41,97.55,TRADE
NSW1,2026/07/11 07:35:00,9097.84,96.22,TRADE
NSW1,2026/07/11 07:40:00,9176.91,85.56,TRADE
NSW1,2026/07/11 07:45:00,9139.36,84.79,TRADE
NSW1,2026/07/11 07:50:00,9126.32,83.29,TRADE
NSW1,2026/07/11 07:55:00,9078.51,68.95,TRADE
NSW1,2026/07/11 08:00:00,9110.23,61.88,TRADE
NSW1,2026/07/11 08:05:00,9075.65,69.99,TRADE
NSW1,2026/07/11 08:10:00,9069.18,64.89,TRADE
NSW1,2026/07/11 08:15:00,9141.27,70.79,TRADE
NSW1,2026/07/11 08:20:00,9116.27,64.89,TRADE
NSW1,2026/07/11 08:25:00,9128.13,57.46,TRADE
NSW1,2026/07/11 08:30:00,9014.32,45.91,TRADE
NSW1,2026/07/11 08:35:00,9067.15,48.95,TRADE
NSW1,2026/07/11 08:40:00,8963.49,73,TRADE
NSW1,2026/07/11 08:45:00,8932.82,61.02,TRADE
NSW1,2026/07/11 08:50:00,8895.04,43.05,TRADE
NSW1,2026/07/11 08:55:00,8955.44,43.05,TRADE
NSW1,2026/07/11 09:00:00,8930.73,61.02,TRADE
NSW1,2026/07/11 09:05:00,8763.72,61.02,TRADE
NSW1,2026/07/11 09:10:00,8746.56,34.50,TRADE
NSW1,2026/07/11 09:15:00,8799.95,43.05,TRADE
NSW1,2026/07/11 09:20:00,8772.18,72,TRADE
NSW1,2026/07/11 09:25:00,8628.88,69.99,TRADE
NSW1,2026/07/11 09:30:00,8548.58,25.30,TRADE
NSW1,2026/07/11 09:35:00,8561.34,51.95,TRADE
NSW1,2026/07/11 09:40:00,8614.06,73,TRADE
NSW1,2026/07/11 09:45:00,8518.5,68.11,TRADE
NSW1,2026/07/11 09:50:00,8460.5,51.95,TRADE
NSW1,2026/07/11 09:55:00,8430.66,51.95,TRADE
NSW1,2026/07/11 10:00:00,8365.58,44.54,TRADE
NSW1,2026/07/11 10:05:00,8304.19,43.05,TRADE
NSW1,2026/07/11 10:10:00,8302.58,61.02,TRADE
NSW1,2026/07/11 10:15:00,8179.5,54.13,TRADE
NSW1,2026/07/11 10:20:00,8113.23,43.05,TRADE
NSW1,2026/07/11 10:25:00,8157.8,72,TRADE
NSW1,2026/07/11 10:30:00,7941.43,61.02,TRADE
NSW1,2026/07/11 10:35:00,7847.57,43.05,TRADE
NSW1,2026/07/11 10:40:00,7916.14,51.95,TRADE
NSW1,2026/07/11 10:45:00,7722.94,51.95,TRADE
NSW1,2026/07/11 10:50:00,7590.63,50,TRADE
NSW1,2026/07/11 10:55:00,7487.34,42.08,TRADE
NSW1,2026/07/11 11:00:00,7409.84,42.08,TRADE
NSW1,2026/07/11 11:05:00,7237.32,51.91,TRADE
NSW1,2026/07/11 11:10:00,7306.18,51.95,TRADE
NSW1,2026/07/11 11:15:00,7270.41,51.95,TRADE
NSW1,2026/07/11 11:20:00,7128.33,50,TRADE
NSW1,2026/07/11 11:25:00,6972.27,43.05,TRADE
NSW1,2026/07/11 11:30:00,7028.12,50,TRADE
NSW1,2026/07/11 11:35:00,6936.79,43.05,TRADE
NSW1,2026/07/11 11:40:00,6899.13,43.05,TRADE
NSW1,2026/07/11 11:45:00,6871.56,43.05,TRADE
NSW1,2026/07/11 11:50:00,6804.24,47.88,TRADE
NSW1,2026/07/11 11:55:00,6761.32,42.08,TRADE
NSW1,2026/07/11 12:00:00,6636.24,42.80,TRADE
NSW1,2026/07/11 12:05:00,6617.43,20.22,TRADE
NSW1,2026/07/11 12:10:00,6717.86,47.37,TRADE
NSW1,2026/07/11 12:15:00,6694.91,43.05,TRADE
NSW1,2026/07/11 12:20:00,6609.34,43.05,TRADE
NSW1,2026/07/11 12:25:00,6641.36,43.05,TRADE
NSW1,2026/07/11 12:30:00,6648.19,43.05,TRADE
NSW1,2026/07/11 12:35:00,6533.45,34.66,TRADE
NSW1,2026/07/11 12:40:00,6486.88,33.98,TRADE
NSW1,2026/07/11 12:45:00,6558.27,34.20,TRADE
NSW1,2026/07/11 12:50:00,6519.5,34.43,TRADE
NSW1,2026/07/11 12:55:00,6451.75,34.19,TRADE
NSW1,2026/07/11 13:00:00,6469.92,42.54,TRADE
NSW1,2026/07/11 13:05:00,6422.55,30.78,TRADE
NSW1,2026/07/11 13:10:00,6365.11,28.63,TRADE
NSW1,2026/07/11 13:15:00,6410.56,34.16,TRADE
NSW1,2026/07/11 13:20:00,6347,33.06,TRADE
NSW1,2026/07/11 13:25:00,6290.49,32.22,TRADE
NSW1,2026/07/11 13:30:00,6328.75,26.35,TRADE
NSW1,2026/07/11 13:35:00,6375.49,42.54,TRADE
NSW1,2026/07/11 13:40:00,6347.44,42.54,TRADE
NSW1,2026/07/11 13:45:00,6354.08,42.54,TRADE
NSW1,2026/07/11 13:50:00,6349.55,42.54,TRADE
NSW1,2026/07/11 13:55:00,6410.95,41.76,TRADE
NSW1,2026/07/11 14:00:00,6497.42,31.20,TRADE
NSW1,2026/07/11 14:05:00,6550.37,31.58,TRADE
NSW1,2026/07/11 14:10:00,6474.85,42.30,TRADE
NSW1,2026/07/11 14:15:00,6493.64,30.98,TRADE
NSW1,2026/07/11 14:20:00,6618.55,31.56,TRADE
NSW1,2026/07/11 14:25:00,6631.85,42.54,TRADE
NSW1,2026/07/11 14:30:00,6647.02,42.54,TRADE
NSW1,2026/07/11 14:35:00,6680.44,30.28,TRADE
NSW1,2026/07/11 14:40:00,6784.3,24.27,TRADE
NSW1,2026/07/11 14:45:00,6863.14,31,TRADE
NSW1,2026/07/11 14:50:00,6938.1,42.66,TRADE
NSW1,2026/07/11 14:55:00,7027.87,42.80,TRADE
NSW1,2026/07/11 15:00:00,7168.19,50,TRADE
NSW1,2026/07/11 15:05:00,7287.69,44.11,TRADE
NSW1,2026/07/11 15:10:00,7201.29,42.54,TRADE
NSW1,2026/07/11 15:15:00,7468.03,44.63,TRADE
NSW1,2026/07/11 15:20:00,7494.41,48.85,TRADE
NSW1,2026/07/11 15:25:00,7677.63,42.54,TRADE
NSW1,2026/07/11 15:30:00,7748.66,50.98,TRADE
NSW1,2026/07/11 15:35:00,7783.75,44.21,TRADE
NSW1,2026/07/11 15:40:00,7914.04,50.88,TRADE
NSW1,2026/07/11 15:45:00,8000.89,38.51,TRADE
NSW1,2026/07/11 15:50:00,8132.84,50.17,TRADE
NSW1,2026/07/11 15:55:00,8123.66,74.28,TRADE
NSW1,2026/07/11 16:00:00,8344.17,97.55,TRADE
NSW1,2026/07/11 16:05:00,8286.84,84.77,TRADE
NSW1,2026/07/11 16:10:00,8470.35,89.28,TRADE
NSW1,2026/07/11 16:15:00,8515.1,97.40,TRADE
NSW1,2026/07/11 16:20:00,8596.33,81,TRADE
NSW1,2026/07/11 16:25:00,8812.04,88.93,TRADE
NSW1,2026/07/11 16:30:00,8890.42,90.49,TRADE
NSW1,2026/07/11 16:35:00,8936.61,81.60,TRADE
NSW1,2026/07/11 16:40:00,9089.05,89.59,TRADE
NSW1,2026/07/11 16:45:00,9148.75,90.49,TRADE
NSW1,2026/07/11 16:50:00,9259.75,88.88,TRADE
NSW1,2026/07/11 16:55:00,9390,88.88,TRADE
NSW1,2026/07/11 17:00:00,9502.63,81,TRADE
NSW1,2026/07/11 17:05:00,9657.81,84.79,TRADE
NSW1,2026/07/11 17:10:00,9581.22,88.88,TRADE
NSW1,2026/07/11 17:15:00,9697.87,79.64,TRADE
NSW1,2026/07/11 17:20:00,9824.07,81.01,TRADE
NSW1,2026/07/11 17:25:00,9960.88,97.55,TRADE
NSW1,2026/07/11 17:30:00,10004.85,90.89,TRADE
NSW1,2026/07/11 17:35:00,9985.86,84.79,TRADE
NSW1,2026/07/11 17:40:00,10026.79,84.79,TRADE
NSW1,2026/07/11 17:45:00,10209.1,81.40,TRADE
NSW1,2026/07/11 17:50:00,10232.33,90.89,TRADE
NSW1,2026/07/11 17:55:00,10186.78,84.79,TRADE
NSW1,2026/07/11 18:00:00,10232.64,84.79,TRADE
NSW1,2026/07/11 18:05:00,10205.71,84.79,TRADE
NSW1,2026/07/11 18:10:00,10183.89,90.49,TRADE
NSW1,2026/07/11 18:15:00,10137.66,81,TRADE
NSW1,2026/07/11 18:20:00,10184.96,81,TRADE
NSW1,2026/07/11 18:25:00,10085.03,81,TRADE
NSW1,2026/07/11 18:30:00,10129.2,85.03,TRADE
NSW1,2026/07/11 18:35:00,10105.2,81,TRADE
NSW1,2026/07/11 18:40:00,10173.69,81,TRADE
NSW1,2026/07/11 18:45:00,10143.58,81,TRADE
NSW1,2026/07/11 18:50:00,10079.62,89.04,TRADE
NSW1,2026/07/11 18:55:00,10036.6,84.79,TRADE
NSW1,2026/07/11 19:00:00,10032.72,81,TRADE
NSW1,2026/07/11 19:05:00,10021.52,81,TRADE
NSW1,2026/07/11 19:10:00,10032.39,81,TRADE
NSW1,2026/07/11 19:15:00,10029.8,81,TRADE
NSW1,2026/07/11 19:20:00,9899.5,80.10,TRADE
NSW1,2026/07/11 19:25:00,9953.08,78.14,TRADE
NSW1,2026/07/11 19:30:00,9936.25,80.10,TRADE
NSW1,2026/07/11 19:35:00,9957.36,80.10,TRADE
NSW1,2026/07/11 19:40:00,9949.77,80.10,TRADE
NSW1,2026/07/11 19:45:00,9905.38,71.40,TRADE
NSW1,2026/07/11 19:50:00,9885.99,72.09,TRADE
NSW1,2026/07/11 19:55:00,9931.88,79.37,TRADE
NSW1,2026/07/11 20:00:00,9895.62,76.19,TRADE
NSW1,2026/07/11 20:05:00,9870,79.70,TRADE
NSW1,2026/07/11 20:10:00,9768.53,71.40,TRADE
NSW1,2026/07/11 20:15:00,9788.25,71.40,TRADE
NSW1,2026/07/11 20:20:00,9797.42,71.40,TRADE
NSW1,2026/07/11 20:25:00,9815.35,78.77,TRADE
NSW1,2026/07/11 20:30:00,9737.35,72.17,TRADE
NSW1,2026/07/11 20:35:00,9756.36,71.40,TRADE
NSW1,2026/07/11 20:40:00,9712.18,71.40,TRADE
NSW1,2026/07/11 20:45:00,9722.64,77.16,TRADE
NSW1,2026/07/11 20:50:00,9659.98,71.40,TRADE
NSW1,2026/07/11 20:55:00,9675.82,71.19,TRADE
NSW1,2026/07/11 21:00:00,9518.99,68.49,TRADE
NSW1,2026/07/11 21:05:00,9531.07,71.40,TRADE
NSW1,2026/07/11 21:10:00,9504.47,71.40,TRADE
NSW1,2026/07/11 21:15:00,9497.88,71.40,TRADE
NSW1,2026/07/11 21:20:00,9473.21,71.40,TRADE
NSW1,2026/07/11 21:25:00,9440.85,70.09,TRADE
NSW1,2026/07/11 21:30:00,9418.74,64.89,TRADE
NSW1,2026/07/11 21:35:00,9406.34,71.40,TRADE
NSW1,2026/07/11 21:40:00,9352.16,71.40,TRADE
NSW1,2026/07/11 21:45:00,9254.27,69.99,TRADE
NSW1,2026/07/11 21:50:00,9197.04,69.99,TRADE
NSW1,2026/07/11 21:55:00,9116.45,57.38,TRADE
NSW1,2026/07/11 22:00:00,9204.01,69.99,TRADE
NSW1,2026/07/11 22:05:00,9107,70.80,TRADE
NSW1,2026/07/11 22:10:00,9168.86,70.79,TRADE
NSW1,2026/07/11 22:15:00,9097.98,71.40,TRADE
NSW1,2026/07/11 22:20:00,9116.39,71,TRADE
NSW1,2026/07/11 22:25:00,9018.92,70.79,TRADE
NSW1,2026/07/11 22:30:00,9037.33,70.80,TRADE
NSW1,2026/07/11 22:35:00,9051.05,71.40,TRADE
NSW1,2026/07/11 22:40:00,8926.41,71.40,TRADE
NSW1,2026/07/11 22:45:00,8897.83,71.40,TRADE
NSW1,2026/07/11 22:50:00,8818.5,71.40,TRADE
NSW1,2026/07/11 22:55:00,8743.17,71.40,TRADE
NSW1,2026/07/11 23:00:00,8709.56,69.99,TRADE
NSW1,2026/07/11 23:05:00,8711.11,71.40,TRADE
NSW1,2026/07/11 23:10:00,8666.2,71.40,TRADE
NSW1,2026/07/11 23:15:00,8621.64,71.40,TRADE
NSW1,2026/07/11 23:20:00,8562.11,43.04,TRADE
NSW1,2026/07/11 23:25:00,8452.93,57.04,TRADE
NSW1,2026/07/11 23:30:00,8419.82,57.39,TRADE
NSW1,2026/07/11 23:35:00,8372.35,69.99,TRADE
NSW1,2026/07/11 23:40:00,8325.17,66.52,TRADE
NSW1,2026/07/11 23:45:00,8271.23,69.99,TRADE
NSW1,2026/07/11 23:50:00,8223.57,69.99,TRADE
NSW1,2026/07/11 23:55:00,8168.45,57.39,TRADE
NSW1,2026/07/12 00:00:00,8136.18,57.39,TRADE
NSW1,2026/07/12 00:05:00,8091.09,69.99,TRADE
NSW1,2026/07/12 00:10:00,8263.22,74.34,TRADE
NSW1,2026/07/12 00:15:00,8279.08,83.34,TRADE
NSW1,2026/07/12 00:20:00,8140.28,75.34,TRADE
NSW1,2026/07/12 00:25:00,8126.98,71.40,TRADE
NSW1,2026/07/12 00:30:00,8143.48,70.78,TRADE
NSW1,2026/07/12 00:35:00,8145.79,69.99,TRADE
NSW1,2026/07/12 00:40:00,8083.28,57.39,TRADE
NSW1,2026/07/12 00:45:00,8041.17,55.62,TRADE
NSW1,2026/07/12 00:50:00,7961.18,54.85,TRADE
NSW1,2026/07/12 00:55:00,7931.31,42.54,TRADE
NSW1,2026/07/12 01:00:00,7881.5,42.80,TRADE
NSW1,2026/07/12 01:05:00,7875.08,59.10,TRADE
NSW1,2026/07/12 01:10:00,7770.48,42.54,TRADE
NSW1,2026/07/12 01:15:00,7763.83,45.44,TRADE
NSW1,2026/07/12 01:20:00,7734.48,42.54,TRADE
NSW1,2026/07/12 01:25:00,7676.43,42.54,TRADE
NSW1,2026/07/12 01:30:00,7653.37,42.54,TRADE
NSW1,2026/07/12 01:35:00,7531.95,41.79,TRADE
NSW1,2026/07/12 01:40:00,7523.81,41.98,TRADE
NSW1,2026/07/12 01:45:00,7448.05,41.73,TRADE
NSW1,2026/07/12 01:50:00,7487.99,42.39,TRADE
NSW1,2026/07/12 01:55:00,7473.77,58.84,TRADE
NSW1,2026/07/12 02:00:00,7368.74,38.51,TRADE
NSW1,2026/07/12 02:05:00,7419.23,42.54,TRADE
NSW1,2026/07/12 02:10:00,7475.25,57.39,TRADE
NSW1,2026/07/12 02:15:00,7447.32,56.83,TRADE
NSW1,2026/07/12 02:20:00,7432.65,56.46,TRADE
NSW1,2026/07/12 02:25:00,7410.77,56.53,TRADE
NSW1,2026/07/12 02:30:00,7268.94,42.54,TRADE
NSW1,2026/07/12 02:35:00,7234.15,57.39,TRADE
NSW1,2026/07/12 02:40:00,7209.26,42.54,TRADE
NSW1,2026/07/12 02:45:00,7201.77,57.25,TRADE
NSW1,2026/07/12 02:50:00,7297.93,57.39,TRADE
NSW1,2026/07/12 02:55:00,7369.61,57.39,TRADE
NSW1,2026/07/12 03:00:00,7283.63,42.61,TRADE
NSW1,2026/07/12 03:05:00,7201.7,45.44,TRADE
NSW1,2026/07/12 03:10:00,7161.56,56.15,TRADE
NSW1,2026/07/12 03:15:00,7086.57,41.79,TRADE
NSW1,2026/07/12 03:20:00,7037.66,42.06,TRADE
NSW1,2026/07/12 03:25:00,7039.3,44.64,TRADE
NSW1,2026/07/12 03:30:00,7058.71,56.68,TRADE
NSW1,2026/07/12 03:35:00,7067.12,56.13,TRADE
NSW1,2026/07/12 03:40:00,7017.31,42.54,TRADE
NSW1,2026/07/12 03:45:00,7062.52,42.54,TRADE
NSW1,2026/07/12 03:50:00,7043.86,42.80,TRADE
NSW1,2026/07/12 03:55:00,7066.55,56.49,TRADE
NSW1,2026/07/12 04:00:00,7106.96,56.47,TRADE
NSW1,2026/07/12 04:05:00,7011.88,38.51,TRADE
NSW1,2026/07/12 04:10:00,6954.09,42.54,TRADE
NSW1,2026/07/12 04:15:00,7002.13,42.54,TRADE
NSW1,2026/07/12 04:20:00,6968.93,46.90,TRADE
NSW1,2026/07/12 04:25:00,6894.16,42.54,TRADE
NSW1,2026/07/12 04:30:00,6993.63,54.67,TRADE
NSW1,2026/07/12 04:35:00,6979.53,54.69,TRADE
NSW1,2026/07/12 04:40:00,6984.17,57.39,TRADE
NSW1,2026/07/12 04:45:00,6970.69,53.97,TRADE
NSW1,2026/07/12 04:50:00,6926.84,56.92,TRADE
NSW1,2026/07/12 04:55:00,6950.03,42.54,TRADE
NSW1,2026/07/12 05:00:00,7007.58,42.54,TRADE
NSW1,2026/07/12 05:05:00,6952.94,42.54,TRADE
NSW1,2026/07/12 05:10:00,6987.17,42.54,TRADE
NSW1,2026/07/12 05:15:00,7048.72,45.07,TRADE
NSW1,2026/07/12 05:20:00,7069.28,48.99,TRADE
NSW1,2026/07/12 05:25:00,7096.88,42.80,TRADE
NSW1,2026/07/12 05:30:00,7112.97,42.80,TRADE
NSW1,2026/07/12 05:35:00,7128.12,42.54,TRADE
NSW1,2026/07/12 05:40:00,7201.55,42.54,TRADE
NSW1,2026/07/12 05:45:00,7231.15,56.37,TRADE
NSW1,2026/07/12 05:50:00,7207.31,53.84,TRADE
NSW1,2026/07/12 05:55:00,7302.85,54.94,TRADE
NSW1,2026/07/12 06:00:00,7329.96,57.39,TRADE
NSW1,2026/07/12 06:05:00,7378.64,57.39,TRADE
NSW1,2026/07/12 06:10:00,7361,58.32,TRADE
NSW1,2026/07/12 06:15:00,7376.21,66.52,TRADE
NSW1,2026/07/12 06:20:00,7445.98,71.09,TRADE
NSW1,2026/07/12 06:25:00,7410.23,59.97,TRADE
NSW1,2026/07/12 06:30:00,7506.46,70.72,TRADE
NSW1,2026/07/12 06:35:00,7540.24,69.99,TRADE
NSW1,2026/07/12 06:40:00,7751.5,70.73,TRADE
NSW1,2026/07/12 06:45:00,7822.9,70.72,TRADE
NSW1,2026/07/12 06:50:00,7787.27,69.99,TRADE
NSW1,2026/07/12 06:55:00,7805.6,64.89,TRADE
NSW1,2026/07/12 07:00:00,7965.93,70.72,TRADE
NSW1,2026/07/12 07:05:00,8050.44,70.97,TRADE
NSW1,2026/07/12 07:10:00,8005.25,42.54,TRADE
NSW1,2026/07/12 07:15:00,8136.17,70.72,TRADE
NSW1,2026/07/12 07:20:00,8178.34,71.40,TRADE
NSW1,2026/07/12 07:25:00,8213.91,62.78,TRADE
NSW1,2026/07/12 07:30:00,8248.37,64.89,TRADE
NSW1,2026/07/12 07:35:00,8318.54,70.72,TRADE
NSW1,2026/07/12 07:40:00,8324.74,69.99,TRADE
NSW1,2026/07/12 07:45:00,8333.59,57.39,TRADE
NSW1,2026/07/12 07:50:00,8380.08,38.51,TRADE
NSW1,2026/07/12 07:55:00,8361.66,38.51,TRADE
NSW1,2026/07/12 08:00:00,8358.34,27.38,TRADE
NSW1,2026/07/12 08:05:00,8409.81,42.80,TRADE
NSW1,2026/07/12 08:10:00,8436.27,42.54,TRADE
NSW1,2026/07/12 08:15:00,8403.18,25.30,TRADE
NSW1,2026/07/12 08:20:00,8408.78,38.51,TRADE
NSW1,2026/07/12 08:25:00,8266.56,35.92,TRADE
NSW1,2026/07/12 08:30:00,8214.9,23.95,TRADE
NSW1,2026/07/12 08:35:00,8086.26,23.95,TRADE
NSW1,2026/07/12 08:40:00,8120.78,42.08,TRADE
NSW1,2026/07/12 08:45:00,7958.13,23.95,TRADE
NSW1,2026/07/12 08:50:00,7964.8,23.95,TRADE
NSW1,2026/07/12 08:55:00,7903.57,25.10,TRADE
NSW1,2026/07/12 09:00:00,7865.31,23.95,TRADE
NSW1,2026/07/12 09:05:00,7774,25.10,TRADE
NSW1,2026/07/12 09:10:00,7823.25,23.95,TRADE
NSW1,2026/07/12 09:15:00,7836.4,23.95,TRADE
NSW1,2026/07/12 09:20:00,7686.38,23.95,TRADE
NSW1,2026/07/12 09:25:00,7609.52,25.10,TRADE
NSW1,2026/07/12 09:30:00,7497.6,25.10,TRADE
NSW1,2026/07/12 09:35:00,7357.84,13.33,TRADE
NSW1,2026/07/12 09:40:00,7397.48,12.35,TRADE
NSW1,2026/07/12 09:45:00,7396.77,12.86,TRADE
NSW1,2026/07/12 09:50:00,7332.91,13.32,TRADE
NSW1,2026/07/12 09:55:00,7255.21,13.32,TRADE
NSW1,2026/07/12 10:00:00,7151.03,12.49,TRADE
NSW1,2026/07/12 10:05:00,7103.47,13.33,TRADE
NSW1,2026/07/12 10:10:00,7184.9,23.95,TRADE
NSW1,2026/07/12 10:15:00,7174.42,-1.97,TRADE
NSW1,2026/07/12 10:20:00,7150.99,0.01,TRADE
NSW1,2026/07/12 10:25:00,7075.41,12.29,TRADE
NSW1,2026/07/12 10:30:00,6961.58,-1.60,TRADE
NSW1,2026/07/12 10:35:00,6889.87,-1.62,TRADE
NSW1,2026/07/12 10:40:00,6924.47,0,TRADE
NSW1,2026/07/12 10:45:00,6855.95,0,TRADE
NSW1,2026/07/12 10:50:00,6780.68,-5.02,TRADE
NSW1,2026/07/12 10:55:00,6729.51,-4.27,TRADE
NSW1,2026/07/12 11:00:00,6558.61,-2.75,TRADE
NSW1,2026/07/12 11:05:00,6474.86,-2.18,TRADE
NSW1,2026/07/12 11:10:00,6558.03,0,TRADE
NSW1,2026/07/12 11:15:00,6465.63,-2.21,TRADE
NSW1,2026/07/12 11:20:00,6538.03,-1.30,TRADE
NSW1,2026/07/12 11:25:00,6471.02,-2.22,TRADE
NSW1,2026/07/12 11:30:00,6395.26,-5.03,TRADE
NSW1,2026/07/12 11:35:00,6434.74,-5.30,TRADE
NSW1,2026/07/12 11:40:00,6458.48,-2.41,TRADE
NSW1,2026/07/12 11:45:00,6395.29,-2.23,TRADE
NSW1,2026/07/12 11:50:00,6420.15,-5.55,TRADE
NSW1,2026/07/12 11:55:00,6390.56,-3.33,TRADE
NSW1,2026/07/12 12:00:00,6327.87,-5.76,TRADE
NSW1,2026/07/12 12:05:00,6321.16,-2,TRADE
NSW1,2026/07/12 12:10:00,6349.05,-4.05,TRADE
NSW1,2026/07/12 12:15:00,6365.63,-5.58,TRADE
NSW1,2026/07/12 12:20:00,6324.57,-2.86,TRADE
NSW1,2026/07/12 12:25:00,6202.7,-3.22,TRADE
NSW1,2026/07/12 12:30:00,6212.79,-5.47,TRADE
NSW1,2026/07/12 12:35:00,6222.35,-3.99,TRADE
NSW1,2026/07/12 12:40:00,6158.09,-0.23,TRADE
NSW1,2026/07/12 12:45:00,6147.13,-2,TRADE
NSW1,2026/07/12 12:50:00,6162.5,0.90,TRADE
NSW1,2026/07/12 12:55:00,6216.43,0.90,TRADE
NSW1,2026/07/12 13:00:00,6261.39,0.90,TRADE
NSW1,2026/07/12 13:05:00,6181.8,-5.68,TRADE
NSW1,2026/07/12 13:10:00,6309.38,1.20,TRADE
NSW1,2026/07/12 13:15:00,6212.11,-2,TRADE
NSW1,2026/07/12 13:20:00,6250.25,0.90,TRADE
NSW1,2026/07/12 13:25:00,6208.78,-2.93,TRADE
NSW1,2026/07/12 13:30:00,6102.86,-6.52,TRADE
NSW1,2026/07/12 13:35:00,6163.14,-3.09,TRADE
NSW1,2026/07/12 13:40:00,6194.05,-5.01,TRADE
NSW1,2026/07/12 13:45:00,6278.34,-5.45,TRADE
NSW1,2026/07/12 13:50:00,6275.43,-6.26,TRADE
NSW1,2026/07/12 13:55:00,6292.38,-7.40,TRADE
NSW1,2026/07/12 14:00:00,6286.38,-7.03,TRADE
NSW1,2026/07/12 14:05:00,6293.72,-8.50,TRADE
NSW1,2026/07/12 14:10:00,6365.95,-8.03,TRADE
NSW1,2026/07/12 14:15:00,6419.7,-8.08,TRADE
NSW1,2026/07/12 14:20:00,6395.66,-8.18,TRADE
NSW1,2026/07/12 14:25:00,6546.97,-8.12,TRADE
NSW1,2026/07/12 14:30:00,6502.97,-7.53,TRADE
NSW1,2026/07/12 14:35:00,6562.53,-7.56,TRADE
NSW1,2026/07/12 14:40:00,6656.48,-7.41,TRADE
NSW1,2026/07/12 14:45:00,6792.04,-7.46,TRADE
NSW1,2026/07/12 14:50:00,6850.85,-7.46,TRADE
NSW1,2026/07/12 14:55:00,6818.95,-6.47,TRADE
NSW1,2026/07/12 15:00:00,6999.28,-4.92,TRADE
NSW1,2026/07/12 15:05:00,7043.11,-4.74,TRADE
NSW1,2026/07/12 15:10:00,7198.19,-3.50,TRADE
NSW1,2026/07/12 15:15:00,7291.4,-4.12,TRADE
NSW1,2026/07/12 15:20:00,7394.27,-4.96,TRADE
NSW1,2026/07/12 15:25:00,7547.01,-2,TRADE
NSW1,2026/07/12 15:30:00,7529.87,-2,TRADE
NSW1,2026/07/12 15:35:00,7723.66,-4.99,TRADE
NSW1,2026/07/12 15:40:00,7796.44,-1.23,TRADE
NSW1,2026/07/12 15:45:00,7872.02,1.32,TRADE
NSW1,2026/07/12 15:50:00,7992.62,12.95,TRADE
NSW1,2026/07/12 15:55:00,8018.94,13.01,TRADE
NSW1,2026/07/12 16:00:00,8243.38,38.51,TRADE
NSW1,2026/07/12 16:05:00,8387.56,23.92,TRADE
NSW1,2026/07/12 16:10:00,8410.26,38.51,TRADE
NSW1,2026/07/12 16:15:00,8570.48,45.91,TRADE
NSW1,2026/07/12 16:20:00,8687.42,69.99,TRADE
NSW1,2026/07/12 16:25:00,8761.49,81.91,TRADE
NSW1,2026/07/12 16:30:00,8835.02,90.49,TRADE
NSW1,2026/07/12 16:35:00,8996.61,71.40,TRADE
NSW1,2026/07/12 16:40:00,9290.03,71.40,TRADE
NSW1,2026/07/12 16:45:00,9346.35,71.40,TRADE
NSW1,2026/07/12 16:50:00,9433.66,74.14,TRADE
NSW1,2026/07/12 16:55:00,9584.04,75.03,TRADE
NSW1,2026/07/12 17:00:00,9671.57,81,TRADE
NSW1,2026/07/12 17:05:00,9698.79,71.40,TRADE
NSW1,2026/07/12 17:10:00,9803.81,71.40,TRADE
NSW1,2026/07/12 17:15:00,9886.69,71.40,TRADE
NSW1,2026/07/12 17:20:00,10079.3,71.40,TRADE
NSW1,2026/07/12 17:25:00,10080.48,71.40,TRADE
NSW1,2026/07/12 17:30:00,10235.16,72.92,TRADE
NSW1,2026/07/12 17:35:00,10363.19,72.79,TRADE
NSW1,2026/07/12 17:40:00,10458.21,71.83,TRADE
NSW1,2026/07/12 17:45:00,10529.37,71.40,TRADE
NSW1,2026/07/12 17:50:00,10568.66,71.40,TRADE
NSW1,2026/07/12 17:55:00,10609.52,71.40,TRADE
NSW1,2026/07/12 18:00:00,10672.3,71.40,TRADE
NSW1,2026/07/12 18:05:00,10660.5,71.40,TRADE
NSW1,2026/07/12 18:10:00,10616.68,71.40,TRADE
NSW1,2026/07/12 18:15:00,10567.56,64.89,TRADE
NSW1,2026/07/12 18:20:00,10646.2,71.40,TRADE
NSW1,2026/07/12 18:25:00,10568.89,71.40,TRADE
NSW1,2026/07/12 18:30:00,10645.76,57.38,TRADE
NSW1,2026/07/12 18:35:00,10647.46,69.99,TRADE
NSW1,2026/07/12 18:40:00,10528.83,71.40,TRADE
NSW1,2026/07/12 18:45:00,10578.36,62.72,TRADE
NSW1,2026/07/12 18:50:00,10571.04,57.39,TRADE
NSW1,2026/07/12 18:55:00,10600.07,68.16,TRADE
NSW1,2026/07/12 19:00:00,10550.69,64.89,TRADE
NSW1,2026/07/12 19:05:00,10483.11,69.95,TRADE
NSW1,2026/07/12 19:10:00,10448.01,68.41,TRADE
NSW1,2026/07/12 19:15:00,10482.76,69.99,TRADE
NSW1,2026/07/12 19:20:00,10474.44,71.40,TRADE
NSW1,2026/07/12 19:25:00,10379,69.81,TRADE
NSW1,2026/07/12 19:30:00,10317.55,69.80,TRADE
NSW1,2026/07/12 19:35:00,10330.03,71.40,TRADE
NSW1,2026/07/12 19:40:00,10295.66,71.20,TRADE
NSW1,2026/07/12 19:45:00,10289.19,71.40,TRADE
NSW1,2026/07/12 19:50:00,10322.05,71.40,TRADE
NSW1,2026/07/12 19:55:00,10264.44,71.40,TRADE
NSW1,2026/07/12 20:00:00,10265.66,73.58,TRADE
NSW1,2026/07/12 20:05:00,10193.37,80,TRADE
NSW1,2026/07/12 20:10:00,10143.45,71.40,TRADE
NSW1,2026/07/12 20:15:00,10198.1,70.13,TRADE
NSW1,2026/07/12 20:20:00,10227.88,80,TRADE
NSW1,2026/07/12 20:25:00,10093.1,70.71,TRADE
NSW1,2026/07/12 20:30:00,10117.21,60.91,TRADE
NSW1,2026/07/12 20:35:00,10119.58,75.15,TRADE
NSW1,2026/07/12 20:40:00,10078.63,71.40,TRADE
NSW1,2026/07/12 20:45:00,10065.28,75.51,TRADE
NSW1,2026/07/12 20:50:00,9892,80,TRADE
NSW1,2026/07/12 20:55:00,9802.87,71.40,TRADE
NSW1,2026/07/12 21:00:00,9842.05,67.53,TRADE
NSW1,2026/07/12 21:05:00,9879.84,80.10,TRADE
NSW1,2026/07/12 21:10:00,9785.35,80.34,TRADE
NSW1,2026/07/12 21:15:00,9664.66,64.24,TRADE
NSW1,2026/07/12 21:20:00,9697.44,71.40,TRADE
NSW1,2026/07/12 21:25:00,9642.79,77.76,TRADE
NSW1,2026/07/12 21:30:00,9549.22,71.40,TRADE
NSW1,2026/07/12 21:35:00,9538.13,71.40,TRADE
NSW1,2026/07/12 21:40:00,9456.52,71.40,TRADE
NSW1,2026/07/12 21:45:00,9356.05,71.40,TRADE
NSW1,2026/07/12 21:50:00,9371.5,71.40,TRADE
NSW1,2026/07/12 21:55:00,9314.39,70.82,TRADE
NSW1,2026/07/12 22:00:00,9210.34,52.95,TRADE
NSW1,2026/07/12 22:05:00,9064.34,70.18,TRADE
NSW1,2026/07/12 22:10:00,9175.39,78.05,TRADE
NSW1,2026/07/12 22:15:00,9127.28,70.99,TRADE
NSW1,2026/07/12 22:20:00,9130.48,70.79,TRADE
NSW1,2026/07/12 22:25:00,9069.89,70.82,TRADE
NSW1,2026/07/12 22:30:00,9040.68,70.93,TRADE
NSW1,2026/07/12 22:35:00,8946,70.73,TRADE
NSW1,2026/07/12 22:40:00,8866.04,70.71,TRADE
NSW1,2026/07/12 22:45:00,8900.8,70.80,TRADE
NSW1,2026/07/12 22:50:00,8819.88,57.47,TRADE
NSW1,2026/07/12 22:55:00,8699.62,52.87,TRADE
NSW1,2026/07/12 23:00:00,8666.61,61.11,TRADE
NSW1,2026/07/12 23:05:00,8655.16,69.99,TRADE
NSW1,2026/07/12 23:10:00,8652.32,69.99,TRADE
NSW1,2026/07/12 23:15:00,8588.57,64.89,TRADE
NSW1,2026/07/12 23:20:00,8533.18,57.57,TRADE
NSW1,2026/07/12 23:25:00,8382.29,57.39,TRADE
NSW1,2026/07/12 23:30:00,8408.9,64.89,TRADE
NSW1,2026/07/12 23:35:00,8387.11,70.80,TRADE
NSW1,2026/07/12 23:40:00,8329.69,64.89,TRADE
NSW1,2026/07/12 23:45:00,8193.05,57.47,TRADE
NSW1,2026/07/12 23:50:00,8167.73,55.45,TRADE
NSW1,2026/07/12 23:55:00,8219.25,57.39,TRADE
NSW1,2026/07/13 00:00:00,8165.26,57.39,TRADE
NSW1,2026/07/13 00:05:00,8059.44,62.47,TRADE
NSW1,2026/07/13 00:10:00,8228.58,78.51,TRADE
NSW1,2026/07/13 00:15:00,8131.34,70.80,TRADE
NSW1,2026/07/13 00:20:00,8149.51,70.79,TRADE
NSW1,2026/07/13 00:25:00,8169.61,69.99,TRADE
NSW1,2026/07/13 00:30:00,8100.06,56.68,TRADE
NSW1,2026/07/13 00:35:00,8024.23,66.52,TRADE
NSW1,2026/07/13 00:40:00,8035.68,66.52,TRADE
NSW1,2026/07/13 00:45:00,7977.74,57.43,TRADE
NSW1,2026/07/13 00:50:00,7988.77,57.39,TRADE
NSW1,2026/07/13 00:55:00,7918.95,69.99,TRADE
NSW1,2026/07/13 01:00:00,7837.42,69.62,TRADE
NSW1,2026/07/13 01:05:00,7842.49,57.46,TRADE
NSW1,2026/07/13 01:10:00,7802.77,42.54,TRADE
NSW1,2026/07/13 01:15:00,7830.09,42.54,TRADE
NSW1,2026/07/13 01:20:00,7718,57.39,TRADE
NSW1,2026/07/13 01:25:00,7726.65,59.42,TRADE
NSW1,2026/07/13 01:30:00,7614.69,46.94,TRADE
NSW1,2026/07/13 01:35:00,7642.56,42.51,TRADE
NSW1,2026/07/13 01:40:00,7730.94,71.09,TRADE
NSW1,2026/07/13 01:45:00,7660.73,65.69,TRADE
NSW1,2026/07/13 01:50:00,7705.6,58.64,TRADE
NSW1,2026/07/13 01:55:00,7653.18,57.44,TRADE
NSW1,2026/07/13 02:00:00,7610.26,70.71,TRADE
NSW1,2026/07/13 02:05:00,7607.25,70.71,TRADE
NSW1,2026/07/13 02:10:00,7505.43,49.78,TRADE
NSW1,2026/07/13 02:15:00,7484.15,57.39,TRADE
NSW1,2026/07/13 02:20:00,7383.96,50.09,TRADE
NSW1,2026/07/13 02:25:00,7427.03,57.39,TRADE
NSW1,2026/07/13 02:30:00,7337.61,61.64,TRADE
NSW1,2026/07/13 02:35:00,7349.72,49.49,TRADE
NSW1,2026/07/13 02:40:00,7381.79,49.80,TRADE
NSW1,2026/07/13 02:45:00,7356.67,60.88,TRADE
NSW1,2026/07/13 02:50:00,7250.49,57.39,TRADE
NSW1,2026/07/13 02:55:00,7306.8,42.50,TRADE
NSW1,2026/07/13 03:00:00,7253.65,42.54,TRADE
NSW1,2026/07/13 03:05:00,7198.82,47.88,TRADE
NSW1,2026/07/13 03:10:00,7201.18,60.88,TRADE
NSW1,2026/07/13 03:15:00,7234.59,58.65,TRADE
NSW1,2026/07/13 03:20:00,7237.77,42.50,TRADE
NSW1,2026/07/13 03:25:00,7202.68,42.50,TRADE
NSW1,2026/07/13 03:30:00,7137.02,44.61,TRADE
NSW1,2026/07/13 03:35:00,7203.65,59.04,TRADE
NSW1,2026/07/13 03:40:00,7215.17,57.39,TRADE
NSW1,2026/07/13 03:45:00,7144.2,42.50,TRADE
NSW1,2026/07/13 03:50:00,7178.96,42.54,TRADE
NSW1,2026/07/13 03:55:00,7166.25,44.30,TRADE
NSW1,2026/07/13 04:00:00,7147.7,43.91,TRADE
NSW1,2026/07/13 04:05:00,7197.49,38.51,TRADE
NSW1,2026/07/13 04:10:00,7182.22,45.59,TRADE
NSW1,2026/07/13 04:15:00,7185.42,57.39,TRADE
NSW1,2026/07/13 04:20:00,7126.28,43.85,TRADE
NSW1,2026/07/13 04:25:00,7280.02,60.88,TRADE
NSW1,2026/07/13 04:30:00,7239,57.39,TRADE
NSW1,2026/07/13 04:35:00,7279.8,57.39,TRADE
NSW1,2026/07/13 04:40:00,7337.43,66.52,TRADE
NSW1,2026/07/13 04:45:00,7355.7,58.48,TRADE
NSW1,2026/07/13 04:50:00,7312.33,57.39,TRADE
NSW1,2026/07/13 04:55:00,7349.1,57.39,TRADE
NSW1,2026/07/13 05:00:00,7443.17,76.76,TRADE
NSW1,2026/07/13 05:05:00,7426.69,55.43,TRADE
NSW1,2026/07/13 05:10:00,7633.65,70.73,TRADE
NSW1,2026/07/13 05:15:00,7646.27,57.39,TRADE
NSW1,2026/07/13 05:20:00,7722.89,69.59,TRADE
NSW1,2026/07/13 05:25:00,7772.81,69.59,TRADE
NSW1,2026/07/13 05:30:00,7834.03,73.15,TRADE
NSW1,2026/07/13 05:35:00,7808.44,42.54,TRADE
NSW1,2026/07/13 05:40:00,7945.26,70.77,TRADE
NSW1,2026/07/13 05:45:00,8095.86,70.46,TRADE
NSW1,2026/07/13 05:50:00,8167.42,57.39,TRADE
NSW1,2026/07/13 05:55:00,8249.69,69.99,TRADE
NSW1,2026/07/13 06:00:00,8270.5,71.40,TRADE
NSW1,2026/07/13 06:05:00,8308.52,68.40,TRADE
NSW1,2026/07/13 06:10:00,8495.98,70.81,TRADE
NSW1,2026/07/13 06:15:00,8611.57,70.79,TRADE
NSW1,2026/07/13 06:20:00,8809.32,71.40,TRADE
NSW1,2026/07/13 06:25:00,8891.11,69.99,TRADE
NSW1,2026/07/13 06:30:00,8974.77,71.40,TRADE
NSW1,2026/07/13 06:35:00,9081.76,71.40,TRADE
NSW1,2026/07/13 06:40:00,9083.45,67,TRADE
NSW1,2026/07/13 06:45:00,9219.39,71.40,TRADE
NSW1,2026/07/13 06:50:00,9389.57,71.43,TRADE
NSW1,2026/07/13 06:55:00,9490.9,71.40,TRADE
NSW1,2026/07/13 07:00:00,9461.26,71.41,TRADE
NSW1,2026/07/13 07:05:00,9597.59,81,TRADE
NSW1,2026/07/13 07:10:00,9644.66,81,TRADE
NSW1,2026/07/13 07:15:00,9728.78,81,TRADE
NSW1,2026/07/13 07:20:00,9806.66,81,TRADE
NSW1,2026/07/13 07:25:00,9852.82,99.09,TRADE
NSW1,2026/07/13 07:30:00,9915.18,81,TRADE
NSW1,2026/07/13 07:35:00,9960.43,83.99,TRADE
NSW1,2026/07/13 07:40:00,9887.91,83.99,TRADE
NSW1,2026/07/13 07:45:00,9969.96,81,TRADE
NSW1,2026/07/13 07:50:00,9992.41,81,TRADE
NSW1,2026/07/13 07:55:00,9937.95,78.09,TRADE
NSW1,2026/07/13 08:00:00,9845.09,71.40,TRADE
NSW1,2026/07/13 08:05:00,9832.1,71.40,TRADE
NSW1,2026/07/13 08:10:00,9855.58,70.83,TRADE
NSW1,2026/07/13 08:15:00,9850.3,69.69,TRADE
NSW1,2026/07/13 08:20:00,9832.26,71.40,TRADE
NSW1,2026/07/13 08:25:00,9767.2,38.51,TRADE
NSW1,2026/07/13 08:30:00,9726.83,27.46,TRADE
NSW1,2026/07/13 08:35:00,9595.82,43.05,TRADE
NSW1,2026/07/13 08:40:00,9538.87,43.05,TRADE
NSW1,2026/07/13 08:45:00,9381.12,45.27,TRADE
NSW1,2026/07/13 08:50:00,9248.24,36.78,TRADE
NSW1,2026/07/13 08:55:00,9275.14,43.05,TRADE
NSW1,2026/07/13 09:00:00,9144.81,42.87,TRADE
NSW1,2026/07/13 09:05:00,9097.31,57.39,TRADE
NSW1,2026/07/13 09:10:00,9066.71,25.30,TRADE
NSW1,2026/07/13 09:15:00,9065.3,43.05,TRADE
NSW1,2026/07/13 09:20:00,8897.92,50,TRADE
NSW1,2026/07/13 09:25:00,8745.79,38.51,TRADE
NSW1,2026/07/13 09:30:00,8723.7,24.02,TRADE
NSW1,2026/07/13 09:35:00,8603.1,38.51,TRADE
NSW1,2026/07/13 09:40:00,8649.38,49.96,TRADE
NSW1,2026/07/13 09:45:00,8509.1,51.95,TRADE
NSW1,2026/07/13 09:50:00,8448.05,50,TRADE
NSW1,2026/07/13 09:55:00,8424.76,23.95,TRADE
NSW1,2026/07/13 10:00:00,8469.91,25.30,TRADE
NSW1,2026/07/13 10:05:00,8329.78,25.30,TRADE
NSW1,2026/07/13 10:10:00,8411.63,25.30,TRADE
NSW1,2026/07/13 10:15:00,8254.6,80,TRADE
NSW1,2026/07/13 10:20:00,8087.93,43.05,TRADE
NSW1,2026/07/13 10:25:00,8082.18,23.99,TRADE
NSW1,2026/07/13 10:30:00,8076.63,43.05,TRADE
NSW1,2026/07/13 10:35:00,7904.97,73.10,TRADE
NSW1,2026/07/13 10:40:00,7755.11,51.95,TRADE
NSW1,2026/07/13 10:45:00,7790.55,56.49,TRADE
NSW1,2026/07/13 10:50:00,7700.36,51.95,TRADE
NSW1,2026/07/13 10:55:00,7666.66,43.05,TRADE
NSW1,2026/07/13 11:00:00,7538.42,43.05,TRADE
NSW1,2026/07/13 11:05:00,7516.14,43.05,TRADE
NSW1,2026/07/13 11:10:00,7589.5,43.05,TRADE
NSW1,2026/07/13 11:15:00,7580.37,51.95,TRADE
NSW1,2026/07/13 11:20:00,7455.71,10.20,TRADE
NSW1,2026/07/13 11:25:00,7488.12,43.05,TRADE
NSW1,2026/07/13 11:30:00,7423.35,43.05,TRADE
NSW1,2026/07/13 11:35:00,7393.69,50,TRADE
NSW1,2026/07/13 11:40:00,7397.02,50,TRADE
NSW1,2026/07/13 11:45:00,7243.63,44.26,TRADE
NSW1,2026/07/13 11:50:00,7236.89,15.81,TRADE
NSW1,2026/07/13 11:55:00,7275.5,43.05,TRADE
NSW1,2026/07/13 12:00:00,7263.72,43.05,TRADE
NSW1,2026/07/13 12:05:00,7205.2,43.05,TRADE
NSW1,2026/07/13 12:10:00,7159.39,43.05,TRADE
NSW1,2026/07/13 12:15:00,7143.46,42.08,TRADE
NSW1,2026/07/13 12:20:00,7065.19,34.25,TRADE
NSW1,2026/07/13 12:25:00,7009.59,0,TRADE
NSW1,2026/07/13 12:30:00,7152.94,42.08,TRADE
NSW1,2026/07/13 12:35:00,7002.62,46.61,TRADE
NSW1,2026/07/13 12:40:00,7025.93,43.05,TRADE
NSW1,2026/07/13 12:45:00,6925.37,25.30,TRADE
NSW1,2026/07/13 12:50:00,6983.04,50,TRADE
NSW1,2026/07/13 12:55:00,6954.89,25.30,TRADE
NSW1,2026/07/13 13:00:00,6946.52,23.95,TRADE
NSW1,2026/07/13 13:05:00,7034.46,50,TRADE
NSW1,2026/07/13 13:10:00,7010.54,43.05,TRADE
NSW1,2026/07/13 13:15:00,6927.42,43.05,TRADE
NSW1,2026/07/13 13:20:00,6981.85,42.80,TRADE
NSW1,2026/07/13 13:25:00,6981.45,43.05,TRADE
NSW1,2026/07/13 13:30:00,6933.85,39.33,TRADE
NSW1,2026/07/13 13:35:00,7057.28,43.05,TRADE
NSW1,2026/07/13 13:40:00,7105.83,33.50,TRADE
NSW1,2026/07/13 13:45:00,7019.7,40,TRADE
NSW1,2026/07/13 13:50:00,7064.38,42.80,TRADE
NSW1,2026/07/13 13:55:00,7052.35,42.80,TRADE
NSW1,2026/07/13 14:00:00,7102.13,25.30,TRADE
NSW1,2026/07/13 14:05:00,7214.66,13.08,TRADE
NSW1,2026/07/13 14:10:00,7193.86,7.86,TRADE
NSW1,2026/07/13 14:15:00,7225.96,27.90,TRADE
NSW1,2026/07/13 14:20:00,7241.59,6.74,TRADE
NSW1,2026/07/13 14:25:00,7297.34,0,TRADE
NSW1,2026/07/13 14:30:00,7438.42,26.26,TRADE
NSW1,2026/07/13 14:35:00,7447.64,18.92,TRADE
NSW1,2026/07/13 14:40:00,7460.85,23.95,TRADE
NSW1,2026/07/13 14:45:00,7545.65,23.95,TRADE
NSW1,2026/07/13 14:50:00,7604.26,16.78,TRADE
NSW1,2026/07/13 14:55:00,7663.09,32.20,TRADE
NSW1,2026/07/13 15:00:00,7686.71,23.95,TRADE
NSW1,2026/07/13 15:05:00,7740.44,23.95,TRADE
NSW1,2026/07/13 15:10:00,7769.1,4.29,TRADE
NSW1,2026/07/13 15:15:00,7844.31,-1.97,TRADE
NSW1,2026/07/13 15:20:00,7932.89,-5.58,TRADE
NSW1,2026/07/13 15:25:00,8076.03,-2.43,TRADE
NSW1,2026/07/13 15:30:00,8202.7,-3.06,TRADE
NSW1,2026/07/13 15:35:00,8212.89,57.38,TRADE
NSW1,2026/07/13 15:40:00,8262.53,50,TRADE
NSW1,2026/07/13 15:45:00,8353.69,42.54,TRADE
NSW1,2026/07/13 15:50:00,8519.53,27.53,TRADE
NSW1,2026/07/13 15:55:00,8607.08,55.68,TRADE
NSW1,2026/07/13 16:00:00,8692.49,57.35,TRADE
NSW1,2026/07/13 16:05:00,8848.6,50.87,TRADE
NSW1,2026/07/13 16:10:00,8911.02,57.44,TRADE
NSW1,2026/07/13 16:15:00,8946.32,54.42,TRADE
NSW1,2026/07/13 16:20:00,9031.83,69.99,TRADE
NSW1,2026/07/13 16:25:00,9153.37,90.49,TRADE
NSW1,2026/07/13 16:30:00,9261.67,90.49,TRADE
NSW1,2026/07/13 16:35:00,9249.33,80.10,TRADE
NSW1,2026/07/13 16:40:00,9508.8,77.30,TRADE
NSW1,2026/07/13 16:45:00,9609.19,90.49,TRADE
NSW1,2026/07/13 16:50:00,9687.13,90.49,TRADE
NSW1,2026/07/13 16:55:00,9808.28,80,TRADE
NSW1,2026/07/13 17:00:00,9916.77,71.40,TRADE
NSW1,2026/07/13 17:05:00,10019.85,81,TRADE
NSW1,2026/07/13 17:10:00,9989.24,77.28,TRADE
NSW1,2026/07/13 17:15:00,10181.59,77.28,TRADE
NSW1,2026/07/13 17:20:00,10349.46,81,TRADE
NSW1,2026/07/13 17:25:00,10435.94,78.69,TRADE
NSW1,2026/07/13 17:30:00,10543.85,71.40,TRADE
NSW1,2026/07/13 17:35:00,10691.24,79.93,TRADE
NSW1,2026/07/13 17:40:00,10644.21,81,TRADE
NSW1,2026/07/13 17:45:00,10704.04,81,TRADE
NSW1,2026/07/13 17:50:00,10862.01,80.42,TRADE
NSW1,2026/07/13 17:55:00,10916.11,90.76,TRADE
NSW1,2026/07/13 18:00:00,10918.55,84.79,TRADE
NSW1,2026/07/13 18:05:00,10904.53,77.28,TRADE
NSW1,2026/07/13 18:10:00,10881.2,81.01,TRADE
NSW1,2026/07/13 18:15:00,10888.21,89.94,TRADE
NSW1,2026/07/13 18:20:00,10874.44,90.18,TRADE
NSW1,2026/07/13 18:25:00,10899.38,80.50,TRADE
NSW1,2026/07/13 18:30:00,10936.88,81,TRADE
NSW1,2026/07/13 18:35:00,10901.55,75.45,TRADE
NSW1,2026/07/13 18:40:00,10938.07,74.49,TRADE
NSW1,2026/07/13 18:45:00,10970.69,80.10,TRADE
NSW1,2026/07/13 18:50:00,10887.4,78.48,TRADE
NSW1,2026/07/13 18:55:00,10922.17,80.10,TRADE
NSW1,2026/07/13 19:00:00,10886.41,77.43,TRADE
NSW1,2026/07/13 19:05:00,10894.78,77.98,TRADE
NSW1,2026/07/13 19:10:00,10763.62,71.40,TRADE
NSW1,2026/07/13 19:15:00,10726.84,54.77,TRADE
NSW1,2026/07/13 19:20:00,10770.19,71.40,TRADE
NSW1,2026/07/13 19:25:00,10774.65,71.40,TRADE
NSW1,2026/07/13 19:30:00,10692.11,71.40,TRADE
NSW1,2026/07/13 19:35:00,10632.88,78.62,TRADE
NSW1,2026/07/13 19:40:00,10620.77,74.03,TRADE
NSW1,2026/07/13 19:45:00,10565.94,71.40,TRADE
NSW1,2026/07/13 19:50:00,10581.24,75.57,TRADE
NSW1,2026/07/13 19:55:00,10544.53,64.45,TRADE
NSW1,2026/07/13 20:00:00,10514.43,64.89,TRADE
NSW1,2026/07/13 20:05:00,10430.75,69.99,TRADE
NSW1,2026/07/13 20:10:00,10438.78,73.52,TRADE
NSW1,2026/07/13 20:15:00,10446.73,63.74,TRADE
NSW1,2026/07/13 20:20:00,10469.19,64.51,TRADE
NSW1,2026/07/13 20:25:00,10350.66,57.38,TRADE
NSW1,2026/07/13 20:30:00,10332.26,64.19,TRADE
NSW1,2026/07/13 20:35:00,10384.36,69.99,TRADE
NSW1,2026/07/13 20:40:00,10313.59,69.97,TRADE
NSW1,2026/07/13 20:45:00,10293.76,59.12,TRADE
NSW1,2026/07/13 20:50:00,10263.45,61.71,TRADE
NSW1,2026/07/13 20:55:00,10207.88,68.16,TRADE
NSW1,2026/07/13 21:00:00,10094.16,53.97,TRADE
NSW1,2026/07/13 21:05:00,10008.92,69.70,TRADE
NSW1,2026/07/13 21:10:00,10074.51,79.95,TRADE
NSW1,2026/07/13 21:15:00,9992.99,69.99,TRADE
NSW1,2026/07/13 21:20:00,9942.61,70.93,TRADE
NSW1,2026/07/13 21:25:00,9873.26,69.99,TRADE
NSW1,2026/07/13 21:30:00,9748.38,60.02,TRADE
NSW1,2026/07/13 21:35:00,9678.83,64.89,TRADE
NSW1,2026/07/13 21:40:00,9678.07,64.89,TRADE
NSW1,2026/07/13 21:45:00,9601.61,60.48,TRADE
NSW1,2026/07/13 21:50:00,9587.43,57.38,TRADE
NSW1,2026/07/13 21:55:00,9476.54,57.47,TRADE
NSW1,2026/07/13 22:00:00,9415.25,51.48,TRADE
NSW1,2026/07/13 22:05:00,9219.79,57.38,TRADE
NSW1,2026/07/13 22:10:00,9351.56,69.99,TRADE
NSW1,2026/07/13 22:15:00,9308.94,68.05,TRADE
NSW1,2026/07/13 22:20:00,9257.15,57.38,TRADE
NSW1,2026/07/13 22:25:00,9218.43,51.22,TRADE
NSW1,2026/07/13 22:30:00,9202.91,51.05,TRADE
NSW1,2026/07/13 22:35:00,9123.76,58.13,TRADE
NSW1,2026/07/13 22:40:00,9104.69,50.98,TRADE
NSW1,2026/07/13 22:45:00,9017.85,50.11,TRADE
NSW1,2026/07/13 22:50:00,9028.63,57.49,TRADE
NSW1,2026/07/13 22:55:00,8980.36,50.88,TRADE
NSW1,2026/07/13 23:00:00,8877.25,38.51,TRADE
NSW1,2026/07/13 23:05:00,8899.49,52.14,TRADE
NSW1,2026/07/13 23:10:00,8881.75,64.81,TRADE
NSW1,2026/07/13 23:15:00,8764.93,57.98,TRADE
NSW1,2026/07/13 23:20:00,8640.02,43.05,TRADE
NSW1,2026/07/13 23:25:00,8617.01,43.05,TRADE
NSW1,2026/07/13 23:30:00,8631.35,64.03,TRADE
NSW1,2026/07/13 23:35:00,8513.83,50.88,TRADE
NSW1,2026/07/13 23:40:00,8509.79,51.50,TRADE
NSW1,2026/07/13 23:45:00,8390.83,62.32,TRADE
NSW1,2026/07/13 23:50:00,8413.51,57.39,TRADE
NSW1,2026/07/13 23:55:00,8405.76,43.05,TRADE
NSW1,2026/07/14 00:00:00,8368.4,43.05,TRADE
NSW1,2026/07/14 00:05:00,8266.19,57.39,TRADE
NSW1,2026/07/14 00:10:00,8506.57,57.39,TRADE
NSW1,2026/07/14 00:15:00,8482.71,57.39,TRADE
NSW1,2026/07/14 00:20:00,8451.74,57.39,TRADE
NSW1,2026/07/14 00:25:00,8373.98,52.70,TRADE
NSW1,2026/07/14 00:30:00,8324.69,52.36,TRADE
NSW1,2026/07/14 00:35:00,8271.02,57.39,TRADE
NSW1,2026/07/14 00:40:00,8330.66,59.42,TRADE
NSW1,2026/07/14 00:45:00,8272.11,51.95,TRADE
NSW1,2026/07/14 00:50:00,8230.91,52.74,TRADE
NSW1,2026/07/14 00:55:00,8226.35,65.13,TRADE
NSW1,2026/07/14 01:00:00,8191.35,51.95,TRADE
NSW1,2026/07/14 01:05:00,8167.69,53.47,TRADE
NSW1,2026/07/14 01:10:00,8138.18,54.22,TRADE
NSW1,2026/07/14 01:15:00,7995.62,64.32,TRADE
NSW1,2026/07/14 01:20:00,7894.75,53.53,TRADE
NSW1,2026/07/14 01:25:00,7874.41,50.88,TRADE
NSW1,2026/07/14 01:30:00,7818.23,57.39,TRADE
NSW1,2026/07/14 01:35:00,7764.42,57.39,TRADE
NSW1,2026/07/14 01:40:00,7815.04,51.95,TRADE
NSW1,2026/07/14 01:45:00,7754.15,51.95,TRADE
NSW1,2026/07/14 01:50:00,7757.25,53.20,TRADE
NSW1,2026/07/14 01:55:00,7756.44,57.39,TRADE
NSW1,2026/07/14 02:00:00,7680.67,57.39,TRADE
NSW1,2026/07/14 02:05:00,7699.04,51.95,TRADE
NSW1,2026/07/14 02:10:00,7639.23,51.95,TRADE
NSW1,2026/07/14 02:15:00,7632.13,53.20,TRADE
NSW1,2026/07/14 02:20:00,7668.02,53.93,TRADE
NSW1,2026/07/14 02:25:00,7714.69,57.39,TRADE
NSW1,2026/07/14 02:30:00,7687.26,54.26,TRADE
NSW1,2026/07/14 02:35:00,7576.88,53.89,TRADE
NSW1,2026/07/14 02:40:00,7584.97,66.59,TRADE
NSW1,2026/07/14 02:45:00,7536.83,53.25,TRADE
NSW1,2026/07/14 02:50:00,7481.53,53.25,TRADE
NSW1,2026/07/14 02:55:00,7446.3,52.87,TRADE
NSW1,2026/07/14 03:00:00,7454.3,52.89,TRADE
NSW1,2026/07/14 03:05:00,7417.12,65.30,TRADE
NSW1,2026/07/14 03:10:00,7400.38,52.53,TRADE
NSW1,2026/07/14 03:15:00,7439.27,53.21,TRADE
NSW1,2026/07/14 03:20:00,7384.34,52.83,TRADE
NSW1,2026/07/14 03:25:00,7366.71,52.50,TRADE
NSW1,2026/07/14 03:30:00,7298.71,52.14,TRADE
NSW1,2026/07/14 03:35:00,7327.92,65.26,TRADE
NSW1,2026/07/14 03:40:00,7343.59,51.95,TRADE
NSW1,2026/07/14 03:45:00,7373.32,56.01,TRADE
NSW1,2026/07/14 03:50:00,7398.85,56.01,TRADE
NSW1,2026/07/14 03:55:00,7342.92,51.95,TRADE
NSW1,2026/07/14 04:00:00,7360.14,53.15,TRADE
NSW1,2026/07/14 04:05:00,7293.59,69.17,TRADE
NSW1,2026/07/14 04:10:00,7319.09,65.05,TRADE
NSW1,2026/07/14 04:15:00,7265.88,69.99,TRADE
NSW1,2026/07/14 04:20:00,7337.43,70.71,TRADE
NSW1,2026/07/14 04:25:00,7283.61,70.72,TRADE
NSW1,2026/07/14 04:30:00,7329.27,70.71,TRADE
NSW1,2026/07/14 04:35:00,7397.22,69.99,TRADE
NSW1,2026/07/14 04:40:00,7415.82,69.99,TRADE
NSW1,2026/07/14 04:45:00,7399.69,70.71,TRADE
NSW1,2026/07/14 04:50:00,7454.94,70.63,TRADE
NSW1,2026/07/14 04:55:00,7477.72,69.99,TRADE
NSW1,2026/07/14 05:00:00,7519.88,75.42,TRADE
NSW1,2026/07/14 05:05:00,7592.93,69.11,TRADE
NSW1,2026/07/14 05:10:00,7657.01,69.99,TRADE
NSW1,2026/07/14 05:15:00,7769.22,74.84,TRADE
NSW1,2026/07/14 05:20:00,7785.7,69.99,TRADE
NSW1,2026/07/14 05:25:00,7836.68,73.82,TRADE
NSW1,2026/07/14 05:30:00,7923.89,76.19,TRADE
NSW1,2026/07/14 05:35:00,7980.53,69.99,TRADE
NSW1,2026/07/14 05:40:00,8063.09,69.85,TRADE
NSW1,2026/07/14 05:45:00,8195.16,69.99,TRADE
NSW1,2026/07/14 05:50:00,8222.27,69.99,TRADE
NSW1,2026/07/14 05:55:00,8311.08,72.16,TRADE
NSW1,2026/07/14 06:00:00,8347.22,77.36,TRADE
NSW1,2026/07/14 06:05:00,8480.67,69.85,TRADE
NSW1,2026/07/14 06:10:00,8628.06,69.99,TRADE
NSW1,2026/07/14 06:15:00,8787.61,70.71,TRADE
NSW1,2026/07/14 06:20:00,8835.47,70.72,TRADE
NSW1,2026/07/14 06:25:00,9021.73,80.10,TRADE
NSW1,2026/07/14 06:30:00,9095.97,81,TRADE
NSW1,2026/07/14 06:35:00,9176.53,70.72,TRADE
NSW1,2026/07/14 06:40:00,9317.65,70.72,TRADE
NSW1,2026/07/14 06:45:00,9443.19,70.71,TRADE
NSW1,2026/07/14 06:50:00,9551.25,80.10,TRADE
NSW1,2026/07/14 06:55:00,9645.41,80.10,TRADE
NSW1,2026/07/14 07:00:00,9640.46,80.10,TRADE
NSW1,2026/07/14 07:05:00,9716.07,70.72,TRADE
NSW1,2026/07/14 07:10:00,9790.13,69.99,TRADE
NSW1,2026/07/14 07:15:00,9943.16,81,TRADE
NSW1,2026/07/14 07:20:00,9994.95,81,TRADE
NSW1,2026/07/14 07:25:00,10081.82,80.10,TRADE
NSW1,2026/07/14 07:30:00,10097.67,80.10,TRADE
NSW1,2026/07/14 07:35:00,10172.4,69.85,TRADE
NSW1,2026/07/14 07:40:00,10164.51,69.99,TRADE
NSW1,2026/07/14 07:45:00,10117.38,64.89,TRADE
NSW1,2026/07/14 07:50:00,10110.58,57.38,TRADE
NSW1,2026/07/14 07:55:00,10058.61,58.43,TRADE
NSW1,2026/07/14 08:00:00,10059.05,56.21,TRADE
NSW1,2026/07/14 08:05:00,9995.38,57.38,TRADE
NSW1,2026/07/14 08:10:00,9906.09,57.38,TRADE
NSW1,2026/07/14 08:15:00,9851.17,57.38,TRADE
NSW1,2026/07/14 08:20:00,9758.57,57.38,TRADE
NSW1,2026/07/14 08:25:00,9755.51,57.38,TRADE
NSW1,2026/07/14 08:30:00,9663.62,57.39,TRADE
NSW1,2026/07/14 08:35:00,9578.64,80,TRADE
NSW1,2026/07/14 08:40:00,9457.36,70.71,TRADE
NSW1,2026/07/14 08:45:00,9341.65,64.89,TRADE
NSW1,2026/07/14 08:50:00,9178.71,64.89,TRADE
NSW1,2026/07/14 08:55:00,9169.69,70.71,TRADE
NSW1,2026/07/14 09:00:00,9039.97,64.89,TRADE
NSW1,2026/07/14 09:05:00,8985.17,57.39,TRADE
NSW1,2026/07/14 09:10:00,8984.62,57.39,TRADE
NSW1,2026/07/14 09:15:00,8952.97,51.95,TRADE
NSW1,2026/07/14 09:20:00,8789.17,43.05,TRADE
NSW1,2026/07/14 09:25:00,8733.69,43.05,TRADE
NSW1,2026/07/14 09:30:00,8612.44,42.80,TRADE
NSW1,2026/07/14 09:35:00,8513.18,43.05,TRADE
NSW1,2026/07/14 09:40:00,8536.68,43.05,TRADE
NSW1,2026/07/14 09:45:00,8397.07,42.80,TRADE
NSW1,2026/07/14 09:50:00,8404.97,42.54,TRADE
NSW1,2026/07/14 09:55:00,8289.46,42.54,TRADE
NSW1,2026/07/14 10:00:00,8191.4,42.54,TRADE
NSW1,2026/07/14 10:05:00,8080.3,43.05,TRADE
NSW1,2026/07/14 10:10:00,8106.25,43.05,TRADE
NSW1,2026/07/14 10:15:00,8016.78,15.23,TRADE
NSW1,2026/07/14 10:20:00,8033.53,23.99,TRADE
NSW1,2026/07/14 10:25:00,7903.51,42.54,TRADE
NSW1,2026/07/14 10:30:00,7829.8,28.22,TRADE
NSW1,2026/07/14 10:35:00,7739.77,28.42,TRADE
NSW1,2026/07/14 10:40:00,7725.88,42.08,TRADE
NSW1,2026/07/14 10:45:00,7591.18,23.95,TRADE
NSW1,2026/07/14 10:50:00,7633.93,23.95,TRADE
NSW1,2026/07/14 10:55:00,7607.51,23.60,TRADE
NSW1,2026/07/14 11:00:00,7520.37,24.07,TRADE
NSW1,2026/07/14 11:05:00,7516.19,23.45,TRADE
NSW1,2026/07/14 11:10:00,7572.02,8.73,TRADE
NSW1,2026/07/14 11:15:00,7599.08,13.40,TRADE
NSW1,2026/07/14 11:20:00,7523.29,23.62,TRADE
NSW1,2026/07/14 11:25:00,7535.06,23.90,TRADE
NSW1,2026/07/14 11:30:00,7483.54,23.91,TRADE
NSW1,2026/07/14 11:35:00,7450.35,13.24,TRADE
NSW1,2026/07/14 11:40:00,7329.33,0.78,TRADE
NSW1,2026/07/14 11:45:00,7304.74,0.01,TRADE
NSW1,2026/07/14 11:50:00,7287.42,2.88,TRADE
NSW1,2026/07/14 11:55:00,7276.95,0.90,TRADE
NSW1,2026/07/14 12:00:00,7233.68,6.96,TRADE
NSW1,2026/07/14 12:05:00,7173.04,0.90,TRADE
NSW1,2026/07/14 12:10:00,7151.05,23.95,TRADE
NSW1,2026/07/14 12:15:00,7101.36,13.51,TRADE
NSW1,2026/07/14 12:20:00,7075.42,10.94,TRADE
NSW1,2026/07/14 12:25:00,7111.55,23.95,TRADE
NSW1,2026/07/14 12:30:00,7018.39,10.94,TRADE
NSW1,2026/07/14 12:35:00,6964.71,23.95,TRADE
NSW1,2026/07/14 12:40:00,6934.15,7.44,TRADE
NSW1,2026/07/14 12:45:00,6892.41,13.60,TRADE
NSW1,2026/07/14 12:50:00,6853.35,10.94,TRADE
NSW1,2026/07/14 12:55:00,6868.7,7.74,TRADE
NSW1,2026/07/14 13:00:00,6927.77,5.50,TRADE
NSW1,2026/07/14 13:05:00,6936.39,0.01,TRADE
NSW1,2026/07/14 13:10:00,6990.52,7.30,TRADE
NSW1,2026/07/14 13:15:00,6960.83,-1.24,TRADE
NSW1,2026/07/14 13:20:00,6958.05,-1.26,TRADE
NSW1,2026/07/14 13:25:00,6992.53,-1.21,TRADE
NSW1,2026/07/14 13:30:00,6949.41,-1.40,TRADE
NSW1,2026/07/14 13:35:00,6887.94,-2.62,TRADE
NSW1,2026/07/14 13:40:00,6938.54,-3.13,TRADE
NSW1,2026/07/14 13:45:00,6929.21,-2.01,TRADE
NSW1,2026/07/14 13:50:00,7020.39,0,TRADE
NSW1,2026/07/14 13:55:00,6979.7,-3.19,TRADE
NSW1,2026/07/14 14:00:00,7054.86,0,TRADE
NSW1,2026/07/14 14:05:00,7070.42,0.58,TRADE
NSW1,2026/07/14 14:10:00,7050.17,-2.65,TRADE
NSW1,2026/07/14 14:15:00,6993.6,16.90,TRADE
NSW1,2026/07/14 14:20:00,7010.9,0.01,TRADE
NSW1,2026/07/14 14:25:00,7178.96,0,TRADE
NSW1,2026/07/14 14:30:00,7179.99,10.94,TRADE
NSW1,2026/07/14 14:35:00,7241.07,10.94,TRADE
NSW1,2026/07/14 14:40:00,7297.98,24.43,TRADE
NSW1,2026/07/14 14:45:00,7297.16,10.94,TRADE
NSW1,2026/07/14 14:50:00,7412.21,0,TRADE
NSW1,2026/07/14 14:55:00,7514.42,22.13,TRADE
NSW1,2026/07/14 15:00:00,7539.96,42.54,TRADE
NSW1,2026/07/14 15:05:00,7642.31,44.57,TRADE
NSW1,2026/07/14 15:10:00,7705.3,0,TRADE
NSW1,2026/07/14 15:15:00,7793.62,42.28,TRADE
NSW1,2026/07/14 15:20:00,7822.02,26.59,TRADE
NSW1,2026/07/14 15:25:00,7942.86,31.95,TRADE
NSW1,2026/07/14 15:30:00,8034.51,51.86,TRADE
NSW1,2026/07/14 15:35:00,8090.6,48.35,TRADE
NSW1,2026/07/14 15:40:00,8196.22,26.75,TRADE
NSW1,2026/07/14 15:45:00,8269.93,50.10,TRADE
NSW1,2026/07/14 15:50:00,8379.85,42.54,TRADE
NSW1,2026/07/14 15:55:00,8433.86,42.37,TRADE
NSW1,2026/07/14 16:00:00,8542.76,51.86,TRADE
NSW1,2026/07/14 16:05:00,8583.44,42.80,TRADE
NSW1,2026/07/14 16:10:00,8691.24,38.50,TRADE
NSW1,2026/07/14 16:15:00,8844.45,51.86,TRADE
NSW1,2026/07/14 16:20:00,8919.88,60.38,TRADE
NSW1,2026/07/14 16:25:00,9070.93,80.10,TRADE
NSW1,2026/07/14 16:30:00,9189.79,88.46,TRADE
NSW1,2026/07/14 16:35:00,9228.12,75.20,TRADE
NSW1,2026/07/14 16:40:00,9427.7,68.80,TRADE
NSW1,2026/07/14 16:45:00,9482.46,68.88,TRADE
NSW1,2026/07/14 16:50:00,9576.53,77.28,TRADE
NSW1,2026/07/14 16:55:00,9700.02,80.34,TRADE
NSW1,2026/07/14 17:00:00,9760.14,67.81,TRADE
NSW1,2026/07/14 17:05:00,9847.17,69.99,TRADE
NSW1,2026/07/14 17:10:00,9916.96,71.40,TRADE
NSW1,2026/07/14 17:15:00,10029.74,69.85,TRADE
NSW1,2026/07/14 17:20:00,10191.51,69.99,TRADE
NSW1,2026/07/14 17:25:00,10299.96,71.40,TRADE
NSW1,2026/07/14 17:30:00,10440.06,79.49,TRADE
NSW1,2026/07/14 17:35:00,10462.14,69.99,TRADE
NSW1,2026/07/14 17:40:00,10615.01,71.40,TRADE
NSW1,2026/07/14 17:45:00,10666.61,73.56,TRADE
NSW1,2026/07/14 17:50:00,10695.97,75.40,TRADE
NSW1,2026/07/14 17:55:00,10765.57,71.40,TRADE
NSW1,2026/07/14 18:00:00,10813.51,71.40,TRADE
NSW1,2026/07/14 18:05:00,10758.56,72.79,TRADE
NSW1,2026/07/14 18:10:00,10750.93,71.40,TRADE
NSW1,2026/07/14 18:15:00,10738.79,70.81,TRADE
NSW1,2026/07/14 18:20:00,10706.05,71.40,TRADE
NSW1,2026/07/14 18:25:00,10757.35,71.40,TRADE
NSW1,2026/07/14 18:30:00,10775.09,73.39,TRADE
NSW1,2026/07/14 18:35:00,10737.13,71.40,TRADE
NSW1,2026/07/14 18:40:00,10717.56,71.40,TRADE
NSW1,2026/07/14 18:45:00,10690.34,69.85,TRADE
NSW1,2026/07/14 18:50:00,10656.18,69.99,TRADE
NSW1,2026/07/14 18:55:00,10668.16,69.85,TRADE
NSW1,2026/07/14 19:00:00,10663.84,70.87,TRADE
NSW1,2026/07/14 19:05:00,10595.12,69.85,TRADE
NSW1,2026/07/14 19:10:00,10635.99,71.40,TRADE
NSW1,2026/07/14 19:15:00,10566.76,69.99,TRADE
NSW1,2026/07/14 19:20:00,10557.08,69.99,TRADE
NSW1,2026/07/14 19:25:00,10554.07,69.85,TRADE
NSW1,2026/07/14 19:30:00,10442.42,61.64,TRADE
NSW1,2026/07/14 19:35:00,10416.03,71.40,TRADE
NSW1,2026/07/14 19:40:00,10432.69,71.40,TRADE
NSW1,2026/07/14 19:45:00,10382.73,71.40,TRADE
NSW1,2026/07/14 19:50:00,10367.32,71.40,TRADE
NSW1,2026/07/14 19:55:00,10406.22,71.40,TRADE
NSW1,2026/07/14 20:00:00,10336.92,71.40,TRADE
NSW1,2026/07/14 20:05:00,10351.03,81,TRADE
NSW1,2026/07/14 20:10:00,10288.75,78.84,TRADE
NSW1,2026/07/14 20:15:00,10332.67,81,TRADE
NSW1,2026/07/14 20:20:00,10292.26,75.02,TRADE
NSW1,2026/07/14 20:25:00,10275.5,69.85,TRADE
NSW1,2026/07/14 20:30:00,10171.99,69.85,TRADE
NSW1,2026/07/14 20:35:00,10137.75,69.85,TRADE
NSW1,2026/07/14 20:40:00,10126.11,76.77,TRADE
NSW1,2026/07/14 20:45:00,10062.36,69.85,TRADE
NSW1,2026/07/14 20:50:00,9998.22,76.77,TRADE
NSW1,2026/07/14 20:55:00,9931.34,76.77,TRADE
NSW1,2026/07/14 21:00:00,9873.63,71.15,TRADE
NSW1,2026/07/14 21:05:00,9874.43,79.55,TRADE
NSW1,2026/07/14 21:10:00,9822.6,81,TRADE
NSW1,2026/07/14 21:15:00,9739.66,71.76,TRADE
NSW1,2026/07/14 21:20:00,9695.66,75.43,TRADE
NSW1,2026/07/14 21:25:00,9688.19,81,TRADE
NSW1,2026/07/14 21:30:00,9539.05,69.85,TRADE
NSW1,2026/07/14 21:35:00,9525.2,72.22,TRADE
NSW1,2026/07/14 21:40:00,9475.48,81,TRADE
NSW1,2026/07/14 21:45:00,9377.77,69.85,TRADE
NSW1,2026/07/14 21:50:00,9349.98,60.21,TRADE
NSW1,2026/07/14 21:55:00,9340.41,69.85,TRADE
NSW1,2026/07/14 22:00:00,9251.93,69.85,TRADE
NSW1,2026/07/14 22:05:00,9175.28,69.85,TRADE
NSW1,2026/07/14 22:10:00,9221.55,71.69,TRADE
NSW1,2026/07/14 22:15:00,9158.83,71.15,TRADE
NSW1,2026/07/14 22:20:00,9150.3,69.85,TRADE
NSW1,2026/07/14 22:25:00,9097.6,64.88,TRADE
NSW1,2026/07/14 22:30:00,9075.6,58.44,TRADE
NSW1,2026/07/14 22:35:00,9039.8,69.85,TRADE
NSW1,2026/07/14 22:40:00,8977.48,73.72,TRADE
NSW1,2026/07/14 22:45:00,8910.24,69.85,TRADE
NSW1,2026/07/14 22:50:00,8811.5,69.85,TRADE
NSW1,2026/07/14 22:55:00,8751.69,61.77,TRADE
NSW1,2026/07/14 23:00:00,8764.15,63.28,TRADE
NSW1,2026/07/14 23:05:00,8753.61,81,TRADE
NSW1,2026/07/14 23:10:00,8645.7,84.79,TRADE
NSW1,2026/07/14 23:15:00,8589.09,83.94,TRADE
NSW1,2026/07/14 23:20:00,8479.27,83.96,TRADE
NSW1,2026/07/14 23:25:00,8515.04,85.19,TRADE
NSW1,2026/07/14 23:30:00,8469.27,81,TRADE
NSW1,2026/07/14 23:35:00,8425.73,87.28,TRADE
NSW1,2026/07/14 23:40:00,8373.45,81,TRADE
NSW1,2026/07/14 23:45:00,8331.75,88.88,TRADE
NSW1,2026/07/14 23:50:00,8298.35,81,TRADE
NSW1,2026/07/14 23:55:00,8275.9,79.01,TRADE
NSW1,2026/07/15 00:00:00,8323.58,64.95,TRADE
NSW1,2026/07/15 00:05:00,8182.32,65.78,TRADE
NSW1,2026/07/15 00:10:00,8286.16,70.80,TRADE
NSW1,2026/07/15 00:15:00,8307.95,88.88,TRADE
NSW1,2026/07/15 00:20:00,8244.62,73.10,TRADE
NSW1,2026/07/15 00:25:00,8248.53,70.80,TRADE
NSW1,2026/07/15 00:30:00,8224.2,64.95,TRADE
NSW1,2026/07/15 00:35:00,8242.22,75.80,TRADE
NSW1,2026/07/15 00:40:00,8197.9,64.95,TRADE
NSW1,2026/07/15 00:45:00,8172.53,77.07,TRADE
NSW1,2026/07/15 00:50:00,8132.38,70.80,TRADE
NSW1,2026/07/15 00:55:00,8115.97,64.95,TRADE
NSW1,2026/07/15 01:00:00,8079.16,64.95,TRADE
NSW1,2026/07/15 01:05:00,8070.69,73.10,TRADE
NSW1,2026/07/15 01:10:00,8066.18,81.44,TRADE
NSW1,2026/07/15 01:15:00,8009.14,64.95,TRADE
NSW1,2026/07/15 01:20:00,7923.3,64.95,TRADE
NSW1,2026/07/15 01:25:00,7871.25,73.10,TRADE
NSW1,2026/07/15 01:30:00,7845.86,64.95,TRADE
NSW1,2026/07/15 01:35:00,7751.97,64.95,TRADE
NSW1,2026/07/15 01:40:00,7752.8,64.95,TRADE
NSW1,2026/07/15 01:45:00,7687.28,64.95,TRADE
NSW1,2026/07/15 01:50:00,7714.99,64.95,TRADE
NSW1,2026/07/15 01:55:00,7646.34,64.95,TRADE
NSW1,2026/07/15 02:00:00,7573.59,64.09,TRADE
NSW1,2026/07/15 02:05:00,7595.07,64.95,TRADE
NSW1,2026/07/15 02:10:00,7605.54,64.95,TRADE
NSW1,2026/07/15 02:15:00,7594.45,70.47,TRADE
NSW1,2026/07/15 02:20:00,7543.69,64.95,TRADE
NSW1,2026/07/15 02:25:00,7517.12,64.95,TRADE
NSW1,2026/07/15 02:30:00,7553.52,64.95,TRADE
NSW1,2026/07/15 02:35:00,7513.45,64.95,TRADE
NSW1,2026/07/15 02:40:00,7613.82,64.95,TRADE
NSW1,2026/07/15 02:45:00,7632.75,64.95,TRADE
NSW1,2026/07/15 02:50:00,7628.77,64.95,TRADE
NSW1,2026/07/15 02:55:00,7618.32,64.95,TRADE
NSW1,2026/07/15 03:00:00,7596.25,64.95,TRADE
NSW1,2026/07/15 03:05:00,7599.57,71.77,TRADE
NSW1,2026/07/15 03:10:00,7517.55,65.19,TRADE
NSW1,2026/07/15 03:15:00,7501.3,69.15,TRADE
NSW1,2026/07/15 03:20:00,7461.06,70.72,TRADE
NSW1,2026/07/15 03:25:00,7472.5,73.10,TRADE
NSW1,2026/07/15 03:30:00,7468.81,70.79,TRADE
NSW1,2026/07/15 03:35:00,7427.96,70.77,TRADE
NSW1,2026/07/15 03:40:00,7433.15,69.64,TRADE
NSW1,2026/07/15 03:45:00,7444.07,73.10,TRADE
NSW1,2026/07/15 03:50:00,7427.62,73.10,TRADE
NSW1,2026/07/15 03:55:00,7435.23,73.10,TRADE
NSW1,2026/07/15 04:00:00,7477.11,82.64,TRADE
NSW1,2026/07/15 04:05:00,7430.12,73.10,TRADE
NSW1,2026/07/15 04:10:00,7436.68,73.10,TRADE
NSW1,2026/07/15 04:15:00,7444.71,85.05,TRADE
NSW1,2026/07/15 04:20:00,7443.71,84.80,TRADE
NSW1,2026/07/15 04:25:00,7447.41,83.99,TRADE
NSW1,2026/07/15 04:30:00,7475.77,93.08,TRADE
NSW1,2026/07/15 04:35:00,7452.52,83.99,TRADE
NSW1,2026/07/15 04:40:00,7485.03,86.77,TRADE
NSW1,2026/07/15 04:45:00,7508.61,88.88,TRADE
NSW1,2026/07/15 04:50:00,7575.04,90.49,TRADE
NSW1,2026/07/15 04:55:00,7593.49,88.88,TRADE
NSW1,2026/07/15 05:00:00,7654.42,88.88,TRADE
NSW1,2026/07/15 05:05:00,7684.19,89,TRADE
NSW1,2026/07/15 05:10:00,7773.84,89,TRADE
NSW1,2026/07/15 05:15:00,7908.51,88.88,TRADE
NSW1,2026/07/15 05:20:00,7934.76,88.88,TRADE
NSW1,2026/07/15 05:25:00,8051.15,90.49,TRADE
NSW1,2026/07/15 05:30:00,8060.01,96.33,TRADE
NSW1,2026/07/15 05:35:00,8120.23,88.88,TRADE
NSW1,2026/07/15 05:40:00,8218.38,90.49,TRADE
NSW1,2026/07/15 05:45:00,8265.75,90.49,TRADE
NSW1,2026/07/15 05:50:00,8351.91,90.49,TRADE
NSW1,2026/07/15 05:55:00,8420.07,97.55,TRADE
NSW1,2026/07/15 06:00:00,8476.74,97.55,TRADE
NSW1,2026/07/15 06:05:00,8604.24,90.49,TRADE
NSW1,2026/07/15 06:10:00,8776.42,93.18,TRADE
NSW1,2026/07/15 06:15:00,8948.72,101.10,TRADE
NSW1,2026/07/15 06:20:00,8974.75,96.37,TRADE
NSW1,2026/07/15 06:25:00,9068.64,91.95,TRADE
NSW1,2026/07/15 06:30:00,9180.63,97.55,TRADE
NSW1,2026/07/15 06:35:00,9255.87,92.52,TRADE
NSW1,2026/07/15 06:40:00,9423.24,93.46,TRADE
NSW1,2026/07/15 06:45:00,9543.73,107.84,TRADE
NSW1,2026/07/15 06:50:00,9557.64,113.50,TRADE
NSW1,2026/07/15 06:55:00,9613.6,97.55,TRADE
NSW1,2026/07/15 07:00:00,9667.86,98.95,TRADE
NSW1,2026/07/15 07:05:00,9819.23,109.23,TRADE
NSW1,2026/07/15 07:10:00,9853.74,101.10,TRADE
NSW1,2026/07/15 07:15:00,10044.83,122.04,TRADE
NSW1,2026/07/15 07:20:00,10089.14,115.50,TRADE
NSW1,2026/07/15 07:25:00,10121.85,113.50,TRADE
NSW1,2026/07/15 07:30:00,10146.2,111,TRADE
NSW1,2026/07/15 07:35:00,10194.91,113.50,TRADE
NSW1,2026/07/15 07:40:00,10180.92,111,TRADE
NSW1,2026/07/15 07:45:00,10124.1,101.10,TRADE
NSW1,2026/07/15 07:50:00,10111.33,101.10,TRADE
NSW1,2026/07/15 07:55:00,10065.46,113.50,TRADE
NSW1,2026/07/15 08:00:00,10036.1,97.79,TRADE
NSW1,2026/07/15 08:05:00,9945.41,97.55,TRADE
NSW1,2026/07/15 08:10:00,9979.71,97.55,TRADE
NSW1,2026/07/15 08:15:00,9905.69,113.50,TRADE
NSW1,2026/07/15 08:20:00,9782.84,92.56,TRADE
NSW1,2026/07/15 08:25:00,9781.26,97.63,TRADE
NSW1,2026/07/15 08:30:00,9714.87,92.88,TRADE
NSW1,2026/07/15 08:35:00,9561.23,105.12,TRADE
NSW1,2026/07/15 08:40:00,9405.32,93.46,TRADE
NSW1,2026/07/15 08:45:00,9285.77,93.46,TRADE
NSW1,2026/07/15 08:50:00,9159.03,43.05,TRADE
NSW1,2026/07/15 08:55:00,9226.33,43.05,TRADE
NSW1,2026/07/15 09:00:00,9074.1,43.05,TRADE
NSW1,2026/07/15 09:05:00,8965.38,67.99,TRADE
NSW1,2026/07/15 09:10:00,8847.6,73,TRADE
NSW1,2026/07/15 09:15:00,8794.08,51.95,TRADE
NSW1,2026/07/15 09:20:00,8636.12,64.95,TRADE
NSW1,2026/07/15 09:25:00,8511.75,67.23,TRADE
NSW1,2026/07/15 09:30:00,8420.95,61.02,TRADE
NSW1,2026/07/15 09:35:00,8284.99,64.95,TRADE
NSW1,2026/07/15 09:40:00,8200.37,73.10,TRADE
NSW1,2026/07/15 09:45:00,8087.79,70.71,TRADE
NSW1,2026/07/15 09:50:00,7981.22,66.48,TRADE
NSW1,2026/07/15 09:55:00,7895.75,61.02,TRADE
NSW1,2026/07/15 10:00:00,7848.85,60.88,TRADE
NSW1,2026/07/15 10:05:00,7684.88,73,TRADE
NSW1,2026/07/15 10:10:00,7741.37,73.10,TRADE
NSW1,2026/07/15 10:15:00,7654.47,72,TRADE
NSW1,2026/07/15 10:20:00,7528.1,70.71,TRADE
NSW1,2026/07/15 10:25:00,7476.03,65.13,TRADE
NSW1,2026/07/15 10:30:00,7402.68,60.88,TRADE
NSW1,2026/07/15 10:35:00,7298.91,64.95,TRADE
NSW1,2026/07/15 10:40:00,7059.45,70.81,TRADE
NSW1,2026/07/15 10:45:00,6912.06,66.72,TRADE
NSW1,2026/07/15 10:50:00,6880.4,60.88,TRADE
NSW1,2026/07/15 10:55:00,6854.57,61.10,TRADE
NSW1,2026/07/15 11:00:00,6742.49,37.78,TRADE
NSW1,2026/07/15 11:05:00,6802.21,60.88,TRADE
NSW1,2026/07/15 11:10:00,6846.15,45.49,TRADE
NSW1,2026/07/15 11:15:00,6943.28,64.59,TRADE
NSW1,2026/07/15 11:20:00,6817.27,61.02,TRADE
NSW1,2026/07/15 11:25:00,6785.74,61.02,TRADE
NSW1,2026/07/15 11:30:00,6759.29,57.34,TRADE
NSW1,2026/07/15 11:35:00,6812.07,67.99,TRADE
NSW1,2026/07/15 11:40:00,6958.71,70.78,TRADE
NSW1,2026/07/15 11:45:00,6930.21,79.71,TRADE
NSW1,2026/07/15 11:50:00,6891.52,65.61,TRADE
NSW1,2026/07/15 11:55:00,6867.9,57.39,TRADE
NSW1,2026/07/15 12:00:00,6848.09,57.77,TRADE
NSW1,2026/07/15 12:05:00,6889.26,66.99,TRADE
NSW1,2026/07/15 12:10:00,6859.35,67.99,TRADE
NSW1,2026/07/15 12:15:00,6864.66,65.42,TRADE
NSW1,2026/07/15 12:20:00,6816.28,64.95,TRADE
NSW1,2026/07/15 12:25:00,6839.35,67.99,TRADE
NSW1,2026/07/15 12:30:00,6855.54,57.39,TRADE
NSW1,2026/07/15 12:35:00,6872.56,60.88,TRADE
NSW1,2026/07/15 12:40:00,6924.8,73,TRADE
NSW1,2026/07/15 12:45:00,6758.04,73.10,TRADE
NSW1,2026/07/15 12:50:00,6831.26,73.10,TRADE
NSW1,2026/07/15 12:55:00,6765.73,70.79,TRADE
NSW1,2026/07/15 13:00:00,6827.22,73.10,TRADE
NSW1,2026/07/15 13:05:00,7051.9,73.10,TRADE
NSW1,2026/07/15 13:10:00,7079.89,73.10,TRADE
NSW1,2026/07/15 13:15:00,7060.54,73.10,TRADE
NSW1,2026/07/15 13:20:00,7059.77,84.79,TRADE
NSW1,2026/07/15 13:25:00,7058.38,89.10,TRADE
NSW1,2026/07/15 13:30:00,7130.53,89.10,TRADE
NSW1,2026/07/15 13:35:00,7092.49,89.75,TRADE
NSW1,2026/07/15 13:40:00,7188.16,89.10,TRADE
NSW1,2026/07/15 13:45:00,7135.23,89.10,TRADE
NSW1,2026/07/15 13:50:00,7146.67,89.10,TRADE
NSW1,2026/07/15 13:55:00,7228.21,89.10,TRADE
NSW1,2026/07/15 14:00:00,7185.95,88.88,TRADE
NSW1,2026/07/15 14:05:00,7224.71,89.10,TRADE
NSW1,2026/07/15 14:10:00,7139.28,88.88,TRADE
NSW1,2026/07/15 14:15:00,7100.17,89.10,TRADE
NSW1,2026/07/15 14:20:00,7121.04,89.10,TRADE
NSW1,2026/07/15 14:25:00,7118.93,83.99,TRADE
NSW1,2026/07/15 14:30:00,7124.87,83.99,TRADE
NSW1,2026/07/15 14:35:00,7122.92,69.99,TRADE
NSW1,2026/07/15 14:40:00,7244.24,58.47,TRADE
NSW1,2026/07/15 14:45:00,7322.26,59.71,TRADE
NSW1,2026/07/15 14:50:00,7452.79,62.74,TRADE
NSW1,2026/07/15 14:55:00,7493.6,95.33,TRADE
NSW1,2026/07/15 15:00:00,7466.98,74.31,TRADE
NSW1,2026/07/15 15:05:00,7522.42,70.75,TRADE
NSW1,2026/07/15 15:10:00,7609.52,70.82,TRADE
NSW1,2026/07/15 15:15:00,7709.81,63.73,TRADE
NSW1,2026/07/15 15:20:00,7847.55,70.72,TRADE
NSW1,2026/07/15 15:25:00,7952.46,84.79,TRADE
NSW1,2026/07/15 15:30:00,7985.32,49.85,TRADE
NSW1,2026/07/15 15:35:00,8110.1,72,TRADE
NSW1,2026/07/15 15:40:00,8225.52,72,TRADE
NSW1,2026/07/15 15:45:00,8351.13,78.31,TRADE
NSW1,2026/07/15 15:50:00,8481.07,99.01,TRADE
NSW1,2026/07/15 15:55:00,8569.29,75,TRADE
NSW1,2026/07/15 16:00:00,8658.9,84.79,TRADE
NSW1,2026/07/15 16:05:00,8705.91,99.01,TRADE
NSW1,2026/07/15 16:10:00,8828.29,99.01,TRADE
NSW1,2026/07/15 16:15:00,9044.11,114.80,TRADE
NSW1,2026/07/15 16:20:00,9098.12,114.80,TRADE
NSW1,2026/07/15 16:25:00,9300.11,115.22,TRADE
NSW1,2026/07/15 16:30:00,9389.45,128.90,TRADE
NSW1,2026/07/15 16:35:00,9354.3,121.66,TRADE
NSW1,2026/07/15 16:40:00,9593.26,117.59,TRADE
NSW1,2026/07/15 16:45:00,9681.85,128.90,TRADE
NSW1,2026/07/15 16:50:00,9802.46,130.01,TRADE
NSW1,2026/07/15 16:55:00,9921.44,130.01,TRADE
NSW1,2026/07/15 17:00:00,10001.18,121.10,TRADE
NSW1,2026/07/15 17:05:00,10159.42,143.90,TRADE
NSW1,2026/07/15 17:10:00,10043.63,137.05,TRADE
NSW1,2026/07/15 17:15:00,10266.66,124.98,TRADE
NSW1,2026/07/15 17:20:00,10412.57,124.82,TRADE
NSW1,2026/07/15 17:25:00,10571.24,123.49,TRADE
NSW1,2026/07/15 17:30:00,10630.74,146,TRADE
NSW1,2026/07/15 17:35:00,10595.34,130.01,TRADE
NSW1,2026/07/15 17:40:00,10789.24,145.56,TRADE
NSW1,2026/07/15 17:45:00,10830.45,136.34,TRADE
NSW1,2026/07/15 17:50:00,10848.71,128.90,TRADE
NSW1,2026/07/15 17:55:00,10903.32,130.01,TRADE
NSW1,2026/07/15 18:00:00,11034.02,149.99,TRADE
NSW1,2026/07/15 18:05:00,10917.44,128.88,TRADE
NSW1,2026/07/15 18:10:00,11028.3,121.23,TRADE
NSW1,2026/07/15 18:15:00,10979.9,121.10,TRADE
NSW1,2026/07/15 18:20:00,11093.45,128.61,TRADE
NSW1,2026/07/15 18:25:00,11089.64,126.81,TRADE
NSW1,2026/07/15 18:30:00,10992.82,121.10,TRADE
NSW1,2026/07/15 18:35:00,11046.25,128.90,TRADE
NSW1,2026/07/15 18:40:00,11030.54,128.90,TRADE
NSW1,2026/07/15 18:45:00,11106.26,128.90,TRADE
NSW1,2026/07/15 18:50:00,11043.15,130.01,TRADE
NSW1,2026/07/15 18:55:00,11030.44,121.32,TRADE
NSW1,2026/07/15 19:00:00,11043.5,130.01,TRADE
NSW1,2026/07/15 19:05:00,10967.32,130.01,TRADE
NSW1,2026/07/15 19:10:00,10991.75,129.63,TRADE
NSW1,2026/07/15 19:15:00,11017.97,127.66,TRADE
NSW1,2026/07/15 19:20:00,11000.56,127.31,TRADE
NSW1,2026/07/15 19:25:00,11041.09,130.01,TRADE
NSW1,2026/07/15 19:30:00,10890.51,121.10,TRADE
NSW1,2026/07/15 19:35:00,10926.87,131.99,TRADE
NSW1,2026/07/15 19:40:00,10994.97,143.90,TRADE
NSW1,2026/07/15 19:45:00,10844.11,130.76,TRADE
NSW1,2026/07/15 19:50:00,10854.78,128.90,TRADE
NSW1,2026/07/15 19:55:00,10817.39,137.78,TRADE
NSW1,2026/07/15 20:00:00,10778.95,136.05,TRADE
NSW1,2026/07/15 20:05:00,10684.8,141.77,TRADE
NSW1,2026/07/15 20:10:00,10668.57,140.89,TRADE
NSW1,2026/07/15 20:15:00,10662.48,146,TRADE
NSW1,2026/07/15 20:20:00,10510.04,146,TRADE
NSW1,2026/07/15 20:25:00,10531.8,146,TRADE
NSW1,2026/07/15 20:30:00,10576.54,151.20,TRADE
NSW1,2026/07/15 20:35:00,10516.44,146,TRADE
NSW1,2026/07/15 20:40:00,10535.46,146.32,TRADE
NSW1,2026/07/15 20:45:00,10505.39,146,TRADE
NSW1,2026/07/15 20:50:00,10463.96,155.17,TRADE
NSW1,2026/07/15 20:55:00,10367.01,146,TRADE
NSW1,2026/07/15 21:00:00,10316.8,130.01,TRADE
NSW1,2026/07/15 21:05:00,10351.58,130.01,TRADE
NSW1,2026/07/15 21:10:00,10256.54,131.89,TRADE
NSW1,2026/07/15 21:15:00,10245.07,146,TRADE
NSW1,2026/07/15 21:20:00,10096.75,141.51,TRADE
NSW1,2026/07/15 21:25:00,10059,130.01,TRADE
NSW1,2026/07/15 21:30:00,10095.67,143.90,TRADE
NSW1,2026/07/15 21:35:00,9959.96,130.01,TRADE
NSW1,2026/07/15 21:40:00,9979.81,130.01,TRADE
NSW1,2026/07/15 21:45:00,9944.52,128.90,TRADE
NSW1,2026/07/15 21:50:00,9898.06,128.90,TRADE
NSW1,2026/07/15 21:55:00,9802.92,131.89,TRADE
NSW1,2026/07/15 22:00:00,9663.74,119.75,TRADE
NSW1,2026/07/15 22:05:00,9667.25,131.89,TRADE
NSW1,2026/07/15 22:10:00,9648.85,145.61,TRADE
NSW1,2026/07/15 22:15:00,9642.2,143.79,TRADE
NSW1,2026/07/15 22:20:00,9567.27,128.90,TRADE
NSW1,2026/07/15 22:25:00,9573.03,128.90,TRADE
NSW1,2026/07/15 22:30:00,9521.52,102.29,TRADE
NSW1,2026/07/15 22:35:00,9497.22,111,TRADE
NSW1,2026/07/15 22:40:00,9480.36,106.92,TRADE
NSW1,2026/07/15 22:45:00,9301.64,111,TRADE
NSW1,2026/07/15 22:50:00,9301.46,110.61,TRADE
NSW1,2026/07/15 22:55:00,9224.1,111,TRADE
NSW1,2026/07/15 23:00:00,9241.79,91.47,TRADE
NSW1,2026/07/15 23:05:00,9110.04,89.96,TRADE
NSW1,2026/07/15 23:10:00,9080.45,96.35,TRADE
NSW1,2026/07/15 23:15:00,9010,111,TRADE
NSW1,2026/07/15 23:20:00,9024.89,93.68,TRADE
NSW1,2026/07/15 23:25:00,8936.23,97.63,TRADE
NSW1,2026/07/15 23:30:00,8929.75,97.63,TRADE
NSW1,2026/07/15 23:35:00,8778.53,114.45,TRADE
NSW1,2026/07/15 23:40:00,8783.8,97.95,TRADE
NSW1,2026/07/15 23:45:00,8791.32,114.49,TRADE
NSW1,2026/07/15 23:50:00,8783.79,114.57,TRADE
NSW1,2026/07/15 23:55:00,8723.84,97.63,TRADE
NSW1,2026/07/16 00:00:00,8665.78,97.63,TRADE
NSW1,2026/07/16 00:05:00,8673.1,115.81,TRADE
NSW1,2026/07/16 00:10:00,8787.77,115.18,TRADE
NSW1,2026/07/16 00:15:00,8746.26,114.94,TRADE
NSW1,2026/07/16 00:20:00,8773.17,115.18,TRADE
NSW1,2026/07/16 00:25:00,8756.41,114.54,TRADE
NSW1,2026/07/16 00:30:00,8631.56,105.30,TRADE
NSW1,2026/07/16 00:35:00,8615.23,113.01,TRADE
NSW1,2026/07/16 00:40:00,8561.36,99.06,TRADE
NSW1,2026/07/16 00:45:00,8539.82,106.79,TRADE
NSW1,2026/07/16 00:50:00,8572.46,117.71,TRADE
NSW1,2026/07/16 00:55:00,8436.17,102.33,TRADE
NSW1,2026/07/16 01:00:00,8409.3,98.55,TRADE
NSW1,2026/07/16 01:05:00,8385.32,113.81,TRADE
NSW1,2026/07/16 01:10:00,8393.55,116.28,TRADE
NSW1,2026/07/16 01:15:00,8289.06,98.74,TRADE
NSW1,2026/07/16 01:20:00,8192.56,106.95,TRADE
NSW1,2026/07/16 01:25:00,8182.51,109.02,TRADE
NSW1,2026/07/16 01:30:00,8087.93,98.13,TRADE
NSW1,2026/07/16 01:35:00,8116.68,109.14,TRADE
NSW1,2026/07/16 01:40:00,8034.83,103.10,TRADE
NSW1,2026/07/16 01:45:00,8019.75,89.10,TRADE
NSW1,2026/07/16 01:50:00,8032.21,112.21,TRADE
NSW1,2026/07/16 01:55:00,8003.09,113.09,TRADE
NSW1,2026/07/16 02:00:00,7967.35,89.10,TRADE
NSW1,2026/07/16 02:05:00,7907.21,95.66,TRADE
NSW1,2026/07/16 02:10:00,7962.17,100.15,TRADE
NSW1,2026/07/16 02:15:00,7925.19,89.10,TRADE
NSW1,2026/07/16 02:20:00,7901.55,101.27,TRADE
NSW1,2026/07/16 02:25:00,7852.26,89.10,TRADE
NSW1,2026/07/16 02:30:00,7859.14,91.21,TRADE
NSW1,2026/07/16 02:35:00,7831.28,108.70,TRADE
NSW1,2026/07/16 02:40:00,7706.56,99.55,TRADE
NSW1,2026/07/16 02:45:00,7740.75,100.36,TRADE
NSW1,2026/07/16 02:50:00,7723.06,90.23,TRADE
NSW1,2026/07/16 02:55:00,7755.31,101.08,TRADE
NSW1,2026/07/16 03:00:00,7755.83,106.96,TRADE
NSW1,2026/07/16 03:05:00,7699.51,107.14,TRADE
NSW1,2026/07/16 03:10:00,7735.48,97.66,TRADE
NSW1,2026/07/16 03:15:00,7697.08,92.39,TRADE
NSW1,2026/07/16 03:20:00,7585.86,95.79,TRADE
NSW1,2026/07/16 03:25:00,7587.72,91.24,TRADE
NSW1,2026/07/16 03:30:00,7618.31,103.07,TRADE
NSW1,2026/07/16 03:35:00,7645.46,90.07,TRADE
NSW1,2026/07/16 03:40:00,7684.42,97.68,TRADE
NSW1,2026/07/16 03:45:00,7679.97,90.20,TRADE
NSW1,2026/07/16 03:50:00,7627.02,105.57,TRADE
NSW1,2026/07/16 03:55:00,7607.42,89.35,TRADE
NSW1,2026/07/16 04:00:00,7659.96,89.10,TRADE
NSW1,2026/07/16 04:05:00,7652.83,96.76,TRADE
NSW1,2026/07/16 04:10:00,7658.93,99.01,TRADE
NSW1,2026/07/16 04:15:00,7703.41,99.14,TRADE
NSW1,2026/07/16 04:20:00,7704.63,94.85,TRADE
NSW1,2026/07/16 04:25:00,7748.42,96.29,TRADE
NSW1,2026/07/16 04:30:00,7822.02,99.01,TRADE
NSW1,2026/07/16 04:35:00,7847.27,99.01,TRADE
NSW1,2026/07/16 04:40:00,7807.08,89.10,TRADE
NSW1,2026/07/16 04:45:00,7908.6,92.04,TRADE
NSW1,2026/07/16 04:50:00,7884.86,106.40,TRADE
NSW1,2026/07/16 04:55:00,7975.75,108.51,TRADE
NSW1,2026/07/16 05:00:00,7981.49,94.83,TRADE
NSW1,2026/07/16 05:05:00,8002.29,89.10,TRADE
NSW1,2026/07/16 05:10:00,8144.36,103.98,TRADE
NSW1,2026/07/16 05:15:00,8361.86,111.01,TRADE
NSW1,2026/07/16 05:20:00,8390.42,107.77,TRADE
NSW1,2026/07/16 05:25:00,8448.12,110.14,TRADE
NSW1,2026/07/16 05:30:00,8511.34,111.01,TRADE
NSW1,2026/07/16 05:35:00,8583.04,102.53,TRADE
NSW1,2026/07/16 05:40:00,8688.01,111.01,TRADE
NSW1,2026/07/16 05:45:00,8687.53,111.01,TRADE
NSW1,2026/07/16 05:50:00,8690.19,110.69,TRADE
NSW1,2026/07/16 05:55:00,8799.34,109.66,TRADE
NSW1,2026/07/16 06:00:00,8849.67,115.18,TRADE
NSW1,2026/07/16 06:05:00,9017.97,111.01,TRADE
NSW1,2026/07/16 06:10:00,9176.29,122.04,TRADE
NSW1,2026/07/16 06:15:00,9210.99,122.04,TRADE
NSW1,2026/07/16 06:20:00,9406.53,129.61,TRADE
NSW1,2026/07/16 06:25:00,9417.65,125.50,TRADE
NSW1,2026/07/16 06:30:00,9596.86,130.56,TRADE
NSW1,2026/07/16 06:35:00,9550.62,125.27,TRADE
NSW1,2026/07/16 06:40:00,9701.47,128.90,TRADE
NSW1,2026/07/16 06:45:00,9730.57,128.90,TRADE
NSW1,2026/07/16 06:50:00,9871.81,130.01,TRADE
NSW1,2026/07/16 06:55:00,9933.68,130.01,TRADE
NSW1,2026/07/16 07:00:00,9984.67,124.67,TRADE
NSW1,2026/07/16 07:05:00,10000.67,121.10,TRADE
NSW1,2026/07/16 07:10:00,10119.34,128.61,TRADE
NSW1,2026/07/16 07:15:00,10298,174.59,TRADE
NSW1,2026/07/16 07:20:00,10323.64,146,TRADE
NSW1,2026/07/16 07:25:00,10438.31,174.59,TRADE
NSW1,2026/07/16 07:30:00,10370.27,168.78,TRADE
NSW1,2026/07/16 07:35:00,10379.7,169.25,TRADE
NSW1,2026/07/16 07:40:00,10493.41,130.01,TRADE
NSW1,2026/07/16 07:45:00,10501.43,143.90,TRADE
NSW1,2026/07/16 07:50:00,10486.98,121.25,TRADE
NSW1,2026/07/16 07:55:00,10450.26,120.91,TRADE
NSW1,2026/07/16 08:00:00,10441.06,123.68,TRADE
NSW1,2026/07/16 08:05:00,10441.49,134.48,TRADE
NSW1,2026/07/16 08:10:00,10408.76,114.54,TRADE
NSW1,2026/07/16 08:15:00,10363.47,97.63,TRADE
NSW1,2026/07/16 08:20:00,10307.68,97.63,TRADE
NSW1,2026/07/16 08:25:00,10163.09,73.10,TRADE
NSW1,2026/07/16 08:30:00,10136.68,73.10,TRADE
NSW1,2026/07/16 08:35:00,10062.14,99.01,TRADE
NSW1,2026/07/16 08:40:00,10025.76,99.01,TRADE
NSW1,2026/07/16 08:45:00,9950.06,88.88,TRADE
NSW1,2026/07/16 08:50:00,9884.87,83.99,TRADE
NSW1,2026/07/16 08:55:00,9824.65,73.10,TRADE
NSW1,2026/07/16 09:00:00,9721.71,94.86,TRADE
NSW1,2026/07/16 09:05:00,9581.71,97.63,TRADE
NSW1,2026/07/16 09:10:00,9620.08,95.97,TRADE
NSW1,2026/07/16 09:15:00,9595.08,74.25,TRADE
NSW1,2026/07/16 09:20:00,9525.1,82.66,TRADE
NSW1,2026/07/16 09:25:00,9482.28,92.33,TRADE
NSW1,2026/07/16 09:30:00,9298.91,73.10,TRADE
NSW1,2026/07/16 09:35:00,9255.26,88.23,TRADE
NSW1,2026/07/16 09:40:00,9337.32,97.63,TRADE
NSW1,2026/07/16 09:45:00,9261.89,83.99,TRADE
NSW1,2026/07/16 09:50:00,9217.09,77.19,TRADE
NSW1,2026/07/16 09:55:00,9146.49,75.55,TRADE
NSW1,2026/07/16 10:00:00,8986.22,73.10,TRADE
NSW1,2026/07/16 10:05:00,8958.32,92.03,TRADE
NSW1,2026/07/16 10:10:00,9018.52,89.10,TRADE
NSW1,2026/07/16 10:15:00,8813.42,67.99,TRADE
NSW1,2026/07/16 10:20:00,8883.97,76.14,TRADE
NSW1,2026/07/16 10:25:00,8800.6,89.10,TRADE
NSW1,2026/07/16 10:30:00,8635.07,78.30,TRADE
NSW1,2026/07/16 10:35:00,8548.52,70.90,TRADE
NSW1,2026/07/16 10:40:00,8651.16,83.99,TRADE
NSW1,2026/07/16 10:45:00,8536.36,83.40,TRADE
NSW1,2026/07/16 10:50:00,8500.23,73.10,TRADE
NSW1,2026/07/16 10:55:00,8481.88,73.10,TRADE
NSW1,2026/07/16 11:00:00,8406.96,73.62,TRADE
NSW1,2026/07/16 11:05:00,8399.83,89.10,TRADE
NSW1,2026/07/16 11:10:00,8495.55,89.10,TRADE
NSW1,2026/07/16 11:15:00,8544.66,88.88,TRADE
NSW1,2026/07/16 11:20:00,8453.85,89.62,TRADE
NSW1,2026/07/16 11:25:00,8455.97,89.10,TRADE
NSW1,2026/07/16 11:30:00,8318.79,88.88,TRADE
NSW1,2026/07/16 11:35:00,8269.46,88.93,TRADE
NSW1,2026/07/16 11:40:00,8210.8,70.82,TRADE
NSW1,2026/07/16 11:45:00,8193.44,73.10,TRADE
NSW1,2026/07/16 11:50:00,8236.57,69.99,TRADE
NSW1,2026/07/16 11:55:00,8317.05,69.99,TRADE
NSW1,2026/07/16 12:00:00,8311.73,73.10,TRADE
NSW1,2026/07/16 12:05:00,8290.36,69.99,TRADE
NSW1,2026/07/16 12:10:00,8475.81,88.88,TRADE
NSW1,2026/07/16 12:15:00,8428.51,83.99,TRADE
NSW1,2026/07/16 12:20:00,8334.9,70.80,TRADE
NSW1,2026/07/16 12:25:00,8459.62,73.10,TRADE
NSW1,2026/07/16 12:30:00,8383.19,89.10,TRADE
NSW1,2026/07/16 12:35:00,8350.27,84.79,TRADE
NSW1,2026/07/16 12:40:00,8470.63,89.10,TRADE
NSW1,2026/07/16 12:45:00,8369.37,84.79,TRADE
NSW1,2026/07/16 12:50:00,8401.52,89.10,TRADE
NSW1,2026/07/16 12:55:00,8463.06,89.10,TRADE
NSW1,2026/07/16 13:00:00,8395.15,89.10,TRADE
NSW1,2026/07/16 13:05:00,8351.43,83.99,TRADE
NSW1,2026/07/16 13:10:00,8372.17,84.04,TRADE
NSW1,2026/07/16 13:15:00,8356.62,85.11,TRADE
NSW1,2026/07/16 13:20:00,8283.81,83.99,TRADE
NSW1,2026/07/16 13:25:00,8301.1,83.99,TRADE
NSW1,2026/07/16 13:30:00,8192.36,73.10,TRADE
NSW1,2026/07/16 13:35:00,8303.9,80.21,TRADE
NSW1,2026/07/16 13:40:00,8217.12,89.10,TRADE
NSW1,2026/07/16 13:45:00,8133.34,81.38,TRADE
NSW1,2026/07/16 13:50:00,8154.17,64.59,TRADE
NSW1,2026/07/16 13:55:00,8204.57,65.34,TRADE
NSW1,2026/07/16 14:00:00,8239.57,89.10,TRADE
NSW1,2026/07/16 14:05:00,8135.39,82.74,TRADE
NSW1,2026/07/16 14:10:00,8109.88,70.80,TRADE
NSW1,2026/07/16 14:15:00,8270.13,62.71,TRADE
NSW1,2026/07/16 14:20:00,8316.68,78.38,TRADE
NSW1,2026/07/16 14:25:00,8341.56,83.99,TRADE
NSW1,2026/07/16 14:30:00,8279.77,70.71,TRADE
NSW1,2026/07/16 14:35:00,8495.47,89.10,TRADE
NSW1,2026/07/16 14:40:00,8580.77,89.10,TRADE
NSW1,2026/07/16 14:45:00,8464.4,74.98,TRADE
NSW1,2026/07/16 14:50:00,8595.21,83.65,TRADE
NSW1,2026/07/16 14:55:00,8654.88,83.54,TRADE
NSW1,2026/07/16 15:00:00,8630.51,70.79,TRADE
NSW1,2026/07/16 15:05:00,8739.99,27.87,TRADE
NSW1,2026/07/16 15:10:00,8860.6,38.13,TRADE
NSW1,2026/07/16 15:15:00,8944.52,50.88,TRADE
NSW1,2026/07/16 15:20:00,8991.01,39.33,TRADE
NSW1,2026/07/16 15:25:00,9052.83,39.64,TRADE
NSW1,2026/07/16 15:30:00,9150.91,40.25,TRADE
NSW1,2026/07/16 15:35:00,9104,40.50,TRADE
NSW1,2026/07/16 15:40:00,9220.58,41.17,TRADE
NSW1,2026/07/16 15:45:00,9273.79,61.02,TRADE
NSW1,2026/07/16 15:50:00,9417.07,73,TRADE
NSW1,2026/07/16 15:55:00,9435.61,81.05,TRADE
NSW1,2026/07/16 16:00:00,9412.66,84.79,TRADE
NSW1,2026/07/16 16:05:00,9513.34,76.89,TRADE
NSW1,2026/07/16 16:10:00,9630.23,73,TRADE
NSW1,2026/07/16 16:15:00,9649.48,102.36,TRADE
NSW1,2026/07/16 16:20:00,9720.68,108.41,TRADE
NSW1,2026/07/16 16:25:00,9784.64,111.01,TRADE
NSW1,2026/07/16 16:30:00,9932.01,114.58,TRADE
NSW1,2026/07/16 16:35:00,9945.39,105.24,TRADE
NSW1,2026/07/16 16:40:00,10132.84,106.54,TRADE
NSW1,2026/07/16 16:45:00,10154.17,109.19,TRADE
NSW1,2026/07/16 16:50:00,10313.8,112.78,TRADE
NSW1,2026/07/16 16:55:00,10478.1,121.10,TRADE
NSW1,2026/07/16 17:00:00,10520.51,113.50,TRADE
NSW1,2026/07/16 17:05:00,10630.05,112.78,TRADE
NSW1,2026/07/16 17:10:00,10645.76,113.50,TRADE
NSW1,2026/07/16 17:15:00,10719.71,112.78,TRADE
NSW1,2026/07/16 17:20:00,10705.69,113.50,TRADE
NSW1,2026/07/16 17:25:00,10803.64,120.75,TRADE
NSW1,2026/07/16 17:30:00,10842.42,121.10,TRADE
NSW1,2026/07/16 17:35:00,10843.12,116.83,TRADE
NSW1,2026/07/16 17:40:00,11047.04,115.48,TRADE
NSW1,2026/07/16 17:45:00,11040.96,113.50,TRADE
NSW1,2026/07/16 17:50:00,11170.07,121.10,TRADE
NSW1,2026/07/16 17:55:00,11143.28,121.10,TRADE
NSW1,2026/07/16 18:00:00,11067.82,113.62,TRADE
NSW1,2026/07/16 18:05:00,11141.19,114.64,TRADE
NSW1,2026/07/16 18:10:00,11170.28,126.05,TRADE
NSW1,2026/07/16 18:15:00,11077.31,113.50,TRADE
NSW1,2026/07/16 18:20:00,11139.34,112.78,TRADE
NSW1,2026/07/16 18:25:00,11126.61,113.50,TRADE
NSW1,2026/07/16 18:30:00,11174.02,130.01,TRADE
NSW1,2026/07/16 18:35:00,11104.07,113.50,TRADE
NSW1,2026/07/16 18:40:00,11135.47,111.48,TRADE
NSW1,2026/07/16 18:45:00,11133.78,113.50,TRADE
NSW1,2026/07/16 18:50:00,11129.01,113.50,TRADE
NSW1,2026/07/16 18:55:00,11078.77,113.50,TRADE
NSW1,2026/07/16 19:00:00,11074.01,113.50,TRADE
NSW1,2026/07/16 19:05:00,11044.66,113.50,TRADE
NSW1,2026/07/16 19:10:00,10941.89,112.78,TRADE
NSW1,2026/07/16 19:15:00,10895.32,113.50,TRADE
NSW1,2026/07/16 19:20:00,10858.4,113.50,TRADE
NSW1,2026/07/16 19:25:00,10835.64,112.78,TRADE
NSW1,2026/07/16 19:30:00,10734.04,112.78,TRADE
NSW1,2026/07/16 19:35:00,10745.91,111.01,TRADE
NSW1,2026/07/16 19:40:00,10759.05,108.38,TRADE
NSW1,2026/07/16 19:45:00,10771.75,111.01,TRADE
NSW1,2026/07/16 19:50:00,10754.9,104.36,TRADE
NSW1,2026/07/16 19:55:00,10772.32,104.36,TRADE
NSW1,2026/07/16 20:00:00,10658.4,105.83,TRADE
NSW1,2026/07/16 20:05:00,10597.7,107.24,TRADE
NSW1,2026/07/16 20:10:00,10714.29,104.36,TRADE
NSW1,2026/07/16 20:15:00,10666.82,104.36,TRADE
NSW1,2026/07/16 20:20:00,10643.16,104.36,TRADE
NSW1,2026/07/16 20:25:00,10549.17,105.16,TRADE
NSW1,2026/07/16 20:30:00,10482.01,104.36,TRADE
NSW1,2026/07/16 20:35:00,10560.56,97.55,TRADE
NSW1,2026/07/16 20:40:00,10580.15,97.96,TRADE
NSW1,2026/07/16 20:45:00,10518.98,104.86,TRADE
NSW1,2026/07/16 20:50:00,10493.29,104.36,TRADE
NSW1,2026/07/16 20:55:00,10377.21,97.55,TRADE
NSW1,2026/07/16 21:00:00,10293.65,95.43,TRADE
NSW1,2026/07/16 21:05:00,10286.59,96.31,TRADE
NSW1,2026/07/16 21:10:00,10308.77,99.03,TRADE
NSW1,2026/07/16 21:15:00,10183.45,97.31,TRADE
NSW1,2026/07/16 21:20:00,10075.44,95.06,TRADE
NSW1,2026/07/16 21:25:00,10060.93,98.64,TRADE
NSW1,2026/07/16 21:30:00,10037.94,95.71,TRADE
NSW1,2026/07/16 21:35:00,10015.87,104.36,TRADE
NSW1,2026/07/16 21:40:00,10002.35,104.36,TRADE
NSW1,2026/07/16 21:45:00,9816.34,102.39,TRADE
NSW1,2026/07/16 21:50:00,9782.82,97.04,TRADE
NSW1,2026/07/16 21:55:00,9745.55,98.80,TRADE
NSW1,2026/07/16 22:00:00,9667.09,93.54,TRADE
NSW1,2026/07/16 22:05:00,9597.28,93.05,TRADE
NSW1,2026/07/16 22:10:00,9561.97,95.10,TRADE
NSW1,2026/07/16 22:15:00,9595.71,91.83,TRADE
NSW1,2026/07/16 22:20:00,9517.82,90.03,TRADE
NSW1,2026/07/16 22:25:00,9497.47,84.79,TRADE
NSW1,2026/07/16 22:30:00,9498.89,77.31,TRADE
NSW1,2026/07/16 22:35:00,9411.14,83.99,TRADE
NSW1,2026/07/16 22:40:00,9377.97,84.79,TRADE
NSW1,2026/07/16 22:45:00,9182.99,83.99,TRADE
NSW1,2026/07/16 22:50:00,9196.16,89.10,TRADE
NSW1,2026/07/16 22:55:00,9111.3,84.79,TRADE
NSW1,2026/07/16 23:00:00,9083.07,84.79,TRADE
NSW1,2026/07/16 23:05:00,8951.81,83.99,TRADE
NSW1,2026/07/16 23:10:00,9020.28,84.79,TRADE
NSW1,2026/07/16 23:15:00,8981.29,84.79,TRADE
NSW1,2026/07/16 23:20:00,8899.02,84.79,TRADE
NSW1,2026/07/16 23:25:00,8825.64,79.18,TRADE
NSW1,2026/07/16 23:30:00,8906.96,84.79,TRADE
NSW1,2026/07/16 23:35:00,8729.47,84.79,TRADE
NSW1,2026/07/16 23:40:00,8752.49,88.88,TRADE
NSW1,2026/07/16 23:45:00,8687.52,88.88,TRADE
NSW1,2026/07/16 23:50:00,8708.02,88.88,TRADE
NSW1,2026/07/16 23:55:00,8575.82,83.99,TRADE
NSW1,2026/07/17 00:00:00,8580.97,84.79,TRADE
NSW1,2026/07/17 00:05:00,8551.29,84.79,TRADE
NSW1,2026/07/17 00:10:00,8671.88,95.80,TRADE
NSW1,2026/07/17 00:15:00,8664.81,93.12,TRADE
NSW1,2026/07/17 00:20:00,8595.06,84.79,TRADE
NSW1,2026/07/17 00:25:00,8686.35,94.37,TRADE
NSW1,2026/07/17 00:30:00,8649.32,87.27,TRADE
NSW1,2026/07/17 00:35:00,8614.84,97.63,TRADE
NSW1,2026/07/17 00:40:00,8572.54,97.65,TRADE
NSW1,2026/07/17 00:45:00,8469.59,86.76,TRADE
NSW1,2026/07/17 00:50:00,8498.99,95.18,TRADE
NSW1,2026/07/17 00:55:00,8401.05,89.10,TRADE
NSW1,2026/07/17 01:00:00,8374.83,88.88,TRADE
NSW1,2026/07/17 01:05:00,8348.09,97.65,TRADE
NSW1,2026/07/17 01:10:00,8246.09,81.35,TRADE
NSW1,2026/07/17 01:15:00,8157.42,82.61,TRADE
NSW1,2026/07/17 01:20:00,8116.71,104.04,TRADE
NSW1,2026/07/17 01:25:00,8079.68,80.66,TRADE
NSW1,2026/07/17 01:30:00,8086.56,81.89,TRADE
NSW1,2026/07/17 01:35:00,7934.98,89.75,TRADE
NSW1,2026/07/17 01:40:00,7896.94,80.64,TRADE
NSW1,2026/07/17 01:45:00,7914.95,82.06,TRADE
NSW1,2026/07/17 01:50:00,7874.02,91.41,TRADE
NSW1,2026/07/17 01:55:00,7844.01,83.38,TRADE
NSW1,2026/07/17 02:00:00,7833.54,88.88,TRADE
NSW1,2026/07/17 02:05:00,7741.3,97.65,TRADE
NSW1,2026/07/17 02:10:00,7711.35,88.88,TRADE
NSW1,2026/07/17 02:15:00,7735.54,102.56,TRADE
NSW1,2026/07/17 02:20:00,7712.68,97.07,TRADE
NSW1,2026/07/17 02:25:00,7602.76,83.99,TRADE
NSW1,2026/07/17 02:30:00,7669.41,89.10,TRADE
NSW1,2026/07/17 02:35:00,7664.58,97.63,TRADE
NSW1,2026/07/17 02:40:00,7609.01,97.63,TRADE
NSW1,2026/07/17 02:45:00,7600.36,97.63,TRADE
NSW1,2026/07/17 02:50:00,7522.5,89.33,TRADE
NSW1,2026/07/17 02:55:00,7510.7,89.75,TRADE
NSW1,2026/07/17 03:00:00,7528.15,97.63,TRADE
NSW1,2026/07/17 03:05:00,7532.15,104.68,TRADE
NSW1,2026/07/17 03:10:00,7433.8,88.88,TRADE
NSW1,2026/07/17 03:15:00,7427.99,88.88,TRADE
NSW1,2026/07/17 03:20:00,7398.77,73.10,TRADE
NSW1,2026/07/17 03:25:00,7459.91,80.55,TRADE
NSW1,2026/07/17 03:30:00,7455.07,89,TRADE
NSW1,2026/07/17 03:35:00,7478.47,80.33,TRADE
NSW1,2026/07/17 03:40:00,7395.47,80.27,TRADE
NSW1,2026/07/17 03:45:00,7394.68,81.64,TRADE
NSW1,2026/07/17 03:50:00,7453.18,88.88,TRADE
NSW1,2026/07/17 03:55:00,7419.94,73.10,TRADE
NSW1,2026/07/17 04:00:00,7428.5,73.10,TRADE
NSW1,2026/07/17 04:05:00,7376.88,84.29,TRADE
NSW1,2026/07/17 04:10:00,7418.75,82.92,TRADE
NSW1,2026/07/17 04:15:00,7433.23,88.88,TRADE
NSW1,2026/07/17 04:20:00,7489.87,84.26,TRADE
NSW1,2026/07/17 04:25:00,7499.13,88.88,TRADE
NSW1,2026/07/17 04:30:00,7534.23,83.24,TRADE
NSW1,2026/07/17 04:35:00,7536.25,88.88,TRADE
NSW1,2026/07/17 04:40:00,7536.64,66.53,TRADE
NSW1,2026/07/17 04:45:00,7593.11,82.24,TRADE
NSW1,2026/07/17 04:50:00,7661.54,91.93,TRADE
NSW1,2026/07/17 04:55:00,7699.14,88.88,TRADE
NSW1,2026/07/17 05:00:00,7718.95,82.27,TRADE
NSW1,2026/07/17 05:05:00,7781.89,73.10,TRADE
NSW1,2026/07/17 05:10:00,7885.55,84.79,TRADE
NSW1,2026/07/17 05:15:00,7920.94,84.79,TRADE
NSW1,2026/07/17 05:20:00,7977.22,84.79,TRADE
NSW1,2026/07/17 05:25:00,7939.23,83.52,TRADE
NSW1,2026/07/17 05:30:00,7974.1,84.79,TRADE
NSW1,2026/07/17 05:35:00,8029.43,82.71,TRADE
NSW1,2026/07/17 05:40:00,8164.42,88.88,TRADE
NSW1,2026/07/17 05:45:00,8243,88.88,TRADE
NSW1,2026/07/17 05:50:00,8277.27,88.88,TRADE
NSW1,2026/07/17 05:55:00,8256.06,91.50,TRADE
NSW1,2026/07/17 06:00:00,8343.3,97.05,TRADE
NSW1,2026/07/17 06:05:00,8399.94,91.21,TRADE
NSW1,2026/07/17 06:10:00,8568.27,95.04,TRADE
NSW1,2026/07/17 06:15:00,8697.55,97.55,TRADE
NSW1,2026/07/17 06:20:00,8683.24,97.55,TRADE
NSW1,2026/07/17 06:25:00,8813.64,97.55,TRADE
NSW1,2026/07/17 06:30:00,8945.54,97.55,TRADE
NSW1,2026/07/17 06:35:00,9010.69,104.70,TRADE
NSW1,2026/07/17 06:40:00,9168.72,97.63,TRADE
NSW1,2026/07/17 06:45:00,9264.35,97.63,TRADE
NSW1,2026/07/17 06:50:00,9297.62,97.63,TRADE
NSW1,2026/07/17 06:55:00,9437.45,97.63,TRADE
NSW1,2026/07/17 07:00:00,9438.61,112.78,TRADE
NSW1,2026/07/17 07:05:00,9463.66,97.63,TRADE
NSW1,2026/07/17 07:10:00,9521.94,88.88,TRADE
NSW1,2026/07/17 07:15:00,9719.93,102.93,TRADE
NSW1,2026/07/17 07:20:00,9819.64,102.89,TRADE
NSW1,2026/07/17 07:25:00,9889.91,88.88,TRADE
NSW1,2026/07/17 07:30:00,9849.52,93.60,TRADE
NSW1,2026/07/17 07:35:00,9900.47,97.63,TRADE
NSW1,2026/07/17 07:40:00,9989.54,89.90,TRADE
NSW1,2026/07/17 07:45:00,9941.62,84.79,TRADE
NSW1,2026/07/17 07:50:00,9898.35,65.36,TRADE
NSW1,2026/07/17 07:55:00,10011.88,84.79,TRADE
NSW1,2026/07/17 08:00:00,9958.31,99.01,TRADE
NSW1,2026/07/17 08:05:00,9805.45,53.18,TRADE
NSW1,2026/07/17 08:10:00,9994.96,64.95,TRADE
NSW1,2026/07/17 08:15:00,9950.63,73,TRADE
NSW1,2026/07/17 08:20:00,9870.37,67.99,TRADE
NSW1,2026/07/17 08:25:00,9743.5,57.39,TRADE
NSW1,2026/07/17 08:30:00,9821.84,73,TRADE
NSW1,2026/07/17 08:35:00,9671.87,84.79,TRADE
NSW1,2026/07/17 08:40:00,9624.89,84.79,TRADE
NSW1,2026/07/17 08:45:00,9533.47,42.54,TRADE
NSW1,2026/07/17 08:50:00,9530.28,57.39,TRADE
NSW1,2026/07/17 08:55:00,9530.2,89.24,TRADE
NSW1,2026/07/17 09:00:00,9388.41,73,TRADE
NSW1,2026/07/17 09:05:00,9376.9,72.66,TRADE
NSW1,2026/07/17 09:10:00,9401.63,76.65,TRADE
NSW1,2026/07/17 09:15:00,9354.69,77.40,TRADE
NSW1,2026/07/17 09:20:00,9240.5,67.99,TRADE
NSW1,2026/07/17 09:25:00,9200.93,42.54,TRADE
NSW1,2026/07/17 09:30:00,9215.5,46.15,TRADE
NSW1,2026/07/17 09:35:00,9221.01,73.50,TRADE
NSW1,2026/07/17 09:40:00,9088.69,80.85,TRADE
NSW1,2026/07/17 09:45:00,9111.21,73,TRADE
NSW1,2026/07/17 09:50:00,9125.6,67.99,TRADE
NSW1,2026/07/17 09:55:00,9034.83,65.03,TRADE
NSW1,2026/07/17 10:00:00,8970.99,60.88,TRADE
NSW1,2026/07/17 10:05:00,9012.7,69.37,TRADE
NSW1,2026/07/17 10:10:00,9033.05,73,TRADE
NSW1,2026/07/17 10:15:00,8957.03,75.84,TRADE
NSW1,2026/07/17 10:20:00,8856.83,73,TRADE
NSW1,2026/07/17 10:25:00,8801.17,70.81,TRADE
NSW1,2026/07/17 10:30:00,8720.48,64.99,TRADE
NSW1,2026/07/17 10:35:00,8690.16,72,TRADE
NSW1,2026/07/17 10:40:00,8662.41,64.95,TRADE
NSW1,2026/07/17 10:45:00,8544.61,48.30,TRADE
NSW1,2026/07/17 10:50:00,8571.44,68.98,TRADE
NSW1,2026/07/17 10:55:00,8509.99,69.99,TRADE
NSW1,2026/07/17 11:00:00,8376.39,61.91,TRADE
NSW1,2026/07/17 11:05:00,8397.92,66.53,TRADE
NSW1,2026/07/17 11:10:00,8492.76,66.53,TRADE
NSW1,2026/07/17 11:15:00,8429.65,66.53,TRADE
NSW1,2026/07/17 11:20:00,8431.68,65.81,TRADE
NSW1,2026/07/17 11:25:00,8417.14,66.53,TRADE
NSW1,2026/07/17 11:30:00,8470.86,66.53,TRADE
NSW1,2026/07/17 11:35:00,8470.44,65.02,TRADE
NSW1,2026/07/17 11:40:00,8462.29,69.99,TRADE
NSW1,2026/07/17 11:45:00,8508.11,63.03,TRADE
NSW1,2026/07/17 11:50:00,8440.61,63.09,TRADE
NSW1,2026/07/17 11:55:00,8403.77,66.53,TRADE
NSW1,2026/07/17 12:00:00,8417.62,73,TRADE
NSW1,2026/07/17 12:05:00,8437.93,73,TRADE
NSW1,2026/07/17 12:10:00,8399.34,66.53,TRADE
NSW1,2026/07/17 12:15:00,8453.58,66.53,TRADE
NSW1,2026/07/17 12:20:00,8525.31,67.99,TRADE
NSW1,2026/07/17 12:25:00,8438.69,69.99,TRADE
NSW1,2026/07/17 12:30:00,8430.75,73.08,TRADE
NSW1,2026/07/17 12:35:00,8266.41,74.59,TRADE
NSW1,2026/07/17 12:40:00,8255.86,62.90,TRADE
NSW1,2026/07/17 12:45:00,8362.58,69.99,TRADE
NSW1,2026/07/17 12:50:00,8373.62,81.18,TRADE
NSW1,2026/07/17 12:55:00,8265.74,74.39,TRADE
NSW1,2026/07/17 13:00:00,8284.37,78.63,TRADE
NSW1,2026/07/17 13:05:00,8235.74,69.99,TRADE
NSW1,2026/07/17 13:10:00,8256.8,73.10,TRADE
NSW1,2026/07/17 13:15:00,8342.81,83.99,TRADE
NSW1,2026/07/17 13:20:00,8361.37,73.08,TRADE
NSW1,2026/07/17 13:25:00,8286.92,62.53,TRADE
NSW1,2026/07/17 13:30:00,8408.06,82.20,TRADE
NSW1,2026/07/17 13:35:00,8309.75,81.59,TRADE
NSW1,2026/07/17 13:40:00,8263.43,66,TRADE
NSW1,2026/07/17 13:45:00,8428.98,77.88,TRADE
NSW1,2026/07/17 13:50:00,8386.63,89.20,TRADE
NSW1,2026/07/17 13:55:00,8275.42,81.15,TRADE
NSW1,2026/07/17 14:00:00,8196.91,79.02,TRADE
NSW1,2026/07/17 14:05:00,8249.39,81.83,TRADE
NSW1,2026/07/17 14:10:00,8088.59,73.10,TRADE
NSW1,2026/07/17 14:15:00,8235.4,81.06,TRADE
NSW1,2026/07/17 14:20:00,8200.79,73.08,TRADE
NSW1,2026/07/17 14:25:00,8282.53,77.24,TRADE
NSW1,2026/07/17 14:30:00,8283.99,80,TRADE
NSW1,2026/07/17 14:35:00,8367.95,80.06,TRADE
NSW1,2026/07/17 14:40:00,8408.43,76.04,TRADE
NSW1,2026/07/17 14:45:00,8376.26,73.10,TRADE
NSW1,2026/07/17 14:50:00,8481.51,83.99,TRADE
NSW1,2026/07/17 14:55:00,8523.15,83.99,TRADE
NSW1,2026/07/17 15:00:00,8521.02,80,TRADE
NSW1,2026/07/17 15:05:00,8514.28,78.28,TRADE
NSW1,2026/07/17 15:10:00,8532.39,85.77,TRADE
NSW1,2026/07/17 15:15:00,8606.44,88.70,TRADE
NSW1,2026/07/17 15:20:00,8603.4,80,TRADE
NSW1,2026/07/17 15:25:00,8776.99,79.59,TRADE
NSW1,2026/07/17 15:30:00,8838.66,88.88,TRADE
NSW1,2026/07/17 15:35:00,8820.66,81.22,TRADE
NSW1,2026/07/17 15:40:00,9004.82,94.55,TRADE
NSW1,2026/07/17 15:45:00,8920.52,75.95,TRADE
NSW1,2026/07/17 15:50:00,9176.9,77.08,TRADE
NSW1,2026/07/17 15:55:00,9214.53,93.46,TRADE
NSW1,2026/07/17 16:00:00,9203.95,93.46,TRADE
NSW1,2026/07/17 16:05:00,9307.08,84.44,TRADE
NSW1,2026/07/17 16:10:00,9449.76,99.67,TRADE
NSW1,2026/07/17 16:15:00,9576.02,105.82,TRADE
NSW1,2026/07/17 16:20:00,9537.56,114.46,TRADE
NSW1,2026/07/17 16:25:00,9593.15,115.90,TRADE
NSW1,2026/07/17 16:30:00,9760.31,123.99,TRADE
NSW1,2026/07/17 16:35:00,9768.99,118.62,TRADE
NSW1,2026/07/17 16:40:00,9940.41,123.99,TRADE
NSW1,2026/07/17 16:45:00,9968.73,123.99,TRADE
NSW1,2026/07/17 16:50:00,9979.28,124.30,TRADE
NSW1,2026/07/17 16:55:00,10150.49,155.58,TRADE
NSW1,2026/07/17 17:00:00,10175.59,136.58,TRADE
NSW1,2026/07/17 17:05:00,10257.9,132.03,TRADE
NSW1,2026/07/17 17:10:00,10231.53,124.98,TRADE
NSW1,2026/07/17 17:15:00,10331.96,121.45,TRADE
NSW1,2026/07/17 17:20:00,10412.71,134.86,TRADE
NSW1,2026/07/17 17:25:00,10521.56,143.90,TRADE
NSW1,2026/07/17 17:30:00,10538.51,143.90,TRADE
NSW1,2026/07/17 17:35:00,10484.63,119.60,TRADE
NSW1,2026/07/17 17:40:00,10706.45,130.83,TRADE
NSW1,2026/07/17 17:45:00,10768.69,138.49,TRADE
NSW1,2026/07/17 17:50:00,10696.36,134.86,TRADE
NSW1,2026/07/17 17:55:00,10736.96,134.86,TRADE
NSW1,2026/07/17 18:00:00,10745.27,133.30,TRADE
NSW1,2026/07/17 18:05:00,10611.61,123.99,TRADE
NSW1,2026/07/17 18:10:00,10647.85,131.16,TRADE
NSW1,2026/07/17 18:15:00,10668.08,114.99,TRADE
NSW1,2026/07/17 18:20:00,10706.6,113.50,TRADE
NSW1,2026/07/17 18:25:00,10684.03,121.10,TRADE
NSW1,2026/07/17 18:30:00,10656.95,126.66,TRADE
NSW1,2026/07/17 18:35:00,10668.52,113.50,TRADE
NSW1,2026/07/17 18:40:00,10631.66,113.50,TRADE
NSW1,2026/07/17 18:45:00,10627.23,113.50,TRADE
NSW1,2026/07/17 18:50:00,10560.53,128.50,TRADE
NSW1,2026/07/17 18:55:00,10559.91,121.10,TRADE
NSW1,2026/07/17 19:00:00,10528.32,113.50,TRADE
NSW1,2026/07/17 19:05:00,10489.71,113.50,TRADE
NSW1,2026/07/17 19:10:00,10566.37,113.50,TRADE
NSW1,2026/07/17 19:15:00,10473.24,121.10,TRADE
NSW1,2026/07/17 19:20:00,10401.8,113.50,TRADE
NSW1,2026/07/17 19:25:00,10411.92,113.50,TRADE
NSW1,2026/07/17 19:30:00,10386.87,118.75,TRADE
NSW1,2026/07/17 19:35:00,10264.86,121.11,TRADE
NSW1,2026/07/17 19:40:00,10305.8,113.50,TRADE
NSW1,2026/07/17 19:45:00,10255.8,113.59,TRADE
NSW1,2026/07/17 19:50:00,10236.03,117.28,TRADE
NSW1,2026/07/17 19:55:00,10256.66,119,TRADE
NSW1,2026/07/17 20:00:00,10207.38,114.54,TRADE
NSW1,2026/07/17 20:05:00,10180.91,113.77,TRADE
NSW1,2026/07/17 20:10:00,10238.46,123.23,TRADE
NSW1,2026/07/17 20:15:00,10092.76,129.09,TRADE
NSW1,2026/07/17 20:20:00,10075.29,113.94,TRADE
NSW1,2026/07/17 20:25:00,10119.69,116.24,TRADE
NSW1,2026/07/17 20:30:00,10069.67,116.20,TRADE
NSW1,2026/07/17 20:35:00,10045.57,121.10,TRADE
NSW1,2026/07/17 20:40:00,9961.59,123.99,TRADE
NSW1,2026/07/17 20:45:00,9900.89,116.42,TRADE
NSW1,2026/07/17 20:50:00,9954.49,117.26,TRADE
NSW1,2026/07/17 20:55:00,9885.36,125.44,TRADE
NSW1,2026/07/17 21:00:00,9878.16,123.99,TRADE
NSW1,2026/07/17 21:05:00,9849.5,130.01,TRADE
NSW1,2026/07/17 21:10:00,9836.68,130.01,TRADE
NSW1,2026/07/17 21:15:00,9747.9,123.99,TRADE
NSW1,2026/07/17 21:20:00,9679.96,122.63,TRADE
NSW1,2026/07/17 21:25:00,9724.85,130.01,TRADE
NSW1,2026/07/17 21:30:00,9638.8,118.01,TRADE
NSW1,2026/07/17 21:35:00,9714.66,120.91,TRADE
NSW1,2026/07/17 21:40:00,9690.13,123.45,TRADE
NSW1,2026/07/17 21:45:00,9585.19,121.74,TRADE
NSW1,2026/07/17 21:50:00,9530.65,123.40,TRADE
NSW1,2026/07/17 21:55:00,9475,120.75,TRADE
NSW1,2026/07/17 22:00:00,9321.09,115.26,TRADE
NSW1,2026/07/17 22:05:00,9317.08,120.85,TRADE
NSW1,2026/07/17 22:10:00,9410.05,118.01,TRADE
NSW1,2026/07/17 22:15:00,9380.74,117.38,TRADE
NSW1,2026/07/17 22:20:00,9401.83,116.33,TRADE
NSW1,2026/07/17 22:25:00,9260.35,112.78,TRADE
NSW1,2026/07/17 22:30:00,9245.02,112.78,TRADE
NSW1,2026/07/17 22:35:00,9155,109.22,TRADE
NSW1,2026/07/17 22:40:00,9149.67,111,TRADE
NSW1,2026/07/17 22:45:00,9182.26,112.78,TRADE
NSW1,2026/07/17 22:50:00,9065.93,111,TRADE
NSW1,2026/07/17 22:55:00,8993.15,107.19,TRADE
NSW1,2026/07/17 23:00:00,9039.13,103.56,TRADE
NSW1,2026/07/17 23:05:00,8999.9,117.79,TRADE
NSW1,2026/07/17 23:10:00,8977.69,123.99,TRADE
NSW1,2026/07/17 23:15:00,8926.91,121,TRADE
NSW1,2026/07/17 23:20:00,8859.85,123.99,TRADE
NSW1,2026/07/17 23:25:00,8777.13,120.31,TRADE
NSW1,2026/07/17 23:30:00,8825.24,123.99,TRADE
NSW1,2026/07/17 23:35:00,8690.73,123.99,TRADE
NSW1,2026/07/17 23:40:00,8647.74,119.99,TRADE
NSW1,2026/07/17 23:45:00,8584.12,112.78,TRADE
NSW1,2026/07/17 23:50:00,8687.28,120.31,TRADE
NSW1,2026/07/17 23:55:00,8521.55,112.78,TRADE
NSW1,2026/07/18 00:00:00,8555.89,111,TRADE
NSW1,2026/07/18 00:05:00,8485.21,115.18,TRADE
NSW1,2026/07/18 00:10:00,8628.53,123.99,TRADE
NSW1,2026/07/18 00:15:00,8615.19,121.33,TRADE
NSW1,2026/07/18 00:20:00,8608.69,115.18,TRADE
NSW1,2026/07/18 00:25:00,8554.27,118.54,TRADE
NSW1,2026/07/18 00:30:00,8512.89,110.01,TRADE
NSW1,2026/07/18 00:35:00,8440.38,111,TRADE
NSW1,2026/07/18 00:40:00,8491.22,112.78,TRADE
NSW1,2026/07/18 00:45:00,8458.91,109.92,TRADE
NSW1,2026/07/18 00:50:00,8334.01,102.28,TRADE
NSW1,2026/07/18 00:55:00,8372.6,104.42,TRADE
NSW1,2026/07/18 01:00:00,8311.31,97.96,TRADE
NSW1,2026/07/18 01:05:00,8268.03,111,TRADE
NSW1,2026/07/18 01:10:00,8199.33,106.55,TRADE
NSW1,2026/07/18 01:15:00,8114.11,107.12,TRADE
NSW1,2026/07/18 01:20:00,8096.52,104,TRADE
NSW1,2026/07/18 01:25:00,8091.72,109.48,TRADE
NSW1,2026/07/18 01:30:00,7953.33,97.63,TRADE
NSW1,2026/07/18 01:35:00,7960.56,109.55,TRADE
NSW1,2026/07/18 01:40:00,7963.7,111,TRADE
NSW1,2026/07/18 01:45:00,7903.54,101.76,TRADE
NSW1,2026/07/18 01:50:00,7830.3,97.63,TRADE
NSW1,2026/07/18 01:55:00,7850.91,110.35,TRADE
NSW1,2026/07/18 02:00:00,7787.15,97.47,TRADE
NSW1,2026/07/18 02:05:00,7752.09,111,TRADE
NSW1,2026/07/18 02:10:00,7779.65,112.78,TRADE
NSW1,2026/07/18 02:15:00,7682.82,114.85,TRADE
NSW1,2026/07/18 02:20:00,7653.46,112.78,TRADE
NSW1,2026/07/18 02:25:00,7595.92,111,TRADE
NSW1,2026/07/18 02:30:00,7563.81,110.97,TRADE
NSW1,2026/07/18 02:35:00,7585.79,122.25,TRADE
NSW1,2026/07/18 02:40:00,7482.91,121.18,TRADE
NSW1,2026/07/18 02:45:00,7541.62,122.32,TRADE
NSW1,2026/07/18 02:50:00,7479.61,121.38,TRADE
NSW1,2026/07/18 02:55:00,7471.53,123.99,TRADE
NSW1,2026/07/18 03:00:00,7451.24,123.99,TRADE
NSW1,2026/07/18 03:05:00,7359.93,123.99,TRADE
NSW1,2026/07/18 03:10:00,7411.4,123.99,TRADE
NSW1,2026/07/18 03:15:00,7397.17,123.99,TRADE
NSW1,2026/07/18 03:20:00,7412.05,123.99,TRADE
NSW1,2026/07/18 03:25:00,7353.47,123.99,TRADE
NSW1,2026/07/18 03:30:00,7382.55,123.99,TRADE
NSW1,2026/07/18 03:35:00,7387.48,123.99,TRADE
NSW1,2026/07/18 03:40:00,7352.95,123.99,TRADE
NSW1,2026/07/18 03:45:00,7346.96,123.99,TRADE
NSW1,2026/07/18 03:50:00,7296.58,115.18,TRADE
NSW1,2026/07/18 03:55:00,7258.44,115.18,TRADE
NSW1,2026/07/18 04:00:00,7290.22,115.18,TRADE
NSW1,2026/07/18 04:05:00,7279.06,108.14,TRADE
NSW1,2026/07/18 04:10:00,7354.34,115.18,TRADE
NSW1,2026/07/18 04:15:00,7321.59,114.58,TRADE
NSW1,2026/07/18 04:20:00,7302.98,103.43,TRADE
NSW1,2026/07/18 04:25:00,7355.78,121.10,TRADE
NSW1,2026/07/18 04:30:00,7330.55,116.05,TRADE
NSW1,2026/07/18 04:35:00,7377.01,113.50,TRADE
NSW1,2026/07/18 04:40:00,7334.41,115.18,TRADE
NSW1,2026/07/18 04:45:00,7385.98,115.18,TRADE
NSW1,2026/07/18 04:50:00,7383.89,104.19,TRADE
NSW1,2026/07/18 04:55:00,7377.88,104.96,TRADE
NSW1,2026/07/18 05:00:00,7353.37,109.91,TRADE
NSW1,2026/07/18 05:05:00,7401.58,115.18,TRADE
NSW1,2026/07/18 05:10:00,7450.02,113.71,TRADE
NSW1,2026/07/18 05:15:00,7513.02,120.07,TRADE
NSW1,2026/07/18 05:20:00,7498.8,115.18,TRADE
NSW1,2026/07/18 05:25:00,7462.4,115.18,TRADE
NSW1,2026/07/18 05:30:00,7566.5,121.97,TRADE
NSW1,2026/07/18 05:35:00,7606.3,115.18,TRADE
NSW1,2026/07/18 05:40:00,7542.42,109.87,TRADE
NSW1,2026/07/18 05:45:00,7570.13,119.53,TRADE
NSW1,2026/07/18 05:50:00,7604,122.04,TRADE
NSW1,2026/07/18 05:55:00,7665.98,123.42,TRADE
NSW1,2026/07/18 06:00:00,7651.13,123.99,TRADE
NSW1,2026/07/18 06:05:00,7647.42,111.27,TRADE
NSW1,2026/07/18 06:10:00,7711.7,112.06,TRADE
NSW1,2026/07/18 06:15:00,7773.1,119.33,TRADE
NSW1,2026/07/18 06:20:00,7864.82,123.30,TRADE
NSW1,2026/07/18 06:25:00,7967.69,123.99,TRADE
NSW1,2026/07/18 06:30:00,8041.86,123.99,TRADE
NSW1,2026/07/18 06:35:00,7982.47,115.13,TRADE
NSW1,2026/07/18 06:40:00,8154.7,147.02,TRADE
NSW1,2026/07/18 06:45:00,8224.47,134.86,TRADE
NSW1,2026/07/18 06:50:00,8318.58,133.34,TRADE
NSW1,2026/07/18 06:55:00,8267.29,135.71,TRADE
NSW1,2026/07/18 07:00:00,8345.34,134.86,TRADE
NSW1,2026/07/18 07:05:00,8369.16,137.75,TRADE
NSW1,2026/07/18 07:10:00,8530.25,192.31,TRADE
NSW1,2026/07/18 07:15:00,8596.36,141.05,TRADE
NSW1,2026/07/18 07:20:00,8545.33,134.86,TRADE
NSW1,2026/07/18 07:25:00,8644.08,194.06,TRADE
NSW1,2026/07/18 07:30:00,8720.61,146.60,TRADE
NSW1,2026/07/18 07:35:00,8704.58,115.18,TRADE
NSW1,2026/07/18 07:40:00,8752.33,134.86,TRADE
NSW1,2026/07/18 07:45:00,8675.22,113.94,TRADE
NSW1,2026/07/18 07:50:00,8723.65,99.01,TRADE
NSW1,2026/07/18 07:55:00,8690.92,88.88,TRADE
NSW1,2026/07/18 08:00:00,8622.28,73.03,TRADE
NSW1,2026/07/18 08:05:00,8674.47,83.99,TRADE
NSW1,2026/07/18 08:10:00,8676.42,76.42,TRADE
NSW1,2026/07/18 08:15:00,8712.31,65.11,TRADE
NSW1,2026/07/18 08:20:00,8634.55,64.95,TRADE
NSW1,2026/07/18 08:25:00,8543.41,43.61,TRADE
NSW1,2026/07/18 08:30:00,8523.52,41.76,TRADE
NSW1,2026/07/18 08:35:00,8511.11,67.99,TRADE
NSW1,2026/07/18 08:40:00,8415.49,73,TRADE
NSW1,2026/07/18 08:45:00,8338.22,43.05,TRADE
NSW1,2026/07/18 08:50:00,8354.83,50.57,TRADE
NSW1,2026/07/18 08:55:00,8280.03,69.99,TRADE
NSW1,2026/07/18 09:00:00,8151.02,50.87,TRADE
NSW1,2026/07/18 09:05:00,8115.57,67.99,TRADE
NSW1,2026/07/18 09:10:00,8065.44,64.95,TRADE
NSW1,2026/07/18 09:15:00,8028.94,41.76,TRADE
NSW1,2026/07/18 09:20:00,7977.38,51.95,TRADE
NSW1,2026/07/18 09:25:00,7877.53,51.95,TRADE
NSW1,2026/07/18 09:30:00,7847.93,51.95,TRADE
NSW1,2026/07/18 09:35:00,7758.87,51.95,TRADE
NSW1,2026/07/18 09:40:00,7778.26,66.53,TRADE
NSW1,2026/07/18 09:45:00,7735.81,66.53,TRADE
NSW1,2026/07/18 09:50:00,7595.21,51.95,TRADE
NSW1,2026/07/18 09:55:00,7638.75,51.95,TRADE
NSW1,2026/07/18 10:00:00,7557.12,53.15,TRADE
NSW1,2026/07/18 10:05:00,7477.73,53.19,TRADE
NSW1,2026/07/18 10:10:00,7586.53,64.95,TRADE
NSW1,2026/07/18 10:15:00,7463.41,64.95,TRADE
NSW1,2026/07/18 10:20:00,7331.44,57.64,TRADE
NSW1,2026/07/18 10:25:00,7326.6,57.13,TRADE
NSW1,2026/07/18 10:30:00,7314.14,66.53,TRADE
NSW1,2026/07/18 10:35:00,7255,31.54,TRADE
NSW1,2026/07/18 10:40:00,7296.49,42.50,TRADE
NSW1,2026/07/18 10:45:00,7116.43,42.80,TRADE
NSW1,2026/07/18 10:50:00,7076.17,61.02,TRADE
NSW1,2026/07/18 10:55:00,7007.21,33.50,TRADE
NSW1,2026/07/18 11:00:00,7059.51,42.08,TRADE
NSW1,2026/07/18 11:05:00,6960.19,35.08,TRADE
NSW1,2026/07/18 11:10:00,7198.19,57.38,TRADE
NSW1,2026/07/18 11:15:00,7175.46,66.53,TRADE
NSW1,2026/07/18 11:20:00,7112.84,50.85,TRADE
NSW1,2026/07/18 11:25:00,7064.58,36.44,TRADE
NSW1,2026/07/18 11:30:00,7223.99,37.42,TRADE
NSW1,2026/07/18 11:35:00,7135.22,59.49,TRADE
NSW1,2026/07/18 11:40:00,7149.64,42.80,TRADE
NSW1,2026/07/18 11:45:00,7115.65,57.72,TRADE
NSW1,2026/07/18 11:50:00,7034.06,42.51,TRADE
NSW1,2026/07/18 11:55:00,7038.09,39.28,TRADE
NSW1,2026/07/18 12:00:00,7035.09,42.80,TRADE
NSW1,2026/07/18 12:05:00,6902.85,64.13,TRADE
NSW1,2026/07/18 12:10:00,6843.34,50.88,TRADE
NSW1,2026/07/18 12:15:00,6896.95,51.95,TRADE
NSW1,2026/07/18 12:20:00,6938.83,53.48,TRADE
NSW1,2026/07/18 12:25:00,6889.84,51.95,TRADE
NSW1,2026/07/18 12:30:00,6751.76,31.27,TRADE
NSW1,2026/07/18 12:35:00,6882.84,51.95,TRADE
NSW1,2026/07/18 12:40:00,6749.22,51.95,TRADE
NSW1,2026/07/18 12:45:00,6718.07,51.95,TRADE
NSW1,2026/07/18 12:50:00,6736.63,51.95,TRADE
NSW1,2026/07/18 12:55:00,6718.93,50,TRADE
NSW1,2026/07/18 13:00:00,6653.21,51.95,TRADE
NSW1,2026/07/18 13:05:00,6615.91,57.43,TRADE
NSW1,2026/07/18 13:10:00,6577.27,55.23,TRADE
NSW1,2026/07/18 13:15:00,6610.87,32.97,TRADE
NSW1,2026/07/18 13:20:00,6617.25,29.42,TRADE
NSW1,2026/07/18 13:25:00,6697.86,51.95,TRADE
NSW1,2026/07/18 13:30:00,6598.3,51.95,TRADE
NSW1,2026/07/18 13:35:00,6566.15,55.34,TRADE
NSW1,2026/07/18 13:40:00,6610.03,51.95,TRADE
NSW1,2026/07/18 13:45:00,6635.48,38.27,TRADE
NSW1,2026/07/18 13:50:00,6688.53,41.88,TRADE
NSW1,2026/07/18 13:55:00,6671.94,63.32,TRADE
NSW1,2026/07/18 14:00:00,6580.54,62.93,TRADE
NSW1,2026/07/18 14:05:00,6567.73,1.26,TRADE
NSW1,2026/07/18 14:10:00,6740.51,31.40,TRADE
NSW1,2026/07/18 14:15:00,6657.76,23.95,TRADE
NSW1,2026/07/18 14:20:00,6653.29,37.14,TRADE
NSW1,2026/07/18 14:25:00,6698.93,37.11,TRADE
NSW1,2026/07/18 14:30:00,6788.44,50,TRADE
NSW1,2026/07/18 14:35:00,6752.64,42.80,TRADE
NSW1,2026/07/18 14:40:00,6830.24,44.83,TRADE
NSW1,2026/07/18 14:45:00,6854.51,42.80,TRADE
NSW1,2026/07/18 14:50:00,6908.11,50,TRADE
NSW1,2026/07/18 14:55:00,7010.2,44.44,TRADE
NSW1,2026/07/18 15:00:00,7060.48,54.37,TRADE
NSW1,2026/07/18 15:05:00,7113.59,42.80,TRADE
NSW1,2026/07/18 15:10:00,7113.32,50,TRADE
NSW1,2026/07/18 15:15:00,7210.28,42.54,TRADE
NSW1,2026/07/18 15:20:00,7313.6,36.40,TRADE
NSW1,2026/07/18 15:25:00,7419.91,48.74,TRADE
NSW1,2026/07/18 15:30:00,7572.71,61.02,TRADE
NSW1,2026/07/18 15:35:00,7614.78,40.28,TRADE
NSW1,2026/07/18 15:40:00,7687.44,42.54,TRADE
NSW1,2026/07/18 15:45:00,7742.59,58.23,TRADE
NSW1,2026/07/18 15:50:00,7833.69,57.79,TRADE
NSW1,2026/07/18 15:55:00,7873.82,54.59,TRADE
NSW1,2026/07/18 16:00:00,7983.99,62.03,TRADE
NSW1,2026/07/18 16:05:00,8075.93,69.93,TRADE
NSW1,2026/07/18 16:10:00,8162.39,82.10,TRADE
NSW1,2026/07/18 16:15:00,8255.89,90.31,TRADE
NSW1,2026/07/18 16:20:00,8280.98,95.89,TRADE
NSW1,2026/07/18 16:25:00,8418.43,90.49,TRADE
NSW1,2026/07/18 16:30:00,8510.37,90.49,TRADE
NSW1,2026/07/18 16:35:00,8699.48,93.79,TRADE
NSW1,2026/07/18 16:40:00,8799.46,97.55,TRADE
NSW1,2026/07/18 16:45:00,8803.69,97.26,TRADE
NSW1,2026/07/18 16:50:00,8933.21,97.55,TRADE
NSW1,2026/07/18 16:55:00,9042.46,97.55,TRADE
NSW1,2026/07/18 17:00:00,9123.61,97.55,TRADE
NSW1,2026/07/18 17:05:00,9212.75,94.69,TRADE
NSW1,2026/07/18 17:10:00,9312.03,93.46,TRADE
NSW1,2026/07/18 17:15:00,9394.28,97.55,TRADE
NSW1,2026/07/18 17:20:00,9421.34,97.55,TRADE
NSW1,2026/07/18 17:25:00,9522.64,91.85,TRADE
NSW1,2026/07/18 17:30:00,9541.94,97.13,TRADE
NSW1,2026/07/18 17:35:00,9666.98,97.49,TRADE
NSW1,2026/07/18 17:40:00,9677.14,94.93,TRADE
NSW1,2026/07/18 17:45:00,9837.73,90.49,TRADE
NSW1,2026/07/18 17:50:00,9797.04,90.49,TRADE
NSW1,2026/07/18 17:55:00,9857.02,90.49,TRADE
NSW1,2026/07/18 18:00:00,9924.35,95.96,TRADE
NSW1,2026/07/18 18:05:00,9839.34,90.49,TRADE
NSW1,2026/07/18 18:10:00,9898.48,92.01,TRADE
NSW1,2026/07/18 18:15:00,9859.95,90.72,TRADE
NSW1,2026/07/18 18:20:00,9851.16,90.49,TRADE
NSW1,2026/07/18 18:25:00,9904.57,90.49,TRADE
NSW1,2026/07/18 18:30:00,9772.62,90.49,TRADE
NSW1,2026/07/18 18:35:00,9734.64,90.49,TRADE
NSW1,2026/07/18 18:40:00,9833.26,90.49,TRADE
NSW1,2026/07/18 18:45:00,9804.02,90.49,TRADE
NSW1,2026/07/18 18:50:00,9804.48,90.49,TRADE
NSW1,2026/07/18 18:55:00,9803.31,90.49,TRADE
NSW1,2026/07/18 19:00:00,9733.04,88.97,TRADE
NSW1,2026/07/18 19:05:00,9656.48,88.96,TRADE
NSW1,2026/07/18 19:10:00,9637.17,88.47,TRADE
NSW1,2026/07/18 19:15:00,9552.47,81,TRADE
NSW1,2026/07/18 19:20:00,9553.29,87.34,TRADE
NSW1,2026/07/18 19:25:00,9564.2,86.81,TRADE
NSW1,2026/07/18 19:30:00,9575.94,83.99,TRADE
NSW1,2026/07/18 19:35:00,9457.81,83.99,TRADE
NSW1,2026/07/18 19:40:00,9515.08,84.79,TRADE
NSW1,2026/07/18 19:45:00,9508.83,86.87,TRADE
NSW1,2026/07/18 19:50:00,9531.54,84.79,TRADE
NSW1,2026/07/18 19:55:00,9486.97,87.41,TRADE
NSW1,2026/07/18 20:00:00,9397.54,81.54,TRADE
NSW1,2026/07/18 20:05:00,9441.75,90.49,TRADE
NSW1,2026/07/18 20:10:00,9483.03,90.49,TRADE
NSW1,2026/07/18 20:15:00,9479.61,88.88,TRADE
NSW1,2026/07/18 20:20:00,9418.89,82.74,TRADE
NSW1,2026/07/18 20:25:00,9438.65,89.92,TRADE
NSW1,2026/07/18 20:30:00,9406.76,90.45,TRADE
NSW1,2026/07/18 20:35:00,9379.84,81,TRADE
NSW1,2026/07/18 20:40:00,9377.48,90.35,TRADE
NSW1,2026/07/18 20:45:00,9275.5,88.88,TRADE
NSW1,2026/07/18 20:50:00,9262.52,90.49,TRADE
NSW1,2026/07/18 20:55:00,9286.92,90.49,TRADE
NSW1,2026/07/18 21:00:00,9243.55,88.88,TRADE
NSW1,2026/07/18 21:05:00,9218.73,83.27,TRADE
NSW1,2026/07/18 21:10:00,9220.89,88.88,TRADE
NSW1,2026/07/18 21:15:00,9161.93,90.49,TRADE
NSW1,2026/07/18 21:20:00,9101.17,84.79,TRADE
NSW1,2026/07/18 21:25:00,9080.02,84.79,TRADE
NSW1,2026/07/18 21:30:00,9020.64,89.97,TRADE
NSW1,2026/07/18 21:35:00,8982.97,90.44,TRADE
NSW1,2026/07/18 21:40:00,8984.01,81,TRADE
NSW1,2026/07/18 21:45:00,9039.17,88.88,TRADE
NSW1,2026/07/18 21:50:00,8979.72,88.88,TRADE
NSW1,2026/07/18 21:55:00,8904.55,81.32,TRADE
NSW1,2026/07/18 22:00:00,8864.88,85.94,TRADE
NSW1,2026/07/18 22:05:00,8791.91,71.40,TRADE
NSW1,2026/07/18 22:10:00,8844.19,83.99,TRADE
NSW1,2026/07/18 22:15:00,8815.69,90.49,TRADE
NSW1,2026/07/18 22:20:00,8795.4,89.53,TRADE
NSW1,2026/07/18 22:25:00,8812.28,84.03,TRADE
NSW1,2026/07/18 22:30:00,8795.57,82.74,TRADE
NSW1,2026/07/18 22:35:00,8797.68,88.88,TRADE
NSW1,2026/07/18 22:40:00,8730.16,84.20,TRADE
NSW1,2026/07/18 22:45:00,8689.01,86.29,TRADE
NSW1,2026/07/18 22:50:00,8619.29,90.49,TRADE
NSW1,2026/07/18 22:55:00,8547.83,77.74,TRADE
NSW1,2026/07/18 23:00:00,8508.77,84.79,TRADE
NSW1,2026/07/18 23:05:00,8459.69,83.67,TRADE
NSW1,2026/07/18 23:10:00,8485.14,84.89,TRADE
NSW1,2026/07/18 23:15:00,8408.32,75.03,TRADE
NSW1,2026/07/18 23:20:00,8273.92,84.79,TRADE
NSW1,2026/07/18 23:25:00,8378.78,84.79,TRADE
NSW1,2026/07/18 23:30:00,8323.82,90.49,TRADE
NSW1,2026/07/18 23:35:00,8294.96,78.40,TRADE
NSW1,2026/07/18 23:40:00,8291.73,79.43,TRADE
NSW1,2026/07/18 23:45:00,8149.13,90.03,TRADE
NSW1,2026/07/18 23:50:00,8089.82,83.34,TRADE
NSW1,2026/07/18 23:55:00,8126.57,88.88,TRADE
NSW1,2026/07/19 00:00:00,8125.44,84.79,TRADE
NSW1,2026/07/19 00:05:00,7992.3,76.16,TRADE
NSW1,2026/07/19 00:10:00,8190.16,84.79,TRADE
NSW1,2026/07/19 00:15:00,8169.65,113.13,TRADE
NSW1,2026/07/19 00:20:00,8127.74,90.49,TRADE
NSW1,2026/07/19 00:25:00,8122.88,82.53,TRADE
NSW1,2026/07/19 00:30:00,8030.18,80.22,TRADE
NSW1,2026/07/19 00:35:00,7990.72,86.48,TRADE
NSW1,2026/07/19 00:40:00,7985.51,80.93,TRADE
NSW1,2026/07/19 00:45:00,7989.84,81.36,TRADE
NSW1,2026/07/19 00:50:00,7884.61,86.32,TRADE
NSW1,2026/07/19 00:55:00,7918.79,79.19,TRADE
NSW1,2026/07/19 01:00:00,7895.2,81.88,TRADE
NSW1,2026/07/19 01:05:00,7835.09,80.53,TRADE
NSW1,2026/07/19 01:10:00,7744.2,82.60,TRADE
NSW1,2026/07/19 01:15:00,7683.75,83.33,TRADE
NSW1,2026/07/19 01:20:00,7669.25,73.12,TRADE
NSW1,2026/07/19 01:25:00,7607.63,76.59,TRADE
NSW1,2026/07/19 01:30:00,7564.52,72.34,TRADE
NSW1,2026/07/19 01:35:00,7507.09,71.22,TRADE
NSW1,2026/07/19 01:40:00,7508.09,74.70,TRADE
NSW1,2026/07/19 01:45:00,7389.25,67.98,TRADE
NSW1,2026/07/19 01:50:00,7435.01,81.44,TRADE
NSW1,2026/07/19 01:55:00,7456.64,71.87,TRADE
NSW1,2026/07/19 02:00:00,7365.49,65.31,TRADE
NSW1,2026/07/19 02:05:00,7341.01,82.02,TRADE
NSW1,2026/07/19 02:10:00,7306.66,84.79,TRADE
NSW1,2026/07/19 02:15:00,7295.08,81.46,TRADE
NSW1,2026/07/19 02:20:00,7343.22,67.52,TRADE
NSW1,2026/07/19 02:25:00,7288.34,72.45,TRADE
NSW1,2026/07/19 02:30:00,7275.65,69.99,TRADE
NSW1,2026/07/19 02:35:00,7271.82,73.10,TRADE
NSW1,2026/07/19 02:40:00,7173.52,74.80,TRADE
NSW1,2026/07/19 02:45:00,7225.52,75.20,TRADE
NSW1,2026/07/19 02:50:00,7183.76,73.10,TRADE
NSW1,2026/07/19 02:55:00,7183.55,69.99,TRADE
NSW1,2026/07/19 03:00:00,7097.68,66.53,TRADE
NSW1,2026/07/19 03:05:00,7094.15,77.38,TRADE
NSW1,2026/07/19 03:10:00,7087.77,76.13,TRADE
NSW1,2026/07/19 03:15:00,7136.7,73.10,TRADE
NSW1,2026/07/19 03:20:00,7084.75,71.38,TRADE
NSW1,2026/07/19 03:25:00,7008.45,70.23,TRADE
NSW1,2026/07/19 03:30:00,7072.83,66.53,TRADE
NSW1,2026/07/19 03:35:00,7080.39,69.76,TRADE
NSW1,2026/07/19 03:40:00,7111.42,66.53,TRADE
NSW1,2026/07/19 03:45:00,7069,69.99,TRADE
NSW1,2026/07/19 03:50:00,6999.34,69.99,TRADE
NSW1,2026/07/19 03:55:00,7025.25,66.53,TRADE
NSW1,2026/07/19 04:00:00,7026.74,66.53,TRADE
NSW1,2026/07/19 04:05:00,7049.05,75.54,TRADE
NSW1,2026/07/19 04:10:00,7038.18,65.01,TRADE
NSW1,2026/07/19 04:15:00,7004.87,66.53,TRADE
NSW1,2026/07/19 04:20:00,7025.75,76.89,TRADE
NSW1,2026/07/19 04:25:00,7038.09,66.53,TRADE
NSW1,2026/07/19 04:30:00,7016.19,65.03,TRADE
NSW1,2026/07/19 04:35:00,6922.19,62.92,TRADE
NSW1,2026/07/19 04:40:00,6965.9,65.03,TRADE
NSW1,2026/07/19 04:45:00,7004.67,67.14,TRADE
NSW1,2026/07/19 04:50:00,6992.22,64.12,TRADE
NSW1,2026/07/19 04:55:00,7009.06,64.95,TRADE
NSW1,2026/07/19 05:00:00,6993.22,64.99,TRADE
NSW1,2026/07/19 05:05:00,7024.07,66.53,TRADE
NSW1,2026/07/19 05:10:00,7073.47,66.27,TRADE
NSW1,2026/07/19 05:15:00,7076.84,66.53,TRADE
NSW1,2026/07/19 05:20:00,7023.09,69.99,TRADE
NSW1,2026/07/19 05:25:00,7043.08,79.37,TRADE
NSW1,2026/07/19 05:30:00,7043.98,69.99,TRADE
NSW1,2026/07/19 05:35:00,7121.9,64.95,TRADE
NSW1,2026/07/19 05:40:00,7258.74,64.99,TRADE
NSW1,2026/07/19 05:45:00,7209.75,75.58,TRADE
NSW1,2026/07/19 05:50:00,7243.27,69.99,TRADE
NSW1,2026/07/19 05:55:00,7316.13,65.10,TRADE
NSW1,2026/07/19 06:00:00,7353.48,67.99,TRADE
NSW1,2026/07/19 06:05:00,7334.9,64.95,TRADE
NSW1,2026/07/19 06:10:00,7420.27,65.33,TRADE
NSW1,2026/07/19 06:15:00,7396.6,69.39,TRADE
NSW1,2026/07/19 06:20:00,7439.25,65.03,TRADE
NSW1,2026/07/19 06:25:00,7467.15,65,TRADE
NSW1,2026/07/19 06:30:00,7510.63,65.03,TRADE
NSW1,2026/07/19 06:35:00,7554.88,64.57,TRADE
NSW1,2026/07/19 06:40:00,7632,64.64,TRADE
NSW1,2026/07/19 06:45:00,7649.51,64.89,TRADE
NSW1,2026/07/19 06:50:00,7683.5,72.81,TRADE
NSW1,2026/07/19 06:55:00,7758.81,68.48,TRADE
NSW1,2026/07/19 07:00:00,7776.01,64.89,TRADE
NSW1,2026/07/19 07:05:00,7857.25,54.11,TRADE
NSW1,2026/07/19 07:10:00,7863.14,64.89,TRADE
NSW1,2026/07/19 07:15:00,7924.97,46.08,TRADE
NSW1,2026/07/19 07:20:00,8106.87,45.73,TRADE
NSW1,2026/07/19 07:25:00,8097.4,46.10,TRADE
NSW1,2026/07/19 07:30:00,8142.43,42.94,TRADE
NSW1,2026/07/19 07:35:00,8082.36,42.54,TRADE
NSW1,2026/07/19 07:40:00,8211.64,42.80,TRADE
NSW1,2026/07/19 07:45:00,8191.54,51.95,TRADE
NSW1,2026/07/19 07:50:00,8131.54,50,TRADE
NSW1,2026/07/19 07:55:00,8111.72,40,TRADE
NSW1,2026/07/19 08:00:00,8103.5,39.71,TRADE
NSW1,2026/07/19 08:05:00,8088.88,50,TRADE
NSW1,2026/07/19 08:10:00,8128.15,50,TRADE
NSW1,2026/07/19 08:15:00,8106.7,38.51,TRADE
NSW1,2026/07/19 08:20:00,8062.97,38.51,TRADE
NSW1,2026/07/19 08:25:00,8094.08,50,TRADE
NSW1,2026/07/19 08:30:00,8008.61,42.80,TRADE
NSW1,2026/07/19 08:35:00,7989.43,27.29,TRADE
NSW1,2026/07/19 08:40:00,8086.69,43.05,TRADE
NSW1,2026/07/19 08:45:00,7934.33,41.75,TRADE
NSW1,2026/07/19 08:50:00,7846.36,30.04,TRADE
NSW1,2026/07/19 08:55:00,7797.36,36,TRADE
NSW1,2026/07/19 09:00:00,7774.47,36.96,TRADE
NSW1,2026/07/19 09:05:00,7768.34,43.05,TRADE
NSW1,2026/07/19 09:10:00,7733.98,42.47,TRADE
NSW1,2026/07/19 09:15:00,7666.78,43.05,TRADE
NSW1,2026/07/19 09:20:00,7578.2,43.05,TRADE
NSW1,2026/07/19 09:25:00,7564.45,42.96,TRADE
NSW1,2026/07/19 09:30:00,7544.43,42.80,TRADE
NSW1,2026/07/19 09:35:00,7456.52,42.80,TRADE
NSW1,2026/07/19 09:40:00,7454.81,43.05,TRADE
NSW1,2026/07/19 09:45:00,7550.21,43.05,TRADE
NSW1,2026/07/19 09:50:00,7419.94,42.89,TRADE
NSW1,2026/07/19 09:55:00,7431.69,43.05,TRADE
NSW1,2026/07/19 10:00:00,7348.29,43.05,TRADE
NSW1,2026/07/19 10:05:00,7210.7,38.66,TRADE
NSW1,2026/07/19 10:10:00,7354.29,41.88,TRADE
NSW1,2026/07/19 10:15:00,7337.87,44.11,TRADE
NSW1,2026/07/19 10:20:00,7290.68,42.80,TRADE
NSW1,2026/07/19 10:25:00,7180.9,27.87,TRADE
NSW1,2026/07/19 10:30:00,7092.13,24.50,TRADE
NSW1,2026/07/19 10:35:00,7060.9,50,TRADE
NSW1,2026/07/19 10:40:00,7014.69,43.05,TRADE
NSW1,2026/07/19 10:45:00,6979.32,28.01,TRADE
NSW1,2026/07/19 10:50:00,7073.08,43.05,TRADE
NSW1,2026/07/19 10:55:00,6945.62,43.05,TRADE
NSW1,2026/07/19 11:00:00,6934.83,46.20,TRADE
NSW1,2026/07/19 11:05:00,6848.5,27.84,TRADE
NSW1,2026/07/19 11:10:00,7144.07,51.95,TRADE
NSW1,2026/07/19 11:15:00,7043.78,51.95,TRADE
NSW1,2026/07/19 11:20:00,6915.63,43.05,TRADE
NSW1,2026/07/19 11:25:00,6928.9,43.05,TRADE
NSW1,2026/07/19 11:30:00,7018.11,51.95,TRADE
NSW1,2026/07/19 11:35:00,6945.94,51.95,TRADE
NSW1,2026/07/19 11:40:00,6853.5,43.05,TRADE
NSW1,2026/07/19 11:45:00,6989.94,46.86,TRADE
NSW1,2026/07/19 11:50:00,6999.77,51.95,TRADE
NSW1,2026/07/19 11:55:00,6956.49,43.05,TRADE
NSW1,2026/07/19 12:00:00,6951.11,43.05,TRADE
NSW1,2026/07/19 12:05:00,6887.59,51.95,TRADE
NSW1,2026/07/19 12:10:00,6949.03,51.95,TRADE
NSW1,2026/07/19 12:15:00,6994.91,51.95,TRADE
NSW1,2026/07/19 12:20:00,6878.36,51.95,TRADE
NSW1,2026/07/19 12:25:00,7028.66,51.95,TRADE
NSW1,2026/07/19 12:30:00,6966.76,43.05,TRADE
NSW1,2026/07/19 12:35:00,6944.81,35.45,TRADE
NSW1,2026/07/19 12:40:00,7014.53,41.76,TRADE
NSW1,2026/07/19 12:45:00,6916.21,42.80,TRADE
NSW1,2026/07/19 12:50:00,6792.85,35.74,TRADE
NSW1,2026/07/19 12:55:00,6782.11,33.48,TRADE
NSW1,2026/07/19 13:00:00,6784.2,43.05,TRADE
NSW1,2026/07/19 13:05:00,6599.34,25.11,TRADE
NSW1,2026/07/19 13:10:00,6685.64,23.38,TRADE
NSW1,2026/07/19 13:15:00,6725.01,43.05,TRADE
NSW1,2026/07/19 13:20:00,6537.27,24.50,TRADE
NSW1,2026/07/19 13:25:00,6638.59,10.42,TRADE
NSW1,2026/07/19 13:30:00,6677.21,28.95,TRADE
NSW1,2026/07/19 13:35:00,6692.73,50,TRADE
NSW1,2026/07/19 13:40:00,6612.25,42.80,TRADE
NSW1,2026/07/19 13:45:00,6630.94,42.80,TRADE
NSW1,2026/07/19 13:50:00,6632.63,42.80,TRADE
NSW1,2026/07/19 13:55:00,6596.86,1.68,TRADE
NSW1,2026/07/19 14:00:00,6728.83,12.20,TRADE
NSW1,2026/07/19 14:05:00,6820.69,29.14,TRADE
NSW1,2026/07/19 14:10:00,6739.41,43.05,TRADE
NSW1,2026/07/19 14:15:00,6590.36,13.02,TRADE
NSW1,2026/07/19 14:20:00,6756.7,10.25,TRADE
NSW1,2026/07/19 14:25:00,6781.2,10.41,TRADE
NSW1,2026/07/19 14:30:00,6913.24,10.41,TRADE
NSW1,2026/07/19 14:35:00,6915.73,12.32,TRADE
NSW1,2026/07/19 14:40:00,6837.35,10.16,TRADE
NSW1,2026/07/19 14:45:00,6867.55,1.59,TRADE
NSW1,2026/07/19 14:50:00,7002.57,1.57,TRADE
NSW1,2026/07/19 14:55:00,7061.69,31.34,TRADE
NSW1,2026/07/19 15:00:00,6928.67,34.35,TRADE
NSW1,2026/07/19 15:05:00,7035.14,11.40,TRADE
NSW1,2026/07/19 15:10:00,7188.23,25.91,TRADE
NSW1,2026/07/19 15:15:00,7187.23,25.44,TRADE
NSW1,2026/07/19 15:20:00,7258.52,38.51,TRADE
NSW1,2026/07/19 15:25:00,7225.69,38.51,TRADE
NSW1,2026/07/19 15:30:00,7313.31,37.01,TRADE
NSW1,2026/07/19 15:35:00,7382.2,24.01,TRADE
NSW1,2026/07/19 15:40:00,7502.1,38.51,TRADE
NSW1,2026/07/19 15:45:00,7527.75,38.51,TRADE
NSW1,2026/07/19 15:50:00,7746.4,41.93,TRADE
NSW1,2026/07/19 15:55:00,7852.12,42.80,TRADE
NSW1,2026/07/19 16:00:00,7860.06,73,TRADE
NSW1,2026/07/19 16:05:00,8022.79,48.09,TRADE
NSW1,2026/07/19 16:10:00,8107.43,82.59,TRADE
NSW1,2026/07/19 16:15:00,8161.39,90.37,TRADE
NSW1,2026/07/19 16:20:00,8206.55,83.99,TRADE
NSW1,2026/07/19 16:25:00,8284.11,89.64,TRADE
NSW1,2026/07/19 16:30:00,8381.65,89.34,TRADE
NSW1,2026/07/19 16:35:00,8469.77,90.49,TRADE
NSW1,2026/07/19 16:40:00,8644.89,90.49,TRADE
NSW1,2026/07/19 16:45:00,8746.45,89.68,TRADE
NSW1,2026/07/19 16:50:00,8814.65,90.49,TRADE
NSW1,2026/07/19 16:55:00,8984.08,90.49,TRADE
NSW1,2026/07/19 17:00:00,9041.15,90.49,TRADE
NSW1,2026/07/19 17:05:00,9162.72,89,TRADE
NSW1,2026/07/19 17:10:00,9297.7,90.49,TRADE
NSW1,2026/07/19 17:15:00,9278.11,89.70,TRADE
NSW1,2026/07/19 17:20:00,9418.81,90.49,TRADE
NSW1,2026/07/19 17:25:00,9485.25,89,TRADE
NSW1,2026/07/19 17:30:00,9672.31,90.49,TRADE
NSW1,2026/07/19 17:35:00,9791.65,90.49,TRADE
NSW1,2026/07/19 17:40:00,9860.32,89,TRADE
NSW1,2026/07/19 17:45:00,9933.73,90.49,TRADE
NSW1,2026/07/19 17:50:00,10021.41,88.30,TRADE
NSW1,2026/07/19 17:55:00,10002.31,87.10,TRADE
NSW1,2026/07/19 18:00:00,10091.77,96.71,TRADE
NSW1,2026/07/19 18:05:00,9989.96,90.49,TRADE
NSW1,2026/07/19 18:10:00,10013.1,83.99,TRADE
NSW1,2026/07/19 18:15:00,10077.71,84.68,TRADE
NSW1,2026/07/19 18:20:00,10045.04,90.49,TRADE
NSW1,2026/07/19 18:25:00,10012.88,88.22,TRADE
NSW1,2026/07/19 18:30:00,10016.49,81,TRADE
NSW1,2026/07/19 18:35:00,10032.64,84.79,TRADE
NSW1,2026/07/19 18:40:00,9629.65,84.79,TRADE
NSW1,2026/07/19 18:45:00,10006,84.79,TRADE
NSW1,2026/07/19 18:50:00,10035.04,87.04,TRADE
NSW1,2026/07/19 18:55:00,9905.19,81,TRADE
NSW1,2026/07/19 19:00:00,9881.04,84.79,TRADE
NSW1,2026/07/19 19:05:00,9937.43,83.28,TRADE
NSW1,2026/07/19 19:10:00,9895.19,84.79,TRADE
NSW1,2026/07/19 19:15:00,9882.53,89.40,TRADE
NSW1,2026/07/19 19:20:00,9782.52,81,TRADE
NSW1,2026/07/19 19:25:00,9850.72,81,TRADE
NSW1,2026/07/19 19:30:00,9826.44,83.84,TRADE
NSW1,2026/07/19 19:35:00,9815.82,82.95,TRADE
NSW1,2026/07/19 19:40:00,9757.81,81,TRADE
NSW1,2026/07/19 19:45:00,9684.78,81,TRADE
NSW1,2026/07/19 19:50:00,9739.72,81,TRADE
NSW1,2026/07/19 19:55:00,9689.23,83.48,TRADE
NSW1,2026/07/19 20:00:00,9690.41,84.79,TRADE
NSW1,2026/07/19 20:05:00,9590.36,82.95,TRADE
NSW1,2026/07/19 20:10:00,9639,89.20,TRADE
NSW1,2026/07/19 20:15:00,9541.27,88.79,TRADE
NSW1,2026/07/19 20:20:00,9588.96,81,TRADE
NSW1,2026/07/19 20:25:00,9559.18,81,TRADE
NSW1,2026/07/19 20:30:00,9557.67,81,TRADE
NSW1,2026/07/19 20:35:00,9474.69,81,TRADE
NSW1,2026/07/19 20:40:00,9401.98,81,TRADE
NSW1,2026/07/19 20:45:00,9309.17,81,TRADE
NSW1,2026/07/19 20:50:00,9397.31,81,TRADE
NSW1,2026/07/19 20:55:00,9307.87,80,TRADE
NSW1,2026/07/19 21:00:00,9191.86,78.85,TRADE
NSW1,2026/07/19 21:05:00,9258.16,81,TRADE
NSW1,2026/07/19 21:10:00,9214.99,81,TRADE
NSW1,2026/07/19 21:15:00,9174.56,80,TRADE
NSW1,2026/07/19 21:20:00,9173.63,80,TRADE
NSW1,2026/07/19 21:25:00,9032.71,69.99,TRADE
NSW1,2026/07/19 21:30:00,9042.13,68.95,TRADE
NSW1,2026/07/19 21:35:00,8980.61,72.02,TRADE
NSW1,2026/07/19 21:40:00,8930.45,72.98,TRADE
NSW1,2026/07/19 21:45:00,8878.55,77.14,TRADE
NSW1,2026/07/19 21:50:00,8815.34,73.50,TRADE
NSW1,2026/07/19 21:55:00,8787.02,71.23,TRADE
NSW1,2026/07/19 22:00:00,8777.93,66.52,TRADE
NSW1,2026/07/19 22:05:00,8680.5,71.74,TRADE
NSW1,2026/07/19 22:10:00,8644.03,81,TRADE
NSW1,2026/07/19 22:15:00,8651.2,80,TRADE
NSW1,2026/07/19 22:20:00,8644.83,75.87,TRADE
NSW1,2026/07/19 22:25:00,8625.4,80,TRADE
NSW1,2026/07/19 22:30:00,8440.72,69.99,TRADE
NSW1,2026/07/19 22:35:00,8442.7,80,TRADE
NSW1,2026/07/19 22:40:00,8424.94,80,TRADE
NSW1,2026/07/19 22:45:00,8359.39,80,TRADE
NSW1,2026/07/19 22:50:00,8287.45,73.94,TRADE
NSW1,2026/07/19 22:55:00,8269.07,73.57,TRADE
NSW1,2026/07/19 23:00:00,8243.22,73.60,TRADE
NSW1,2026/07/19 23:05:00,8224.69,80,TRADE
NSW1,2026/07/19 23:10:00,8141.74,80,TRADE
NSW1,2026/07/19 23:15:00,8092.51,74.08,TRADE
NSW1,2026/07/19 23:20:00,8039.03,69.99,TRADE
NSW1,2026/07/19 23:25:00,8059.32,69.99,TRADE
NSW1,2026/07/19 23:30:00,8042.44,67.92,TRADE
NSW1,2026/07/19 23:35:00,7976.47,68.36,TRADE
NSW1,2026/07/19 23:40:00,7959.64,69.99,TRADE
NSW1,2026/07/19 23:45:00,7892.92,69.99,TRADE
NSW1,2026/07/19 23:50:00,7867.72,68.85,TRADE
NSW1,2026/07/19 23:55:00,7825.2,68.86,TRADE
NSW1,2026/07/20 00:00:00,7785.27,69.99,TRADE
NSW1,2026/07/20 00:05:00,7782.03,69.99,TRADE
NSW1,2026/07/20 00:10:00,7922.77,73.10,TRADE
NSW1,2026/07/20 00:15:00,7930.2,69.99,TRADE
NSW1,2026/07/20 00:20:00,7881.55,69.99,TRADE
NSW1,2026/07/20 00:25:00,7961.37,73.10,TRADE
NSW1,2026/07/20 00:30:00,7924.77,70.79,TRADE
NSW1,2026/07/20 00:35:00,7876.05,69.99,TRADE
NSW1,2026/07/20 00:40:00,7932.62,69.99,TRADE
NSW1,2026/07/20 00:45:00,7820.05,65.03,TRADE
NSW1,2026/07/20 00:50:00,7806.76,69.99,TRADE
NSW1,2026/07/20 00:55:00,7810.93,65.61,TRADE
NSW1,2026/07/20 01:00:00,7788.32,69.99,TRADE
NSW1,2026/07/20 01:05:00,7691.29,73.10,TRADE
NSW1,2026/07/20 01:10:00,7656.44,71.22,TRADE
NSW1,2026/07/20 01:15:00,7583.52,69.99,TRADE
NSW1,2026/07/20 01:20:00,7550.51,69.99,TRADE
NSW1,2026/07/20 01:25:00,7423.98,66.53,TRADE
NSW1,2026/07/20 01:30:00,7392.61,66.53,TRADE
NSW1,2026/07/20 01:35:00,7386.2,72.80,TRADE
NSW1,2026/07/20 01:40:00,7353.91,69.99,TRADE
NSW1,2026/07/20 01:45:00,7325.3,66.53,TRADE
NSW1,2026/07/20 01:50:00,7296.48,66.53,TRADE
NSW1,2026/07/20 01:55:00,7316.78,66.53,TRADE
NSW1,2026/07/20 02:00:00,7276.09,64.29,TRADE
NSW1,2026/07/20 02:05:00,7246.97,66.53,TRADE
NSW1,2026/07/20 02:10:00,7167.75,66.11,TRADE
NSW1,2026/07/20 02:15:00,7160.44,62.63,TRADE
NSW1,2026/07/20 02:20:00,7139.68,62.24,TRADE
NSW1,2026/07/20 02:25:00,7138.86,66.53,TRADE
NSW1,2026/07/20 02:30:00,7094.14,65.02,TRADE
NSW1,2026/07/20 02:35:00,7129.2,65.03,TRADE
NSW1,2026/07/20 02:40:00,7152.35,62.62,TRADE
NSW1,2026/07/20 02:45:00,7110.24,63.51,TRADE
NSW1,2026/07/20 02:50:00,7096.82,63.04,TRADE
NSW1,2026/07/20 02:55:00,7081.5,66.53,TRADE
NSW1,2026/07/20 03:00:00,7058.49,63.93,TRADE
NSW1,2026/07/20 03:05:00,7059.9,64.68,TRADE
NSW1,2026/07/20 03:10:00,7058.43,64.68,TRADE
NSW1,2026/07/20 03:15:00,7043.69,57.39,TRADE
NSW1,2026/07/20 03:20:00,7056.02,58.43,TRADE
NSW1,2026/07/20 03:25:00,7128.88,64.71,TRADE
NSW1,2026/07/20 03:30:00,7155.3,66.53,TRADE
NSW1,2026/07/20 03:35:00,7119.84,66,TRADE
NSW1,2026/07/20 03:40:00,7118.73,65.02,TRADE
NSW1,2026/07/20 03:45:00,7126.55,65.03,TRADE
NSW1,2026/07/20 03:50:00,7170.56,66.53,TRADE
NSW1,2026/07/20 03:55:00,7097.17,65,TRADE
NSW1,2026/07/20 04:00:00,7147.94,66.53,TRADE
NSW1,2026/07/20 04:05:00,7047.26,38.51,TRADE
NSW1,2026/07/20 04:10:00,7159.67,61.35,TRADE
NSW1,2026/07/20 04:15:00,7186.94,64.95,TRADE
NSW1,2026/07/20 04:20:00,7192.99,63.82,TRADE
NSW1,2026/07/20 04:25:00,7186.8,65.45,TRADE
NSW1,2026/07/20 04:30:00,7171,64.98,TRADE
NSW1,2026/07/20 04:35:00,7197.72,42.54,TRADE
NSW1,2026/07/20 04:40:00,7267.17,59.78,TRADE
NSW1,2026/07/20 04:45:00,7255.54,64.84,TRADE
NSW1,2026/07/20 04:50:00,7325.86,66.42,TRADE
NSW1,2026/07/20 04:55:00,7437.96,69.99,TRADE
NSW1,2026/07/20 05:00:00,7583.51,70.37,TRADE
NSW1,2026/07/20 05:05:00,7512.93,68.49,TRADE
NSW1,2026/07/20 05:10:00,7728.32,79.42,TRADE
NSW1,2026/07/20 05:15:00,7781.03,81.44,TRADE
NSW1,2026/07/20 05:20:00,7839.94,79.08,TRADE
NSW1,2026/07/20 05:25:00,7852.75,76.54,TRADE
NSW1,2026/07/20 05:30:00,7816.96,80,TRADE
NSW1,2026/07/20 05:35:00,7899.51,80,TRADE
NSW1,2026/07/20 05:40:00,8116.55,81.32,TRADE
NSW1,2026/07/20 05:45:00,8128.48,83.33,TRADE
NSW1,2026/07/20 05:50:00,8184.64,81.11,TRADE
NSW1,2026/07/20 05:55:00,8265.77,83.99,TRADE
NSW1,2026/07/20 06:00:00,8294.71,88.88,TRADE
NSW1,2026/07/20 06:05:00,8501.77,68.95,TRADE
NSW1,2026/07/20 06:10:00,8752.49,80.99,TRADE
NSW1,2026/07/20 06:15:00,8850.73,81,TRADE
NSW1,2026/07/20 06:20:00,8927.41,81,TRADE
NSW1,2026/07/20 06:25:00,9032.1,81,TRADE
NSW1,2026/07/20 06:30:00,9093.6,83.01,TRADE
NSW1,2026/07/20 06:35:00,9198.75,81.75,TRADE
NSW1,2026/07/20 06:40:00,9230.2,81,TRADE
NSW1,2026/07/20 06:45:00,9336.31,87.99,TRADE
NSW1,2026/07/20 06:50:00,9519.42,89.19,TRADE
NSW1,2026/07/20 06:55:00,9594.44,88.88,TRADE
NSW1,2026/07/20 07:00:00,9653.91,87.79,TRADE
NSW1,2026/07/20 07:05:00,9610.67,81,TRADE
NSW1,2026/07/20 07:10:00,9708.98,87.37,TRADE
NSW1,2026/07/20 07:15:00,9796.21,88.92,TRADE
NSW1,2026/07/20 07:20:00,9821.11,90.01,TRADE
NSW1,2026/07/20 07:25:00,10044.91,101.10,TRADE
NSW1,2026/07/20 07:30:00,10092.81,93.46,TRADE
NSW1,2026/07/20 07:35:00,10013.9,90.22,TRADE
NSW1,2026/07/20 07:40:00,10030.65,92.07,TRADE
NSW1,2026/07/20 07:45:00,10059.01,89.14,TRADE
NSW1,2026/07/20 07:50:00,10039.38,82.16,TRADE
NSW1,2026/07/20 07:55:00,9988.22,81,TRADE
NSW1,2026/07/20 08:00:00,9831.33,81,TRADE
NSW1,2026/07/20 08:05:00,9837.91,81,TRADE
NSW1,2026/07/20 08:10:00,9823.71,81,TRADE
NSW1,2026/07/20 08:15:00,9797.26,64.89,TRADE
NSW1,2026/07/20 08:20:00,9714.31,64.89,TRADE
NSW1,2026/07/20 08:25:00,9671.65,49.95,TRADE
NSW1,2026/07/20 08:30:00,9675.38,64.89,TRADE
NSW1,2026/07/20 08:35:00,9398.05,67.99,TRADE
NSW1,2026/07/20 08:40:00,9473.74,30.28,TRADE
NSW1,2026/07/20 08:45:00,9451.82,44.01,TRADE
NSW1,2026/07/20 08:50:00,9165.03,73,TRADE
NSW1,2026/07/20 08:55:00,9200.67,73,TRADE
NSW1,2026/07/20 09:00:00,9079.04,68.16,TRADE
NSW1,2026/07/20 09:05:00,8975.54,69.70,TRADE
NSW1,2026/07/20 09:10:00,8980.64,69.99,TRADE
NSW1,2026/07/20 09:15:00,8870.24,50.14,TRADE
NSW1,2026/07/20 09:20:00,8756.42,58.79,TRADE
NSW1,2026/07/20 09:25:00,8660.58,69.99,TRADE
NSW1,2026/07/20 09:30:00,8654.9,44.95,TRADE
NSW1,2026/07/20 09:35:00,8511.02,36.88,TRADE
NSW1,2026/07/20 09:40:00,8510.18,73,TRADE
NSW1,2026/07/20 09:45:00,8439.12,67.99,TRADE
NSW1,2026/07/20 09:50:00,8386.49,76.32,TRADE
NSW1,2026/07/20 09:55:00,8390.26,51.95,TRADE
NSW1,2026/07/20 10:00:00,8185.4,51.95,TRADE
NSW1,2026/07/20 10:05:00,8049.64,51.95,TRADE
NSW1,2026/07/20 10:10:00,8122.38,62.48,TRADE
NSW1,2026/07/20 10:15:00,7977.12,51.95,TRADE
NSW1,2026/07/20 10:20:00,7953.44,51.95,TRADE
NSW1,2026/07/20 10:25:00,7893.54,51.95,TRADE
NSW1,2026/07/20 10:30:00,7741.59,51.95,TRADE
NSW1,2026/07/20 10:35:00,7683.77,51.95,TRADE
NSW1,2026/07/20 10:40:00,7726.42,64.95,TRADE
NSW1,2026/07/20 10:45:00,7576.96,51.95,TRADE
NSW1,2026/07/20 10:50:00,7575.3,55.57,TRADE
NSW1,2026/07/20 10:55:00,7533.37,66.53,TRADE
NSW1,2026/07/20 11:00:00,7427.12,51.95,TRADE
NSW1,2026/07/20 11:05:00,7443.67,51.95,TRADE
NSW1,2026/07/20 11:10:00,7559.3,66.53,TRADE
NSW1,2026/07/20 11:15:00,7481.48,66.53,TRADE
NSW1,2026/07/20 11:20:00,7421.98,66.53,TRADE
NSW1,2026/07/20 11:25:00,7348.88,55.41,TRADE
NSW1,2026/07/20 11:30:00,7226.85,66.53,TRADE
NSW1,2026/07/20 11:35:00,7258.72,66.98,TRADE
NSW1,2026/07/20 11:40:00,7133.46,62.76,TRADE
NSW1,2026/07/20 11:45:00,7160.47,51.95,TRADE
NSW1,2026/07/20 11:50:00,7225.88,55.51,TRADE
NSW1,2026/07/20 11:55:00,7142.63,51.95,TRADE
NSW1,2026/07/20 12:00:00,7101.25,64.98,TRADE
NSW1,2026/07/20 12:05:00,7043.58,72,TRADE
NSW1,2026/07/20 12:10:00,6968.39,51.95,TRADE
NSW1,2026/07/20 12:15:00,6906.05,45.22,TRADE
NSW1,2026/07/20 12:20:00,6948.76,60.88,TRADE
NSW1,2026/07/20 12:25:00,6873.55,62.12,TRADE
NSW1,2026/07/20 12:30:00,6734.06,51.95,TRADE
NSW1,2026/07/20 12:35:00,6727.11,42.80,TRADE
NSW1,2026/07/20 12:40:00,6866.11,66.53,TRADE
NSW1,2026/07/20 12:45:00,6594.82,32.66,TRADE
NSW1,2026/07/20 12:50:00,6728.13,41.19,TRADE
NSW1,2026/07/20 12:55:00,6775.45,60.97,TRADE
NSW1,2026/07/20 13:00:00,6669.2,47.42,TRADE
NSW1,2026/07/20 13:05:00,6700.22,38.30,TRADE
NSW1,2026/07/20 13:10:00,6667.4,37.91,TRADE
NSW1,2026/07/20 13:15:00,6617.5,42.88,TRADE
NSW1,2026/07/20 13:20:00,6613.25,47.98,TRADE
NSW1,2026/07/20 13:25:00,6607.84,42.57,TRADE
NSW1,2026/07/20 13:30:00,6637.37,48.50,TRADE
NSW1,2026/07/20 13:35:00,6600.88,50.87,TRADE
NSW1,2026/07/20 13:40:00,6608.52,51.49,TRADE
NSW1,2026/07/20 13:45:00,6617.52,53.49,TRADE
NSW1,2026/07/20 13:50:00,6581.9,44.37,TRADE
NSW1,2026/07/20 13:55:00,6638.71,41.45,TRADE
NSW1,2026/07/20 14:00:00,6541.53,34.13,TRADE
NSW1,2026/07/20 14:05:00,6578.04,42.80,TRADE
NSW1,2026/07/20 14:10:00,6591.27,41.75,TRADE
NSW1,2026/07/20 14:15:00,6564.53,33.61,TRADE
NSW1,2026/07/20 14:20:00,6662.98,45.78,TRADE
NSW1,2026/07/20 14:25:00,6695.02,42.75,TRADE
NSW1,2026/07/20 14:30:00,6813.12,41.76,TRADE
NSW1,2026/07/20 14:35:00,6820.93,37.15,TRADE
NSW1,2026/07/20 14:40:00,6932.84,40.46,TRADE
NSW1,2026/07/20 14:45:00,6978.96,40.42,TRADE
NSW1,2026/07/20 14:50:00,7035.93,45.95,TRADE
NSW1,2026/07/20 14:55:00,7024.98,42.27,TRADE
NSW1,2026/07/20 15:00:00,7109.26,42.87,TRADE
NSW1,2026/07/20 15:05:00,7193.76,37.90,TRADE
NSW1,2026/07/20 15:10:00,7253.25,69.99,TRADE
NSW1,2026/07/20 15:15:00,7315.83,69.99,TRADE
NSW1,2026/07/20 15:20:00,7420,70.77,TRADE
NSW1,2026/07/20 15:25:00,7534.56,69.99,TRADE
NSW1,2026/07/20 15:30:00,7561.18,72.31,TRADE
NSW1,2026/07/20 15:35:00,7601.8,62.31,TRADE
NSW1,2026/07/20 15:40:00,7786.41,86.69,TRADE
NSW1,2026/07/20 15:45:00,7897.25,83.34,TRADE
NSW1,2026/07/20 15:50:00,7962.86,89.49,TRADE
NSW1,2026/07/20 15:55:00,8150.57,93.98,TRADE
NSW1,2026/07/20 16:00:00,8146.94,92.61,TRADE
NSW1,2026/07/20 16:05:00,8262.97,86.55,TRADE
NSW1,2026/07/20 16:10:00,8383.03,97.55,TRADE
NSW1,2026/07/20 16:15:00,8514.84,97.55,TRADE
NSW1,2026/07/20 16:20:00,8545.97,97.55,TRADE
NSW1,2026/07/20 16:25:00,8736.72,110.71,TRADE
NSW1,2026/07/20 16:30:00,8859,113.50,TRADE
NSW1,2026/07/20 16:35:00,8934.34,109.28,TRADE
NSW1,2026/07/20 16:40:00,9146.43,112.78,TRADE
NSW1,2026/07/20 16:45:00,9170.48,113.50,TRADE
NSW1,2026/07/20 16:50:00,9264.19,112.78,TRADE
NSW1,2026/07/20 16:55:00,9434.4,113.94,TRADE
NSW1,2026/07/20 17:00:00,9555.73,118.12,TRADE
NSW1,2026/07/20 17:05:00,9580.07,114.85,TRADE
NSW1,2026/07/20 17:10:00,9658.57,111,TRADE
NSW1,2026/07/20 17:15:00,9720.98,111,TRADE
NSW1,2026/07/20 17:20:00,9871.59,113.50,TRADE
NSW1,2026/07/20 17:25:00,10039.03,113.50,TRADE
NSW1,2026/07/20 17:30:00,10065.42,121.10,TRADE
NSW1,2026/07/20 17:35:00,10167.3,113.50,TRADE
NSW1,2026/07/20 17:40:00,10292.04,109.96,TRADE
NSW1,2026/07/20 17:45:00,10474.71,112.78,TRADE
NSW1,2026/07/20 17:50:00,10565.19,113.50,TRADE
NSW1,2026/07/20 17:55:00,10512.12,113.50,TRADE
NSW1,2026/07/20 18:00:00,10605.29,113.50,TRADE
NSW1,2026/07/20 18:05:00,10627.31,117.53,TRADE
NSW1,2026/07/20 18:10:00,10539.61,112.78,TRADE
NSW1,2026/07/20 18:15:00,10608.46,113.50,TRADE
NSW1,2026/07/20 18:20:00,10583.53,117.83,TRADE
NSW1,2026/07/20 18:25:00,10508.66,113.50,TRADE
NSW1,2026/07/20 18:30:00,10609.36,113.50,TRADE
NSW1,2026/07/20 18:35:00,10631.77,113.50,TRADE
NSW1,2026/07/20 18:40:00,10607.31,112.78,TRADE
NSW1,2026/07/20 18:45:00,10562.8,112.78,TRADE
NSW1,2026/07/20 18:50:00,10603.69,102.73,TRADE
NSW1,2026/07/20 18:55:00,10632.36,111,TRADE
NSW1,2026/07/20 19:00:00,10581.91,111,TRADE
NSW1,2026/07/20 19:05:00,10577.14,112.78,TRADE
NSW1,2026/07/20 19:10:00,10422.1,103.08,TRADE
NSW1,2026/07/20 19:15:00,10406.09,101.10,TRADE
NSW1,2026/07/20 19:20:00,10367.27,109.51,TRADE
NSW1,2026/07/20 19:25:00,10426.39,103.69,TRADE
NSW1,2026/07/20 19:30:00,10409.61,103.01,TRADE
NSW1,2026/07/20 19:35:00,10380.68,103.12,TRADE
NSW1,2026/07/20 19:40:00,10333.05,101.71,TRADE
NSW1,2026/07/20 19:45:00,10313.61,97.63,TRADE
NSW1,2026/07/20 19:50:00,10307.09,103.14,TRADE
NSW1,2026/07/20 19:55:00,10268.39,102.86,TRADE
NSW1,2026/07/20 20:00:00,10221.22,107.43,TRADE
NSW1,2026/07/20 20:05:00,10173.89,111,TRADE
NSW1,2026/07/20 20:10:00,10159.53,110.66,TRADE
NSW1,2026/07/20 20:15:00,10191.31,109.61,TRADE
NSW1,2026/07/20 20:20:00,10192.37,103.33,TRADE
NSW1,2026/07/20 20:25:00,10147.85,111,TRADE
NSW1,2026/07/20 20:30:00,10101.74,97.55,TRADE
NSW1,2026/07/20 20:35:00,10119.02,97.63,TRADE
NSW1,2026/07/20 20:40:00,10081.03,103.04,TRADE
NSW1,2026/07/20 20:45:00,9967.89,97.55,TRADE
NSW1,2026/07/20 20:50:00,9937.3,97.55,TRADE
NSW1,2026/07/20 20:55:00,9906.09,97.55,TRADE
NSW1,2026/07/20 21:00:00,9883.17,97.55,TRADE
NSW1,2026/07/20 21:05:00,9778.06,101.01,TRADE
NSW1,2026/07/20 21:10:00,9720.76,100.84,TRADE
NSW1,2026/07/20 21:15:00,9642.95,97.63,TRADE
NSW1,2026/07/20 21:20:00,9606.13,97.55,TRADE
NSW1,2026/07/20 21:25:00,9622.69,97.55,TRADE
NSW1,2026/07/20 21:30:00,9572.38,97.55,TRADE
NSW1,2026/07/20 21:35:00,9461.66,98.18,TRADE
NSW1,2026/07/20 21:40:00,9416.41,97.55,TRADE
NSW1,2026/07/20 21:45:00,9381.18,97.55,TRADE
NSW1,2026/07/20 21:50:00,9340.67,93.20,TRADE
NSW1,2026/07/20 21:55:00,9274.94,88.95,TRADE
NSW1,2026/07/20 22:00:00,9179.82,88.86,TRADE
NSW1,2026/07/20 22:05:00,9042.4,90.44,TRADE
NSW1,2026/07/20 22:10:00,9115.2,92.88,TRADE
NSW1,2026/07/20 22:15:00,9143.02,92.28,TRADE
NSW1,2026/07/20 22:20:00,9138.62,93.12,TRADE
NSW1,2026/07/20 22:25:00,9084.95,91.75,TRADE
NSW1,2026/07/20 22:30:00,9102.69,89.88,TRADE
NSW1,2026/07/20 22:35:00,8932.99,91.91,TRADE
NSW1,2026/07/20 22:40:00,8900.34,94.11,TRADE
NSW1,2026/07/20 22:45:00,8895.08,89,TRADE
NSW1,2026/07/20 22:50:00,8825.23,92.57,TRADE
NSW1,2026/07/20 22:55:00,8788.4,84.79,TRADE
NSW1,2026/07/20 23:00:00,8761.31,84.79,TRADE
NSW1,2026/07/20 23:05:00,8700.53,92.45,TRADE
NSW1,2026/07/20 23:10:00,8671.71,95.30,TRADE
NSW1,2026/07/20 23:15:00,8552.97,94.48,TRADE
NSW1,2026/07/20 23:20:00,8593.48,88.88,TRADE
NSW1,2026/07/20 23:25:00,8511.78,84.80,TRADE
NSW1,2026/07/20 23:30:00,8480.15,95.80,TRADE
NSW1,2026/07/20 23:35:00,8428.07,93.87,TRADE
NSW1,2026/07/20 23:40:00,8411.83,94.46,TRADE
NSW1,2026/07/20 23:45:00,8400.75,94.04,TRADE
NSW1,2026/07/20 23:50:00,8313.09,84.79,TRADE
NSW1,2026/07/20 23:55:00,8324.56,93.26,TRADE
NSW1,2026/07/21 00:00:00,8279.49,84.93,TRADE
NSW1,2026/07/21 00:05:00,8245.12,83.99,TRADE
NSW1,2026/07/21 00:10:00,8373.97,96.43,TRADE
NSW1,2026/07/21 00:15:00,8354.68,96.23,TRADE
NSW1,2026/07/21 00:20:00,8381.06,88.88,TRADE
NSW1,2026/07/21 00:25:00,8364.62,86.81,TRADE
NSW1,2026/07/21 00:30:00,8360.09,95.61,TRADE
NSW1,2026/07/21 00:35:00,8319.88,84.79,TRADE
NSW1,2026/07/21 00:40:00,8242.06,85.54,TRADE
NSW1,2026/07/21 00:45:00,8186.03,85.54,TRADE
NSW1,2026/07/21 00:50:00,8188.16,88.88,TRADE
NSW1,2026/07/21 00:55:00,8159.02,85.54,TRADE
NSW1,2026/07/21 01:00:00,8068.84,85.54,TRADE
NSW1,2026/07/21 01:05:00,8025.96,85.54,TRADE
NSW1,2026/07/21 01:10:00,8038.75,85.54,TRADE
NSW1,2026/07/21 01:15:00,7977.02,85.54,TRADE
NSW1,2026/07/21 01:20:00,7922.24,85.54,TRADE
NSW1,2026/07/21 01:25:00,7952.97,85.54,TRADE
NSW1,2026/07/21 01:30:00,7878.83,85.54,TRADE
NSW1,2026/07/21 01:35:00,7855.89,85.54,TRADE
NSW1,2026/07/21 01:40:00,7838.1,85.54,TRADE
NSW1,2026/07/21 01:45:00,7783.67,85.54,TRADE
NSW1,2026/07/21 01:50:00,7762.15,85.54,TRADE
NSW1,2026/07/21 01:55:00,7738.21,85.54,TRADE
NSW1,2026/07/21 02:00:00,7676.39,85.54,TRADE
NSW1,2026/07/21 02:05:00,7679.57,89.75,TRADE
NSW1,2026/07/21 02:10:00,7673.47,91.29,TRADE
NSW1,2026/07/21 02:15:00,7679.19,86.50,TRADE
NSW1,2026/07/21 02:20:00,7615.63,85.54,TRADE
NSW1,2026/07/21 02:25:00,7621.25,88.88,TRADE
NSW1,2026/07/21 02:30:00,7615.52,88.88,TRADE
NSW1,2026/07/21 02:35:00,7605.35,87.86,TRADE
NSW1,2026/07/21 02:40:00,7537.6,85.54,TRADE
NSW1,2026/07/21 02:45:00,7496.5,88.88,TRADE
NSW1,2026/07/21 02:50:00,7518.97,88.88,TRADE
NSW1,2026/07/21 02:55:00,7518.81,86.05,TRADE
NSW1,2026/07/21 03:00:00,7519.61,86.83,TRADE
NSW1,2026/07/21 03:05:00,7510.07,86.38,TRADE
NSW1,2026/07/21 03:10:00,7554.36,87.78,TRADE
NSW1,2026/07/21 03:15:00,7557.25,94.81,TRADE
NSW1,2026/07/21 03:20:00,7540.82,85.54,TRADE
NSW1,2026/07/21 03:25:00,7556.49,85.54,TRADE
NSW1,2026/07/21 03:30:00,7562.5,90.03,TRADE
NSW1,2026/07/21 03:35:00,7530.44,88.88,TRADE
NSW1,2026/07/21 03:40:00,7554.48,89.47,TRADE
NSW1,2026/07/21 03:45:00,7556.52,88.88,TRADE
NSW1,2026/07/21 03:50:00,7540.38,89.75,TRADE
NSW1,2026/07/21 03:55:00,7578.14,88.88,TRADE
NSW1,2026/07/21 04:00:00,7566.87,85.54,TRADE
NSW1,2026/07/21 04:05:00,7524.5,94.39,TRADE
NSW1,2026/07/21 04:10:00,7598.84,86.12,TRADE
NSW1,2026/07/21 04:15:00,7589.87,87.53,TRADE
NSW1,2026/07/21 04:20:00,7552.9,89.75,TRADE
NSW1,2026/07/21 04:25:00,7564.34,88.88,TRADE
NSW1,2026/07/21 04:30:00,7567.15,89.12,TRADE
NSW1,2026/07/21 04:35:00,7579.64,96.54,TRADE
NSW1,2026/07/21 04:40:00,7621.13,97.63,TRADE
NSW1,2026/07/21 04:45:00,7652.88,97.63,TRADE
NSW1,2026/07/21 04:50:00,7647.06,99.20,TRADE
NSW1,2026/07/21 04:55:00,7744.67,99.20,TRADE
NSW1,2026/07/21 05:00:00,7756.21,97.92,TRADE
NSW1,2026/07/21 05:05:00,7795.9,97.84,TRADE
NSW1,2026/07/21 05:10:00,7861.87,99.20,TRADE
NSW1,2026/07/21 05:15:00,7991.95,113.50,TRADE
NSW1,2026/07/21 05:20:00,8022.9,113.50,TRADE
NSW1,2026/07/21 05:25:00,8079.26,101.10,TRADE
NSW1,2026/07/21 05:30:00,8208.61,115.18,TRADE
NSW1,2026/07/21 05:35:00,8248.37,107.45,TRADE
NSW1,2026/07/21 05:40:00,8385.96,100.05,TRADE
NSW1,2026/07/21 05:45:00,8476.34,112.78,TRADE
NSW1,2026/07/21 05:50:00,8458.85,120.11,TRADE
NSW1,2026/07/21 05:55:00,8490.87,112.78,TRADE
NSW1,2026/07/21 06:00:00,8638.29,117.80,TRADE
NSW1,2026/07/21 06:05:00,8749.12,111.01,TRADE
NSW1,2026/07/21 06:10:00,8971.28,111.01,TRADE
NSW1,2026/07/21 06:15:00,9117.24,113.50,TRADE
NSW1,2026/07/21 06:20:00,9288.94,114.76,TRADE
NSW1,2026/07/21 06:25:00,9413.91,112.78,TRADE
NSW1,2026/07/21 06:30:00,9550.52,112.78,TRADE
NSW1,2026/07/21 06:35:00,9627.82,119.33,TRADE
NSW1,2026/07/21 06:40:00,9767.08,121.10,TRADE
NSW1,2026/07/21 06:45:00,9951.79,125.68,TRADE
NSW1,2026/07/21 06:50:00,10016.49,125.83,TRADE
NSW1,2026/07/21 06:55:00,10140.22,113.94,TRADE
NSW1,2026/07/21 07:00:00,10241.28,142.54,TRADE
NSW1,2026/07/21 07:05:00,10266.15,134.43,TRADE
NSW1,2026/07/21 07:10:00,10340.66,146,TRADE
NSW1,2026/07/21 07:15:00,10489.5,169.25,TRADE
NSW1,2026/07/21 07:20:00,10559.01,182.33,TRADE
NSW1,2026/07/21 07:25:00,10596.01,178.42,TRADE
NSW1,2026/07/21 07:30:00,10606.03,182.13,TRADE
NSW1,2026/07/21 07:35:00,10640.42,207.93,TRADE
NSW1,2026/07/21 07:40:00,10583.7,142.90,TRADE
NSW1,2026/07/21 07:45:00,10702.26,169.25,TRADE
NSW1,2026/07/21 07:50:00,10580.08,146,TRADE
NSW1,2026/07/21 07:55:00,10610.95,146,TRADE
NSW1,2026/07/21 08:00:00,10611.41,169.25,TRADE
NSW1,2026/07/21 08:05:00,10496.31,167.28,TRADE
NSW1,2026/07/21 08:10:00,10397.87,174.59,TRADE
NSW1,2026/07/21 08:15:00,10353.2,143.90,TRADE
NSW1,2026/07/21 08:20:00,10202.04,130.01,TRADE
NSW1,2026/07/21 08:25:00,10164.53,126.47,TRADE
NSW1,2026/07/21 08:30:00,10070.46,123.99,TRADE
NSW1,2026/07/21 08:35:00,9944.18,138.74,TRADE
NSW1,2026/07/21 08:40:00,9774.58,106.52,TRADE
NSW1,2026/07/21 08:45:00,9643.49,103.76,TRADE
NSW1,2026/07/21 08:50:00,9585.81,107.31,TRADE
NSW1,2026/07/21 08:55:00,9431.77,110.84,TRADE
NSW1,2026/07/21 09:00:00,9218.48,105.60,TRADE
NSW1,2026/07/21 09:05:00,9181.5,107.37,TRADE
NSW1,2026/07/21 09:10:00,9070.1,91.73,TRADE
NSW1,2026/07/21 09:15:00,9081.6,83.99,TRADE
NSW1,2026/07/21 09:20:00,8923.41,77.95,TRADE
NSW1,2026/07/21 09:25:00,8815.4,67.99,TRADE
NSW1,2026/07/21 09:30:00,8769.1,51.95,TRADE
NSW1,2026/07/21 09:35:00,8672.41,83.99,TRADE
NSW1,2026/07/21 09:40:00,8588.81,88.88,TRADE
NSW1,2026/07/21 09:45:00,8520.66,83.99,TRADE
NSW1,2026/07/21 09:50:00,8351.13,73,TRADE
NSW1,2026/07/21 09:55:00,8357.01,69.99,TRADE
NSW1,2026/07/21 10:00:00,8297.38,66.53,TRADE
NSW1,2026/07/21 10:05:00,8245.42,73.07,TRADE
NSW1,2026/07/21 10:10:00,8280.14,73,TRADE
NSW1,2026/07/21 10:15:00,8109.88,73,TRADE
NSW1,2026/07/21 10:20:00,7990.59,51.95,TRADE
NSW1,2026/07/21 10:25:00,8058.73,73,TRADE
NSW1,2026/07/21 10:30:00,7816.58,67.99,TRADE
NSW1,2026/07/21 10:35:00,7691.42,72,TRADE
NSW1,2026/07/21 10:40:00,7632.75,72,TRADE
NSW1,2026/07/21 10:45:00,7573.15,66.31,TRADE
NSW1,2026/07/21 10:50:00,7450.26,69.99,TRADE
NSW1,2026/07/21 10:55:00,7413.94,68.14,TRADE
NSW1,2026/07/21 11:00:00,7308.68,66.53,TRADE
NSW1,2026/07/21 11:05:00,7240.79,73.10,TRADE
NSW1,2026/07/21 11:10:00,7271.99,77.59,TRADE
NSW1,2026/07/21 11:15:00,7224.47,73.10,TRADE
NSW1,2026/07/21 11:20:00,7189.54,73.10,TRADE
NSW1,2026/07/21 11:25:00,7139.42,67.99,TRADE
NSW1,2026/07/21 11:30:00,7086.71,63.36,TRADE
NSW1,2026/07/21 11:35:00,7097.24,64.99,TRADE
NSW1,2026/07/21 11:40:00,7133.3,73.10,TRADE
NSW1,2026/07/21 11:45:00,7029.22,57.34,TRADE
NSW1,2026/07/21 11:50:00,7097.28,64.99,TRADE
NSW1,2026/07/21 11:55:00,6968.31,56.86,TRADE
NSW1,2026/07/21 12:00:00,6972.57,57.34,TRADE
NSW1,2026/07/21 12:05:00,6903.34,73.10,TRADE
NSW1,2026/07/21 12:10:00,6976.93,73.05,TRADE
NSW1,2026/07/21 12:15:00,6945.12,64.95,TRADE
NSW1,2026/07/21 12:20:00,6865.79,60.77,TRADE
NSW1,2026/07/21 12:25:00,6916.23,63.64,TRADE
NSW1,2026/07/21 12:30:00,6815.18,64.61,TRADE
NSW1,2026/07/21 12:35:00,6712.72,70.44,TRADE
NSW1,2026/07/21 12:40:00,6707.81,68.02,TRADE
NSW1,2026/07/21 12:45:00,6596.99,62.01,TRADE
NSW1,2026/07/21 12:50:00,6661.9,60.88,TRADE
NSW1,2026/07/21 12:55:00,6643.96,60.88,TRADE
NSW1,2026/07/21 13:00:00,6731.48,61.02,TRADE
NSW1,2026/07/21 13:05:00,6692.72,53.97,TRADE
NSW1,2026/07/21 13:10:00,6634.39,62.49,TRADE
NSW1,2026/07/21 13:15:00,6567.72,53.38,TRADE
NSW1,2026/07/21 13:20:00,6669.52,62.22,TRADE
NSW1,2026/07/21 13:25:00,6647.48,60.12,TRADE
NSW1,2026/07/21 13:30:00,6653.18,60.88,TRADE
NSW1,2026/07/21 13:35:00,6568.41,64.37,TRADE
NSW1,2026/07/21 13:40:00,6597.89,67.34,TRADE
NSW1,2026/07/21 13:45:00,6528.01,46.30,TRADE
NSW1,2026/07/21 13:50:00,6645.75,59.07,TRADE
NSW1,2026/07/21 13:55:00,6610.14,63.47,TRADE
NSW1,2026/07/21 14:00:00,6590.83,67.99,TRADE
NSW1,2026/07/21 14:05:00,6666.14,62.65,TRADE
NSW1,2026/07/21 14:10:00,6712.96,63.84,TRADE
NSW1,2026/07/21 14:15:00,6628.36,72,TRADE
NSW1,2026/07/21 14:20:00,6661.18,68.02,TRADE
NSW1,2026/07/21 14:25:00,6732.87,73,TRADE
NSW1,2026/07/21 14:30:00,6819.59,73,TRADE
NSW1,2026/07/21 14:35:00,6878.03,73,TRADE
NSW1,2026/07/21 14:40:00,6947.84,70.54,TRADE
NSW1,2026/07/21 14:45:00,6996.67,72.18,TRADE
NSW1,2026/07/21 14:50:00,7066.83,73.10,TRADE
NSW1,2026/07/21 14:55:00,7112.54,73.10,TRADE
NSW1,2026/07/21 15:00:00,7152.39,78.37,TRADE
NSW1,2026/07/21 15:05:00,7107.54,76.38,TRADE
NSW1,2026/07/21 15:10:00,7200.21,78.28,TRADE
NSW1,2026/07/21 15:15:00,7300.67,70.58,TRADE
NSW1,2026/07/21 15:20:00,7444.37,76.55,TRADE
NSW1,2026/07/21 15:25:00,7518.56,85.38,TRADE
NSW1,2026/07/21 15:30:00,7637.59,97.63,TRADE
NSW1,2026/07/21 15:35:00,7732.23,84.77,TRADE
NSW1,2026/07/21 15:40:00,7912.94,88.35,TRADE
NSW1,2026/07/21 15:45:00,7969.41,93.88,TRADE
NSW1,2026/07/21 15:50:00,8077.32,112.78,TRADE
NSW1,2026/07/21 15:55:00,8052.67,103.61,TRADE
NSW1,2026/07/21 16:00:00,8246.21,113.50,TRADE
NSW1,2026/07/21 16:05:00,8409.22,121.11,TRADE
NSW1,2026/07/21 16:10:00,8487.97,112.78,TRADE
NSW1,2026/07/21 16:15:00,8597.81,104.65,TRADE
NSW1,2026/07/21 16:20:00,8721.74,113.50,TRADE
NSW1,2026/07/21 16:25:00,8827.29,121.10,TRADE
NSW1,2026/07/21 16:30:00,8938.21,122.04,TRADE
NSW1,2026/07/21 16:35:00,8986.32,113.50,TRADE
NSW1,2026/07/21 16:40:00,9206.01,112.78,TRADE
NSW1,2026/07/21 16:45:00,9275.85,113.50,TRADE
NSW1,2026/07/21 16:50:00,9426.46,121.10,TRADE
NSW1,2026/07/21 16:55:00,9483.94,117.43,TRADE
NSW1,2026/07/21 17:00:00,9642.24,121.32,TRADE
NSW1,2026/07/21 17:05:00,9731.69,113.50,TRADE
NSW1,2026/07/21 17:10:00,9696.85,113.50,TRADE
NSW1,2026/07/21 17:15:00,9882.69,121.10,TRADE
NSW1,2026/07/21 17:20:00,9858.4,118.22,TRADE
NSW1,2026/07/21 17:25:00,10042.09,117.96,TRADE
NSW1,2026/07/21 17:30:00,10216.78,113.50,TRADE
NSW1,2026/07/21 17:35:00,10338.11,113.50,TRADE
NSW1,2026/07/21 17:40:00,10456.08,122.04,TRADE
NSW1,2026/07/21 17:45:00,10559.86,114.29,TRADE
NSW1,2026/07/21 17:50:00,10569.79,113.50,TRADE
NSW1,2026/07/21 17:55:00,10597.6,112.78,TRADE
NSW1,2026/07/21 18:00:00,10656.05,116.80,TRADE
NSW1,2026/07/21 18:05:00,10644.58,117.02,TRADE
NSW1,2026/07/21 18:10:00,10636.24,113.90,TRADE
NSW1,2026/07/21 18:15:00,10633.65,113.50,TRADE
NSW1,2026/07/21 18:20:00,10577.46,113.50,TRADE
NSW1,2026/07/21 18:25:00,10634.56,113.50,TRADE
NSW1,2026/07/21 18:30:00,10688.94,114.19,TRADE
NSW1,2026/07/21 18:35:00,10637.09,119.41,TRADE
NSW1,2026/07/21 18:40:00,10649.16,113.50,TRADE
NSW1,2026/07/21 18:45:00,10653.37,113.50,TRADE
NSW1,2026/07/21 18:50:00,10612.24,113.50,TRADE
NSW1,2026/07/21 18:55:00,10663.82,118.36,TRADE
NSW1,2026/07/21 19:00:00,10522.35,116.79,TRADE
NSW1,2026/07/21 19:05:00,10543.44,113.34,TRADE
NSW1,2026/07/21 19:10:00,10518.05,111,TRADE
NSW1,2026/07/21 19:15:00,10416.61,112.78,TRADE
NSW1,2026/07/21 19:20:00,10433.77,112.78,TRADE
NSW1,2026/07/21 19:25:00,10429.33,112.78,TRADE
NSW1,2026/07/21 19:30:00,10510.3,111,TRADE
NSW1,2026/07/21 19:35:00,10460.02,112.78,TRADE
NSW1,2026/07/21 19:40:00,10385.41,103.40,TRADE
NSW1,2026/07/21 19:45:00,10409.83,111,TRADE
NSW1,2026/07/21 19:50:00,10325.18,112.78,TRADE
NSW1,2026/07/21 19:55:00,10367.23,111,TRADE
NSW1,2026/07/21 20:00:00,10329.41,101.10,TRADE
NSW1,2026/07/21 20:05:00,10352.06,112.78,TRADE
NSW1,2026/07/21 20:10:00,10363.62,113.50,TRADE
NSW1,2026/07/21 20:15:00,10319.99,113.50,TRADE
NSW1,2026/07/21 20:20:00,10346.61,112.78,TRADE
NSW1,2026/07/21 20:25:00,10248.39,112.78,TRADE
NSW1,2026/07/21 20:30:00,10241.12,112.78,TRADE
NSW1,2026/07/21 20:35:00,10288.05,111,TRADE
NSW1,2026/07/21 20:40:00,10269.22,112.78,TRADE
NSW1,2026/07/21 20:45:00,10062.07,102.16,TRADE
NSW1,2026/07/21 20:50:00,10070.74,111,TRADE
NSW1,2026/07/21 20:55:00,10009.89,111,TRADE
NSW1,2026/07/21 21:00:00,9971.54,101.88,TRADE
NSW1,2026/07/21 21:05:00,9928.75,105.13,TRADE
NSW1,2026/07/21 21:10:00,9938.29,112.78,TRADE
NSW1,2026/07/21 21:15:00,9874.68,111.01,TRADE
NSW1,2026/07/21 21:20:00,9758.57,96.42,TRADE
NSW1,2026/07/21 21:25:00,9654.3,95.71,TRADE
NSW1,2026/07/21 21:30:00,9704.72,96.45,TRADE
NSW1,2026/07/21 21:35:00,9603.52,110.03,TRADE
NSW1,2026/07/21 21:40:00,9500.17,112.74,TRADE
NSW1,2026/07/21 21:45:00,9420.21,112.17,TRADE
NSW1,2026/07/21 21:50:00,9380.55,97.63,TRADE
NSW1,2026/07/21 21:55:00,9353.74,97.63,TRADE
NSW1,2026/07/21 22:00:00,9319.88,94.82,TRADE
NSW1,2026/07/21 22:05:00,9238.73,96.81,TRADE
NSW1,2026/07/21 22:10:00,9299.37,97.63,TRADE
NSW1,2026/07/21 22:15:00,9210.9,97.63,TRADE
NSW1,2026/07/21 22:20:00,9189.82,97.50,TRADE
NSW1,2026/07/21 22:25:00,9137.19,93.26,TRADE
NSW1,2026/07/21 22:30:00,9080.7,83.06,TRADE
NSW1,2026/07/21 22:35:00,9004.91,83.99,TRADE
NSW1,2026/07/21 22:40:00,9030.6,84.79,TRADE
NSW1,2026/07/21 22:45:00,8982.86,83.99,TRADE
NSW1,2026/07/21 22:50:00,8830.39,75.18,TRADE
NSW1,2026/07/21 22:55:00,8829.28,80.84,TRADE
NSW1,2026/07/21 23:00:00,8804.73,81.44,TRADE
NSW1,2026/07/21 23:05:00,8771.84,83.99,TRADE
NSW1,2026/07/21 23:10:00,8676.48,83.99,TRADE
NSW1,2026/07/21 23:15:00,8635.81,84.79,TRADE
NSW1,2026/07/21 23:20:00,8669.8,83.99,TRADE
NSW1,2026/07/21 23:25:00,8554.28,77.30,TRADE
NSW1,2026/07/21 23:30:00,8529.15,69.99,TRADE
NSW1,2026/07/21 23:35:00,8447.03,83.99,TRADE
NSW1,2026/07/21 23:40:00,8437.88,83.99,TRADE
NSW1,2026/07/21 23:45:00,8413.82,83.99,TRADE
NSW1,2026/07/21 23:50:00,8405.93,83.99,TRADE
NSW1,2026/07/21 23:55:00,8281,69.99,TRADE
NSW1,2026/07/22 00:00:00,8354.76,69.99,TRADE
NSW1,2026/07/22 00:05:00,8369.46,79.74,TRADE
NSW1,2026/07/22 00:10:00,8428.41,80.24,TRADE
NSW1,2026/07/22 00:15:00,8450.34,83.99,TRADE
NSW1,2026/07/22 00:20:00,8418.04,80.30,TRADE
NSW1,2026/07/22 00:25:00,8374.63,69.99,TRADE
NSW1,2026/07/22 00:30:00,8400.76,69.99,TRADE
NSW1,2026/07/22 00:35:00,8369.18,81.19,TRADE
NSW1,2026/07/22 00:40:00,8284.55,77.66,TRADE
NSW1,2026/07/22 00:45:00,8284.01,69.99,TRADE
NSW1,2026/07/22 00:50:00,8287.2,69.99,TRADE
NSW1,2026/07/22 00:55:00,8256.66,76.53,TRADE
NSW1,2026/07/22 01:00:00,8200.91,75.14,TRADE
NSW1,2026/07/22 01:05:00,8062.5,65.19,TRADE
NSW1,2026/07/22 01:10:00,7999.46,65.17,TRADE
NSW1,2026/07/22 01:15:00,7954.54,67.03,TRADE
NSW1,2026/07/22 01:20:00,7947.31,73.28,TRADE
NSW1,2026/07/22 01:25:00,7925.11,73.10,TRADE
NSW1,2026/07/22 01:30:00,7811.38,69.99,TRADE
NSW1,2026/07/22 01:35:00,7823.98,73.10,TRADE
NSW1,2026/07/22 01:40:00,7820.98,80.95,TRADE
NSW1,2026/07/22 01:45:00,7789.46,75.88,TRADE
NSW1,2026/07/22 01:50:00,7748.28,73.10,TRADE
NSW1,2026/07/22 01:55:00,7746.9,75.96,TRADE
NSW1,2026/07/22 02:00:00,7615.12,73.10,TRADE
NSW1,2026/07/22 02:05:00,7598.07,73.10,TRADE
NSW1,2026/07/22 02:10:00,7666.72,76.47,TRADE
NSW1,2026/07/22 02:15:00,7646.52,76.47,TRADE
NSW1,2026/07/22 02:20:00,7528.15,73.10,TRADE
NSW1,2026/07/22 02:25:00,7563.42,73.10,TRADE
NSW1,2026/07/22 02:30:00,7542.12,74.40,TRADE
NSW1,2026/07/22 02:35:00,7401.24,73.10,TRADE
NSW1,2026/07/22 02:40:00,7443.69,73.10,TRADE
NSW1,2026/07/22 02:45:00,7433.15,73.10,TRADE
NSW1,2026/07/22 02:50:00,7386.07,73.10,TRADE
NSW1,2026/07/22 02:55:00,7368.53,73.10,TRADE
NSW1,2026/07/22 03:00:00,7429.63,73.10,TRADE
NSW1,2026/07/22 03:05:00,7406.99,73.10,TRADE
NSW1,2026/07/22 03:10:00,7354.8,69.99,TRADE
NSW1,2026/07/22 03:15:00,7424.76,69.99,TRADE
NSW1,2026/07/22 03:20:00,7424.96,73.10,TRADE
NSW1,2026/07/22 03:25:00,7413.14,73.10,TRADE
NSW1,2026/07/22 03:30:00,7393.8,66.53,TRADE
NSW1,2026/07/22 03:35:00,7312.9,73.08,TRADE
NSW1,2026/07/22 03:40:00,7344,73.04,TRADE
NSW1,2026/07/22 03:45:00,7430.57,66.53,TRADE
NSW1,2026/07/22 03:50:00,7411.69,66.53,TRADE
NSW1,2026/07/22 03:55:00,7315.13,69.99,TRADE
NSW1,2026/07/22 04:00:00,7369.66,73.10,TRADE
NSW1,2026/07/22 04:05:00,7318.74,69.99,TRADE
NSW1,2026/07/22 04:10:00,7514.77,73,TRADE
NSW1,2026/07/22 04:15:00,7512.46,69.99,TRADE
NSW1,2026/07/22 04:20:00,7555.54,69.99,TRADE
NSW1,2026/07/22 04:25:00,7456.96,66.53,TRADE
NSW1,2026/07/22 04:30:00,7504.02,66.53,TRADE
NSW1,2026/07/22 04:35:00,7474.27,62.01,TRADE
NSW1,2026/07/22 04:40:00,7544.73,69.99,TRADE
NSW1,2026/07/22 04:45:00,7581.59,64.95,TRADE
NSW1,2026/07/22 04:50:00,7536.32,64.97,TRADE
NSW1,2026/07/22 04:55:00,7631.81,66.53,TRADE
NSW1,2026/07/22 05:00:00,7602.75,66.53,TRADE
NSW1,2026/07/22 05:05:00,7632.48,61.94,TRADE
NSW1,2026/07/22 05:10:00,7712.32,66.53,TRADE
NSW1,2026/07/22 05:15:00,7824.1,69.99,TRADE
NSW1,2026/07/22 05:20:00,7891.97,75.07,TRADE
NSW1,2026/07/22 05:25:00,7920.31,74.58,TRADE
NSW1,2026/07/22 05:30:00,7974.27,74.55,TRADE
NSW1,2026/07/22 05:35:00,8022.32,65.61,TRADE
NSW1,2026/07/22 05:40:00,8151.65,69.99,TRADE
NSW1,2026/07/22 05:45:00,8211.77,65.53,TRADE
NSW1,2026/07/22 05:50:00,8277.07,71.14,TRADE
NSW1,2026/07/22 05:55:00,8413.81,73.17,TRADE
NSW1,2026/07/22 06:00:00,8454.88,80.10,TRADE
NSW1,2026/07/22 06:05:00,8579.33,69.99,TRADE
NSW1,2026/07/22 06:10:00,8749.88,70.34,TRADE
NSW1,2026/07/22 06:15:00,8934.47,80.10,TRADE
NSW1,2026/07/22 06:20:00,9118.27,80.42,TRADE
NSW1,2026/07/22 06:25:00,9162.73,80.10,TRADE
NSW1,2026/07/22 06:30:00,9291.33,87.43,TRADE
NSW1,2026/07/22 06:35:00,9428.6,86.81,TRADE
NSW1,2026/07/22 06:40:00,9568.3,90.49,TRADE
NSW1,2026/07/22 06:45:00,9700.85,90.49,TRADE
NSW1,2026/07/22 06:50:00,9786.77,92.88,TRADE
NSW1,2026/07/22 06:55:00,9912.85,90.98,TRADE
NSW1,2026/07/22 07:00:00,9963.13,90.49,TRADE
NSW1,2026/07/22 07:05:00,10095.39,95.98,TRADE
NSW1,2026/07/22 07:10:00,10203.22,94.13,TRADE
NSW1,2026/07/22 07:15:00,10250.7,93.46,TRADE
NSW1,2026/07/22 07:20:00,10348.83,97.55,TRADE
NSW1,2026/07/22 07:25:00,10455.19,97.55,TRADE
NSW1,2026/07/22 07:30:00,10469.99,97.50,TRADE
NSW1,2026/07/22 07:35:00,10460.82,93.46,TRADE
NSW1,2026/07/22 07:40:00,10431.01,90.49,TRADE
NSW1,2026/07/22 07:45:00,10447.53,90.49,TRADE
NSW1,2026/07/22 07:50:00,10340.8,88.26,TRADE
NSW1,2026/07/22 07:55:00,10357.66,93.46,TRADE
NSW1,2026/07/22 08:00:00,10310.72,81,TRADE
NSW1,2026/07/22 08:05:00,10226.36,84.79,TRADE
NSW1,2026/07/22 08:10:00,10160.61,84.79,TRADE
NSW1,2026/07/22 08:15:00,10138.27,81,TRADE
NSW1,2026/07/22 08:20:00,9988.29,81,TRADE
NSW1,2026/07/22 08:25:00,9913.32,69.99,TRADE
NSW1,2026/07/22 08:30:00,9746.87,64.95,TRADE
NSW1,2026/07/22 08:35:00,9630.76,58.57,TRADE
NSW1,2026/07/22 08:40:00,9538.18,51.30,TRADE
NSW1,2026/07/22 08:45:00,9379.1,50.83,TRADE
NSW1,2026/07/22 08:50:00,9297.37,61.02,TRADE
NSW1,2026/07/22 08:55:00,9153.11,61.02,TRADE
NSW1,2026/07/22 09:00:00,9015.61,43.05,TRADE
NSW1,2026/07/22 09:05:00,8944.42,57.46,TRADE
NSW1,2026/07/22 09:10:00,8915,70.86,TRADE
NSW1,2026/07/22 09:15:00,8793.18,64.95,TRADE
NSW1,2026/07/22 09:20:00,8691.42,67.77,TRADE
NSW1,2026/07/22 09:25:00,8651.99,55.96,TRADE
NSW1,2026/07/22 09:30:00,8555.51,49.45,TRADE
NSW1,2026/07/22 09:35:00,8456.98,57.39,TRADE
NSW1,2026/07/22 09:40:00,8418.49,64.98,TRADE
NSW1,2026/07/22 09:45:00,8324.35,46.71,TRADE
NSW1,2026/07/22 09:50:00,8255.88,43.05,TRADE
NSW1,2026/07/22 09:55:00,8282.07,58.28,TRADE
NSW1,2026/07/22 10:00:00,8014.33,51.95,TRADE
NSW1,2026/07/22 10:05:00,7905.63,50,TRADE
NSW1,2026/07/22 10:10:00,7949.32,51.95,TRADE
NSW1,2026/07/22 10:15:00,7808.5,43.05,TRADE
NSW1,2026/07/22 10:20:00,7773.27,43.05,TRADE
NSW1,2026/07/22 10:25:00,7700.01,51.95,TRADE
NSW1,2026/07/22 10:30:00,7550.61,54.38,TRADE
NSW1,2026/07/22 10:35:00,7390.48,50,TRADE
NSW1,2026/07/22 10:40:00,7402.29,51.95,TRADE
NSW1,2026/07/22 10:45:00,7300.85,48.44,TRADE
NSW1,2026/07/22 10:50:00,7206.63,49.04,TRADE
NSW1,2026/07/22 10:55:00,7181.08,52.40,TRADE
NSW1,2026/07/22 11:00:00,7112.23,51.95,TRADE
NSW1,2026/07/22 11:05:00,7054.32,54.87,TRADE
NSW1,2026/07/22 11:10:00,7229.3,60.90,TRADE
NSW1,2026/07/22 11:15:00,7212.46,54.94,TRADE
NSW1,2026/07/22 11:20:00,7133.65,45.65,TRADE
NSW1,2026/07/22 11:25:00,7151.11,51.05,TRADE
NSW1,2026/07/22 11:30:00,7081.24,53.98,TRADE
NSW1,2026/07/22 11:35:00,7033.76,43.05,TRADE
NSW1,2026/07/22 11:40:00,7113.64,46.85,TRADE
NSW1,2026/07/22 11:45:00,7039.8,57.39,TRADE
NSW1,2026/07/22 11:50:00,6892.31,56.96,TRADE
NSW1,2026/07/22 11:55:00,6829.6,48.15,TRADE
NSW1,2026/07/22 12:00:00,6836.51,46.31,TRADE
NSW1,2026/07/22 12:05:00,6820.82,66.53,TRADE
NSW1,2026/07/22 12:10:00,6714.14,66.53,TRADE
NSW1,2026/07/22 12:15:00,6721.65,49.43,TRADE
NSW1,2026/07/22 12:20:00,6715.35,58.11,TRADE
NSW1,2026/07/22 12:25:00,6725.62,66.53,TRADE
NSW1,2026/07/22 12:30:00,6653.04,58.15,TRADE
NSW1,2026/07/22 12:35:00,6657.53,48.84,TRADE
NSW1,2026/07/22 12:40:00,6676.72,64.34,TRADE
NSW1,2026/07/22 12:45:00,6594.14,62.73,TRADE
NSW1,2026/07/22 12:50:00,6643.31,58.62,TRADE
NSW1,2026/07/22 12:55:00,6628.55,66.53,TRADE
NSW1,2026/07/22 13:00:00,6613,56.64,TRADE
NSW1,2026/07/22 13:05:00,6646.28,56.11,TRADE
NSW1,2026/07/22 13:10:00,6640.39,57.04,TRADE
NSW1,2026/07/22 13:15:00,6523.53,47,TRADE
NSW1,2026/07/22 13:20:00,6652.54,57.39,TRADE
NSW1,2026/07/22 13:25:00,6550.83,57.40,TRADE
NSW1,2026/07/22 13:30:00,6538.06,57.39,TRADE
NSW1,2026/07/22 13:35:00,6479.59,56.27,TRADE
NSW1,2026/07/22 13:40:00,6623.06,66.16,TRADE
NSW1,2026/07/22 13:45:00,6716.98,66.53,TRADE
NSW1,2026/07/22 13:50:00,6830.5,64.95,TRADE
NSW1,2026/07/22 13:55:00,6927.76,59.68,TRADE
NSW1,2026/07/22 14:00:00,6917.51,64.95,TRADE
NSW1,2026/07/22 14:05:00,6995.18,66.53,TRADE
NSW1,2026/07/22 14:10:00,6907.48,62.02,TRADE
NSW1,2026/07/22 14:15:00,6893.25,61.62,TRADE
NSW1,2026/07/22 14:20:00,6962.1,66.53,TRADE
NSW1,2026/07/22 14:25:00,6993.75,66.53,TRADE
NSW1,2026/07/22 14:30:00,7043.51,57.70,TRADE
NSW1,2026/07/22 14:35:00,7102.01,66.53,TRADE
NSW1,2026/07/22 14:40:00,7237.3,67.97,TRADE
NSW1,2026/07/22 14:45:00,7252.14,64.95,TRADE
NSW1,2026/07/22 14:50:00,7392.22,56.08,TRADE
NSW1,2026/07/22 14:55:00,7387.82,57.19,TRADE
NSW1,2026/07/22 15:00:00,7410.3,69.99,TRADE
NSW1,2026/07/22 15:05:00,7404.03,71.33,TRADE
NSW1,2026/07/22 15:10:00,7390.34,56.88,TRADE
NSW1,2026/07/22 15:15:00,7401.95,57.43,TRADE
NSW1,2026/07/22 15:20:00,7468.49,72,TRADE
NSW1,2026/07/22 15:25:00,7627.57,67.82,TRADE
NSW1,2026/07/22 15:30:00,7750.23,62.63,TRADE
NSW1,2026/07/22 15:35:00,7840.1,56.21,TRADE
NSW1,2026/07/22 15:40:00,7965.74,55.09,TRADE
NSW1,2026/07/22 15:45:00,8109.3,52.40,TRADE
NSW1,2026/07/22 15:50:00,8226.05,57.92,TRADE
NSW1,2026/07/22 15:55:00,8342.8,72.46,TRADE
NSW1,2026/07/22 16:00:00,8431.04,71.49,TRADE
NSW1,2026/07/22 16:05:00,8456.23,64.25,TRADE
NSW1,2026/07/22 16:10:00,8554.96,63.57,TRADE
NSW1,2026/07/22 16:15:00,8589.25,75.14,TRADE
NSW1,2026/07/22 16:20:00,8694.2,95.33,TRADE
NSW1,2026/07/22 16:25:00,8773.86,109.46,TRADE
NSW1,2026/07/22 16:30:00,8801.91,97.07,TRADE
NSW1,2026/07/22 16:35:00,8954.64,90.42,TRADE
NSW1,2026/07/22 16:40:00,9143.98,90.49,TRADE
NSW1,2026/07/22 16:45:00,9240.86,97.55,TRADE
NSW1,2026/07/22 16:50:00,9357.64,97.55,TRADE
NSW1,2026/07/22 16:55:00,9524.4,113.50,TRADE
NSW1,2026/07/22 17:00:00,9495.85,111.99,TRADE
NSW1,2026/07/22 17:05:00,9552.02,97.55,TRADE
NSW1,2026/07/22 17:10:00,9648.7,99.23,TRADE
NSW1,2026/07/22 17:15:00,9718.72,101.10,TRADE
NSW1,2026/07/22 17:20:00,9863.74,99.62,TRADE
NSW1,2026/07/22 17:25:00,9955.41,107.86,TRADE
NSW1,2026/07/22 17:30:00,10012.47,111.07,TRADE
NSW1,2026/07/22 17:35:00,10057.76,105.89,TRADE
NSW1,2026/07/22 17:40:00,10243.21,111.29,TRADE
NSW1,2026/07/22 17:45:00,10275.13,101.10,TRADE
NSW1,2026/07/22 17:50:00,10407.55,101.10,TRADE
NSW1,2026/07/22 17:55:00,10434.3,112.28,TRADE
NSW1,2026/07/22 18:00:00,10390.32,114.87,TRADE
NSW1,2026/07/22 18:05:00,10342.14,97.55,TRADE
NSW1,2026/07/22 18:10:00,10452.45,101.04,TRADE
NSW1,2026/07/22 18:15:00,10411.73,101.10,TRADE
NSW1,2026/07/22 18:20:00,10446.41,101.10,TRADE
NSW1,2026/07/22 18:25:00,10519.22,97.55,TRADE
NSW1,2026/07/22 18:30:00,10535.73,101.10,TRADE
NSW1,2026/07/22 18:35:00,10485.47,101.10,TRADE
NSW1,2026/07/22 18:40:00,10474.23,97.55,TRADE
NSW1,2026/07/22 18:45:00,10468.43,99.20,TRADE
NSW1,2026/07/22 18:50:00,10475.09,101.10,TRADE
NSW1,2026/07/22 18:55:00,10474.83,101.10,TRADE
NSW1,2026/07/22 19:00:00,10420.5,97.55,TRADE
NSW1,2026/07/22 19:05:00,10418.94,101.10,TRADE
NSW1,2026/07/22 19:10:00,10380.68,100.64,TRADE
NSW1,2026/07/22 19:15:00,10303.3,95.05,TRADE
NSW1,2026/07/22 19:20:00,10316.76,97.55,TRADE
NSW1,2026/07/22 19:25:00,10398.56,100.84,TRADE
NSW1,2026/07/22 19:30:00,10325.74,97.55,TRADE
NSW1,2026/07/22 19:35:00,10295.39,97.55,TRADE
NSW1,2026/07/22 19:40:00,10297.44,97.55,TRADE
NSW1,2026/07/22 19:45:00,10217.66,112.78,TRADE
NSW1,2026/07/22 19:50:00,10219.36,101.56,TRADE
NSW1,2026/07/22 19:55:00,10183.96,92.04,TRADE
NSW1,2026/07/22 20:00:00,10230.68,97.55,TRADE
NSW1,2026/07/22 20:05:00,10183.05,111.67,TRADE
NSW1,2026/07/22 20:10:00,10097.85,112.78,TRADE
NSW1,2026/07/22 20:15:00,10056.36,101.10,TRADE
NSW1,2026/07/22 20:20:00,10058.47,101.10,TRADE
NSW1,2026/07/22 20:25:00,10052.5,113.50,TRADE
NSW1,2026/07/22 20:30:00,9977.51,115.99,TRADE
NSW1,2026/07/22 20:35:00,9955.34,112.78,TRADE
NSW1,2026/07/22 20:40:00,9890.17,101.10,TRADE
NSW1,2026/07/22 20:45:00,9909.35,113.50,TRADE
NSW1,2026/07/22 20:50:00,9841.56,113.50,TRADE
NSW1,2026/07/22 20:55:00,9767.41,100.52,TRADE
NSW1,2026/07/22 21:00:00,9790.71,101.10,TRADE
NSW1,2026/07/22 21:05:00,9775.63,121.10,TRADE
NSW1,2026/07/22 21:10:00,9691.66,101.10,TRADE
NSW1,2026/07/22 21:15:00,9653.75,121.10,TRADE
NSW1,2026/07/22 21:20:00,9534.65,121.10,TRADE
NSW1,2026/07/22 21:25:00,9516.53,106.89,TRADE
NSW1,2026/07/22 21:30:00,9473.44,108.94,TRADE
NSW1,2026/07/22 21:35:00,9450.25,107.30,TRADE
NSW1,2026/07/22 21:40:00,9401.88,123.99,TRADE
NSW1,2026/07/22 21:45:00,9320.57,116.90,TRADE
NSW1,2026/07/22 21:50:00,9229.25,111.26,TRADE
NSW1,2026/07/22 21:55:00,9218.51,123.99,TRADE
NSW1,2026/07/22 22:00:00,9132.03,112.18,TRADE
NSW1,2026/07/22 22:05:00,9112.51,106.28,TRADE
NSW1,2026/07/22 22:10:00,9129.2,98.77,TRADE
NSW1,2026/07/22 22:15:00,9098.85,113.50,TRADE
NSW1,2026/07/22 22:20:00,9136.01,101.10,TRADE
NSW1,2026/07/22 22:25:00,9063.96,113.50,TRADE
NSW1,2026/07/22 22:30:00,9000.64,90.49,TRADE
NSW1,2026/07/22 22:35:00,8958.78,114.54,TRADE
NSW1,2026/07/22 22:40:00,8916.86,113.94,TRADE
NSW1,2026/07/22 22:45:00,8865.93,113.96,TRADE
NSW1,2026/07/22 22:50:00,8810.45,100.86,TRADE
NSW1,2026/07/22 22:55:00,8802.63,97.63,TRADE
NSW1,2026/07/22 23:00:00,8789.66,97.63,TRADE
NSW1,2026/07/22 23:05:00,8756.34,103.50,TRADE
NSW1,2026/07/22 23:10:00,8654.92,104.03,TRADE
NSW1,2026/07/22 23:15:00,8623.28,93.28,TRADE
NSW1,2026/07/22 23:20:00,8624.01,84.79,TRADE
NSW1,2026/07/22 23:25:00,8457.5,84.14,TRADE
NSW1,2026/07/22 23:30:00,8433.65,83.99,TRADE
NSW1,2026/07/22 23:35:00,8386.03,84.79,TRADE
NSW1,2026/07/22 23:40:00,8418.87,97.63,TRADE
NSW1,2026/07/22 23:45:00,8300.26,79.25,TRADE
NSW1,2026/07/22 23:50:00,8279.43,73.10,TRADE
NSW1,2026/07/22 23:55:00,8232.88,75.67,TRADE
NSW1,2026/07/23 00:00:00,8268.03,73.10,TRADE
NSW1,2026/07/23 00:05:00,8225.85,73.10,TRADE
NSW1,2026/07/23 00:10:00,8414.63,97.63,TRADE
NSW1,2026/07/23 00:15:00,8417.14,83.99,TRADE
NSW1,2026/07/23 00:20:00,8349.67,73.10,TRADE
NSW1,2026/07/23 00:25:00,8361.31,76.40,TRADE
NSW1,2026/07/23 00:30:00,8335.9,73.10,TRADE
NSW1,2026/07/23 00:35:00,8261.68,77.43,TRADE
NSW1,2026/07/23 00:40:00,8292.74,76.95,TRADE
NSW1,2026/07/23 00:45:00,8262.37,73.10,TRADE
NSW1,2026/07/23 00:50:00,8264.14,71.58,TRADE
NSW1,2026/07/23 00:55:00,8137.18,66.53,TRADE
NSW1,2026/07/23 01:00:00,8098.35,71.65,TRADE
NSW1,2026/07/23 01:05:00,8015.81,73.10,TRADE
NSW1,2026/07/23 01:10:00,8007.09,77.58,TRADE
NSW1,2026/07/23 01:15:00,7957.48,73.10,TRADE
NSW1,2026/07/23 01:20:00,7824.25,69.99,TRADE
NSW1,2026/07/23 01:25:00,7880.6,73.10,TRADE
NSW1,2026/07/23 01:30:00,7859.46,73.10,TRADE
NSW1,2026/07/23 01:35:00,7822.22,72.64,TRADE
NSW1,2026/07/23 01:40:00,7772.9,72.17,TRADE
NSW1,2026/07/23 01:45:00,7770.26,70.23,TRADE
NSW1,2026/07/23 01:50:00,7787.49,70.21,TRADE
NSW1,2026/07/23 01:55:00,7778.68,70.20,TRADE
NSW1,2026/07/23 02:00:00,7690.53,66.53,TRADE
NSW1,2026/07/23 02:05:00,7588.07,66.53,TRADE
NSW1,2026/07/23 02:10:00,7605.26,71.12,TRADE
NSW1,2026/07/23 02:15:00,7658.36,71.38,TRADE
NSW1,2026/07/23 02:20:00,7656.37,70.68,TRADE
NSW1,2026/07/23 02:25:00,7617.22,61.71,TRADE
NSW1,2026/07/23 02:30:00,7554.87,66.53,TRADE
NSW1,2026/07/23 02:35:00,7541,69.99,TRADE
NSW1,2026/07/23 02:40:00,7536.27,69.99,TRADE
NSW1,2026/07/23 02:45:00,7456.03,62.18,TRADE
NSW1,2026/07/23 02:50:00,7446.51,62.18,TRADE
NSW1,2026/07/23 02:55:00,7345.51,66.53,TRADE
NSW1,2026/07/23 03:00:00,7359.79,64.95,TRADE
NSW1,2026/07/23 03:05:00,7364.6,60.88,TRADE
NSW1,2026/07/23 03:10:00,7317.45,60.10,TRADE
NSW1,2026/07/23 03:15:00,7338.87,64.95,TRADE
NSW1,2026/07/23 03:20:00,7252.92,61.28,TRADE
NSW1,2026/07/23 03:25:00,7216.08,60.88,TRADE
NSW1,2026/07/23 03:30:00,7264.1,60.55,TRADE
NSW1,2026/07/23 03:35:00,7202.39,66.53,TRADE
NSW1,2026/07/23 03:40:00,7228.42,71.51,TRADE
NSW1,2026/07/23 03:45:00,7218.23,64.95,TRADE
NSW1,2026/07/23 03:50:00,7250.68,66.53,TRADE
NSW1,2026/07/23 03:55:00,7153.27,66.53,TRADE
NSW1,2026/07/23 04:00:00,7206.12,66.53,TRADE
NSW1,2026/07/23 04:05:00,7215.9,66.53,TRADE
NSW1,2026/07/23 04:10:00,7254.4,79.05,TRADE
NSW1,2026/07/23 04:15:00,7242.23,74.59,TRADE
NSW1,2026/07/23 04:20:00,7243.26,71.57,TRADE
NSW1,2026/07/23 04:25:00,7183.25,66.53,TRADE
NSW1,2026/07/23 04:30:00,7240.72,66.53,TRADE
NSW1,2026/07/23 04:35:00,7303.73,66.53,TRADE
NSW1,2026/07/23 04:40:00,7342.69,77.95,TRADE
NSW1,2026/07/23 04:45:00,7336.08,73.09,TRADE
NSW1,2026/07/23 04:50:00,7391.97,73.10,TRADE
NSW1,2026/07/23 04:55:00,7455.3,76.90,TRADE
NSW1,2026/07/23 05:00:00,7476.57,80,TRADE
NSW1,2026/07/23 05:05:00,7550.31,68.71,TRADE
NSW1,2026/07/23 05:10:00,7601.05,69.99,TRADE
NSW1,2026/07/23 05:15:00,7677.07,80,TRADE
NSW1,2026/07/23 05:20:00,7685.19,80.10,TRADE
NSW1,2026/07/23 05:25:00,7798.48,80.10,TRADE
NSW1,2026/07/23 05:30:00,7889.42,84.79,TRADE
NSW1,2026/07/23 05:35:00,8009.38,80.10,TRADE
NSW1,2026/07/23 05:40:00,8014.79,80,TRADE
NSW1,2026/07/23 05:45:00,8073.61,80.10,TRADE
NSW1,2026/07/23 05:50:00,8114.47,80,TRADE
NSW1,2026/07/23 05:55:00,8239.52,80.10,TRADE
NSW1,2026/07/23 06:00:00,8301.4,84.31,TRADE
NSW1,2026/07/23 06:05:00,8469.27,65.26,TRADE
NSW1,2026/07/23 06:10:00,8691.49,75.91,TRADE
NSW1,2026/07/23 06:15:00,8695.26,68.35,TRADE
NSW1,2026/07/23 06:20:00,8849.45,80,TRADE
NSW1,2026/07/23 06:25:00,8936.69,76.25,TRADE
NSW1,2026/07/23 06:30:00,9096.37,80,TRADE
NSW1,2026/07/23 06:35:00,9232.61,74.21,TRADE
NSW1,2026/07/23 06:40:00,9327.35,71.40,TRADE
NSW1,2026/07/23 06:45:00,9496.81,71.40,TRADE
NSW1,2026/07/23 06:50:00,9613.69,73.56,TRADE
NSW1,2026/07/23 06:55:00,9764.31,76.01,TRADE
NSW1,2026/07/23 07:00:00,9753.2,77.70,TRADE
NSW1,2026/07/23 07:05:00,9585.42,71.56,TRADE
NSW1,2026/07/23 07:10:00,9659.21,69.08,TRADE
NSW1,2026/07/23 07:15:00,9823.74,71.40,TRADE
NSW1,2026/07/23 07:20:00,9936.17,71.48,TRADE
NSW1,2026/07/23 07:25:00,9894.36,80,TRADE
NSW1,2026/07/23 07:30:00,9827.83,72.49,TRADE
NSW1,2026/07/23 07:35:00,9970.27,81,TRADE
NSW1,2026/07/23 07:40:00,10026.77,79.99,TRADE
NSW1,2026/07/23 07:45:00,10093.32,81.83,TRADE
NSW1,2026/07/23 07:50:00,10066.73,83.99,TRADE
NSW1,2026/07/23 07:55:00,9982.91,82.36,TRADE
NSW1,2026/07/23 08:00:00,9909.48,72.62,TRADE
NSW1,2026/07/23 08:05:00,9819.21,72.80,TRADE
NSW1,2026/07/23 08:10:00,9780.91,64.83,TRADE
NSW1,2026/07/23 08:15:00,9662.02,58.34,TRADE
NSW1,2026/07/23 08:20:00,9515.27,61.41,TRADE
NSW1,2026/07/23 08:25:00,9401.5,60.92,TRADE
NSW1,2026/07/23 08:30:00,9234.78,45.80,TRADE
NSW1,2026/07/23 08:35:00,9120.02,46.99,TRADE
NSW1,2026/07/23 08:40:00,8958.55,43.05,TRADE
NSW1,2026/07/23 08:45:00,8891,43.05,TRADE
NSW1,2026/07/23 08:50:00,8801.81,39.74,TRADE
NSW1,2026/07/23 08:55:00,8651.85,43.05,TRADE
NSW1,2026/07/23 09:00:00,8578.85,42.08,TRADE
NSW1,2026/07/23 09:05:00,8460.58,43.05,TRADE
NSW1,2026/07/23 09:10:00,8403.25,50.37,TRADE
NSW1,2026/07/23 09:15:00,8311.78,53.41,TRADE
NSW1,2026/07/23 09:20:00,8160.23,50.16,TRADE
NSW1,2026/07/23 09:25:00,8073.24,42.80,TRADE
NSW1,2026/07/23 09:30:00,7923.39,42.54,TRADE
NSW1,2026/07/23 09:35:00,7868.35,39.49,TRADE
NSW1,2026/07/23 09:40:00,7876.95,38.52,TRADE
NSW1,2026/07/23 09:45:00,7876.82,42.32,TRADE
NSW1,2026/07/23 09:50:00,7838.37,38.47,TRADE
NSW1,2026/07/23 09:55:00,7772.62,38.45,TRADE
NSW1,2026/07/23 10:00:00,7632.96,42.08,TRADE
NSW1,2026/07/23 10:05:00,7508.67,43.05,TRADE
NSW1,2026/07/23 10:10:00,7496.22,43.05,TRADE
NSW1,2026/07/23 10:15:00,7352.6,39.68,TRADE
NSW1,2026/07/23 10:20:00,7242.49,25.12,TRADE
NSW1,2026/07/23 10:25:00,7205.09,34.98,TRADE
NSW1,2026/07/23 10:30:00,7049.55,39.33,TRADE
NSW1,2026/07/23 10:35:00,7067.72,42.80,TRADE
NSW1,2026/07/23 10:40:00,7003.6,42.80,TRADE
NSW1,2026/07/23 10:45:00,6910.34,23.95,TRADE
NSW1,2026/07/23 10:50:00,6895.77,24.07,TRADE
NSW1,2026/07/23 10:55:00,6933.54,30.73,TRADE
NSW1,2026/07/23 11:00:00,6854.69,29.96,TRADE
NSW1,2026/07/23 11:05:00,6817.66,30.41,TRADE
NSW1,2026/07/23 11:10:00,7005.18,30,TRADE
NSW1,2026/07/23 11:15:00,6888.59,33.71,TRADE
NSW1,2026/07/23 11:20:00,6868.48,28.01,TRADE
NSW1,2026/07/23 11:25:00,6806.39,28.06,TRADE
NSW1,2026/07/23 11:30:00,6760.7,25.20,TRADE
NSW1,2026/07/23 11:35:00,6871.39,39.69,TRADE
NSW1,2026/07/23 11:40:00,6812.74,39.13,TRADE
NSW1,2026/07/23 11:45:00,6719.74,27.53,TRADE
NSW1,2026/07/23 11:50:00,6862.37,27.88,TRADE
NSW1,2026/07/23 11:55:00,6990.93,43.05,TRADE
NSW1,2026/07/23 12:00:00,6862.4,25.12,TRADE
NSW1,2026/07/23 12:05:00,7013.03,41.88,TRADE
NSW1,2026/07/23 12:10:00,6990.63,37.73,TRADE
NSW1,2026/07/23 12:15:00,6982.01,42.80,TRADE
NSW1,2026/07/23 12:20:00,6905.31,42.69,TRADE
NSW1,2026/07/23 12:25:00,6774.89,27.92,TRADE
NSW1,2026/07/23 12:30:00,6866.8,39.80,TRADE
NSW1,2026/07/23 12:35:00,6827.2,37.89,TRADE
NSW1,2026/07/23 12:40:00,6835.62,43.05,TRADE
NSW1,2026/07/23 12:45:00,6720.48,37.99,TRADE
NSW1,2026/07/23 12:50:00,6727.96,28.09,TRADE
NSW1,2026/07/23 12:55:00,6924.67,40.79,TRADE
NSW1,2026/07/23 13:00:00,6904.44,41.10,TRADE
NSW1,2026/07/23 13:05:00,6823.99,44.41,TRADE
NSW1,2026/07/23 13:10:00,6807.73,50.80,TRADE
NSW1,2026/07/23 13:15:00,6664.38,39.94,TRADE
NSW1,2026/07/23 13:20:00,6737.21,40.89,TRADE
NSW1,2026/07/23 13:25:00,6765.81,29.47,TRADE
NSW1,2026/07/23 13:30:00,6834.96,38.89,TRADE
NSW1,2026/07/23 13:35:00,6764.4,39.14,TRADE
NSW1,2026/07/23 13:40:00,6825.77,40.45,TRADE
NSW1,2026/07/23 13:45:00,6702.66,42.14,TRADE
NSW1,2026/07/23 13:50:00,6736.74,51.95,TRADE
NSW1,2026/07/23 13:55:00,6737.5,42.80,TRADE
NSW1,2026/07/23 14:00:00,6751.32,30.40,TRADE
NSW1,2026/07/23 14:05:00,6789.43,23.62,TRADE
NSW1,2026/07/23 14:10:00,6818.94,38.40,TRADE
NSW1,2026/07/23 14:15:00,6848.19,40.16,TRADE
NSW1,2026/07/23 14:20:00,6817.99,24.04,TRADE
NSW1,2026/07/23 14:25:00,6919.37,24.64,TRADE
NSW1,2026/07/23 14:30:00,6887.63,27.88,TRADE
NSW1,2026/07/23 14:35:00,6976.06,27.88,TRADE
NSW1,2026/07/23 14:40:00,6965.81,27.87,TRADE
NSW1,2026/07/23 14:45:00,6978.62,7.20,TRADE
NSW1,2026/07/23 14:50:00,7076.13,1.20,TRADE
NSW1,2026/07/23 14:55:00,7139.52,23.65,TRADE
NSW1,2026/07/23 15:00:00,7107.3,23.95,TRADE
NSW1,2026/07/23 15:05:00,7194.75,22.84,TRADE
NSW1,2026/07/23 15:10:00,7309.77,27.87,TRADE
NSW1,2026/07/23 15:15:00,7305.3,-1.21,TRADE
NSW1,2026/07/23 15:20:00,7388.86,27.87,TRADE
NSW1,2026/07/23 15:25:00,7347.87,26.25,TRADE
NSW1,2026/07/23 15:30:00,7563.02,42.80,TRADE
NSW1,2026/07/23 15:35:00,7687.06,38.98,TRADE
NSW1,2026/07/23 15:40:00,7742.22,50.78,TRADE
NSW1,2026/07/23 15:45:00,7805.67,45.36,TRADE
NSW1,2026/07/23 15:50:00,7910.04,35.78,TRADE
NSW1,2026/07/23 15:55:00,8090.58,46.05,TRADE
NSW1,2026/07/23 16:00:00,8195.97,50.88,TRADE
NSW1,2026/07/23 16:05:00,8265.52,43.35,TRADE
NSW1,2026/07/23 16:10:00,8468.88,43.08,TRADE
NSW1,2026/07/23 16:15:00,8635.28,80,TRADE
NSW1,2026/07/23 16:20:00,8646.15,65.41,TRADE
NSW1,2026/07/23 16:25:00,8953.13,74.81,TRADE
NSW1,2026/07/23 16:30:00,9006.68,77.61,TRADE
NSW1,2026/07/23 16:35:00,9002.02,56.93,TRADE
NSW1,2026/07/23 16:40:00,9215.1,81,TRADE
NSW1,2026/07/23 16:45:00,9236.95,86.97,TRADE
NSW1,2026/07/23 16:50:00,9321.83,86.13,TRADE
NSW1,2026/07/23 16:55:00,9553.88,81,TRADE
NSW1,2026/07/23 17:00:00,9645.57,82.15,TRADE
NSW1,2026/07/23 17:05:00,9712.27,76.77,TRADE
NSW1,2026/07/23 17:10:00,9850.87,76.77,TRADE
NSW1,2026/07/23 17:15:00,9903.22,76.60,TRADE
NSW1,2026/07/23 17:20:00,9899.97,77.92,TRADE
NSW1,2026/07/23 17:25:00,10082.82,81,TRADE
NSW1,2026/07/23 17:30:00,10180.12,78.38,TRADE
NSW1,2026/07/23 17:35:00,10345.92,75.43,TRADE
NSW1,2026/07/23 17:40:00,10422.74,73.48,TRADE
NSW1,2026/07/23 17:45:00,10612.45,79.04,TRADE
NSW1,2026/07/23 17:50:00,10516.73,78.09,TRADE
NSW1,2026/07/23 17:55:00,10698.2,80.02,TRADE
NSW1,2026/07/23 18:00:00,10681.07,71.40,TRADE
NSW1,2026/07/23 18:05:00,10812.41,75.76,TRADE
NSW1,2026/07/23 18:10:00,10742.18,79.14,TRADE
NSW1,2026/07/23 18:15:00,10647.11,72.57,TRADE
NSW1,2026/07/23 18:20:00,10705.55,76.79,TRADE
NSW1,2026/07/23 18:25:00,10779.72,76.77,TRADE
NSW1,2026/07/23 18:30:00,10780.37,76.77,TRADE
NSW1,2026/07/23 18:35:00,10763.6,75.80,TRADE
NSW1,2026/07/23 18:40:00,10812.61,76.78,TRADE
NSW1,2026/07/23 18:45:00,10786.84,71.40,TRADE
NSW1,2026/07/23 18:50:00,10821.43,76.77,TRADE
NSW1,2026/07/23 18:55:00,10832.24,76.51,TRADE
NSW1,2026/07/23 19:00:00,10830.31,71.55,TRADE
NSW1,2026/07/23 19:05:00,10764.84,71.40,TRADE
NSW1,2026/07/23 19:10:00,10670.37,76.04,TRADE
NSW1,2026/07/23 19:15:00,10740.14,71.40,TRADE
NSW1,2026/07/23 19:20:00,10727.75,72.52,TRADE
NSW1,2026/07/23 19:25:00,10739.24,79.67,TRADE
NSW1,2026/07/23 19:30:00,10625.79,76.67,TRADE
NSW1,2026/07/23 19:35:00,10744.83,71.40,TRADE
NSW1,2026/07/23 19:40:00,10696.45,75.48,TRADE
NSW1,2026/07/23 19:45:00,10689.75,76.89,TRADE
NSW1,2026/07/23 19:50:00,10663.69,71.45,TRADE
NSW1,2026/07/23 19:55:00,10654.69,76.77,TRADE
NSW1,2026/07/23 20:00:00,10687.73,72.30,TRADE
NSW1,2026/07/23 20:05:00,10502.39,71.77,TRADE
NSW1,2026/07/23 20:10:00,10491.67,71.40,TRADE
NSW1,2026/07/23 20:15:00,10465.54,69.99,TRADE
NSW1,2026/07/23 20:20:00,10422.15,68.03,TRADE
NSW1,2026/07/23 20:25:00,10454.43,67.99,TRADE
NSW1,2026/07/23 20:30:00,10369.09,64.95,TRADE
NSW1,2026/07/23 20:35:00,10379.73,69.99,TRADE
NSW1,2026/07/23 20:40:00,10340.76,75.61,TRADE
NSW1,2026/07/23 20:45:00,10324.73,70.01,TRADE
NSW1,2026/07/23 20:50:00,10350.13,70,TRADE
NSW1,2026/07/23 20:55:00,10339.65,69.52,TRADE
NSW1,2026/07/23 21:00:00,10327.3,64.89,TRADE
NSW1,2026/07/23 21:05:00,10215.05,66.94,TRADE
NSW1,2026/07/23 21:10:00,10210.66,71.40,TRADE
NSW1,2026/07/23 21:15:00,10181.75,71.40,TRADE
NSW1,2026/07/23 21:20:00,10119.34,69.99,TRADE
NSW1,2026/07/23 21:25:00,10011.03,69.99,TRADE
NSW1,2026/07/23 21:30:00,9936.97,64.95,TRADE
NSW1,2026/07/23 21:35:00,9871,71.40,TRADE
NSW1,2026/07/23 21:40:00,9841.27,78.52,TRADE
NSW1,2026/07/23 21:45:00,9716.76,71.40,TRADE
NSW1,2026/07/23 21:50:00,9736.49,71.40,TRADE
NSW1,2026/07/23 21:55:00,9617.65,68.80,TRADE
NSW1,2026/07/23 22:00:00,9567.14,68.84,TRADE
NSW1,2026/07/23 22:05:00,9438.27,71.40,TRADE
NSW1,2026/07/23 22:10:00,9457,71.40,TRADE
NSW1,2026/07/23 22:15:00,9538.51,71.40,TRADE
NSW1,2026/07/23 22:20:00,9494.62,71.40,TRADE
NSW1,2026/07/23 22:25:00,9461.11,71.40,TRADE
NSW1,2026/07/23 22:30:00,9383.81,70.58,TRADE
NSW1,2026/07/23 22:35:00,9346.92,71.40,TRADE
NSW1,2026/07/23 22:40:00,9303.12,71.40,TRADE
NSW1,2026/07/23 22:45:00,9207.78,71.40,TRADE
NSW1,2026/07/23 22:50:00,9114.12,65.04,TRADE
NSW1,2026/07/23 22:55:00,8971.35,64.95,TRADE
NSW1,2026/07/23 23:00:00,8962.39,55.29,TRADE
NSW1,2026/07/23 23:05:00,8990.59,64.89,TRADE
NSW1,2026/07/23 23:10:00,8860.82,57.79,TRADE
NSW1,2026/07/23 23:15:00,8829.05,57.84,TRADE
NSW1,2026/07/23 23:20:00,8891.16,64.89,TRADE
NSW1,2026/07/23 23:25:00,8753.82,57.39,TRADE
NSW1,2026/07/23 23:30:00,8846.22,57.96,TRADE
NSW1,2026/07/23 23:35:00,8726.82,64.95,TRADE
NSW1,2026/07/23 23:40:00,8702.29,64.95,TRADE
NSW1,2026/07/23 23:45:00,8656.72,57.39,TRADE
NSW1,2026/07/23 23:50:00,8586.26,56.82,TRADE
NSW1,2026/07/23 23:55:00,8517.23,51.95,TRADE
NSW1,2026/07/24 00:00:00,8558.9,57.39,TRADE
NSW1,2026/07/24 00:05:00,8521.01,58.38,TRADE
NSW1,2026/07/24 00:10:00,8567.66,59.14,TRADE
NSW1,2026/07/24 00:15:00,8530.33,57.39,TRADE
NSW1,2026/07/24 00:20:00,8617.18,58.80,TRADE
NSW1,2026/07/24 00:25:00,8609.07,62.76,TRADE
NSW1,2026/07/24 00:30:00,8539.42,59.59,TRADE
NSW1,2026/07/24 00:35:00,8537.1,63.18,TRADE
NSW1,2026/07/24 00:40:00,8442.68,63.99,TRADE
NSW1,2026/07/24 00:45:00,8409.26,43.05,TRADE
NSW1,2026/07/24 00:50:00,8436.35,45.32,TRADE
NSW1,2026/07/24 00:55:00,8396.6,57.39,TRADE
NSW1,2026/07/24 01:00:00,8257.01,44.24,TRADE
NSW1,2026/07/24 01:05:00,8284.1,54.43,TRADE
NSW1,2026/07/24 01:10:00,8240.51,69.99,TRADE
NSW1,2026/07/24 01:15:00,8237.91,62.85,TRADE
NSW1,2026/07/24 01:20:00,8195.04,62.44,TRADE
NSW1,2026/07/24 01:25:00,8049.89,46.21,TRADE
NSW1,2026/07/24 01:30:00,8031.66,46.26,TRADE
NSW1,2026/07/24 01:35:00,8037.59,56.67,TRADE
NSW1,2026/07/24 01:40:00,8110.73,64.95,TRADE
NSW1,2026/07/24 01:45:00,8047.91,63.67,TRADE
NSW1,2026/07/24 01:50:00,8138.69,64.46,TRADE
NSW1,2026/07/24 01:55:00,8116.36,58.09,TRADE
NSW1,2026/07/24 02:00:00,8035.05,43.05,TRADE
NSW1,2026/07/24 02:05:00,7970.03,59.05,TRADE
NSW1,2026/07/24 02:10:00,7844.34,46.84,TRADE
NSW1,2026/07/24 02:15:00,7850.51,46.54,TRADE
NSW1,2026/07/24 02:20:00,7827.33,45.74,TRADE
NSW1,2026/07/24 02:25:00,7782.85,45.13,TRADE
NSW1,2026/07/24 02:30:00,7719.55,44.79,TRADE
NSW1,2026/07/24 02:35:00,7763.24,46.07,TRADE
NSW1,2026/07/24 02:40:00,7693.25,46.05,TRADE
NSW1,2026/07/24 02:45:00,7687.47,45.49,TRADE
NSW1,2026/07/24 02:50:00,7686.47,45.78,TRADE
NSW1,2026/07/24 02:55:00,7610.77,45.46,TRADE
NSW1,2026/07/24 03:00:00,7643.31,45.75,TRADE
NSW1,2026/07/24 03:05:00,7612.68,45.49,TRADE
NSW1,2026/07/24 03:10:00,7598.87,53.87,TRADE
NSW1,2026/07/24 03:15:00,7567.29,44.91,TRADE
NSW1,2026/07/24 03:20:00,7627.1,44.27,TRADE
NSW1,2026/07/24 03:25:00,7660.56,44.50,TRADE
NSW1,2026/07/24 03:30:00,7627.95,43.05,TRADE
NSW1,2026/07/24 03:35:00,7616.55,45.73,TRADE
NSW1,2026/07/24 03:40:00,7590.75,43.05,TRADE
NSW1,2026/07/24 03:45:00,7587.97,43.05,TRADE
NSW1,2026/07/24 03:50:00,7575.57,44.77,TRADE
NSW1,2026/07/24 03:55:00,7561.7,44.49,TRADE
NSW1,2026/07/24 04:00:00,7539.86,43.05,TRADE
NSW1,2026/07/24 04:05:00,7502.2,43.59,TRADE
NSW1,2026/07/24 04:10:00,7539.13,43.05,TRADE
NSW1,2026/07/24 04:15:00,7547.68,43.05,TRADE
NSW1,2026/07/24 04:20:00,7566.77,43.05,TRADE
NSW1,2026/07/24 04:25:00,7509.33,42.80,TRADE
NSW1,2026/07/24 04:30:00,7557.18,43.05,TRADE
NSW1,2026/07/24 04:35:00,7620.62,60.81,TRADE
NSW1,2026/07/24 04:40:00,7689.9,43.87,TRADE
NSW1,2026/07/24 04:45:00,7721.41,58.14,TRADE
NSW1,2026/07/24 04:50:00,7672.42,64.22,TRADE
NSW1,2026/07/24 04:55:00,7749.51,64.95,TRADE
NSW1,2026/07/24 05:00:00,7766.08,62.29,TRADE
NSW1,2026/07/24 05:05:00,7888.2,61.05,TRADE
NSW1,2026/07/24 05:10:00,8004.8,64.97,TRADE
NSW1,2026/07/24 05:15:00,8141.62,64.95,TRADE
NSW1,2026/07/24 05:20:00,8157.27,69.70,TRADE
NSW1,2026/07/24 05:25:00,8188.48,69.99,TRADE
NSW1,2026/07/24 05:30:00,8204.86,71.40,TRADE
NSW1,2026/07/24 05:35:00,8345.99,69.99,TRADE
NSW1,2026/07/24 05:40:00,8439.96,71.40,TRADE
NSW1,2026/07/24 05:45:00,8595.52,69.99,TRADE
NSW1,2026/07/24 05:50:00,8615.38,68.87,TRADE
NSW1,2026/07/24 05:55:00,8681.99,69.99,TRADE
NSW1,2026/07/24 06:00:00,8741.31,71.40,TRADE
NSW1,2026/07/24 06:05:00,8848.99,48.66,TRADE
NSW1,2026/07/24 06:10:00,9033.39,58.41,TRADE
NSW1,2026/07/24 06:15:00,9205.13,56.47,TRADE
NSW1,2026/07/24 06:20:00,9387.49,70.20,TRADE
NSW1,2026/07/24 06:25:00,9415.47,60.27,TRADE
NSW1,2026/07/24 06:30:00,9556.82,68.16,TRADE
NSW1,2026/07/24 06:35:00,9796.33,64.99,TRADE
NSW1,2026/07/24 06:40:00,9896.49,64.83,TRADE
NSW1,2026/07/24 06:45:00,10029.33,64.83,TRADE
NSW1,2026/07/24 06:50:00,10120.28,65,TRADE
NSW1,2026/07/24 06:55:00,10294.92,69.99,TRADE
NSW1,2026/07/24 07:00:00,10419.45,71.21,TRADE
NSW1,2026/07/24 07:05:00,10497.58,69.99,TRADE
NSW1,2026/07/24 07:10:00,10633.23,71.40,TRADE
NSW1,2026/07/24 07:15:00,10678.18,71.40,TRADE
NSW1,2026/07/24 07:20:00,10813.38,71.40,TRADE
NSW1,2026/07/24 07:25:00,10779.38,71.40,TRADE
NSW1,2026/07/24 07:30:00,10846.4,71.40,TRADE
NSW1,2026/07/24 07:35:00,10884.18,64.83,TRADE
NSW1,2026/07/24 07:40:00,10885.1,68.16,TRADE
NSW1,2026/07/24 07:45:00,10892.18,71.40,TRADE
NSW1,2026/07/24 07:50:00,10848.34,69.99,TRADE
NSW1,2026/07/24 07:55:00,10797.98,65.16,TRADE
NSW1,2026/07/24 08:00:00,10715.82,64.83,TRADE
NSW1,2026/07/24 08:05:00,10632.12,71.40,TRADE
NSW1,2026/07/24 08:10:00,10574.04,69.99,TRADE
NSW1,2026/07/24 08:15:00,10450.01,69.99,TRADE
NSW1,2026/07/24 08:20:00,10348.15,57.96,TRADE
NSW1,2026/07/24 08:25:00,10267.74,40,TRADE
NSW1,2026/07/24 08:30:00,10121.21,25.12,TRADE
NSW1,2026/07/24 08:35:00,9981.82,42.80,TRADE
NSW1,2026/07/24 08:40:00,9872.11,34.38,TRADE
NSW1,2026/07/24 08:45:00,9725.75,34.20,TRADE
NSW1,2026/07/24 08:50:00,9597.98,35.55,TRADE
NSW1,2026/07/24 08:55:00,9489.61,38.51,TRADE
NSW1,2026/07/24 09:00:00,9357.51,25.17,TRADE
NSW1,2026/07/24 09:05:00,9273.35,34.20,TRADE
NSW1,2026/07/24 09:10:00,9162.32,62.64,TRADE
NSW1,2026/07/24 09:15:00,9070.74,51.74,TRADE
NSW1,2026/07/24 09:20:00,8897.77,29.94,TRADE
NSW1,2026/07/24 09:25:00,8870.11,44.76,TRADE
NSW1,2026/07/24 09:30:00,8692.04,42.54,TRADE
NSW1,2026/07/24 09:35:00,8559.71,34.20,TRADE
NSW1,2026/07/24 09:40:00,8579.3,44.08,TRADE
NSW1,2026/07/24 09:45:00,8466.85,40.94,TRADE
NSW1,2026/07/24 09:50:00,8379.82,45.54,TRADE
NSW1,2026/07/24 09:55:00,8333.43,31.48,TRADE
NSW1,2026/07/24 10:00:00,8198.01,31.52,TRADE
NSW1,2026/07/24 10:05:00,8077.1,34.20,TRADE
NSW1,2026/07/24 10:10:00,8092.42,43.05,TRADE
NSW1,2026/07/24 10:15:00,7978.07,38.21,TRADE
NSW1,2026/07/24 10:20:00,7825.73,43.05,TRADE
NSW1,2026/07/24 10:25:00,7693.74,9.94,TRADE
NSW1,2026/07/24 10:30:00,7747.79,15.63,TRADE
NSW1,2026/07/24 10:35:00,7699.92,43.05,TRADE
NSW1,2026/07/24 10:40:00,7606,34.32,TRADE
NSW1,2026/07/24 10:45:00,7550.26,18.86,TRADE
NSW1,2026/07/24 10:50:00,7613.72,43.05,TRADE
NSW1,2026/07/24 10:55:00,7468.15,43.05,TRADE
NSW1,2026/07/24 11:00:00,7344.84,27.88,TRADE
NSW1,2026/07/24 11:05:00,7339.08,34.20,TRADE
NSW1,2026/07/24 11:10:00,7381.77,33.50,TRADE
NSW1,2026/07/24 11:15:00,7351.71,42.80,TRADE
NSW1,2026/07/24 11:20:00,7176.55,34.20,TRADE
NSW1,2026/07/24 11:25:00,7183.48,21.78,TRADE
NSW1,2026/07/24 11:30:00,7216.18,19.23,TRADE
NSW1,2026/07/24 11:35:00,7113.09,27.88,TRADE
NSW1,2026/07/24 11:40:00,7107.16,42.80,TRADE
NSW1,2026/07/24 11:45:00,7009.35,32.46,TRADE
NSW1,2026/07/24 11:50:00,7019.5,28.65,TRADE
NSW1,2026/07/24 11:55:00,6925.68,21.26,TRADE
NSW1,2026/07/24 12:00:00,6940.93,21.28,TRADE
NSW1,2026/07/24 12:05:00,6953.1,27.88,TRADE
NSW1,2026/07/24 12:10:00,6871.28,21.75,TRADE
NSW1,2026/07/24 12:15:00,6910.28,21.78,TRADE
NSW1,2026/07/24 12:20:00,6782.19,22.58,TRADE
NSW1,2026/07/24 12:25:00,6708.54,15.70,TRADE
NSW1,2026/07/24 12:30:00,6702.83,18.41,TRADE
NSW1,2026/07/24 12:35:00,6749.01,1.38,TRADE
NSW1,2026/07/24 12:40:00,6754.92,8.72,TRADE
NSW1,2026/07/24 12:45:00,6635.47,5.09,TRADE
NSW1,2026/07/24 12:50:00,6680.96,5.16,TRADE
NSW1,2026/07/24 12:55:00,6673.85,5.25,TRADE
NSW1,2026/07/24 13:00:00,6624.09,4.22,TRADE
NSW1,2026/07/24 13:05:00,6579.75,5.22,TRADE
NSW1,2026/07/24 13:10:00,6541.32,5.24,TRADE
NSW1,2026/07/24 13:15:00,6588.15,1.31,TRADE
NSW1,2026/07/24 13:20:00,6592.27,1.25,TRADE
NSW1,2026/07/24 13:25:00,6560.29,4.28,TRADE
NSW1,2026/07/24 13:30:00,6573.47,1.25,TRADE
NSW1,2026/07/24 13:35:00,6669.87,4.33,TRADE
NSW1,2026/07/24 13:40:00,6606.13,4.34,TRADE
NSW1,2026/07/24 13:45:00,6523.1,4.34,TRADE
NSW1,2026/07/24 13:50:00,6632.12,10.23,TRADE
NSW1,2026/07/24 13:55:00,6639.66,21.88,TRADE
NSW1,2026/07/24 14:00:00,6542.57,10.25,TRADE
NSW1,2026/07/24 14:05:00,6707.56,10.59,TRADE
NSW1,2026/07/24 14:10:00,6608.57,0.01,TRADE
NSW1,2026/07/24 14:15:00,6698.48,1.33,TRADE
NSW1,2026/07/24 14:20:00,6712.91,10.20,TRADE
NSW1,2026/07/24 14:25:00,6790.03,10.10,TRADE
NSW1,2026/07/24 14:30:00,6709.75,-7.79,TRADE
NSW1,2026/07/24 14:35:00,6880.79,-8.72,TRADE
NSW1,2026/07/24 14:40:00,7007.34,-8.77,TRADE
NSW1,2026/07/24 14:45:00,7008.95,-4,TRADE
NSW1,2026/07/24 14:50:00,7039.94,-4,TRADE
NSW1,2026/07/24 14:55:00,7118.13,-4,TRADE
NSW1,2026/07/24 15:00:00,7132.46,-3,TRADE
NSW1,2026/07/24 15:05:00,7125.18,-3.48,TRADE
NSW1,2026/07/24 15:10:00,7295.84,-2.54,TRADE
NSW1,2026/07/24 15:15:00,7308.95,-1.54,TRADE
NSW1,2026/07/24 15:20:00,7300.31,-2.91,TRADE
NSW1,2026/07/24 15:25:00,7519.25,-2.57,TRADE
NSW1,2026/07/24 15:30:00,7586.17,-2.01,TRADE
NSW1,2026/07/24 15:35:00,7736.59,14.02,TRADE
NSW1,2026/07/24 15:40:00,7849.82,9.56,TRADE
NSW1,2026/07/24 15:45:00,8014.22,9.87,TRADE
NSW1,2026/07/24 15:50:00,8076.92,15.21,TRADE
NSW1,2026/07/24 15:55:00,8332.47,41.98,TRADE
NSW1,2026/07/24 16:00:00,8450.15,55.16,TRADE
NSW1,2026/07/24 16:05:00,8555.54,64.95,TRADE
NSW1,2026/07/24 16:10:00,8685.61,80,TRADE
NSW1,2026/07/24 16:15:00,8692.07,80,TRADE
NSW1,2026/07/24 16:20:00,8766.54,80.91,TRADE
NSW1,2026/07/24 16:25:00,8954.17,80,TRADE
NSW1,2026/07/24 16:30:00,9100.61,81,TRADE
NSW1,2026/07/24 16:35:00,9323.38,71.40,TRADE
NSW1,2026/07/24 16:40:00,9486.62,71.40,TRADE
NSW1,2026/07/24 16:45:00,9658.36,71.40,TRADE
NSW1,2026/07/24 16:50:00,9787.32,75.62,TRADE
NSW1,2026/07/24 16:55:00,9929.28,76.77,TRADE
NSW1,2026/07/24 17:00:00,10022.85,81,TRADE
NSW1,2026/07/24 17:05:00,10056.92,71.40,TRADE
NSW1,2026/07/24 17:10:00,10179.27,71.40,TRADE
NSW1,2026/07/24 17:15:00,10267.68,71.40,TRADE
NSW1,2026/07/24 17:20:00,10386.6,70.34,TRADE
NSW1,2026/07/24 17:25:00,10609.4,70.27,TRADE
NSW1,2026/07/24 17:30:00,10656.94,68.93,TRADE
NSW1,2026/07/24 17:35:00,10803.92,64.89,TRADE
NSW1,2026/07/24 17:40:00,10946.02,66.77,TRADE
NSW1,2026/07/24 17:45:00,11063.92,68.05,TRADE
NSW1,2026/07/24 17:50:00,11107.08,68.16,TRADE
NSW1,2026/07/24 17:55:00,11148.22,71.40,TRADE
NSW1,2026/07/24 18:00:00,11195.66,69.99,TRADE
NSW1,2026/07/24 18:05:00,11174.86,70.04,TRADE
NSW1,2026/07/24 18:10:00,11150.89,68.91,TRADE
NSW1,2026/07/24 18:15:00,11141.44,68.88,TRADE
NSW1,2026/07/24 18:20:00,11104.65,68.16,TRADE
NSW1,2026/07/24 18:25:00,11069.22,64.95,TRADE
NSW1,2026/07/24 18:30:00,11135.82,65,TRADE
NSW1,2026/07/24 18:35:00,11155.68,64.89,TRADE
NSW1,2026/07/24 18:40:00,11187.25,64.83,TRADE
NSW1,2026/07/24 18:45:00,11125.2,64.83,TRADE
NSW1,2026/07/24 18:50:00,11116.6,55.47,TRADE
NSW1,2026/07/24 18:55:00,11166.13,64.83,TRADE
NSW1,2026/07/24 19:00:00,11143.52,64.95,TRADE
NSW1,2026/07/24 19:05:00,11071.08,69.99,TRADE
NSW1,2026/07/24 19:10:00,11066.69,77.22,TRADE
NSW1,2026/07/24 19:15:00,11023.14,71.40,TRADE
NSW1,2026/07/24 19:20:00,11029.51,69.97,TRADE
NSW1,2026/07/24 19:25:00,11004.31,69.99,TRADE
NSW1,2026/07/24 19:30:00,10964.9,64.95,TRADE
NSW1,2026/07/24 19:35:00,10932.41,71.40,TRADE
NSW1,2026/07/24 19:40:00,10958.39,69.10,TRADE
NSW1,2026/07/24 19:45:00,10978.62,69.99,TRADE
NSW1,2026/07/24 19:50:00,10892.99,64.95,TRADE
NSW1,2026/07/24 19:55:00,10936.6,64.83,TRADE
NSW1,2026/07/24 20:00:00,10901.06,64.95,TRADE
NSW1,2026/07/24 20:05:00,10919.98,71.40,TRADE
NSW1,2026/07/24 20:10:00,10901.26,64.95,TRADE
NSW1,2026/07/24 20:15:00,10830.84,64.95,TRADE
NSW1,2026/07/24 20:20:00,10838.12,64.83,TRADE
NSW1,2026/07/24 20:25:00,10853.12,64.89,TRADE
NSW1,2026/07/24 20:30:00,10812.66,64.83,TRADE
NSW1,2026/07/24 20:35:00,10708.18,64.95,TRADE
NSW1,2026/07/24 20:40:00,10747.89,68.16,TRADE
NSW1,2026/07/24 20:45:00,10678.55,69.99,TRADE
NSW1,2026/07/24 20:50:00,10703.17,69.99,TRADE
NSW1,2026/07/24 20:55:00,10649.18,69.99,TRADE
NSW1,2026/07/24 21:00:00,10661.83,64.89,TRADE
NSW1,2026/07/24 21:05:00,10534.91,65.05,TRADE
NSW1,2026/07/24 21:10:00,10469.07,67.58,TRADE
NSW1,2026/07/24 21:15:00,10533.52,64.95,TRADE
NSW1,2026/07/24 21:20:00,10432.92,64.83,TRADE
NSW1,2026/07/24 21:25:00,10365.01,64.83,TRADE
NSW1,2026/07/24 21:30:00,10387.62,64.83,TRADE
NSW1,2026/07/24 21:35:00,10359.13,71.40,TRADE
NSW1,2026/07/24 21:40:00,10276.69,64.83,TRADE
NSW1,2026/07/24 21:45:00,10191.02,64.83,TRADE
NSW1,2026/07/24 21:50:00,10191.85,64.83,TRADE
NSW1,2026/07/24 21:55:00,10150.04,64.89,TRADE
NSW1,2026/07/24 22:00:00,10006.81,64.83,TRADE
NSW1,2026/07/24 22:05:00,9918.69,71.40,TRADE
NSW1,2026/07/24 22:10:00,10077.89,69.99,TRADE
NSW1,2026/07/24 22:15:00,10000.02,69.89,TRADE
NSW1,2026/07/24 22:20:00,10012.98,66.53,TRADE
NSW1,2026/07/24 22:25:00,9923.45,69.55,TRADE
NSW1,2026/07/24 22:30:00,9863.07,69.99,TRADE
NSW1,2026/07/24 22:35:00,9741.74,65.07,TRADE
NSW1,2026/07/24 22:40:00,9774.89,66.68,TRADE
NSW1,2026/07/24 22:45:00,9733.04,68.75,TRADE
NSW1,2026/07/24 22:50:00,9578.9,56.94,TRADE
NSW1,2026/07/24 22:55:00,9537.6,53.87,TRADE
NSW1,2026/07/24 23:00:00,9464.7,56.01,TRADE
NSW1,2026/07/24 23:05:00,9440.67,63.10,TRADE
NSW1,2026/07/24 23:10:00,9407.33,63.11,TRADE
NSW1,2026/07/24 23:15:00,9308.52,55.02,TRADE
NSW1,2026/07/24 23:20:00,9212.99,54.64,TRADE
NSW1,2026/07/24 23:25:00,9165.76,55.05,TRADE
NSW1,2026/07/24 23:30:00,9069.6,48.20,TRADE
NSW1,2026/07/24 23:35:00,9049.24,57.39,TRADE
NSW1,2026/07/24 23:40:00,9001.74,57.39,TRADE
NSW1,2026/07/24 23:45:00,8901.23,54.66,TRADE
NSW1,2026/07/24 23:50:00,8921.83,42.54,TRADE
NSW1,2026/07/24 23:55:00,8900.46,48.20,TRADE
NSW1,2026/07/25 00:00:00,8899.14,40.57,TRADE
NSW1,2026/07/25 00:05:00,8813.62,49.80,TRADE
NSW1,2026/07/25 00:10:00,8868.05,56.24,TRADE
NSW1,2026/07/25 00:15:00,8865.11,57.39,TRADE
NSW1,2026/07/25 00:20:00,8809.26,57.39,TRADE
NSW1,2026/07/25 00:25:00,8885.24,57.39,TRADE
NSW1,2026/07/25 00:30:00,8828.27,57.39,TRADE
NSW1,2026/07/25 00:35:00,8781.34,57.40,TRADE
NSW1,2026/07/25 00:40:00,8724.3,48.20,TRADE
NSW1,2026/07/25 00:45:00,8661.13,57.39,TRADE
NSW1,2026/07/25 00:50:00,8687.23,58.44,TRADE
NSW1,2026/07/25 00:55:00,8610.01,42.54,TRADE
NSW1,2026/07/25 01:00:00,8612.41,42.54,TRADE
NSW1,2026/07/25 01:05:00,8466.75,42.53,TRADE
NSW1,2026/07/25 01:10:00,8417.76,42.54,TRADE
NSW1,2026/07/25 01:15:00,8392.04,45.07,TRADE
NSW1,2026/07/25 01:20:00,8403.6,50.63,TRADE
NSW1,2026/07/25 01:25:00,8328.92,48.20,TRADE
NSW1,2026/07/25 01:30:00,8249.46,42.87,TRADE
NSW1,2026/07/25 01:35:00,8265.99,58.72,TRADE
NSW1,2026/07/25 01:40:00,8218.43,59.52,TRADE
NSW1,2026/07/25 01:45:00,8126.9,57.39,TRADE
NSW1,2026/07/25 01:50:00,8069.17,57.39,TRADE
NSW1,2026/07/25 01:55:00,8084.91,57.39,TRADE
NSW1,2026/07/25 02:00:00,8101.85,57.39,TRADE
NSW1,2026/07/25 02:05:00,8005.4,43.52,TRADE
NSW1,2026/07/25 02:10:00,8000.18,58.35,TRADE
NSW1,2026/07/25 02:15:00,8010.49,57.39,TRADE
NSW1,2026/07/25 02:20:00,7981.89,57.39,TRADE
NSW1,2026/07/25 02:25:00,7925.89,57.39,TRADE
NSW1,2026/07/25 02:30:00,7841.18,42.80,TRADE
NSW1,2026/07/25 02:35:00,7822.79,57.97,TRADE
NSW1,2026/07/25 02:40:00,7893.73,58.72,TRADE
NSW1,2026/07/25 02:45:00,7895.23,57.39,TRADE
NSW1,2026/07/25 02:50:00,7809.17,42.95,TRADE
NSW1,2026/07/25 02:55:00,7797.47,43.24,TRADE
NSW1,2026/07/25 03:00:00,7797.33,58.36,TRADE
NSW1,2026/07/25 03:05:00,7799.41,58.74,TRADE
NSW1,2026/07/25 03:10:00,7816.3,58.75,TRADE
NSW1,2026/07/25 03:15:00,7823.61,64.95,TRADE
NSW1,2026/07/25 03:20:00,7760.55,58.73,TRADE
NSW1,2026/07/25 03:25:00,7821.35,61.47,TRADE
NSW1,2026/07/25 03:30:00,7762.6,60.70,TRADE
NSW1,2026/07/25 03:35:00,7750.93,67.91,TRADE
NSW1,2026/07/25 03:40:00,7668.3,64.95,TRADE
NSW1,2026/07/25 03:45:00,7652.91,61.09,TRADE
NSW1,2026/07/25 03:50:00,7648.37,64.97,TRADE
NSW1,2026/07/25 03:55:00,7761.75,66.98,TRADE
NSW1,2026/07/25 04:00:00,7696.08,64.97,TRADE
NSW1,2026/07/25 04:05:00,7703.55,69.99,TRADE
NSW1,2026/07/25 04:10:00,7695.84,60.91,TRADE
NSW1,2026/07/25 04:15:00,7599.99,60.70,TRADE
NSW1,2026/07/25 04:20:00,7563.44,59.09,TRADE
NSW1,2026/07/25 04:25:00,7587.28,69.99,TRADE
NSW1,2026/07/25 04:30:00,7615.36,69.99,TRADE
NSW1,2026/07/25 04:35:00,7666.52,64.95,TRADE
NSW1,2026/07/25 04:40:00,7580.09,69.99,TRADE
NSW1,2026/07/25 04:45:00,7653.65,69.99,TRADE
NSW1,2026/07/25 04:50:00,7680.8,64.95,TRADE
NSW1,2026/07/25 04:55:00,7686.36,42.45,TRADE
NSW1,2026/07/25 05:00:00,7698.94,71.40,TRADE
NSW1,2026/07/25 05:05:00,7609.3,57.90,TRADE
NSW1,2026/07/25 05:10:00,7741.55,64.95,TRADE
NSW1,2026/07/25 05:15:00,7816.68,64.95,TRADE
NSW1,2026/07/25 05:20:00,7855.98,69.99,TRADE
NSW1,2026/07/25 05:25:00,7895.32,66.66,TRADE
NSW1,2026/07/25 05:30:00,7832.25,65.02,TRADE
NSW1,2026/07/25 05:35:00,7921.91,64.89,TRADE
NSW1,2026/07/25 05:40:00,7972.45,64.97,TRADE
NSW1,2026/07/25 05:45:00,8014.06,64.89,TRADE
NSW1,2026/07/25 05:50:00,8059.19,69.99,TRADE
NSW1,2026/07/25 05:55:00,8005.16,69.71,TRADE
NSW1,2026/07/25 06:00:00,8041.7,64.83,TRADE
NSW1,2026/07/25 06:05:00,8112.69,59.91,TRADE
NSW1,2026/07/25 06:10:00,8271.82,64.89,TRADE
NSW1,2026/07/25 06:15:00,8391.03,71.40,TRADE
NSW1,2026/07/25 06:20:00,8375.05,64.89,TRADE
NSW1,2026/07/25 06:25:00,8516.1,64.89,TRADE
NSW1,2026/07/25 06:30:00,8609.15,64.89,TRADE
NSW1,2026/07/25 06:35:00,8655.15,64.89,TRADE
NSW1,2026/07/25 06:40:00,8819.29,71.40,TRADE
NSW1,2026/07/25 06:45:00,8821.25,64.89,TRADE
NSW1,2026/07/25 06:50:00,8948.44,65.90,TRADE
NSW1,2026/07/25 06:55:00,8995.75,65.52,TRADE
NSW1,2026/07/25 07:00:00,9055.86,69.40,TRADE
NSW1,2026/07/25 07:05:00,9082.21,71.40,TRADE
NSW1,2026/07/25 07:10:00,9227.06,64.89,TRADE
NSW1,2026/07/25 07:15:00,9333.62,69.99,TRADE
NSW1,2026/07/25 07:20:00,9399.39,71.40,TRADE
NSW1,2026/07/25 07:25:00,9426.24,69.99,TRADE
NSW1,2026/07/25 07:30:00,9514.75,53.50,TRADE
NSW1,2026/07/25 07:35:00,9490.78,53.54,TRADE
NSW1,2026/07/25 07:40:00,9512.43,56.50,TRADE
NSW1,2026/07/25 07:45:00,9548.38,64.89,TRADE
NSW1,2026/07/25 07:50:00,9515.99,79.14,TRADE
NSW1,2026/07/25 07:55:00,9379.23,64.72,TRADE
NSW1,2026/07/25 08:00:00,9438.21,42.54,TRADE
NSW1,2026/07/25 08:05:00,9451.78,53.11,TRADE
NSW1,2026/07/25 08:10:00,9437.17,57.39,TRADE
NSW1,2026/07/25 08:15:00,9387.94,42.54,TRADE
NSW1,2026/07/25 08:20:00,9417.45,42.54,TRADE
NSW1,2026/07/25 08:25:00,9259.18,39.17,TRADE
NSW1,2026/07/25 08:30:00,9156.47,25.58,TRADE
NSW1,2026/07/25 08:35:00,9120.69,42.80,TRADE
NSW1,2026/07/25 08:40:00,8974.29,42.80,TRADE
NSW1,2026/07/25 08:45:00,8906.49,42.05,TRADE
NSW1,2026/07/25 08:50:00,8821.19,34.20,TRADE
NSW1,2026/07/25 08:55:00,8769.57,42.80,TRADE
NSW1,2026/07/25 09:00:00,8692.96,42.80,TRADE
NSW1,2026/07/25 09:05:00,8580.8,34.20,TRADE
NSW1,2026/07/25 09:10:00,8584.79,42.80,TRADE
NSW1,2026/07/25 09:15:00,8495.49,54.31,TRADE
NSW1,2026/07/25 09:20:00,8383.05,50,TRADE
NSW1,2026/07/25 09:25:00,8233.53,34.20,TRADE
NSW1,2026/07/25 09:30:00,8176.83,34.20,TRADE
NSW1,2026/07/25 09:35:00,8101.58,69.99,TRADE
NSW1,2026/07/25 09:40:00,8102.63,69.99,TRADE
NSW1,2026/07/25 09:45:00,7934.43,42.54,TRADE
NSW1,2026/07/25 09:50:00,7900.89,42.54,TRADE
NSW1,2026/07/25 09:55:00,7843.32,45.48,TRADE
NSW1,2026/07/25 10:00:00,7734.25,34.20,TRADE
NSW1,2026/07/25 10:05:00,7577.45,34.20,TRADE
NSW1,2026/07/25 10:10:00,7513.16,42.80,TRADE
NSW1,2026/07/25 10:15:00,7411.36,55.27,TRADE
NSW1,2026/07/25 10:20:00,7312.97,42.80,TRADE
NSW1,2026/07/25 10:25:00,7288.13,34.20,TRADE
NSW1,2026/07/25 10:30:00,7169.54,26.59,TRADE
NSW1,2026/07/25 10:35:00,7079.28,43.05,TRADE
NSW1,2026/07/25 10:40:00,7068.89,48.71,TRADE
NSW1,2026/07/25 10:45:00,6983.68,43.05,TRADE
NSW1,2026/07/25 10:50:00,6757.06,42.80,TRADE
NSW1,2026/07/25 10:55:00,6777.53,42.08,TRADE
NSW1,2026/07/25 11:00:00,6678.17,42.80,TRADE
NSW1,2026/07/25 11:05:00,6584.4,45.63,TRADE
NSW1,2026/07/25 11:10:00,6590.17,43.05,TRADE
NSW1,2026/07/25 11:15:00,6526,23.95,TRADE
NSW1,2026/07/25 11:20:00,6542.72,28.01,TRADE
NSW1,2026/07/25 11:25:00,6543.35,43.05,TRADE
NSW1,2026/07/25 11:30:00,6434.2,42.54,TRADE
NSW1,2026/07/25 11:35:00,6451.34,38.07,TRADE
NSW1,2026/07/25 11:40:00,6397.35,23.95,TRADE
NSW1,2026/07/25 11:45:00,6396.35,23.95,TRADE
NSW1,2026/07/25 11:50:00,6407.58,43.05,TRADE
NSW1,2026/07/25 11:55:00,6355.9,42.80,TRADE
NSW1,2026/07/25 12:00:00,6249.06,23.95,TRADE
NSW1,2026/07/25 12:05:00,6124.55,27.87,TRADE
NSW1,2026/07/25 12:10:00,6223.17,23.95,TRADE
NSW1,2026/07/25 12:15:00,6170.71,23.95,TRADE
NSW1,2026/07/25 12:20:00,6096.4,23.95,TRADE
NSW1,2026/07/25 12:25:00,6128.58,23.95,TRADE
NSW1,2026/07/25 12:30:00,5999.54,28.01,TRADE
NSW1,2026/07/25 12:35:00,5982.49,41.88,TRADE
NSW1,2026/07/25 12:40:00,5991.62,24.94,TRADE
NSW1,2026/07/25 12:45:00,6037.12,23.95,TRADE
NSW1,2026/07/25 12:50:00,6013.69,23.95,TRADE
NSW1,2026/07/25 12:55:00,5996.19,23.95,TRADE
NSW1,2026/07/25 13:00:00,5954.92,23.95,TRADE
NSW1,2026/07/25 13:05:00,5980.18,23.95,TRADE
NSW1,2026/07/25 13:10:00,5933.5,0,TRADE
NSW1,2026/07/25 13:15:00,6156.74,23.95,TRADE
NSW1,2026/07/25 13:20:00,5987.7,-1.22,TRADE
NSW1,2026/07/25 13:25:00,6096.52,-2,TRADE
NSW1,2026/07/25 13:30:00,6100.85,-1.56,TRADE
NSW1,2026/07/25 13:35:00,6027.28,-2,TRADE
NSW1,2026/07/25 13:40:00,6075.41,-1.19,TRADE
NSW1,2026/07/25 13:45:00,6119.73,-1.24,TRADE
NSW1,2026/07/25 13:50:00,6094.98,-1.21,TRADE
NSW1,2026/07/25 13:55:00,6018.47,-1.19,TRADE
NSW1,2026/07/25 14:00:00,6114.81,-2,TRADE
NSW1,2026/07/25 14:05:00,6063.71,-5.03,TRADE
NSW1,2026/07/25 14:10:00,6027.81,-5.12,TRADE
NSW1,2026/07/25 14:15:00,6066.29,-6.62,TRADE
NSW1,2026/07/25 14:20:00,6048.46,-6.55,TRADE
NSW1,2026/07/25 14:25:00,6106.28,-5.12,TRADE
NSW1,2026/07/25 14:30:00,6212.95,-5.17,TRADE
NSW1,2026/07/25 14:35:00,6273.33,-2,TRADE
NSW1,2026/07/25 14:40:00,6382.73,-1.18,TRADE
NSW1,2026/07/25 14:45:00,6454.79,-1.18,TRADE
NSW1,2026/07/25 14:50:00,6464.21,-1.14,TRADE
NSW1,2026/07/25 14:55:00,6575.14,0,TRADE
NSW1,2026/07/25 15:00:00,6670.94,0.06,TRADE
NSW1,2026/07/25 15:05:00,6598.93,-1.12,TRADE
NSW1,2026/07/25 15:10:00,6806.43,-2.48,TRADE
NSW1,2026/07/25 15:15:00,6862.26,-2,TRADE
NSW1,2026/07/25 15:20:00,6976.42,-2.46,TRADE
NSW1,2026/07/25 15:25:00,7005.66,0,TRADE
NSW1,2026/07/25 15:30:00,7030.97,0,TRADE
NSW1,2026/07/25 15:35:00,7202.69,0,TRADE
NSW1,2026/07/25 15:40:00,7318.95,45.44,TRADE
NSW1,2026/07/25 15:45:00,7359.5,0.81,TRADE
NSW1,2026/07/25 15:50:00,7522.99,23.36,TRADE
NSW1,2026/07/25 15:55:00,7606.38,46.73,TRADE
NSW1,2026/07/25 16:00:00,7666.49,42.80,TRADE
NSW1,2026/07/25 16:05:00,7752.2,69.99,TRADE
NSW1,2026/07/25 16:10:00,7908.82,69.99,TRADE
NSW1,2026/07/25 16:15:00,8032.77,80,TRADE
NSW1,2026/07/25 16:20:00,7992.98,69.99,TRADE
NSW1,2026/07/25 16:25:00,8132.05,71.40,TRADE
NSW1,2026/07/25 16:30:00,8237.83,71.40,TRADE
NSW1,2026/07/25 16:35:00,8450.09,71.40,TRADE
NSW1,2026/07/25 16:40:00,8602.14,76.63,TRADE
NSW1,2026/07/25 16:45:00,8705.69,71.40,TRADE
NSW1,2026/07/25 16:50:00,8952.36,71.40,TRADE
NSW1,2026/07/25 16:55:00,8950.49,78.52,TRADE
NSW1,2026/07/25 17:00:00,8984.04,80.92,TRADE
NSW1,2026/07/25 17:05:00,9119.32,69.99,TRADE
NSW1,2026/07/25 17:10:00,9204.43,67.75,TRADE
NSW1,2026/07/25 17:15:00,9319.16,72.03,TRADE
NSW1,2026/07/25 17:20:00,9443.21,72.96,TRADE
NSW1,2026/07/25 17:25:00,9576.99,72.90,TRADE
NSW1,2026/07/25 17:30:00,9647.38,69.99,TRADE
NSW1,2026/07/25 17:35:00,9786.76,67.50,TRADE
NSW1,2026/07/25 17:40:00,9940.97,70.45,TRADE
NSW1,2026/07/25 17:45:00,9879.72,72.57,TRADE
NSW1,2026/07/25 17:50:00,10057.7,80,TRADE
NSW1,2026/07/25 17:55:00,10040.4,69.99,TRADE
NSW1,2026/07/25 18:00:00,10155.5,71.52,TRADE
NSW1,2026/07/25 18:05:00,10081.32,80,TRADE
NSW1,2026/07/25 18:10:00,10028.63,69.99,TRADE
NSW1,2026/07/25 18:15:00,10090.59,65.61,TRADE
NSW1,2026/07/25 18:20:00,10032.93,69.99,TRADE
NSW1,2026/07/25 18:25:00,10032.17,69.99,TRADE
NSW1,2026/07/25 18:30:00,10003.8,72,TRADE
NSW1,2026/07/25 18:35:00,10021.45,73.33,TRADE
NSW1,2026/07/25 18:40:00,10019.62,71.10,TRADE
NSW1,2026/07/25 18:45:00,9921.52,69.99,TRADE
NSW1,2026/07/25 18:50:00,9938.88,73.33,TRADE
NSW1,2026/07/25 18:55:00,9934.89,73.33,TRADE
NSW1,2026/07/25 19:00:00,9919.72,69.99,TRADE
NSW1,2026/07/25 19:05:00,9952.3,69.99,TRADE
NSW1,2026/07/25 19:10:00,9868.83,70.85,TRADE
NSW1,2026/07/25 19:15:00,9933.04,69.58,TRADE
NSW1,2026/07/25 19:20:00,9910.77,68.04,TRADE
NSW1,2026/07/25 19:25:00,9929.6,68.54,TRADE
NSW1,2026/07/25 19:30:00,9923.59,69.41,TRADE
NSW1,2026/07/25 19:35:00,9913.92,73.55,TRADE
NSW1,2026/07/25 19:40:00,9833.74,74.53,TRADE
NSW1,2026/07/25 19:45:00,9825.29,73.95,TRADE
NSW1,2026/07/25 19:50:00,9814.31,73.96,TRADE
NSW1,2026/07/25 19:55:00,9766.52,73.06,TRADE
NSW1,2026/07/25 20:00:00,9711.83,67.51,TRADE
NSW1,2026/07/25 20:05:00,9770.17,72.34,TRADE
NSW1,2026/07/25 20:10:00,9701.98,74.44,TRADE
NSW1,2026/07/25 20:15:00,9705.03,73.04,TRADE
NSW1,2026/07/25 20:20:00,9770.87,77.38,TRADE
NSW1,2026/07/25 20:25:00,9713.79,73.04,TRADE
NSW1,2026/07/25 20:30:00,9690.18,69.37,TRADE
NSW1,2026/07/25 20:35:00,9659.47,69.99,TRADE
NSW1,2026/07/25 20:40:00,9638.88,80.10,TRADE
NSW1,2026/07/25 20:45:00,9626.4,77.32,TRADE
NSW1,2026/07/25 20:50:00,9582.28,73.22,TRADE
NSW1,2026/07/25 20:55:00,9624.8,80.10,TRADE
NSW1,2026/07/25 21:00:00,9588.51,79.23,TRADE
NSW1,2026/07/25 21:05:00,9520.58,76,TRADE
NSW1,2026/07/25 21:10:00,9531.16,74.60,TRADE
NSW1,2026/07/25 21:15:00,9469.26,70.69,TRADE
NSW1,2026/07/25 21:20:00,9495.49,75.76,TRADE
NSW1,2026/07/25 21:25:00,9437.1,75.03,TRADE
NSW1,2026/07/25 21:30:00,9388.11,69.99,TRADE
NSW1,2026/07/25 21:35:00,9390.05,71.49,TRADE
NSW1,2026/07/25 21:40:00,9446.7,84.03,TRADE
NSW1,2026/07/25 21:45:00,9391.76,90.49,TRADE
NSW1,2026/07/25 21:50:00,9226.67,79.96,TRADE
NSW1,2026/07/25 21:55:00,9171.09,71.40,TRADE
NSW1,2026/07/25 22:00:00,9222.13,80.19,TRADE
NSW1,2026/07/25 22:05:00,9195.22,85.36,TRADE
NSW1,2026/07/25 22:10:00,9142.33,78.22,TRADE
NSW1,2026/07/25 22:15:00,9113.24,80.59,TRADE
NSW1,2026/07/25 22:20:00,9075.02,82.39,TRADE
NSW1,2026/07/25 22:25:00,9070.22,83.99,TRADE
NSW1,2026/07/25 22:30:00,9057.37,73.21,TRADE
NSW1,2026/07/25 22:35:00,8969.65,78.41,TRADE
NSW1,2026/07/25 22:40:00,8997.17,86.77,TRADE
NSW1,2026/07/25 22:45:00,8951.53,83.99,TRADE
NSW1,2026/07/25 22:50:00,8835.05,71.40,TRADE
NSW1,2026/07/25 22:55:00,8832.55,71.40,TRADE
NSW1,2026/07/25 23:00:00,8696.59,78.40,TRADE
NSW1,2026/07/25 23:05:00,8672.38,77.51,TRADE
NSW1,2026/07/25 23:10:00,8720.28,83.23,TRADE
NSW1,2026/07/25 23:15:00,8698.08,88.88,TRADE
NSW1,2026/07/25 23:20:00,8550.52,80,TRADE
NSW1,2026/07/25 23:25:00,8584.9,71.40,TRADE
NSW1,2026/07/25 23:30:00,8580.17,80,TRADE
NSW1,2026/07/25 23:35:00,8528.8,80.92,TRADE
NSW1,2026/07/25 23:40:00,8436.21,80,TRADE
NSW1,2026/07/25 23:45:00,8394.46,74.85,TRADE
NSW1,2026/07/25 23:50:00,8343.32,74.86,TRADE
NSW1,2026/07/25 23:55:00,8386.42,73.91,TRADE
NSW1,2026/07/26 00:00:00,8324.95,65.02,TRADE
NSW1,2026/07/26 00:05:00,8344.73,65.04,TRADE
NSW1,2026/07/26 00:10:00,8417.73,69.99,TRADE
NSW1,2026/07/26 00:15:00,8415.87,74.54,TRADE
NSW1,2026/07/26 00:20:00,8341.79,65.02,TRADE
NSW1,2026/07/26 00:25:00,8370.96,74.08,TRADE
NSW1,2026/07/26 00:30:00,8318.12,61.49,TRADE
NSW1,2026/07/26 00:35:00,8329.72,69.99,TRADE
NSW1,2026/07/26 00:40:00,8327.98,69.99,TRADE
NSW1,2026/07/26 00:45:00,8192.95,69.99,TRADE
NSW1,2026/07/26 00:50:00,8137.57,64.89,TRADE
NSW1,2026/07/26 00:55:00,8198.48,64.95,TRADE
NSW1,2026/07/26 01:00:00,8161.1,64.89,TRADE
NSW1,2026/07/26 01:05:00,8086.02,77.16,TRADE
NSW1,2026/07/26 01:10:00,7984.52,76.63,TRADE
NSW1,2026/07/26 01:15:00,7958.43,77.73,TRADE
NSW1,2026/07/26 01:20:00,7775.11,64.95,TRADE
NSW1,2026/07/26 01:25:00,7784.84,69.99,TRADE
NSW1,2026/07/26 01:30:00,7712.43,64.95,TRADE
NSW1,2026/07/26 01:35:00,7672.51,79.99,TRADE
NSW1,2026/07/26 01:40:00,7655.96,83.58,TRADE
NSW1,2026/07/26 01:45:00,7595.6,83.99,TRADE
NSW1,2026/07/26 01:50:00,7633.75,84.70,TRADE
NSW1,2026/07/26 01:55:00,7611.85,76.74,TRADE
NSW1,2026/07/26 02:00:00,7536.33,77.22,TRADE
NSW1,2026/07/26 02:05:00,7524.02,84.79,TRADE
NSW1,2026/07/26 02:10:00,7531.42,78.86,TRADE
NSW1,2026/07/26 02:15:00,7523.43,71.40,TRADE
NSW1,2026/07/26 02:20:00,7453.57,71.40,TRADE
NSW1,2026/07/26 02:25:00,7452.71,84.79,TRADE
NSW1,2026/07/26 02:30:00,7405.99,80.37,TRADE
NSW1,2026/07/26 02:35:00,7370.58,78.77,TRADE
NSW1,2026/07/26 02:40:00,7366.9,71.40,TRADE
NSW1,2026/07/26 02:45:00,7279.21,87.44,TRADE
NSW1,2026/07/26 02:50:00,7243.98,81.71,TRADE
NSW1,2026/07/26 02:55:00,7275.48,71.40,TRADE
NSW1,2026/07/26 03:00:00,7241.5,71.40,TRADE
NSW1,2026/07/26 03:05:00,7197.17,89.92,TRADE
NSW1,2026/07/26 03:10:00,7261.61,83.68,TRADE
NSW1,2026/07/26 03:15:00,7266.8,83.99,TRADE
NSW1,2026/07/26 03:20:00,7330.41,75.81,TRADE
NSW1,2026/07/26 03:25:00,7260.15,76.30,TRADE
NSW1,2026/07/26 03:30:00,7222.49,83.99,TRADE
NSW1,2026/07/26 03:35:00,7253.86,77.77,TRADE
NSW1,2026/07/26 03:40:00,7274.49,78.30,TRADE
NSW1,2026/07/26 03:45:00,7271.13,80,TRADE
NSW1,2026/07/26 03:50:00,7178.29,69.99,TRADE
NSW1,2026/07/26 03:55:00,7182.82,76.73,TRADE
NSW1,2026/07/26 04:00:00,7129.82,76.28,TRADE
NSW1,2026/07/26 04:05:00,7172.78,80,TRADE
NSW1,2026/07/26 04:10:00,7167.05,81.61,TRADE
NSW1,2026/07/26 04:15:00,7247.66,79.99,TRADE
NSW1,2026/07/26 04:20:00,7190.53,64.95,TRADE
NSW1,2026/07/26 04:25:00,7204.23,64.95,TRADE
NSW1,2026/07/26 04:30:00,7195.98,64.95,TRADE
NSW1,2026/07/26 04:35:00,7211.51,64.95,TRADE
NSW1,2026/07/26 04:40:00,7285.84,73.35,TRADE
NSW1,2026/07/26 04:45:00,7270.53,65.03,TRADE
NSW1,2026/07/26 04:50:00,7274.55,69.99,TRADE
NSW1,2026/07/26 04:55:00,7293.41,69.99,TRADE
NSW1,2026/07/26 05:00:00,7315.15,69.99,TRADE
NSW1,2026/07/26 05:05:00,7352.11,69.99,TRADE
NSW1,2026/07/26 05:10:00,7324.32,80.66,TRADE
NSW1,2026/07/26 05:15:00,7353.37,87.87,TRADE
NSW1,2026/07/26 05:20:00,7345.96,83.99,TRADE
NSW1,2026/07/26 05:25:00,7365.64,82.95,TRADE
NSW1,2026/07/26 05:30:00,7433.84,88.88,TRADE
NSW1,2026/07/26 05:35:00,7410.41,88.46,TRADE
NSW1,2026/07/26 05:40:00,7411.28,83.99,TRADE
NSW1,2026/07/26 05:45:00,7472.65,90.49,TRADE
NSW1,2026/07/26 05:50:00,7557.53,87.23,TRADE
NSW1,2026/07/26 05:55:00,7577.36,80,TRADE
NSW1,2026/07/26 06:00:00,7590.68,84.79,TRADE
NSW1,2026/07/26 06:05:00,7632.04,90.49,TRADE
NSW1,2026/07/26 06:10:00,7694.72,90.49,TRADE
NSW1,2026/07/26 06:15:00,7699.39,83.99,TRADE
NSW1,2026/07/26 06:20:00,7753.86,83.99,TRADE
NSW1,2026/07/26 06:25:00,7914.39,101.10,TRADE
NSW1,2026/07/26 06:30:00,7845.77,90.49,TRADE
NSW1,2026/07/26 06:35:00,7968.58,90.49,TRADE
NSW1,2026/07/26 06:40:00,8036.01,80.10,TRADE
NSW1,2026/07/26 06:45:00,8128.71,98.31,TRADE
NSW1,2026/07/26 06:50:00,8103.37,84.79,TRADE
NSW1,2026/07/26 06:55:00,8161.62,101.10,TRADE
NSW1,2026/07/26 07:00:00,8228.06,80.10,TRADE
NSW1,2026/07/26 07:05:00,8391.35,101.10,TRADE
NSW1,2026/07/26 07:10:00,8423.73,80.10,TRADE
NSW1,2026/07/26 07:15:00,8520.66,89.76,TRADE
NSW1,2026/07/26 07:20:00,8581.42,88.88,TRADE
NSW1,2026/07/26 07:25:00,8565.32,86.21,TRADE
NSW1,2026/07/26 07:30:00,8525.55,85.97,TRADE
NSW1,2026/07/26 07:35:00,8575.23,87.74,TRADE
NSW1,2026/07/26 07:40:00,8613.33,65.76,TRADE
NSW1,2026/07/26 07:45:00,8614.73,84.79,TRADE
NSW1,2026/07/26 07:50:00,8563.68,64.95,TRADE
NSW1,2026/07/26 07:55:00,8583.23,80.10,TRADE
NSW1,2026/07/26 08:00:00,8507.56,54.51,TRADE
NSW1,2026/07/26 08:05:00,8508.09,69.99,TRADE
NSW1,2026/07/26 08:10:00,8483.78,110.42,TRADE
NSW1,2026/07/26 08:15:00,8421.88,82.95,TRADE
NSW1,2026/07/26 08:20:00,8486,97.63,TRADE
NSW1,2026/07/26 08:25:00,8430.76,98.40,TRADE
NSW1,2026/07/26 08:30:00,8372.43,83.99,TRADE
NSW1,2026/07/26 08:35:00,8336.12,90.49,TRADE
NSW1,2026/07/26 08:40:00,8308.01,88.88,TRADE
NSW1,2026/07/26 08:45:00,8290.23,88.88,TRADE
NSW1,2026/07/26 08:50:00,8204.73,83.99,TRADE
NSW1,2026/07/26 08:55:00,8066.59,65.06,TRADE
NSW1,2026/07/26 09:00:00,8038.49,80,TRADE
NSW1,2026/07/26 09:05:00,7995.23,69.99,TRADE
NSW1,2026/07/26 09:10:00,8033.82,69.99,TRADE
NSW1,2026/07/26 09:15:00,7938.93,66.53,TRADE
NSW1,2026/07/26 09:20:00,7825.19,67.99,TRADE
NSW1,2026/07/26 09:25:00,7795.92,73.10,TRADE
NSW1,2026/07/26 09:30:00,7706.02,73.10,TRADE
NSW1,2026/07/26 09:35:00,7681.14,73.10,TRADE
NSW1,2026/07/26 09:40:00,7632.18,73.10,TRADE
NSW1,2026/07/26 09:45:00,7594.36,73.10,TRADE
NSW1,2026/07/26 09:50:00,7585.7,73.10,TRADE
NSW1,2026/07/26 09:55:00,7578.25,73.10,TRADE
NSW1,2026/07/26 10:00:00,7372.26,73.10,TRADE
NSW1,2026/07/26 10:05:00,7345.55,73.10,TRADE
NSW1,2026/07/26 10:10:00,7370.72,73.10,TRADE
NSW1,2026/07/26 10:15:00,7285.73,73.10,TRADE
NSW1,2026/07/26 10:20:00,7202.24,73.10,TRADE
NSW1,2026/07/26 10:25:00,7077.57,73.10,TRADE
NSW1,2026/07/26 10:30:00,6995.58,73.10,TRADE
NSW1,2026/07/26 10:35:00,6930.25,73.10,TRADE
NSW1,2026/07/26 10:40:00,6930.45,73.10,TRADE
NSW1,2026/07/26 10:45:00,6849.33,73.10,TRADE
NSW1,2026/07/26 10:50:00,6744.19,73.10,TRADE
NSW1,2026/07/26 10:55:00,6701.97,67.44,TRADE
NSW1,2026/07/26 11:00:00,6791.27,73.07,TRADE
NSW1,2026/07/26 11:05:00,6633.88,73.10,TRADE
NSW1,2026/07/26 11:10:00,6746.69,73.10,TRADE
NSW1,2026/07/26 11:15:00,6798.94,73.10,TRADE
NSW1,2026/07/26 11:20:00,6777.66,73.10,TRADE
NSW1,2026/07/26 11:25:00,6753.98,57.46,TRADE
NSW1,2026/07/26 11:30:00,6777.48,73.03,TRADE
NSW1,2026/07/26 11:35:00,6567.41,73.10,TRADE
NSW1,2026/07/26 11:40:00,6588.23,73.10,TRADE
NSW1,2026/07/26 11:45:00,6427.19,52.05,TRADE
NSW1,2026/07/26 11:50:00,6533.39,51.26,TRADE
NSW1,2026/07/26 11:55:00,6487.56,73.10,TRADE
NSW1,2026/07/26 12:00:00,6324.53,73.10,TRADE
NSW1,2026/07/26 12:05:00,6233.78,73.10,TRADE
NSW1,2026/07/26 12:10:00,6329.48,73.10,TRADE
NSW1,2026/07/26 12:15:00,6300.86,73.10,TRADE
NSW1,2026/07/26 12:20:00,6151.28,73.03,TRADE
NSW1,2026/07/26 12:25:00,6166.8,62.49,TRADE
NSW1,2026/07/26 12:30:00,6191.12,72,TRADE
NSW1,2026/07/26 12:35:00,6174.5,73.10,TRADE
NSW1,2026/07/26 12:40:00,6156.42,73.10,TRADE
NSW1,2026/07/26 12:45:00,6146.46,73.10,TRADE
NSW1,2026/07/26 12:50:00,6238.68,73.10,TRADE
NSW1,2026/07/26 12:55:00,6219.91,73.10,TRADE
NSW1,2026/07/26 13:00:00,6234.77,73.10,TRADE
NSW1,2026/07/26 13:05:00,6250.89,73.10,TRADE
NSW1,2026/07/26 13:10:00,6278.6,73.03,TRADE
NSW1,2026/07/26 13:15:00,6233.58,73.10,TRADE
NSW1,2026/07/26 13:20:00,6353.58,73.10,TRADE
NSW1,2026/07/26 13:25:00,6378.11,85.54,TRADE
NSW1,2026/07/26 13:30:00,6399.39,85.54,TRADE
NSW1,2026/07/26 13:35:00,6348.17,73.10,TRADE
NSW1,2026/07/26 13:40:00,6440.72,80,TRADE
NSW1,2026/07/26 13:45:00,6445.95,73.10,TRADE
NSW1,2026/07/26 13:50:00,6450.41,84.79,TRADE
NSW1,2026/07/26 13:55:00,6422.8,84.10,TRADE
NSW1,2026/07/26 14:00:00,6352.22,73.10,TRADE
NSW1,2026/07/26 14:05:00,6441.92,73.10,TRADE
NSW1,2026/07/26 14:10:00,6425.07,73.10,TRADE
NSW1,2026/07/26 14:15:00,6503.45,73.10,TRADE
NSW1,2026/07/26 14:20:00,6465.66,69.99,TRADE
NSW1,2026/07/26 14:25:00,6547.34,73.10,TRADE
NSW1,2026/07/26 14:30:00,6622.04,72,TRADE
NSW1,2026/07/26 14:35:00,6713.7,83.99,TRADE
NSW1,2026/07/26 14:40:00,6792.19,83.99,TRADE
NSW1,2026/07/26 14:45:00,6759.01,83.99,TRADE
NSW1,2026/07/26 14:50:00,6814.42,73.10,TRADE
NSW1,2026/07/26 14:55:00,6935.63,73.10,TRADE
NSW1,2026/07/26 15:00:00,7041.34,83.99,TRADE
NSW1,2026/07/26 15:05:00,7118.45,80,TRADE
NSW1,2026/07/26 15:10:00,7148.84,71.59,TRADE
NSW1,2026/07/26 15:15:00,7227.93,83.99,TRADE
NSW1,2026/07/26 15:20:00,7281.49,85.54,TRADE
NSW1,2026/07/26 15:25:00,7288.99,84.79,TRADE
NSW1,2026/07/26 15:30:00,7434.32,72,TRADE
NSW1,2026/07/26 15:35:00,7475.62,72,TRADE
NSW1,2026/07/26 15:40:00,7513.74,69.26,TRADE
NSW1,2026/07/26 15:45:00,7659.39,69.99,TRADE
NSW1,2026/07/26 15:50:00,7788.83,72,TRADE
NSW1,2026/07/26 15:55:00,7916.63,80,TRADE
NSW1,2026/07/26 16:00:00,8006.5,84.79,TRADE
NSW1,2026/07/26 16:05:00,8138.09,57.72,TRADE
NSW1,2026/07/26 16:10:00,8244.55,65.72,TRADE
NSW1,2026/07/26 16:15:00,8359.81,72.87,TRADE
NSW1,2026/07/26 16:20:00,8466.77,74.16,TRADE
NSW1,2026/07/26 16:25:00,8497.98,88.88,TRADE
NSW1,2026/07/26 16:30:00,8615.53,96.44,TRADE
NSW1,2026/07/26 16:35:00,8761.81,92.63,TRADE
NSW1,2026/07/26 16:40:00,8948.08,105.89,TRADE
NSW1,2026/07/26 16:45:00,9060.57,118.15,TRADE
NSW1,2026/07/26 16:50:00,9084.92,123.99,TRADE
NSW1,2026/07/26 16:55:00,9175.4,111.52,TRADE
NSW1,2026/07/26 17:00:00,9364.94,121.01,TRADE
NSW1,2026/07/26 17:05:00,9469.17,109.28,TRADE
NSW1,2026/07/26 17:10:00,9479.86,102.60,TRADE
NSW1,2026/07/26 17:15:00,9563.05,111.01,TRADE
NSW1,2026/07/26 17:20:00,9687.48,116.14,TRADE
NSW1,2026/07/26 17:25:00,9886.58,123.99,TRADE
NSW1,2026/07/26 17:30:00,9947.76,123.99,TRADE
NSW1,2026/07/26 17:35:00,9996.37,121.01,TRADE
NSW1,2026/07/26 17:40:00,10115.9,111.01,TRADE
NSW1,2026/07/26 17:45:00,10257.21,116.47,TRADE
NSW1,2026/07/26 17:50:00,10344,123.99,TRADE
NSW1,2026/07/26 17:55:00,10407.27,126.58,TRADE
NSW1,2026/07/26 18:00:00,10463.02,123.99,TRADE
NSW1,2026/07/26 18:05:00,10476.97,125.77,TRADE
NSW1,2026/07/26 18:10:00,10424.03,124.53,TRADE
NSW1,2026/07/26 18:15:00,10445.89,130.01,TRADE
NSW1,2026/07/26 18:20:00,10396.39,130.01,TRADE
NSW1,2026/07/26 18:25:00,10358.31,123.99,TRADE
NSW1,2026/07/26 18:30:00,10443.75,131.55,TRADE
NSW1,2026/07/26 18:35:00,10454.35,131.85,TRADE
NSW1,2026/07/26 18:40:00,10410.59,132.95,TRADE
NSW1,2026/07/26 18:45:00,10475.41,123.99,TRADE
NSW1,2026/07/26 18:50:00,10525.13,123.11,TRADE
NSW1,2026/07/26 18:55:00,10487.29,123.99,TRADE
NSW1,2026/07/26 19:00:00,10530.88,123.99,TRADE
NSW1,2026/07/26 19:05:00,10450.21,130.01,TRADE
NSW1,2026/07/26 19:10:00,10441.73,125.15,TRADE
NSW1,2026/07/26 19:15:00,10461.42,143.90,TRADE
NSW1,2026/07/26 19:20:00,10321.4,127.31,TRADE
NSW1,2026/07/26 19:25:00,10365.54,123.99,TRADE
NSW1,2026/07/26 19:30:00,10330.95,128.65,TRADE
NSW1,2026/07/26 19:35:00,10385.01,142.10,TRADE
NSW1,2026/07/26 19:40:00,10304.48,129.74,TRADE
NSW1,2026/07/26 19:45:00,10359.05,128.25,TRADE
NSW1,2026/07/26 19:50:00,10272.77,131.71,TRADE
NSW1,2026/07/26 19:55:00,10207.63,128.99,TRADE
NSW1,2026/07/26 20:00:00,10243.51,133.10,TRADE
NSW1,2026/07/26 20:05:00,10256.77,130.01,TRADE
NSW1,2026/07/26 20:10:00,10196.83,122.51,TRADE
NSW1,2026/07/26 20:15:00,10210.09,144.39,TRADE
NSW1,2026/07/26 20:20:00,10067.66,126.38,TRADE
NSW1,2026/07/26 20:25:00,10157.14,130.01,TRADE
NSW1,2026/07/26 20:30:00,10164.53,130.01,TRADE
NSW1,2026/07/26 20:35:00,10048.1,125.75,TRADE
NSW1,2026/07/26 20:40:00,10030.78,130.01,TRADE
NSW1,2026/07/26 20:45:00,9945.23,130.01,TRADE
NSW1,2026/07/26 20:50:00,9911.27,139.74,TRADE
NSW1,2026/07/26 20:55:00,9819.57,143.90,TRADE
NSW1,2026/07/26 21:00:00,9715.77,128.87,TRADE
NSW1,2026/07/26 21:05:00,9738.77,139.83,TRADE
NSW1,2026/07/26 21:10:00,9699.48,135.48,TRADE
NSW1,2026/07/26 21:15:00,9675,139.73,TRADE
NSW1,2026/07/26 21:20:00,9487.42,132.91,TRADE
NSW1,2026/07/26 21:25:00,9538.2,131.01,TRADE
NSW1,2026/07/26 21:30:00,9597.89,130.01,TRADE
NSW1,2026/07/26 21:35:00,9542.09,130.01,TRADE
NSW1,2026/07/26 21:40:00,9414.56,114.71,TRADE
NSW1,2026/07/26 21:45:00,9379.51,124.32,TRADE
NSW1,2026/07/26 21:50:00,9384.57,133.01,TRADE
NSW1,2026/07/26 21:55:00,9259.91,123.99,TRADE
NSW1,2026/07/26 22:00:00,9246.33,122.16,TRADE
NSW1,2026/07/26 22:05:00,9086.31,119.95,TRADE
NSW1,2026/07/26 22:10:00,8883.08,122.63,TRADE
NSW1,2026/07/26 22:15:00,8789.34,131.31,TRADE
NSW1,2026/07/26 22:20:00,8801.81,123.99,TRADE
NSW1,2026/07/26 22:25:00,8781.2,126.73,TRADE
NSW1,2026/07/26 22:30:00,8614.89,112.78,TRADE
NSW1,2026/07/26 22:35:00,8626.73,112.78,TRADE
NSW1,2026/07/26 22:40:00,8633.24,111.01,TRADE
NSW1,2026/07/26 22:45:00,8586.04,122.27,TRADE
NSW1,2026/07/26 22:50:00,8448.52,111.01,TRADE
NSW1,2026/07/26 22:55:00,8480.91,110.22,TRADE
NSW1,2026/07/26 23:00:00,8632.71,111.01,TRADE
NSW1,2026/07/26 23:05:00,8621.94,111.01,TRADE
NSW1,2026/07/26 23:10:00,8563.62,113.94,TRADE
NSW1,2026/07/26 23:15:00,8493.63,111.01,TRADE
NSW1,2026/07/26 23:20:00,8486.1,111.01,TRADE
NSW1,2026/07/26 23:25:00,8459.22,114.54,TRADE
NSW1,2026/07/26 23:30:00,8433.79,109.44,TRADE
NSW1,2026/07/26 23:35:00,8415.49,111.01,TRADE
NSW1,2026/07/26 23:40:00,8371.65,111.01,TRADE
NSW1,2026/07/26 23:45:00,8280.22,111.01,TRADE
NSW1,2026/07/26 23:50:00,8288.6,111.01,TRADE
NSW1,2026/07/26 23:55:00,8272.25,111.01,TRADE
NSW1,2026/07/27 00:00:00,8233.02,93.46,TRADE
NSW1,2026/07/27 00:05:00,8187.38,111.01,TRADE
NSW1,2026/07/27 00:10:00,8343.4,134.86,TRADE
NSW1,2026/07/27 00:15:00,8266.31,127.34,TRADE
NSW1,2026/07/27 00:20:00,8267.62,129.71,TRADE
NSW1,2026/07/27 00:25:00,8202.04,117.51,TRADE
NSW1,2026/07/27 00:30:00,8301.2,119.25,TRADE
NSW1,2026/07/27 00:35:00,8208.19,114.54,TRADE
NSW1,2026/07/27 00:40:00,8156.64,108.73,TRADE
NSW1,2026/07/27 00:45:00,8103.9,108.75,TRADE
NSW1,2026/07/27 00:50:00,8004.78,97.63,TRADE
NSW1,2026/07/27 00:55:00,7935.88,104.12,TRADE
NSW1,2026/07/27 01:00:00,7995.15,108.86,TRADE
NSW1,2026/07/27 01:05:00,8000.73,111.01,TRADE
NSW1,2026/07/27 01:10:00,7854.41,99.20,TRADE
NSW1,2026/07/27 01:15:00,7919.25,110.29,TRADE
NSW1,2026/07/27 01:20:00,7871.02,111.01,TRADE
NSW1,2026/07/27 01:25:00,7825.07,99.20,TRADE
NSW1,2026/07/27 01:30:00,7747.64,99.20,TRADE
NSW1,2026/07/27 01:35:00,7626.48,99.01,TRADE
NSW1,2026/07/27 01:40:00,7671.73,99.01,TRADE
NSW1,2026/07/27 01:45:00,7669.47,99.01,TRADE
NSW1,2026/07/27 01:50:00,7676.6,99.20,TRADE
NSW1,2026/07/27 01:55:00,7616.58,99.01,TRADE
NSW1,2026/07/27 02:00:00,7619.94,99.49,TRADE
NSW1,2026/07/27 02:05:00,7593.98,104.50,TRADE
NSW1,2026/07/27 02:10:00,7580.58,100.28,TRADE
NSW1,2026/07/27 02:15:00,7457.58,100.31,TRADE
NSW1,2026/07/27 02:20:00,7424.2,99.20,TRADE
NSW1,2026/07/27 02:25:00,7435.71,99.08,TRADE
NSW1,2026/07/27 02:30:00,7432.52,97.03,TRADE
NSW1,2026/07/27 02:35:00,7380.61,99.01,TRADE
NSW1,2026/07/27 02:40:00,7352.92,99.20,TRADE
NSW1,2026/07/27 02:45:00,7365.57,99.01,TRADE
NSW1,2026/07/27 02:50:00,7393.77,99.01,TRADE
NSW1,2026/07/27 02:55:00,7389.4,99.01,TRADE
NSW1,2026/07/27 03:00:00,7320.86,99.01,TRADE
NSW1,2026/07/27 03:05:00,7304.46,97.42,TRADE
NSW1,2026/07/27 03:10:00,7290.08,99.01,TRADE
NSW1,2026/07/27 03:15:00,7353.74,99.20,TRADE
NSW1,2026/07/27 03:20:00,7354.09,97.63,TRADE
NSW1,2026/07/27 03:25:00,7371.7,99.20,TRADE
NSW1,2026/07/27 03:30:00,7298.31,99.20,TRADE
NSW1,2026/07/27 03:35:00,7296.53,99.01,TRADE
NSW1,2026/07/27 03:40:00,7336.13,99.20,TRADE
NSW1,2026/07/27 03:45:00,7375.06,91.89,TRADE
NSW1,2026/07/27 03:50:00,7387.17,97.63,TRADE
NSW1,2026/07/27 03:55:00,7357.06,99.01,TRADE
NSW1,2026/07/27 04:00:00,7323.03,99.01,TRADE
NSW1,2026/07/27 04:05:00,7308.12,88.88,TRADE
NSW1,2026/07/27 04:10:00,7484.67,99.20,TRADE
NSW1,2026/07/27 04:15:00,7518.46,103.27,TRADE
NSW1,2026/07/27 04:20:00,7564.63,103.46,TRADE
NSW1,2026/07/27 04:25:00,7541.94,104.08,TRADE
NSW1,2026/07/27 04:30:00,7586.43,100.10,TRADE
NSW1,2026/07/27 04:35:00,7641.56,106.02,TRADE
NSW1,2026/07/27 04:40:00,7654.77,109.06,TRADE
NSW1,2026/07/27 04:45:00,7609.69,99.20,TRADE
NSW1,2026/07/27 04:50:00,7635.24,106.52,TRADE
NSW1,2026/07/27 04:55:00,7750.53,111.01,TRADE
NSW1,2026/07/27 05:00:00,7735.33,111.01,TRADE
NSW1,2026/07/27 05:05:00,7806.94,97.63,TRADE
NSW1,2026/07/27 05:10:00,7886.73,102.20,TRADE
NSW1,2026/07/27 05:15:00,7996.56,106.39,TRADE
NSW1,2026/07/27 05:20:00,8098.34,111.01,TRADE
NSW1,2026/07/27 05:25:00,8166.78,111.01,TRADE
NSW1,2026/07/27 05:30:00,8148.35,120.93,TRADE
NSW1,2026/07/27 05:35:00,8161.18,111.01,TRADE
NSW1,2026/07/27 05:40:00,8203.51,111.01,TRADE
NSW1,2026/07/27 05:45:00,8346.23,112.78,TRADE
NSW1,2026/07/27 05:50:00,8416.64,114.54,TRADE
NSW1,2026/07/27 05:55:00,8518.86,123.09,TRADE
NSW1,2026/07/27 06:00:00,8513.01,123.99,TRADE
NSW1,2026/07/27 06:05:00,8686.49,100.65,TRADE
NSW1,2026/07/27 06:10:00,8937.14,112.78,TRADE
NSW1,2026/07/27 06:15:00,9086.05,113.20,TRADE
NSW1,2026/07/27 06:20:00,9274.27,123.99,TRADE
NSW1,2026/07/27 06:25:00,9320.88,122.95,TRADE
NSW1,2026/07/27 06:30:00,9444.52,133.10,TRADE
NSW1,2026/07/27 06:35:00,9593.98,126.35,TRADE
NSW1,2026/07/27 06:40:00,9821.64,169.25,TRADE
NSW1,2026/07/27 06:45:00,9933.27,230.59,TRADE
NSW1,2026/07/27 06:50:00,9850.24,169.25,TRADE
NSW1,2026/07/27 06:55:00,9998.12,311.91,TRADE
NSW1,2026/07/27 07:00:00,10043.97,265.07,TRADE
NSW1,2026/07/27 07:05:00,10209.33,230.59,TRADE
NSW1,2026/07/27 07:10:00,10264.15,234.56,TRADE
NSW1,2026/07/27 07:15:00,10458.44,259.65,TRADE
NSW1,2026/07/27 07:20:00,10428.11,180.67,TRADE
NSW1,2026/07/27 07:25:00,10657.28,179.35,TRADE
NSW1,2026/07/27 07:30:00,10636.68,174.53,TRADE
NSW1,2026/07/27 07:35:00,10626.73,178.39,TRADE
NSW1,2026/07/27 07:40:00,10609.9,158.59,TRADE
NSW1,2026/07/27 07:45:00,10623.76,142.05,TRADE
NSW1,2026/07/27 07:50:00,10634.63,115.98,TRADE
NSW1,2026/07/27 07:55:00,10620.41,132.15,TRADE
NSW1,2026/07/27 08:00:00,10586.23,111.60,TRADE
NSW1,2026/07/27 08:05:00,10498.74,112.78,TRADE
NSW1,2026/07/27 08:10:00,10510.33,112.78,TRADE
NSW1,2026/07/27 08:15:00,10397.32,111,TRADE
NSW1,2026/07/27 08:20:00,10379.22,100.65,TRADE
NSW1,2026/07/27 08:25:00,10292.39,97.63,TRADE
NSW1,2026/07/27 08:30:00,10240.75,82.95,TRADE
NSW1,2026/07/27 08:35:00,10158.28,128.64,TRADE
NSW1,2026/07/27 08:40:00,9999.18,112.78,TRADE
NSW1,2026/07/27 08:45:00,9903.6,97.63,TRADE
NSW1,2026/07/27 08:50:00,9837.96,83.99,TRADE
NSW1,2026/07/27 08:55:00,9841.31,83.99,TRADE
NSW1,2026/07/27 09:00:00,9834.24,95.95,TRADE
NSW1,2026/07/27 09:05:00,9765.45,67.99,TRADE
NSW1,2026/07/27 09:10:00,9794,95.95,TRADE
NSW1,2026/07/27 09:15:00,9704.74,66.53,TRADE
NSW1,2026/07/27 09:20:00,9710.73,83.99,TRADE
NSW1,2026/07/27 09:25:00,9573.58,80,TRADE
NSW1,2026/07/27 09:30:00,9429.59,58.10,TRADE
NSW1,2026/07/27 09:35:00,9377.28,66.53,TRADE
NSW1,2026/07/27 09:40:00,9348.12,80,TRADE
NSW1,2026/07/27 09:45:00,9250.74,80,TRADE
NSW1,2026/07/27 09:50:00,9080.47,83.99,TRADE
NSW1,2026/07/27 09:55:00,9046.26,73.15,TRADE
NSW1,2026/07/27 10:00:00,8937.18,69.99,TRADE
NSW1,2026/07/27 10:05:00,8804.7,85.54,TRADE
NSW1,2026/07/27 10:10:00,8711.96,85.54,TRADE
NSW1,2026/07/27 10:15:00,8584.73,73.15,TRADE
NSW1,2026/07/27 10:20:00,8484.37,80,TRADE
NSW1,2026/07/27 10:25:00,8407.46,83.99,TRADE
NSW1,2026/07/27 10:30:00,8296.23,85.54,TRADE
NSW1,2026/07/27 10:35:00,8191.06,83.99,TRADE
NSW1,2026/07/27 10:40:00,8114.08,83.99,TRADE
NSW1,2026/07/27 10:45:00,8042.25,64.69,TRADE
NSW1,2026/07/27 10:50:00,8094.57,69.99,TRADE
NSW1,2026/07/27 10:55:00,8009.13,64.95,TRADE
NSW1,2026/07/27 11:00:00,7944.63,50.87,TRADE
NSW1,2026/07/27 11:05:00,7916.56,68.02,TRADE
NSW1,2026/07/27 11:10:00,7876.09,85.54,TRADE
NSW1,2026/07/27 11:15:00,7771.88,85.54,TRADE
NSW1,2026/07/27 11:20:00,7658.57,73.06,TRADE
NSW1,2026/07/27 11:25:00,7654.33,88.88,TRADE
NSW1,2026/07/27 11:30:00,7478.21,84.79,TRADE
NSW1,2026/07/27 11:35:00,7466.93,84.79,TRADE
NSW1,2026/07/27 11:40:00,7451.03,84.79,TRADE
NSW1,2026/07/27 11:45:00,7346.98,73.05,TRADE
NSW1,2026/07/27 11:50:00,7338.67,83.99,TRADE
NSW1,2026/07/27 11:55:00,7254.26,72.96,TRADE
NSW1,2026/07/27 12:00:00,7190.48,66,TRADE
NSW1,2026/07/27 12:05:00,7300.43,64.95,TRADE
NSW1,2026/07/27 12:10:00,7265.14,65.07,TRADE
NSW1,2026/07/27 12:15:00,7330.95,65.10,TRADE
NSW1,2026/07/27 12:20:00,7184.1,56.31,TRADE
NSW1,2026/07/27 12:25:00,7238.27,66,TRADE
NSW1,2026/07/27 12:30:00,7151.84,66.65,TRADE
NSW1,2026/07/27 12:35:00,7171.71,67.94,TRADE
NSW1,2026/07/27 12:40:00,7143.73,68.40,TRADE
NSW1,2026/07/27 12:45:00,6990.18,66.67,TRADE
NSW1,2026/07/27 12:50:00,7112.74,68.53,TRADE
NSW1,2026/07/27 12:55:00,7083.01,68.02,TRADE
NSW1,2026/07/27 13:00:00,7023.8,66.72,TRADE
NSW1,2026/07/27 13:05:00,6982.65,65.16,TRADE
NSW1,2026/07/27 13:10:00,7055.2,73.08,TRADE
NSW1,2026/07/27 13:15:00,7095.25,77.96,TRADE
NSW1,2026/07/27 13:20:00,7035.46,65.03,TRADE
NSW1,2026/07/27 13:25:00,7075.89,65.05,TRADE
NSW1,2026/07/27 13:30:00,7093.31,66.77,TRADE
NSW1,2026/07/27 13:35:00,7104.23,65.03,TRADE
NSW1,2026/07/27 13:40:00,7193.99,73.07,TRADE
NSW1,2026/07/27 13:45:00,7079.93,66.80,TRADE
NSW1,2026/07/27 13:50:00,7019.61,69.99,TRADE
NSW1,2026/07/27 13:55:00,7072.78,69.99,TRADE
NSW1,2026/07/27 14:00:00,7144.29,67.05,TRADE
NSW1,2026/07/27 14:05:00,7224.39,67.07,TRADE
NSW1,2026/07/27 14:10:00,7127.66,66.53,TRADE
NSW1,2026/07/27 14:15:00,7097.42,66.53,TRADE
NSW1,2026/07/27 14:20:00,7103.73,57.39,TRADE
NSW1,2026/07/27 14:25:00,7207.25,57.39,TRADE
NSW1,2026/07/27 14:30:00,7216.5,65.25,TRADE
NSW1,2026/07/27 14:35:00,7295.67,57.39,TRADE
NSW1,2026/07/27 14:40:00,7228.86,44.34,TRADE
NSW1,2026/07/27 14:45:00,7221.54,42.56,TRADE
NSW1,2026/07/27 14:50:00,7345.08,45.71,TRADE
NSW1,2026/07/27 14:55:00,7461.94,45.08,TRADE
NSW1,2026/07/27 15:00:00,7404.58,65.10,TRADE
NSW1,2026/07/27 15:05:00,7454.14,62.42,TRADE
NSW1,2026/07/27 15:10:00,7552.16,29.91,TRADE
NSW1,2026/07/27 15:15:00,7662.07,67.99,TRADE
NSW1,2026/07/27 15:20:00,7636.33,57.39,TRADE
NSW1,2026/07/27 15:25:00,7776.03,80,TRADE
NSW1,2026/07/27 15:30:00,7854.7,69.99,TRADE
NSW1,2026/07/27 15:35:00,7928.57,42.54,TRADE
NSW1,2026/07/27 15:40:00,7928.44,42.54,TRADE
NSW1,2026/07/27 15:45:00,8072.91,57.39,TRADE
NSW1,2026/07/27 15:50:00,8198.3,80,TRADE
NSW1,2026/07/27 15:55:00,8324.74,91.24,TRADE
NSW1,2026/07/27 16:00:00,8392.31,92.02,TRADE
NSW1,2026/07/27 16:05:00,8447.02,111,TRADE
NSW1,2026/07/27 16:10:00,8557.43,106.52,TRADE
NSW1,2026/07/27 16:15:00,8744.17,113.58,TRADE
NSW1,2026/07/27 16:20:00,8885.85,138.79,TRADE
NSW1,2026/07/27 16:25:00,8927.56,135.97,TRADE
NSW1,2026/07/27 16:30:00,8980.8,143.90,TRADE
NSW1,2026/07/27 16:35:00,9125.22,123.99,TRADE
NSW1,2026/07/27 16:40:00,9356.74,121.10,TRADE
NSW1,2026/07/27 16:45:00,9485.27,147.88,TRADE
NSW1,2026/07/27 16:50:00,9381.8,147.88,TRADE
NSW1,2026/07/27 16:55:00,9599.6,159.60,TRADE
NSW1,2026/07/27 17:00:00,9631.29,156.44,TRADE
NSW1,2026/07/27 17:05:00,9744.09,153.19,TRADE
NSW1,2026/07/27 17:10:00,9866.11,158.26,TRADE
NSW1,2026/07/27 17:15:00,9858.8,156.19,TRADE
NSW1,2026/07/27 17:20:00,10088.53,169.25,TRADE
NSW1,2026/07/27 17:25:00,10201.28,169.25,TRADE
NSW1,2026/07/27 17:30:00,10341.01,205.38,TRADE
NSW1,2026/07/27 17:35:00,10366.88,158.86,TRADE
NSW1,2026/07/27 17:40:00,10587.68,209.63,TRADE
NSW1,2026/07/27 17:45:00,10570.45,163.88,TRADE
NSW1,2026/07/27 17:50:00,10684.01,168.31,TRADE
NSW1,2026/07/27 17:55:00,10674.55,207.45,TRADE
NSW1,2026/07/27 18:00:00,10795.5,230.59,TRADE
NSW1,2026/07/27 18:05:00,10719.88,188.66,TRADE
NSW1,2026/07/27 18:10:00,10697.6,147.88,TRADE
NSW1,2026/07/27 18:15:00,10841.64,299.99,TRADE
NSW1,2026/07/27 18:20:00,10662.93,156.53,TRADE
NSW1,2026/07/27 18:25:00,10800.06,194.75,TRADE
NSW1,2026/07/27 18:30:00,10682.28,158.56,TRADE
NSW1,2026/07/27 18:35:00,10764.3,253.82,TRADE
NSW1,2026/07/27 18:40:00,10672.62,163.87,TRADE
NSW1,2026/07/27 18:45:00,10718.92,133.79,TRADE
NSW1,2026/07/27 18:50:00,10839.45,123.99,TRADE
NSW1,2026/07/27 18:55:00,10770.84,131.88,TRADE
NSW1,2026/07/27 19:00:00,10762.58,126.69,TRADE
NSW1,2026/07/27 19:05:00,10828.13,127.89,TRADE
NSW1,2026/07/27 19:10:00,10729.92,126.69,TRADE
NSW1,2026/07/27 19:15:00,10660,123.99,TRADE
NSW1,2026/07/27 19:20:00,10674.15,123.99,TRADE
NSW1,2026/07/27 19:25:00,10741.09,129.99,TRADE
NSW1,2026/07/27 19:30:00,10602.51,112.78,TRADE
NSW1,2026/07/27 19:35:00,10660.9,112.78,TRADE
NSW1,2026/07/27 19:40:00,10687.43,117.13,TRADE
NSW1,2026/07/27 19:45:00,10659.51,112.78,TRADE
NSW1,2026/07/27 19:50:00,10653.91,120.51,TRADE
NSW1,2026/07/27 19:55:00,10581.32,112.83,TRADE
NSW1,2026/07/27 20:00:00,10532.84,112.78,TRADE
NSW1,2026/07/27 20:05:00,10503.33,113.94,TRADE
NSW1,2026/07/27 20:10:00,10421.16,112.78,TRADE
NSW1,2026/07/27 20:15:00,10446.82,115.75,TRADE
NSW1,2026/07/27 20:20:00,10459.45,115.85,TRADE
NSW1,2026/07/27 20:25:00,10445.28,112.78,TRADE
NSW1,2026/07/27 20:30:00,10429.15,112.78,TRADE
NSW1,2026/07/27 20:35:00,10391.17,123.99,TRADE
NSW1,2026/07/27 20:40:00,10253.76,123.99,TRADE
NSW1,2026/07/27 20:45:00,10239.11,116.90,TRADE
NSW1,2026/07/27 20:50:00,10242.61,123.99,TRADE
NSW1,2026/07/27 20:55:00,10140.05,118.72,TRADE
NSW1,2026/07/27 21:00:00,10076.72,123.99,TRADE
NSW1,2026/07/27 21:05:00,10026.46,113.86,TRADE
NSW1,2026/07/27 21:10:00,10062.84,117.21,TRADE
NSW1,2026/07/27 21:15:00,9995.72,115.30,TRADE
NSW1,2026/07/27 21:20:00,10009.46,118.07,TRADE
NSW1,2026/07/27 21:25:00,9930.58,123.99,TRADE
NSW1,2026/07/27 21:30:00,9813.38,111.93,TRADE
NSW1,2026/07/27 21:35:00,9765.39,111.20,TRADE
NSW1,2026/07/27 21:40:00,9717.04,111,TRADE
NSW1,2026/07/27 21:45:00,9616.38,111,TRADE
NSW1,2026/07/27 21:50:00,9495.64,111,TRADE
NSW1,2026/07/27 21:55:00,9439.13,97.63,TRADE
NSW1,2026/07/27 22:00:00,9411.54,97.63,TRADE
NSW1,2026/07/27 22:05:00,9351.73,97.63,TRADE
NSW1,2026/07/27 22:10:00,9392.03,109.47,TRADE
NSW1,2026/07/27 22:15:00,9328.61,97.63,TRADE
NSW1,2026/07/27 22:20:00,9346.13,97.63,TRADE
NSW1,2026/07/27 22:25:00,9244.86,92.02,TRADE
NSW1,2026/07/27 22:30:00,9217.68,88.18,TRADE
NSW1,2026/07/27 22:35:00,9155.14,94.61,TRADE
NSW1,2026/07/27 22:40:00,9045.84,93.97,TRADE
NSW1,2026/07/27 22:45:00,8998.78,89.46,TRADE
NSW1,2026/07/27 22:50:00,8980.85,88.88,TRADE
NSW1,2026/07/27 22:55:00,8891.96,84.79,TRADE
NSW1,2026/07/27 23:00:00,8807.62,82.73,TRADE
NSW1,2026/07/27 23:05:00,8770.17,83.99,TRADE
NSW1,2026/07/27 23:10:00,8736.93,84.79,TRADE
NSW1,2026/07/27 23:15:00,8703.69,83.99,TRADE
NSW1,2026/07/27 23:20:00,8610,83.99,TRADE
NSW1,2026/07/27 23:25:00,8580.16,84.11,TRADE
NSW1,2026/07/27 23:30:00,8488.73,80,TRADE
NSW1,2026/07/27 23:35:00,8422.68,80,TRADE
NSW1,2026/07/27 23:40:00,8408.94,83.70,TRADE
NSW1,2026/07/27 23:45:00,8407.38,83.99,TRADE
NSW1,2026/07/27 23:50:00,8374.06,78.59,TRADE
NSW1,2026/07/27 23:55:00,8241.4,80,TRADE
NSW1,2026/07/28 00:00:00,8387.83,80,TRADE
NSW1,2026/07/28 00:05:00,8338.97,80,TRADE
NSW1,2026/07/28 00:10:00,8409.29,83.99,TRADE
NSW1,2026/07/28 00:15:00,8417.56,83.99,TRADE
NSW1,2026/07/28 00:20:00,8403.33,88.88,TRADE
NSW1,2026/07/28 00:25:00,8328.32,80,TRADE
NSW1,2026/07/28 00:30:00,8355.77,83.34,TRADE
NSW1,2026/07/28 00:35:00,8324.08,80,TRADE
NSW1,2026/07/28 00:40:00,8256.99,80,TRADE
NSW1,2026/07/28 00:45:00,8143.49,76.98,TRADE
NSW1,2026/07/28 00:50:00,8106.76,80,TRADE
NSW1,2026/07/28 00:55:00,8133.54,80,TRADE
NSW1,2026/07/28 01:00:00,8094.41,71.57,TRADE
NSW1,2026/07/28 01:05:00,8119.17,80,TRADE
NSW1,2026/07/28 01:10:00,8182.01,90.97,TRADE
NSW1,2026/07/28 01:15:00,8134.71,73.10,TRADE
NSW1,2026/07/28 01:20:00,8124.54,73.93,TRADE
NSW1,2026/07/28 01:25:00,8140.27,80,TRADE
NSW1,2026/07/28 01:30:00,8105.37,80,TRADE
NSW1,2026/07/28 01:35:00,8034.85,85.54,TRADE
NSW1,2026/07/28 01:40:00,7904.04,80,TRADE
NSW1,2026/07/28 01:45:00,7813.82,79.60,TRADE
NSW1,2026/07/28 01:50:00,7803.22,80,TRADE
NSW1,2026/07/28 01:55:00,7754.76,73.50,TRADE
NSW1,2026/07/28 02:00:00,7736.65,80,TRADE
NSW1,2026/07/28 02:05:00,7701.21,73.55,TRADE
NSW1,2026/07/28 02:10:00,7612.53,73.10,TRADE
NSW1,2026/07/28 02:15:00,7568.5,73.10,TRADE
NSW1,2026/07/28 02:20:00,7595.96,73.10,TRADE
NSW1,2026/07/28 02:25:00,7572.65,77.64,TRADE
NSW1,2026/07/28 02:30:00,7547.48,72.97,TRADE
NSW1,2026/07/28 02:35:00,7466.64,66.53,TRADE
NSW1,2026/07/28 02:40:00,7472.53,66.96,TRADE
NSW1,2026/07/28 02:45:00,7448.81,71.10,TRADE
NSW1,2026/07/28 02:50:00,7407.9,69.99,TRADE
NSW1,2026/07/28 02:55:00,7387.76,69.76,TRADE
NSW1,2026/07/28 03:00:00,7363.58,69.99,TRADE
NSW1,2026/07/28 03:05:00,7243.12,66.53,TRADE
NSW1,2026/07/28 03:10:00,7330.75,69.99,TRADE
NSW1,2026/07/28 03:15:00,7304.37,69.75,TRADE
NSW1,2026/07/28 03:20:00,7242.42,66.53,TRADE
NSW1,2026/07/28 03:25:00,7270.19,66.53,TRADE
NSW1,2026/07/28 03:30:00,7239.53,66.53,TRADE
NSW1,2026/07/28 03:35:00,7253.25,68.02,TRADE
NSW1,2026/07/28 03:40:00,7293.56,71.27,TRADE
NSW1,2026/07/28 03:45:00,7309.86,66.53,TRADE
NSW1,2026/07/28 03:50:00,7343.19,66.53,TRADE
NSW1,2026/07/28 03:55:00,7256.79,66.53,TRADE
NSW1,2026/07/28 04:00:00,7310.6,66.53,TRADE
NSW1,2026/07/28 04:05:00,7341.86,72.96,TRADE
NSW1,2026/07/28 04:10:00,7337.86,68.02,TRADE
NSW1,2026/07/28 04:15:00,7259.17,66.53,TRADE
NSW1,2026/07/28 04:20:00,7262.37,66.53,TRADE
NSW1,2026/07/28 04:25:00,7264.64,66.53,TRADE
NSW1,2026/07/28 04:30:00,7317.77,68.02,TRADE
NSW1,2026/07/28 04:35:00,7369.2,66.53,TRADE
NSW1,2026/07/28 04:40:00,7317.35,66.53,TRADE
NSW1,2026/07/28 04:45:00,7358.58,71.43,TRADE
NSW1,2026/07/28 04:50:00,7361.29,66.53,TRADE
NSW1,2026/07/28 04:55:00,7444.12,69.99,TRADE
NSW1,2026/07/28 05:00:00,7445.07,71.40,TRADE
NSW1,2026/07/28 05:05:00,7585.65,66.53,TRADE
NSW1,2026/07/28 05:10:00,7687.71,66.53,TRADE
NSW1,2026/07/28 05:15:00,7741.45,66.53,TRADE
NSW1,2026/07/28 05:20:00,7774.33,69.99,TRADE
NSW1,2026/07/28 05:25:00,7873.37,76.12,TRADE
NSW1,2026/07/28 05:30:00,7819.6,76.42,TRADE
NSW1,2026/07/28 05:35:00,7932.66,69.99,TRADE
NSW1,2026/07/28 05:40:00,8072.2,80.99,TRADE
NSW1,2026/07/28 05:45:00,8065.89,83.06,TRADE
NSW1,2026/07/28 05:50:00,8275.91,95,TRADE
NSW1,2026/07/28 05:55:00,8411.23,95,TRADE
NSW1,2026/07/28 06:00:00,8464.05,95,TRADE
NSW1,2026/07/28 06:05:00,8600.15,91.67,TRADE
NSW1,2026/07/28 06:10:00,8781.79,92.10,TRADE
NSW1,2026/07/28 06:15:00,8873.9,95.95,TRADE
NSW1,2026/07/28 06:20:00,9102.14,97.55,TRADE
NSW1,2026/07/28 06:25:00,9163.28,97.55,TRADE
NSW1,2026/07/28 06:30:00,9295.23,97.55,TRADE
NSW1,2026/07/28 06:35:00,9401.9,95,TRADE
NSW1,2026/07/28 06:40:00,9545.78,97.55,TRADE
NSW1,2026/07/28 06:45:00,9711.31,101.10,TRADE
NSW1,2026/07/28 06:50:00,9822.23,101.80,TRADE
NSW1,2026/07/28 06:55:00,9996.39,113.94,TRADE
NSW1,2026/07/28 07:00:00,10064.02,128.57,TRADE
NSW1,2026/07/28 07:05:00,10154.42,134.33,TRADE
NSW1,2026/07/28 07:10:00,9968.49,125.93,TRADE
NSW1,2026/07/28 07:15:00,10131.73,121.10,TRADE
NSW1,2026/07/28 07:20:00,10183.8,119.19,TRADE
NSW1,2026/07/28 07:25:00,10243.09,126.63,TRADE
NSW1,2026/07/28 07:30:00,10156.71,134.85,TRADE
NSW1,2026/07/28 07:35:00,10177.03,129.34,TRADE
NSW1,2026/07/28 07:40:00,10154.83,101.10,TRADE
NSW1,2026/07/28 07:45:00,10148.4,84.17,TRADE
NSW1,2026/07/28 07:50:00,10282.49,82.95,TRADE
NSW1,2026/07/28 07:55:00,10358.92,83.99,TRADE
NSW1,2026/07/28 08:00:00,10285.15,82.95,TRADE
NSW1,2026/07/28 08:05:00,10176.08,88.97,TRADE
NSW1,2026/07/28 08:10:00,10044.13,83.99,TRADE
NSW1,2026/07/28 08:15:00,9974.61,81,TRADE
NSW1,2026/07/28 08:20:00,9913.32,84.79,TRADE
NSW1,2026/07/28 08:25:00,9803.51,81,TRADE
NSW1,2026/07/28 08:30:00,9698.31,75.70,TRADE
NSW1,2026/07/28 08:35:00,9545.01,64.17,TRADE
NSW1,2026/07/28 08:40:00,9455.33,61.67,TRADE
NSW1,2026/07/28 08:45:00,9297.46,43.66,TRADE
NSW1,2026/07/28 08:50:00,9188.42,44.04,TRADE
NSW1,2026/07/28 08:55:00,9058.81,43.24,TRADE
NSW1,2026/07/28 09:00:00,8832.54,28.60,TRADE
NSW1,2026/07/28 09:05:00,8759.39,43.05,TRADE
NSW1,2026/07/28 09:10:00,8736.56,60.03,TRADE
NSW1,2026/07/28 09:15:00,8602.29,59.84,TRADE
NSW1,2026/07/28 09:20:00,8472.16,43.05,TRADE
NSW1,2026/07/28 09:25:00,8337.53,34.20,TRADE
NSW1,2026/07/28 09:30:00,8310.94,51.95,TRADE
NSW1,2026/07/28 09:35:00,8133.83,51.95,TRADE
NSW1,2026/07/28 09:40:00,8075.44,45.77,TRADE
NSW1,2026/07/28 09:45:00,8002.71,42.80,TRADE
NSW1,2026/07/28 09:50:00,7907.71,42.80,TRADE
NSW1,2026/07/28 09:55:00,7954.32,35.40,TRADE
NSW1,2026/07/28 10:00:00,7877.53,33.79,TRADE
NSW1,2026/07/28 10:05:00,7756.54,33.73,TRADE
NSW1,2026/07/28 10:10:00,7696.94,35.01,TRADE
NSW1,2026/07/28 10:15:00,7679.01,45.71,TRADE
NSW1,2026/07/28 10:20:00,7592.81,51.95,TRADE
NSW1,2026/07/28 10:25:00,7521.61,34.77,TRADE
NSW1,2026/07/28 10:30:00,7406.3,41.88,TRADE
NSW1,2026/07/28 10:35:00,7343.43,51.95,TRADE
NSW1,2026/07/28 10:40:00,7113.06,46.94,TRADE
NSW1,2026/07/28 10:45:00,7105.66,46.95,TRADE
NSW1,2026/07/28 10:50:00,7007.65,34.38,TRADE
NSW1,2026/07/28 10:55:00,6913.01,34.52,TRADE
NSW1,2026/07/28 11:00:00,6920.61,42.08,TRADE
NSW1,2026/07/28 11:05:00,6843.75,43.05,TRADE
NSW1,2026/07/28 11:10:00,6891.82,46.61,TRADE
NSW1,2026/07/28 11:15:00,6846.5,45.47,TRADE
NSW1,2026/07/28 11:20:00,6844.45,43.05,TRADE
NSW1,2026/07/28 11:25:00,6800.39,45.18,TRADE
NSW1,2026/07/28 11:30:00,6606.64,42.80,TRADE
NSW1,2026/07/28 11:35:00,6609.41,43.05,TRADE
NSW1,2026/07/28 11:40:00,6614.55,48.86,TRADE
NSW1,2026/07/28 11:45:00,6547.12,43.45,TRADE
NSW1,2026/07/28 11:50:00,6527.64,43.77,TRADE
NSW1,2026/07/28 11:55:00,6469.44,43.05,TRADE
NSW1,2026/07/28 12:00:00,6401.39,42.59,TRADE
NSW1,2026/07/28 12:05:00,6383.98,42.94,TRADE
NSW1,2026/07/28 12:10:00,6336.74,47.08,TRADE
NSW1,2026/07/28 12:15:00,6329.93,47.69,TRADE
NSW1,2026/07/28 12:20:00,6256.83,43.05,TRADE
NSW1,2026/07/28 12:25:00,6198.52,43.05,TRADE
NSW1,2026/07/28 12:30:00,6180.9,51.95,TRADE
NSW1,2026/07/28 12:35:00,6233.21,51.95,TRADE
NSW1,2026/07/28 12:40:00,6225.19,52.18,TRADE
NSW1,2026/07/28 12:45:00,6095.59,42.44,TRADE
NSW1,2026/07/28 12:50:00,6237.12,42.46,TRADE
NSW1,2026/07/28 12:55:00,6243.41,51.95,TRADE
NSW1,2026/07/28 13:00:00,6269.53,51.95,TRADE
NSW1,2026/07/28 13:05:00,6153.16,41.14,TRADE
NSW1,2026/07/28 13:10:00,6265.98,41.69,TRADE
NSW1,2026/07/28 13:15:00,6355.51,51.95,TRADE
NSW1,2026/07/28 13:20:00,6255.82,43.67,TRADE
NSW1,2026/07/28 13:25:00,6228.54,42.80,TRADE
NSW1,2026/07/28 13:30:00,6300.49,50.22,TRADE
NSW1,2026/07/28 13:35:00,6291.4,56.15,TRADE
NSW1,2026/07/28 13:40:00,6231.75,43.88,TRADE
NSW1,2026/07/28 13:45:00,6322.1,44.26,TRADE
NSW1,2026/07/28 13:50:00,6412.49,43.24,TRADE
NSW1,2026/07/28 13:55:00,6509.12,61.23,TRADE
NSW1,2026/07/28 14:00:00,6407.47,38.45,TRADE
NSW1,2026/07/28 14:05:00,6425.27,23.99,TRADE
NSW1,2026/07/28 14:10:00,6460.54,23.99,TRADE
NSW1,2026/07/28 14:15:00,6531.45,27.84,TRADE
NSW1,2026/07/28 14:20:00,6585.09,42.55,TRADE
NSW1,2026/07/28 14:25:00,6496.76,37.82,TRADE
NSW1,2026/07/28 14:30:00,6621.92,42.08,TRADE
NSW1,2026/07/28 14:35:00,6635.01,37.06,TRADE
NSW1,2026/07/28 14:40:00,6802.56,46.43,TRADE
NSW1,2026/07/28 14:45:00,6773.84,38.87,TRADE
NSW1,2026/07/28 14:50:00,6797.48,41.76,TRADE
NSW1,2026/07/28 14:55:00,6941.39,42.58,TRADE
NSW1,2026/07/28 15:00:00,6989.23,40.12,TRADE
NSW1,2026/07/28 15:05:00,7106.72,27.40,TRADE
NSW1,2026/07/28 15:10:00,7093.05,0.01,TRADE
NSW1,2026/07/28 15:15:00,7244.05,22.08,TRADE
NSW1,2026/07/28 15:20:00,7328.15,27.09,TRADE
NSW1,2026/07/28 15:25:00,7493.35,4.65,TRADE
NSW1,2026/07/28 15:30:00,7500.85,0.01,TRADE
NSW1,2026/07/28 15:35:00,7575.48,13.20,TRADE
NSW1,2026/07/28 15:40:00,7734.27,13.20,TRADE
NSW1,2026/07/28 15:45:00,7871.85,39.57,TRADE
NSW1,2026/07/28 15:50:00,7944.95,63.72,TRADE
NSW1,2026/07/28 15:55:00,8009.01,63.72,TRADE
NSW1,2026/07/28 16:00:00,8105.88,69.99,TRADE
NSW1,2026/07/28 16:05:00,8195.37,64.95,TRADE
NSW1,2026/07/28 16:10:00,8314.68,64.89,TRADE
NSW1,2026/07/28 16:15:00,8442.4,64.89,TRADE
NSW1,2026/07/28 16:20:00,8423.58,64.89,TRADE
NSW1,2026/07/28 16:25:00,8526.38,78.26,TRADE
NSW1,2026/07/28 16:30:00,8778.2,86.97,TRADE
NSW1,2026/07/28 16:35:00,8872.51,76,TRADE
NSW1,2026/07/28 16:40:00,8886.18,95,TRADE
NSW1,2026/07/28 16:45:00,9094.46,97.90,TRADE
NSW1,2026/07/28 16:50:00,9220.67,113.50,TRADE
NSW1,2026/07/28 16:55:00,9076.72,112.78,TRADE
NSW1,2026/07/28 17:00:00,9212.2,95,TRADE
NSW1,2026/07/28 17:05:00,9441.04,100.79,TRADE
NSW1,2026/07/28 17:10:00,9547.74,112.78,TRADE
NSW1,2026/07/28 17:15:00,9450.69,95,TRADE
NSW1,2026/07/28 17:20:00,9707.67,101.10,TRADE
NSW1,2026/07/28 17:25:00,9783.4,109.93,TRADE
NSW1,2026/07/28 17:30:00,9946.36,112.78,TRADE
NSW1,2026/07/28 17:35:00,9976.71,95,TRADE
NSW1,2026/07/28 17:40:00,10174.37,90.49,TRADE
NSW1,2026/07/28 17:45:00,10388.8,101.10,TRADE
NSW1,2026/07/28 17:50:00,10386.72,95,TRADE
NSW1,2026/07/28 17:55:00,10508.26,100.31,TRADE
NSW1,2026/07/28 18:00:00,10555.99,95,TRADE
NSW1,2026/07/28 18:05:00,10436.59,89.43,TRADE
NSW1,2026/07/28 18:10:00,10486,89,TRADE
NSW1,2026/07/28 18:15:00,10428.33,89.95,TRADE
NSW1,2026/07/28 18:20:00,10453.14,87.26,TRADE
NSW1,2026/07/28 18:25:00,10510.56,87.03,TRADE
NSW1,2026/07/28 18:30:00,10527.68,91.23,TRADE
NSW1,2026/07/28 18:35:00,10439.97,85.04,TRADE
NSW1,2026/07/28 18:40:00,10490.79,86.70,TRADE
NSW1,2026/07/28 18:45:00,10519.74,85.90,TRADE
NSW1,2026/07/28 18:50:00,10456.37,85.90,TRADE
NSW1,2026/07/28 18:55:00,10548.48,86.54,TRADE
NSW1,2026/07/28 19:00:00,10487.21,87.14,TRADE
NSW1,2026/07/28 19:05:00,10484.43,85.52,TRADE
NSW1,2026/07/28 19:10:00,10468.45,84.91,TRADE
NSW1,2026/07/28 19:15:00,10347.71,83.99,TRADE
NSW1,2026/07/28 19:20:00,10355.76,83.99,TRADE
NSW1,2026/07/28 19:25:00,10423.97,86.70,TRADE
NSW1,2026/07/28 19:30:00,10352.54,84.79,TRADE
NSW1,2026/07/28 19:35:00,10397.84,85.06,TRADE
NSW1,2026/07/28 19:40:00,10303.5,81,TRADE
NSW1,2026/07/28 19:45:00,10344.35,81,TRADE
NSW1,2026/07/28 19:50:00,10372.47,81,TRADE
NSW1,2026/07/28 19:55:00,10355.58,84.79,TRADE
NSW1,2026/07/28 20:00:00,10317.32,81,TRADE
NSW1,2026/07/28 20:05:00,10225.42,88.87,TRADE
NSW1,2026/07/28 20:10:00,10159.26,81,TRADE
NSW1,2026/07/28 20:15:00,10193.71,90.49,TRADE
NSW1,2026/07/28 20:20:00,10114.61,88.63,TRADE
NSW1,2026/07/28 20:25:00,10069.32,84.79,TRADE
NSW1,2026/07/28 20:30:00,10114.24,84.79,TRADE
NSW1,2026/07/28 20:35:00,10099.69,81,TRADE
NSW1,2026/07/28 20:40:00,10042.59,90.49,TRADE
NSW1,2026/07/28 20:45:00,9917.19,86.07,TRADE
NSW1,2026/07/28 20:50:00,9880.65,82.19,TRADE
NSW1,2026/07/28 20:55:00,9878.77,85.46,TRADE
NSW1,2026/07/28 21:00:00,9870.54,82.11,TRADE
NSW1,2026/07/28 21:05:00,9851.95,84.31,TRADE
NSW1,2026/07/28 21:10:00,9748.29,72.16,TRADE
NSW1,2026/07/28 21:15:00,9712.27,83.68,TRADE
NSW1,2026/07/28 21:20:00,9655.59,90.49,TRADE
NSW1,2026/07/28 21:25:00,9609.59,84.79,TRADE
NSW1,2026/07/28 21:30:00,9531.32,84.29,TRADE
NSW1,2026/07/28 21:35:00,9498.65,84.38,TRADE
NSW1,2026/07/28 21:40:00,9461.74,79.37,TRADE
NSW1,2026/07/28 21:45:00,9373.59,79.34,TRADE
NSW1,2026/07/28 21:50:00,9309.43,68.22,TRADE
NSW1,2026/07/28 21:55:00,9293.87,68.23,TRADE
NSW1,2026/07/28 22:00:00,9229.29,67.47,TRADE
NSW1,2026/07/28 22:05:00,9077.87,64.96,TRADE
NSW1,2026/07/28 22:10:00,9154.25,84.12,TRADE
NSW1,2026/07/28 22:15:00,9162.36,83.99,TRADE
NSW1,2026/07/28 22:20:00,9101.35,66.63,TRADE
NSW1,2026/07/28 22:25:00,9115.11,66.79,TRADE
NSW1,2026/07/28 22:30:00,9016.21,64.96,TRADE
NSW1,2026/07/28 22:35:00,8917.13,67.99,TRADE
NSW1,2026/07/28 22:40:00,8837.64,64.96,TRADE
NSW1,2026/07/28 22:45:00,8830.5,65.02,TRADE
NSW1,2026/07/28 22:50:00,8796.88,65.03,TRADE
NSW1,2026/07/28 22:55:00,8761.25,64.96,TRADE
NSW1,2026/07/28 23:00:00,8655.48,64.91,TRADE
NSW1,2026/07/28 23:05:00,8648.44,66.31,TRADE
NSW1,2026/07/28 23:10:00,8611.35,68.21,TRADE
NSW1,2026/07/28 23:15:00,8546.73,66.52,TRADE
NSW1,2026/07/28 23:20:00,8515.12,66.52,TRADE
NSW1,2026/07/28 23:25:00,8466.57,66.34,TRADE
NSW1,2026/07/28 23:30:00,8383.91,64.96,TRADE
NSW1,2026/07/28 23:35:00,8369.59,66.83,TRADE
NSW1,2026/07/28 23:40:00,8357,69.99,TRADE
NSW1,2026/07/28 23:45:00,8298.76,67.64,TRADE
NSW1,2026/07/28 23:50:00,8280.05,69.99,TRADE
NSW1,2026/07/28 23:55:00,8199.88,69.20,TRADE
NSW1,2026/07/29 00:00:00,8170.32,66.43,TRADE
NSW1,2026/07/29 00:05:00,8141.85,67.17,TRADE
NSW1,2026/07/29 00:10:00,8193.59,69.99,TRADE
NSW1,2026/07/29 00:15:00,8205.86,67.98,TRADE
NSW1,2026/07/29 00:20:00,8231.04,71.40,TRADE
NSW1,2026/07/29 00:25:00,8248.7,69.99,TRADE
NSW1,2026/07/29 00:30:00,8114.52,69.53,TRADE
NSW1,2026/07/29 00:35:00,8058.77,67.47,TRADE
NSW1,2026/07/29 00:40:00,8124.85,68.88,TRADE
NSW1,2026/07/29 00:45:00,8102.23,68.90,TRADE
NSW1,2026/07/29 00:50:00,8023.6,67.96,TRADE
NSW1,2026/07/29 00:55:00,8017.57,67.98,TRADE
NSW1,2026/07/29 01:00:00,7926.86,66.66,TRADE
NSW1,2026/07/29 01:05:00,7885.35,68.06,TRADE
NSW1,2026/07/29 01:10:00,7850.5,66.53,TRADE
NSW1,2026/07/29 01:15:00,7761.93,57.12,TRADE
NSW1,2026/07/29 01:20:00,7744.45,57.39,TRADE
NSW1,2026/07/29 01:25:00,7760.12,57.45,TRADE
NSW1,2026/07/29 01:30:00,7718.1,57.39,TRADE
NSW1,2026/07/29 01:35:00,7625.17,57.09,TRADE
NSW1,2026/07/29 01:40:00,7593.03,57.10,TRADE
NSW1,2026/07/29 01:45:00,7626.09,57.39,TRADE
NSW1,2026/07/29 01:50:00,7678.2,57.50,TRADE
NSW1,2026/07/29 01:55:00,7639.32,57.39,TRADE
NSW1,2026/07/29 02:00:00,7533.35,57.39,TRADE
NSW1,2026/07/29 02:05:00,7561.87,69.99,TRADE
NSW1,2026/07/29 02:10:00,7521,66.53,TRADE
NSW1,2026/07/29 02:15:00,7482.58,66.53,TRADE
NSW1,2026/07/29 02:20:00,7417.08,54.96,TRADE
NSW1,2026/07/29 02:25:00,7381.61,55.36,TRADE
NSW1,2026/07/29 02:30:00,7318.43,55.32,TRADE
NSW1,2026/07/29 02:35:00,7355.6,66.53,TRADE
NSW1,2026/07/29 02:40:00,7310.39,57.96,TRADE
NSW1,2026/07/29 02:45:00,7272.62,54.98,TRADE
NSW1,2026/07/29 02:50:00,7232.1,54.95,TRADE
NSW1,2026/07/29 02:55:00,7254.43,65.04,TRADE
NSW1,2026/07/29 03:00:00,7208.3,54.24,TRADE
NSW1,2026/07/29 03:05:00,7189.72,51.95,TRADE
NSW1,2026/07/29 03:10:00,7257.64,64.16,TRADE
NSW1,2026/07/29 03:15:00,7280.77,64.11,TRADE
NSW1,2026/07/29 03:20:00,7302.47,51.95,TRADE
NSW1,2026/07/29 03:25:00,7314.71,51.95,TRADE
NSW1,2026/07/29 03:30:00,7340.81,57.39,TRADE
NSW1,2026/07/29 03:35:00,7272.5,54.63,TRADE
NSW1,2026/07/29 03:40:00,7301.97,51.95,TRADE
NSW1,2026/07/29 03:45:00,7301.71,57.39,TRADE
NSW1,2026/07/29 03:50:00,7279.12,58.51,TRADE
NSW1,2026/07/29 03:55:00,7259.1,53.01,TRADE
NSW1,2026/07/29 04:00:00,7268.95,57.39,TRADE
NSW1,2026/07/29 04:05:00,7250.1,57.39,TRADE
NSW1,2026/07/29 04:10:00,7289.34,54.85,TRADE
NSW1,2026/07/29 04:15:00,7264.88,54.51,TRADE
NSW1,2026/07/29 04:20:00,7300.2,54.89,TRADE
NSW1,2026/07/29 04:25:00,7310.45,54.86,TRADE
NSW1,2026/07/29 04:30:00,7319.96,57.39,TRADE
NSW1,2026/07/29 04:35:00,7287.23,52.21,TRADE
NSW1,2026/07/29 04:40:00,7335.21,54.45,TRADE
NSW1,2026/07/29 04:45:00,7333.89,54.07,TRADE
NSW1,2026/07/29 04:50:00,7332.62,54.07,TRADE
NSW1,2026/07/29 04:55:00,7414.75,58.72,TRADE
NSW1,2026/07/29 05:00:00,7433.17,66.53,TRADE
NSW1,2026/07/29 05:05:00,7473.36,51.95,TRADE
NSW1,2026/07/29 05:10:00,7586.04,57.39,TRADE
NSW1,2026/07/29 05:15:00,7665.01,57.39,TRADE
NSW1,2026/07/29 05:20:00,7720.9,63.93,TRADE
NSW1,2026/07/29 05:25:00,7782.54,64.89,TRADE
NSW1,2026/07/29 05:30:00,7818.91,64.95,TRADE
NSW1,2026/07/29 05:35:00,7882.62,62.19,TRADE
NSW1,2026/07/29 05:40:00,8021.74,64.96,TRADE
NSW1,2026/07/29 05:45:00,8065.75,38.51,TRADE
NSW1,2026/07/29 05:50:00,8197.51,64.96,TRADE
NSW1,2026/07/29 05:55:00,8262.92,64.96,TRADE
NSW1,2026/07/29 06:00:00,8306,64.96,TRADE
NSW1,2026/07/29 06:05:00,8453.02,64.96,TRADE
NSW1,2026/07/29 06:10:00,8598.69,64.96,TRADE
NSW1,2026/07/29 06:15:00,8790.98,67.81,TRADE
NSW1,2026/07/29 06:20:00,8895.44,66.86,TRADE
NSW1,2026/07/29 06:25:00,9051.94,67.70,TRADE
NSW1,2026/07/29 06:30:00,9111.89,71.40,TRADE
NSW1,2026/07/29 06:35:00,9214.65,71.40,TRADE
NSW1,2026/07/29 06:40:00,9406.56,71.40,TRADE
NSW1,2026/07/29 06:45:00,9536.36,71.53,TRADE
NSW1,2026/07/29 06:50:00,9606.47,71.51,TRADE
NSW1,2026/07/29 06:55:00,9789.48,83.99,TRADE
NSW1,2026/07/29 07:00:00,9790.73,82.56,TRADE
NSW1,2026/07/29 07:05:00,9927.37,86.52,TRADE
NSW1,2026/07/29 07:10:00,9986.98,82.55,TRADE
NSW1,2026/07/29 07:15:00,10060.93,97.64,TRADE
NSW1,2026/07/29 07:20:00,10138,93.67,TRADE
NSW1,2026/07/29 07:25:00,10193.47,90.77,TRADE
NSW1,2026/07/29 07:30:00,10248.18,83.99,TRADE
NSW1,2026/07/29 07:35:00,10190.35,82.88,TRADE
NSW1,2026/07/29 07:40:00,10130.06,71.40,TRADE
NSW1,2026/07/29 07:45:00,10080.82,71.40,TRADE
NSW1,2026/07/29 07:50:00,9995.13,64.83,TRADE
NSW1,2026/07/29 07:55:00,9946.98,64.83,TRADE
NSW1,2026/07/29 08:00:00,9831.3,52.77,TRADE
NSW1,2026/07/29 08:05:00,9764.54,43.91,TRADE
NSW1,2026/07/29 08:10:00,9700.77,55.05,TRADE
NSW1,2026/07/29 08:15:00,9594.34,47.78,TRADE
NSW1,2026/07/29 08:20:00,9455.53,42.25,TRADE
NSW1,2026/07/29 08:25:00,9364.74,38.51,TRADE
NSW1,2026/07/29 08:30:00,9202.13,23.95,TRADE
NSW1,2026/07/29 08:35:00,9053.14,28.75,TRADE
NSW1,2026/07/29 08:40:00,8976.5,38.51,TRADE
NSW1,2026/07/29 08:45:00,8784.65,24.86,TRADE
NSW1,2026/07/29 08:50:00,8698.97,23.95,TRADE
NSW1,2026/07/29 08:55:00,8608.07,23.95,TRADE
NSW1,2026/07/29 09:00:00,8456.88,8.01,TRADE
NSW1,2026/07/29 09:05:00,8440.79,23.95,TRADE
NSW1,2026/07/29 09:10:00,8426.09,42.54,TRADE
NSW1,2026/07/29 09:15:00,8277.93,27.82,TRADE
NSW1,2026/07/29 09:20:00,8201.64,23.95,TRADE
NSW1,2026/07/29 09:25:00,8219.98,23.95,TRADE
NSW1,2026/07/29 09:30:00,8132.93,42.54,TRADE
NSW1,2026/07/29 09:35:00,8061.06,28.95,TRADE
NSW1,2026/07/29 09:40:00,8061.51,42.80,TRADE
NSW1,2026/07/29 09:45:00,7893.09,13.20,TRADE
NSW1,2026/07/29 09:50:00,7907.15,23.95,TRADE
NSW1,2026/07/29 09:55:00,7800.33,20.66,TRADE
NSW1,2026/07/29 10:00:00,7667.41,1.24,TRADE
NSW1,2026/07/29 10:05:00,7615.9,13.20,TRADE
NSW1,2026/07/29 10:10:00,7606.73,46.50,TRADE
NSW1,2026/07/29 10:15:00,7469.02,77.11,TRADE
NSW1,2026/07/29 10:20:00,7429.23,23.95,TRADE
NSW1,2026/07/29 10:25:00,7436.1,27.87,TRADE
NSW1,2026/07/29 10:30:00,7352.96,23.99,TRADE
NSW1,2026/07/29 10:35:00,7323.46,44.44,TRADE
NSW1,2026/07/29 10:40:00,7244.09,27.88,TRADE
NSW1,2026/07/29 10:45:00,7174.08,27.88,TRADE
NSW1,2026/07/29 10:50:00,7149.21,28.95,TRADE
NSW1,2026/07/29 10:55:00,7057.41,40.93,TRADE
NSW1,2026/07/29 11:00:00,6991.54,44.44,TRADE
NSW1,2026/07/29 11:05:00,6984.56,50.88,TRADE
NSW1,2026/07/29 11:10:00,7022.02,44.44,TRADE
NSW1,2026/07/29 11:15:00,7028.7,44.44,TRADE
NSW1,2026/07/29 11:20:00,6962.1,44.44,TRADE
NSW1,2026/07/29 11:25:00,6917.86,51.95,TRADE
NSW1,2026/07/29 11:30:00,6836.94,50.88,TRADE
NSW1,2026/07/29 11:35:00,6817.46,43.63,TRADE
NSW1,2026/07/29 11:40:00,6816.08,50.66,TRADE
NSW1,2026/07/29 11:45:00,6794.86,23.95,TRADE
NSW1,2026/07/29 11:50:00,6681.15,22.30,TRADE
NSW1,2026/07/29 11:55:00,6607.93,0.17,TRADE
NSW1,2026/07/29 12:00:00,6641.34,10.70,TRADE
NSW1,2026/07/29 12:05:00,6620.89,14.24,TRADE
NSW1,2026/07/29 12:10:00,6628.45,11.39,TRADE
NSW1,2026/07/29 12:15:00,6522.55,1.49,TRADE
NSW1,2026/07/29 12:20:00,6454.79,1.50,TRADE
NSW1,2026/07/29 12:25:00,6456.3,6.25,TRADE
NSW1,2026/07/29 12:30:00,6307.15,3.25,TRADE
NSW1,2026/07/29 12:35:00,6295.19,10.81,TRADE
NSW1,2026/07/29 12:40:00,6237.63,3.13,TRADE
NSW1,2026/07/29 12:45:00,6240.07,1.43,TRADE
NSW1,2026/07/29 12:50:00,6224.58,5.24,TRADE
NSW1,2026/07/29 12:55:00,6222.13,1.43,TRADE
NSW1,2026/07/29 13:00:00,6286.02,0.69,TRADE
NSW1,2026/07/29 13:05:00,6227.4,0.18,TRADE
NSW1,2026/07/29 13:10:00,6308.36,10.94,TRADE
NSW1,2026/07/29 13:15:00,6216.9,0.90,TRADE
NSW1,2026/07/29 13:20:00,6233.37,0.11,TRADE
NSW1,2026/07/29 13:25:00,6236.45,0.18,TRADE
NSW1,2026/07/29 13:30:00,6258.09,-1.07,TRADE
NSW1,2026/07/29 13:35:00,6228.28,-1.10,TRADE
NSW1,2026/07/29 13:40:00,6284.81,-1.11,TRADE
NSW1,2026/07/29 13:45:00,6346.4,-6,TRADE
NSW1,2026/07/29 13:50:00,6351.82,-7.46,TRADE
NSW1,2026/07/29 13:55:00,6299.89,-1.09,TRADE
NSW1,2026/07/29 14:00:00,6300.95,-2,TRADE
NSW1,2026/07/29 14:05:00,6331.4,-7.89,TRADE
NSW1,2026/07/29 14:10:00,6394.63,-1.08,TRADE
NSW1,2026/07/29 14:15:00,6375.58,-1.11,TRADE
NSW1,2026/07/29 14:20:00,6376.86,-5.26,TRADE
NSW1,2026/07/29 14:25:00,6472.74,-0.72,TRADE
NSW1,2026/07/29 14:30:00,6489.85,-1.13,TRADE
NSW1,2026/07/29 14:35:00,6525.11,-1.13,TRADE
NSW1,2026/07/29 14:40:00,6545.15,-0.69,TRADE
NSW1,2026/07/29 14:45:00,6587.62,-0.69,TRADE
NSW1,2026/07/29 14:50:00,6772.13,9.23,TRADE
NSW1,2026/07/29 14:55:00,6775.39,9.16,TRADE
NSW1,2026/07/29 15:00:00,6840.63,11.50,TRADE
NSW1,2026/07/29 15:05:00,6858.47,-1.10,TRADE
NSW1,2026/07/29 15:10:00,6941.43,-1.07,TRADE
NSW1,2026/07/29 15:15:00,7043.04,-6.58,TRADE
NSW1,2026/07/29 15:20:00,7138.57,-3.49,TRADE
NSW1,2026/07/29 15:25:00,7235.37,0,TRADE
NSW1,2026/07/29 15:30:00,7301.94,0.01,TRADE
NSW1,2026/07/29 15:35:00,7451.01,8.84,TRADE
NSW1,2026/07/29 15:40:00,7572.52,42.52,TRADE
NSW1,2026/07/29 15:45:00,7735.5,45.75,TRADE
NSW1,2026/07/29 15:50:00,7827.24,63.72,TRADE
NSW1,2026/07/29 15:55:00,7988.78,88.88,TRADE
NSW1,2026/07/29 16:00:00,8092.34,88.88,TRADE
NSW1,2026/07/29 16:05:00,8190.16,62.38,TRADE
NSW1,2026/07/29 16:10:00,8294.33,42.54,TRADE
NSW1,2026/07/29 16:15:00,8441.83,72.29,TRADE
NSW1,2026/07/29 16:20:00,8548.85,84.79,TRADE
NSW1,2026/07/29 16:25:00,8712.33,87.50,TRADE
NSW1,2026/07/29 16:30:00,8846.1,110.16,TRADE
NSW1,2026/07/29 16:35:00,8857.95,98.99,TRADE
NSW1,2026/07/29 16:40:00,9090.02,110.84,TRADE
NSW1,2026/07/29 16:45:00,9196.69,116.59,TRADE
NSW1,2026/07/29 16:50:00,9391.42,120.23,TRADE
NSW1,2026/07/29 16:55:00,9454.35,103.83,TRADE
NSW1,2026/07/29 17:00:00,9665.61,114.18,TRADE
NSW1,2026/07/29 17:05:00,9756.57,120.71,TRADE
NSW1,2026/07/29 17:10:00,9754.35,120.02,TRADE
NSW1,2026/07/29 17:15:00,9869.5,115.01,TRADE
NSW1,2026/07/29 17:20:00,10016.58,129.99,TRADE
NSW1,2026/07/29 17:25:00,10132.65,129.99,TRADE
NSW1,2026/07/29 17:30:00,10308.61,130.77,TRADE
NSW1,2026/07/29 17:35:00,10403.43,118.08,TRADE
NSW1,2026/07/29 17:40:00,10571.87,119.49,TRADE
NSW1,2026/07/29 17:45:00,10677.39,132.30,TRADE
NSW1,2026/07/29 17:50:00,10704.73,131.38,TRADE
NSW1,2026/07/29 17:55:00,10833.51,131.88,TRADE
NSW1,2026/07/29 18:00:00,10825.39,130.34,TRADE
NSW1,2026/07/29 18:05:00,10833.44,123.88,TRADE
NSW1,2026/07/29 18:10:00,10784.59,130.39,TRADE
NSW1,2026/07/29 18:15:00,10765.16,117.81,TRADE
NSW1,2026/07/29 18:20:00,10813.77,115.20,TRADE
NSW1,2026/07/29 18:25:00,10883.28,123.21,TRADE
NSW1,2026/07/29 18:30:00,10887.52,131.88,TRADE
NSW1,2026/07/29 18:35:00,10880.91,136.16,TRADE
NSW1,2026/07/29 18:40:00,10876.21,126.69,TRADE
NSW1,2026/07/29 18:45:00,10887.39,127.89,TRADE
NSW1,2026/07/29 18:50:00,10896.79,127.06,TRADE
NSW1,2026/07/29 18:55:00,10928.72,126.40,TRADE
NSW1,2026/07/29 19:00:00,10923.63,127.23,TRADE
NSW1,2026/07/29 19:05:00,10954.2,125.62,TRADE
NSW1,2026/07/29 19:10:00,10919.31,126.51,TRADE
NSW1,2026/07/29 19:15:00,10877.06,121.74,TRADE
NSW1,2026/07/29 19:20:00,10847.64,115.99,TRADE
NSW1,2026/07/29 19:25:00,10911.4,122.69,TRADE
NSW1,2026/07/29 19:30:00,10875.25,122.53,TRADE
NSW1,2026/07/29 19:35:00,10890.3,126.58,TRADE
NSW1,2026/07/29 19:40:00,10843.16,121.89,TRADE
NSW1,2026/07/29 19:45:00,10737.9,119.16,TRADE
NSW1,2026/07/29 19:50:00,10791.66,121.65,TRADE
NSW1,2026/07/29 19:55:00,10818.98,116.55,TRADE
NSW1,2026/07/29 20:00:00,10773.46,111.02,TRADE
NSW1,2026/07/29 20:05:00,10761.01,147.88,TRADE
NSW1,2026/07/29 20:10:00,10636.7,129.99,TRADE
NSW1,2026/07/29 20:15:00,10688.22,124.02,TRADE
NSW1,2026/07/29 20:20:00,10668.72,120.38,TRADE
NSW1,2026/07/29 20:25:00,10656.41,118.78,TRADE
NSW1,2026/07/29 20:30:00,10647.3,119.78,TRADE
NSW1,2026/07/29 20:35:00,10587.51,129.28,TRADE
NSW1,2026/07/29 20:40:00,10530.32,129.10,TRADE
NSW1,2026/07/29 20:45:00,10477.92,125.21,TRADE
NSW1,2026/07/29 20:50:00,10548.16,129.99,TRADE
NSW1,2026/07/29 20:55:00,10358.94,125.90,TRADE
NSW1,2026/07/29 21:00:00,10338.89,122.05,TRADE
NSW1,2026/07/29 21:05:00,10322.05,129.99,TRADE
NSW1,2026/07/29 21:10:00,10188.3,126.69,TRADE
NSW1,2026/07/29 21:15:00,10188.14,126.69,TRADE
NSW1,2026/07/29 21:20:00,10146.67,129.99,TRADE
NSW1,2026/07/29 21:25:00,10065.86,123.23,TRADE
NSW1,2026/07/29 21:30:00,9999.28,121.38,TRADE
NSW1,2026/07/29 21:35:00,9937.39,128.68,TRADE
NSW1,2026/07/29 21:40:00,9865.9,126.29,TRADE
NSW1,2026/07/29 21:45:00,9744.28,118.68,TRADE
NSW1,2026/07/29 21:50:00,9731.76,111.02,TRADE
NSW1,2026/07/29 21:55:00,9693.55,99.80,TRADE
NSW1,2026/07/29 22:00:00,9648.18,97.63,TRADE
NSW1,2026/07/29 22:05:00,9489.27,99.20,TRADE
NSW1,2026/07/29 22:10:00,9568.55,99.20,TRADE
NSW1,2026/07/29 22:15:00,9540.11,99.20,TRADE
NSW1,2026/07/29 22:20:00,9487.63,99.20,TRADE
NSW1,2026/07/29 22:25:00,9440.17,99.10,TRADE
NSW1,2026/07/29 22:30:00,9404.97,89.64,TRADE
NSW1,2026/07/29 22:35:00,9408.46,99.20,TRADE
NSW1,2026/07/29 22:40:00,9298.49,99.20,TRADE
NSW1,2026/07/29 22:45:00,9241.95,98.90,TRADE
NSW1,2026/07/29 22:50:00,9210.61,97.63,TRADE
NSW1,2026/07/29 22:55:00,9140.43,85.54,TRADE
NSW1,2026/07/29 23:00:00,9087.88,97.63,TRADE
NSW1,2026/07/29 23:05:00,8990.98,98,TRADE
NSW1,2026/07/29 23:10:00,8963.21,99.19,TRADE
NSW1,2026/07/29 23:15:00,8944.79,99.20,TRADE
NSW1,2026/07/29 23:20:00,8879.59,99.20,TRADE
NSW1,2026/07/29 23:25:00,8850.18,99.20,TRADE
NSW1,2026/07/29 23:30:00,8728.03,90.62,TRADE
NSW1,2026/07/29 23:35:00,8740.47,99.20,TRADE
NSW1,2026/07/29 23:40:00,8694.29,99.20,TRADE
NSW1,2026/07/29 23:45:00,8619.78,99.20,TRADE
NSW1,2026/07/29 23:50:00,8548.3,99.20,TRADE
NSW1,2026/07/29 23:55:00,8551.89,99.20,TRADE
NSW1,2026/07/30 00:00:00,8575.19,99.20,TRADE
NSW1,2026/07/30 00:05:00,8488.4,99.20,TRADE
NSW1,2026/07/30 00:10:00,8622.11,105.41,TRADE
NSW1,2026/07/30 00:15:00,8656.69,106.52,TRADE
NSW1,2026/07/30 00:20:00,8655.2,101.05,TRADE
NSW1,2026/07/30 00:25:00,8622.5,99.63,TRADE
NSW1,2026/07/30 00:30:00,8628.05,99.20,TRADE
NSW1,2026/07/30 00:35:00,8598.42,101.06,TRADE
NSW1,2026/07/30 00:40:00,8505.18,100.16,TRADE
NSW1,2026/07/30 00:45:00,8489.71,99.20,TRADE
NSW1,2026/07/30 00:50:00,8414.36,99.20,TRADE
NSW1,2026/07/30 00:55:00,8400.92,99.20,TRADE
NSW1,2026/07/30 01:00:00,8347.97,99.20,TRADE
NSW1,2026/07/30 01:05:00,8321.27,99.20,TRADE
NSW1,2026/07/30 01:10:00,8224.19,96.70,TRADE
NSW1,2026/07/30 01:15:00,8186.76,90.50,TRADE
NSW1,2026/07/30 01:20:00,8127.29,99.20,TRADE
NSW1,2026/07/30 01:25:00,8056.38,99.20,TRADE
NSW1,2026/07/30 01:30:00,8024.27,99.20,TRADE
NSW1,2026/07/30 01:35:00,8010.77,96.85,TRADE
NSW1,2026/07/30 01:40:00,8010.33,92.35,TRADE
NSW1,2026/07/30 01:45:00,7994.13,98.04,TRADE
NSW1,2026/07/30 01:50:00,7952.21,97.86,TRADE
NSW1,2026/07/30 01:55:00,7902.93,98.02,TRADE
NSW1,2026/07/30 02:00:00,7894.22,85.39,TRADE
NSW1,2026/07/30 02:05:00,7888.73,92.35,TRADE
NSW1,2026/07/30 02:10:00,7954.6,103.69,TRADE
NSW1,2026/07/30 02:15:00,7902.42,102.97,TRADE
NSW1,2026/07/30 02:20:00,7884.07,91.54,TRADE
NSW1,2026/07/30 02:25:00,7860.25,92.35,TRADE
NSW1,2026/07/30 02:30:00,7840.1,96.99,TRADE
NSW1,2026/07/30 02:35:00,7814.98,103.16,TRADE
NSW1,2026/07/30 02:40:00,7736.88,99.20,TRADE
NSW1,2026/07/30 02:45:00,7741.61,104.04,TRADE
NSW1,2026/07/30 02:50:00,7700.73,92.35,TRADE
NSW1,2026/07/30 02:55:00,7670.77,83.99,TRADE
NSW1,2026/07/30 03:00:00,7664.36,91.38,TRADE
NSW1,2026/07/30 03:05:00,7640.15,99.01,TRADE
NSW1,2026/07/30 03:10:00,7607.75,99.01,TRADE
NSW1,2026/07/30 03:15:00,7665.92,92.28,TRADE
NSW1,2026/07/30 03:20:00,7654.52,93.74,TRADE
NSW1,2026/07/30 03:25:00,7651.47,93.65,TRADE
NSW1,2026/07/30 03:30:00,7660.41,106.52,TRADE
NSW1,2026/07/30 03:35:00,7580.65,92.94,TRADE
NSW1,2026/07/30 03:40:00,7572.54,93.83,TRADE
NSW1,2026/07/30 03:45:00,7541,93.66,TRADE
NSW1,2026/07/30 03:50:00,7574.59,94.46,TRADE
NSW1,2026/07/30 03:55:00,7539.05,89.18,TRADE
NSW1,2026/07/30 04:00:00,7622.78,95.03,TRADE
NSW1,2026/07/30 04:05:00,7588.77,85.54,TRADE
NSW1,2026/07/30 04:10:00,7667.8,93.69,TRADE
NSW1,2026/07/30 04:15:00,7703.03,97.63,TRADE
NSW1,2026/07/30 04:20:00,7716.77,93.87,TRADE
NSW1,2026/07/30 04:25:00,7684.86,97.63,TRADE
NSW1,2026/07/30 04:30:00,7684.81,96.59,TRADE
NSW1,2026/07/30 04:35:00,7723.67,93.62,TRADE
NSW1,2026/07/30 04:40:00,7729.72,105.95,TRADE
NSW1,2026/07/30 04:45:00,7748.96,99.20,TRADE
NSW1,2026/07/30 04:50:00,7821.98,97.63,TRADE
NSW1,2026/07/30 04:55:00,7912.63,106.52,TRADE
NSW1,2026/07/30 05:00:00,7979.13,115.06,TRADE
NSW1,2026/07/30 05:05:00,8073.07,97.61,TRADE
NSW1,2026/07/30 05:10:00,8122.92,102.97,TRADE
NSW1,2026/07/30 05:15:00,8225.28,113.50,TRADE
NSW1,2026/07/30 05:20:00,8286.54,113.50,TRADE
NSW1,2026/07/30 05:25:00,8291.44,113.50,TRADE
NSW1,2026/07/30 05:30:00,8365.7,122.84,TRADE
NSW1,2026/07/30 05:35:00,8469.45,103.30,TRADE
NSW1,2026/07/30 05:40:00,8544.24,113.50,TRADE
NSW1,2026/07/30 05:45:00,8605.36,113.50,TRADE
NSW1,2026/07/30 05:50:00,8708.36,113.50,TRADE
NSW1,2026/07/30 05:55:00,8858.01,111.02,TRADE
NSW1,2026/07/30 06:00:00,8935.92,120.62,TRADE
NSW1,2026/07/30 06:05:00,9043.45,113.50,TRADE
NSW1,2026/07/30 06:10:00,9276.65,120.38,TRADE
NSW1,2026/07/30 06:15:00,9432.91,121.10,TRADE
NSW1,2026/07/30 06:20:00,9612.67,125.51,TRADE
NSW1,2026/07/30 06:25:00,9676.63,134.31,TRADE
NSW1,2026/07/30 06:30:00,9848.3,138.96,TRADE
NSW1,2026/07/30 06:35:00,9907.78,136.18,TRADE
NSW1,2026/07/30 06:40:00,10065.13,153.64,TRADE
NSW1,2026/07/30 06:45:00,10164.86,182.54,TRADE
NSW1,2026/07/30 06:50:00,10246.11,195.28,TRADE
NSW1,2026/07/30 06:55:00,10408.44,215.96,TRADE
NSW1,2026/07/30 07:00:00,10550.09,216.89,TRADE
NSW1,2026/07/30 07:05:00,10524.43,195.42,TRADE
NSW1,2026/07/30 07:10:00,10681.98,237.85,TRADE
NSW1,2026/07/30 07:15:00,10740.02,202.41,TRADE
NSW1,2026/07/30 07:20:00,10861.68,228.75,TRADE
NSW1,2026/07/30 07:25:00,10936.14,230.59,TRADE
NSW1,2026/07/30 07:30:00,10934.53,230.59,TRADE
NSW1,2026/07/30 07:35:00,10815.82,230.59,TRADE
NSW1,2026/07/30 07:40:00,10769.58,174.59,TRADE
NSW1,2026/07/30 07:45:00,10885.37,174.59,TRADE
NSW1,2026/07/30 07:50:00,10777.47,174.59,TRADE
NSW1,2026/07/30 07:55:00,10757.78,167.85,TRADE
NSW1,2026/07/30 08:00:00,10650.12,130.01,TRADE
NSW1,2026/07/30 08:05:00,10594.65,134.86,TRADE
NSW1,2026/07/30 08:10:00,10549.57,130.01,TRADE
NSW1,2026/07/30 08:15:00,10394.29,111.02,TRADE
NSW1,2026/07/30 08:20:00,10409.12,111.02,TRADE
NSW1,2026/07/30 08:25:00,10341.68,97.63,TRADE
NSW1,2026/07/30 08:30:00,10165.24,67.99,TRADE
NSW1,2026/07/30 08:35:00,10121.38,73.08,TRADE
NSW1,2026/07/30 08:40:00,9967.91,99.01,TRADE
NSW1,2026/07/30 08:45:00,9733.39,73.05,TRADE
NSW1,2026/07/30 08:50:00,9718.75,73.07,TRADE
NSW1,2026/07/30 08:55:00,9652.38,99.01,TRADE
NSW1,2026/07/30 09:00:00,9459.68,97.05,TRADE
NSW1,2026/07/30 09:05:00,9386.61,83.99,TRADE
NSW1,2026/07/30 09:10:00,9360.57,88.88,TRADE
NSW1,2026/07/30 09:15:00,9255.49,73.08,TRADE
NSW1,2026/07/30 09:20:00,9239.82,88.88,TRADE
NSW1,2026/07/30 09:25:00,9019.75,65,TRADE
NSW1,2026/07/30 09:30:00,8957.1,65.02,TRADE
NSW1,2026/07/30 09:35:00,8814.69,78.60,TRADE
NSW1,2026/07/30 09:40:00,8781.94,85.54,TRADE
NSW1,2026/07/30 09:45:00,8602.47,85.54,TRADE
NSW1,2026/07/30 09:50:00,8435.14,77.83,TRADE
NSW1,2026/07/30 09:55:00,8490.67,79.35,TRADE
NSW1,2026/07/30 10:00:00,8268.35,73.20,TRADE
NSW1,2026/07/30 10:05:00,8169.33,85.54,TRADE
NSW1,2026/07/30 10:10:00,8122.74,85.54,TRADE
NSW1,2026/07/30 10:15:00,8080.02,85.54,TRADE
NSW1,2026/07/30 10:20:00,7875.57,76.61,TRADE
NSW1,2026/07/30 10:25:00,7904.84,77.43,TRADE
NSW1,2026/07/30 10:30:00,7720.73,73.20,TRADE
NSW1,2026/07/30 10:35:00,7681.06,76.96,TRADE
NSW1,2026/07/30 10:40:00,7584.39,73.20,TRADE
NSW1,2026/07/30 10:45:00,7562.78,73.20,TRADE
NSW1,2026/07/30 10:50:00,7468.32,73.20,TRADE
NSW1,2026/07/30 10:55:00,7371.76,67.99,TRADE
NSW1,2026/07/30 11:00:00,7315.12,61.39,TRADE
NSW1,2026/07/30 11:05:00,7187.9,63.73,TRADE
NSW1,2026/07/30 11:10:00,7228.57,73.08,TRADE
NSW1,2026/07/30 11:15:00,7229.46,65.52,TRADE
NSW1,2026/07/30 11:20:00,7213.81,68.02,TRADE
NSW1,2026/07/30 11:25:00,7139.39,73.20,TRADE
NSW1,2026/07/30 11:30:00,7021.4,65.52,TRADE
NSW1,2026/07/30 11:35:00,6986.15,76.48,TRADE
NSW1,2026/07/30 11:40:00,6924.39,83.99,TRADE
NSW1,2026/07/30 11:45:00,6802.76,73.20,TRADE
NSW1,2026/07/30 11:50:00,6732.19,73.20,TRADE
NSW1,2026/07/30 11:55:00,6701.8,50.85,TRADE
NSW1,2026/07/30 12:00:00,6744.28,66.44,TRADE
NSW1,2026/07/30 12:05:00,6582.17,66.02,TRADE
NSW1,2026/07/30 12:10:00,6714.72,85.54,TRADE
NSW1,2026/07/30 12:15:00,6636.73,80,TRADE
NSW1,2026/07/30 12:20:00,6550.75,69.99,TRADE
NSW1,2026/07/30 12:25:00,6602.46,69.99,TRADE
NSW1,2026/07/30 12:30:00,6568.32,53.64,TRADE
NSW1,2026/07/30 12:35:00,6620.69,61.82,TRADE
NSW1,2026/07/30 12:40:00,6627.91,68.02,TRADE
NSW1,2026/07/30 12:45:00,6512.7,68.02,TRADE
NSW1,2026/07/30 12:50:00,6546.96,67.99,TRADE
NSW1,2026/07/30 12:55:00,6593.64,69.99,TRADE
NSW1,2026/07/30 13:00:00,6528.75,60.62,TRADE
NSW1,2026/07/30 13:05:00,6518.3,84.79,TRADE
NSW1,2026/07/30 13:10:00,6540.82,69.99,TRADE
NSW1,2026/07/30 13:15:00,6543.7,80,TRADE
NSW1,2026/07/30 13:20:00,6417.67,63.37,TRADE
NSW1,2026/07/30 13:25:00,6560.49,69.99,TRADE
NSW1,2026/07/30 13:30:00,6495.83,68.02,TRADE
NSW1,2026/07/30 13:35:00,6515.55,68.02,TRADE
NSW1,2026/07/30 13:40:00,6569.32,71.50,TRADE
NSW1,2026/07/30 13:45:00,6510.08,80,TRADE
NSW1,2026/07/30 13:50:00,6540.8,60.71,TRADE
NSW1,2026/07/30 13:55:00,6514.43,69.87,TRADE
NSW1,2026/07/30 14:00:00,6552.21,80,TRADE
NSW1,2026/07/30 14:05:00,6551.02,73.15,TRADE
NSW1,2026/07/30 14:10:00,6515.21,68.12,TRADE
NSW1,2026/07/30 14:15:00,6638.09,58.86,TRADE
NSW1,2026/07/30 14:20:00,6622.69,64.95,TRADE
NSW1,2026/07/30 14:25:00,6647.95,57.87,TRADE
NSW1,2026/07/30 14:30:00,6773.22,29.12,TRADE
NSW1,2026/07/30 14:35:00,6892.25,29.58,TRADE
NSW1,2026/07/30 14:40:00,6880.61,57.08,TRADE
NSW1,2026/07/30 14:45:00,6992.31,59.07,TRADE
NSW1,2026/07/30 14:50:00,7023.35,64.95,TRADE
NSW1,2026/07/30 14:55:00,7108.37,67.85,TRADE
NSW1,2026/07/30 15:00:00,7115.16,67.25,TRADE
NSW1,2026/07/30 15:05:00,7095.09,19.12,TRADE
NSW1,2026/07/30 15:10:00,7271.04,28.83,TRADE
NSW1,2026/07/30 15:15:00,7238.39,53.12,TRADE
NSW1,2026/07/30 15:20:00,7452.28,67.25,TRADE
NSW1,2026/07/30 15:25:00,7549.38,61.02,TRADE
NSW1,2026/07/30 15:30:00,7601.6,76.33,TRADE
NSW1,2026/07/30 15:35:00,7808.47,72,TRADE
NSW1,2026/07/30 15:40:00,7937.22,85.54,TRADE
NSW1,2026/07/30 15:45:00,8092.24,99.01,TRADE
NSW1,2026/07/30 15:50:00,8258.64,95.95,TRADE
NSW1,2026/07/30 15:55:00,8306.61,95.95,TRADE
NSW1,2026/07/30 16:00:00,8392.71,79.69,TRADE
NSW1,2026/07/30 16:05:00,8540.31,85.37,TRADE
NSW1,2026/07/30 16:10:00,8711.98,95.83,TRADE
NSW1,2026/07/30 16:15:00,8822.11,143,TRADE
NSW1,2026/07/30 16:20:00,8916.44,146,TRADE
NSW1,2026/07/30 16:25:00,9137.2,146,TRADE
NSW1,2026/07/30 16:30:00,9303.71,146,TRADE
NSW1,2026/07/30 16:35:00,9445.32,183.23,TRADE
NSW1,2026/07/30 16:40:00,9451.02,178.98,TRADE
NSW1,2026/07/30 16:45:00,9547.16,169.24,TRADE
NSW1,2026/07/30 16:50:00,9693.03,169.25,TRADE
NSW1,2026/07/30 16:55:00,9943.09,169.24,TRADE
NSW1,2026/07/30 17:00:00,10045.36,174.59,TRADE
NSW1,2026/07/30 17:05:00,10120.02,169.43,TRADE
NSW1,2026/07/30 17:10:00,10287.53,169.24,TRADE
NSW1,2026/07/30 17:15:00,10367.81,169.24,TRADE
NSW1,2026/07/30 17:20:00,10487.56,174.59,TRADE
NSW1,2026/07/30 17:25:00,10633.25,230.59,TRADE
NSW1,2026/07/30 17:30:00,10701.15,230.59,TRADE
NSW1,2026/07/30 17:35:00,10791.12,163.88,TRADE
NSW1,2026/07/30 17:40:00,10988.43,165.14,TRADE
NSW1,2026/07/30 17:45:00,11124.18,230.59,TRADE
NSW1,2026/07/30 17:50:00,11136.94,230.59,TRADE
NSW1,2026/07/30 17:55:00,11214.94,168.99,TRADE
NSW1,2026/07/30 18:00:00,11345.8,174.59,TRADE
NSW1,2026/07/30 18:05:00,11321.88,230.59,TRADE
NSW1,2026/07/30 18:10:00,11198.24,197.99,TRADE
NSW1,2026/07/30 18:15:00,11206.68,168.99,TRADE
NSW1,2026/07/30 18:20:00,11333.09,230.59,TRADE
NSW1,2026/07/30 18:25:00,11285.27,230.59,TRADE
NSW1,2026/07/30 18:30:00,11289.13,173.03,TRADE
NSW1,2026/07/30 18:35:00,11292.96,168.99,TRADE
NSW1,2026/07/30 18:40:00,11370.05,230.59,TRADE
NSW1,2026/07/30 18:45:00,11340.25,174.59,TRADE
NSW1,2026/07/30 18:50:00,11373.54,168.99,TRADE
NSW1,2026/07/30 18:55:00,11479.68,230.59,TRADE
NSW1,2026/07/30 19:00:00,11269.49,230.59,TRADE
NSW1,2026/07/30 19:05:00,11289.93,168.99,TRADE
NSW1,2026/07/30 19:10:00,11407.62,172.90,TRADE
NSW1,2026/07/30 19:15:00,11339.25,172.65,TRADE
NSW1,2026/07/30 19:20:00,11414.99,228.75,TRADE
NSW1,2026/07/30 19:25:00,11182.28,168.99,TRADE
NSW1,2026/07/30 19:30:00,11261.04,168.99,TRADE
NSW1,2026/07/30 19:35:00,11226.39,163.88,TRADE
NSW1,2026/07/30 19:40:00,11362.48,168.99,TRADE
NSW1,2026/07/30 19:45:00,11342.81,169.24,TRADE
NSW1,2026/07/30 19:50:00,11273.89,172.03,TRADE
NSW1,2026/07/30 19:55:00,11341.55,174.59,TRADE
NSW1,2026/07/30 20:00:00,11273.84,169.24,TRADE
NSW1,2026/07/30 20:05:00,11268.32,228.54,TRADE
NSW1,2026/07/30 20:10:00,11137.54,199.49,TRADE
NSW1,2026/07/30 20:15:00,11172.17,221.84,TRADE
NSW1,2026/07/30 20:20:00,11181.41,244.77,TRADE
NSW1,2026/07/30 20:25:00,11152.29,283,TRADE
NSW1,2026/07/30 20:30:00,11074.7,299.99,TRADE
NSW1,2026/07/30 20:35:00,10935.81,238.18,TRADE
NSW1,2026/07/30 20:40:00,11034.28,283.10,TRADE
NSW1,2026/07/30 20:45:00,10975.12,240.72,TRADE
NSW1,2026/07/30 20:50:00,11075.21,299.99,TRADE
NSW1,2026/07/30 20:55:00,10940.14,288.97,TRADE
NSW1,2026/07/30 21:00:00,10895.97,299.99,TRADE
NSW1,2026/07/30 21:05:00,10753.74,299.99,TRADE
NSW1,2026/07/30 21:10:00,10800.29,446.45,TRADE
NSW1,2026/07/30 21:15:00,10684.64,311.91,TRADE
NSW1,2026/07/30 21:20:00,10645.57,482.42,TRADE
NSW1,2026/07/30 21:25:00,10447.41,299.99,TRADE
NSW1,2026/07/30 21:30:00,10466.66,353.38,TRADE
NSW1,2026/07/30 21:35:00,10441.72,499.96,TRADE
NSW1,2026/07/30 21:40:00,10377.36,299.99,TRADE
NSW1,2026/07/30 21:45:00,10313.67,299.99,TRADE
NSW1,2026/07/30 21:50:00,10222.15,230.59,TRADE
NSW1,2026/07/30 21:55:00,10226.82,234.91,TRADE
NSW1,2026/07/30 22:00:00,10152.51,194.38,TRADE
NSW1,2026/07/30 22:05:00,10104.44,297.96,TRADE
NSW1,2026/07/30 22:10:00,10038.78,299.99,TRADE
NSW1,2026/07/30 22:15:00,10087.91,230.59,TRADE
NSW1,2026/07/30 22:20:00,10060.5,224.45,TRADE
NSW1,2026/07/30 22:25:00,10015.09,167.63,TRADE
NSW1,2026/07/30 22:30:00,9947.14,131.80,TRADE
NSW1,2026/07/30 22:35:00,9844.53,159.99,TRADE
NSW1,2026/07/30 22:40:00,9813.56,142.69,TRADE
NSW1,2026/07/30 22:45:00,9727.74,122.94,TRADE
NSW1,2026/07/30 22:50:00,9755.31,160.51,TRADE
NSW1,2026/07/30 22:55:00,9707.74,159.34,TRADE
NSW1,2026/07/30 23:00:00,9631.74,112.17,TRADE
NSW1,2026/07/30 23:05:00,9667.54,153.03,TRADE
NSW1,2026/07/30 23:10:00,9571.5,132.02,TRADE
NSW1,2026/07/30 23:15:00,9513.67,152.98,TRADE
NSW1,2026/07/30 23:20:00,9450.41,165,TRADE
NSW1,2026/07/30 23:25:00,9299.37,152.98,TRADE
NSW1,2026/07/30 23:30:00,9244.86,152.91,TRADE
NSW1,2026/07/30 23:35:00,9214,134.86,TRADE
NSW1,2026/07/30 23:40:00,9169.53,129.71,TRADE
NSW1,2026/07/30 23:45:00,9096.54,134.86,TRADE
NSW1,2026/07/30 23:50:00,9015.99,155.78,TRADE
NSW1,2026/07/30 23:55:00,8984.59,154.61,TRADE
NSW1,2026/07/31 00:00:00,9000.74,119.54,TRADE
NSW1,2026/07/31 00:05:00,8978.85,134.99,TRADE
NSW1,2026/07/31 00:10:00,9046.38,161.55,TRADE
NSW1,2026/07/31 00:15:00,8979.1,158.87,TRADE
NSW1,2026/07/31 00:20:00,9049.7,158.76,TRADE
NSW1,2026/07/31 00:25:00,9047.9,128.93,TRADE
NSW1,2026/07/31 00:30:00,8900.6,125.09,TRADE
NSW1,2026/07/31 00:35:00,8954.93,164,TRADE
NSW1,2026/07/31 00:40:00,8917.74,129.83,TRADE
NSW1,2026/07/31 00:45:00,8851.44,132.24,TRADE
NSW1,2026/07/31 00:50:00,8861.36,129.81,TRADE
NSW1,2026/07/31 00:55:00,8727.59,136.78,TRADE
NSW1,2026/07/31 01:00:00,8685.15,134.86,TRADE
NSW1,2026/07/31 01:05:00,8684.85,134.86,TRADE
NSW1,2026/07/31 01:10:00,8697.62,134.86,TRADE
NSW1,2026/07/31 01:15:00,8599.49,125.26,TRADE
NSW1,2026/07/31 01:20:00,8535.93,124.39,TRADE
NSW1,2026/07/31 01:25:00,8594.47,134.86,TRADE
NSW1,2026/07/31 01:30:00,8507.32,129.71,TRADE
NSW1,2026/07/31 01:35:00,8538.63,124.06,TRADE
NSW1,2026/07/31 01:40:00,8493.19,115.59,TRADE
NSW1,2026/07/31 01:45:00,8372.76,154.52,TRADE
NSW1,2026/07/31 01:50:00,8394,158.59,TRADE
NSW1,2026/07/31 01:55:00,8336.59,115.06,TRADE
NSW1,2026/07/31 02:00:00,8436.11,124.61,TRADE
NSW1,2026/07/31 02:05:00,8256.35,163.88,TRADE
NSW1,2026/07/31 02:10:00,8312.7,128.90,TRADE
NSW1,2026/07/31 02:15:00,8297,125.38,TRADE
NSW1,2026/07/31 02:20:00,8186.4,151.11,TRADE
NSW1,2026/07/31 02:25:00,8213.44,162.27,TRADE
NSW1,2026/07/31 02:30:00,8199.47,131.43,TRADE
NSW1,2026/07/31 02:35:00,8173.3,124.29,TRADE
NSW1,2026/07/31 02:40:00,8057.64,124.29,TRADE
NSW1,2026/07/31 02:45:00,8041.45,124.29,TRADE
NSW1,2026/07/31 02:50:00,7969.67,120.99,TRADE
NSW1,2026/07/31 02:55:00,8031.77,130.28,TRADE
NSW1,2026/07/31 03:00:00,8037.94,152.60,TRADE
NSW1,2026/07/31 03:05:00,8029.71,134.86,TRADE
NSW1,2026/07/31 03:10:00,8126.53,115.09,TRADE
NSW1,2026/07/31 03:15:00,8099.32,138.81,TRADE
NSW1,2026/07/31 03:20:00,8146.98,158.09,TRADE
NSW1,2026/07/31 03:25:00,8102.49,155.43,TRADE
NSW1,2026/07/31 03:30:00,8051.27,152.60,TRADE
NSW1,2026/07/31 03:35:00,8047.26,156.65,TRADE
NSW1,2026/07/31 03:40:00,8098.65,164.09,TRADE
NSW1,2026/07/31 03:45:00,8013.44,124.29,TRADE
NSW1,2026/07/31 03:50:00,8036.06,128.46,TRADE
NSW1,2026/07/31 03:55:00,7975.48,156.90,TRADE
NSW1,2026/07/31 04:00:00,8078.18,166.98,TRADE
NSW1,2026/07/31 04:05:00,8037.05,130.57,TRADE
NSW1,2026/07/31 04:10:00,8055.73,124.29,TRADE
NSW1,2026/07/31 04:15:00,8082.81,134.86,TRADE
NSW1,2026/07/31 04:20:00,8033.5,127.82,TRADE
NSW1,2026/07/31 04:25:00,8095.06,124.29,TRADE
NSW1,2026/07/31 04:30:00,8124.96,117.19,TRADE
NSW1,2026/07/31 04:35:00,8152.19,165,TRADE
NSW1,2026/07/31 04:40:00,8193.46,166.72,TRADE
NSW1,2026/07/31 04:45:00,8139.91,124.29,TRADE
NSW1,2026/07/31 04:50:00,8267.21,129.71,TRADE
NSW1,2026/07/31 04:55:00,8319.41,130.49,TRADE
NSW1,2026/07/31 05:00:00,8335.79,157.53,TRADE
NSW1,2026/07/31 05:05:00,8383.31,127.48,TRADE
NSW1,2026/07/31 05:10:00,8516.63,153.62,TRADE
NSW1,2026/07/31 05:15:00,8613.98,156.01,TRADE
NSW1,2026/07/31 05:20:00,8714.65,168.36,TRADE
NSW1,2026/07/31 05:25:00,8782.13,130.56,TRADE
NSW1,2026/07/31 05:30:00,8868.98,157.56,TRADE
NSW1,2026/07/31 05:35:00,8840.14,165,TRADE
NSW1,2026/07/31 05:40:00,8974.06,155.73,TRADE
NSW1,2026/07/31 05:45:00,9019.23,152.01,TRADE
NSW1,2026/07/31 05:50:00,9141.84,169.24,TRADE
NSW1,2026/07/31 05:55:00,9287.3,169.24,TRADE
NSW1,2026/07/31 06:00:00,9247.87,169.24,TRADE
NSW1,2026/07/31 06:05:00,9390.52,169.24,TRADE
NSW1,2026/07/31 06:10:00,9585.77,185.56,TRADE
NSW1,2026/07/31 06:15:00,9742.47,200.91,TRADE
NSW1,2026/07/31 06:20:00,9857.15,230.59,TRADE
NSW1,2026/07/31 06:25:00,10053.53,230.59,TRADE
NSW1,2026/07/31 06:30:00,10046.72,190.04,TRADE
NSW1,2026/07/31 06:35:00,10257.78,203.62,TRADE
NSW1,2026/07/31 06:40:00,10419.89,230.59,TRADE
NSW1,2026/07/31 06:45:00,10534.44,237.99,TRADE
NSW1,2026/07/31 06:50:00,10647.57,270.66,TRADE
NSW1,2026/07/31 06:55:00,10646.02,299.57,TRADE
NSW1,2026/07/31 07:00:00,10746.91,299.99,TRADE
NSW1,2026/07/31 07:05:00,10897.04,400.07,TRADE
NSW1,2026/07/31 07:10:00,10898.27,311.91,TRADE
NSW1,2026/07/31 07:15:00,11104.83,311.91,TRADE
NSW1,2026/07/31 07:20:00,11301.68,268.46,TRADE
NSW1,2026/07/31 07:25:00,11380.71,389.32,TRADE
NSW1,2026/07/31 07:30:00,11432.7,531.85,TRADE
NSW1,2026/07/31 07:35:00,11357.67,476.17,TRADE
NSW1,2026/07/31 07:40:00,11345.84,380.24,TRADE
NSW1,2026/07/31 07:45:00,11340.83,311.91,TRADE
NSW1,2026/07/31 07:50:00,11257.83,311.91,TRADE
NSW1,2026/07/31 07:55:00,11145.05,163.88,TRADE
NSW1,2026/07/31 08:00:00,11012.6,129.99,TRADE
NSW1,2026/07/31 08:05:00,10911.5,129.99,TRADE
NSW1,2026/07/31 08:10:00,10896.59,129.99,TRADE
NSW1,2026/07/31 08:15:00,10733.37,73.20,TRADE
NSW1,2026/07/31 08:20:00,10612.87,65,TRADE
NSW1,2026/07/31 08:25:00,10568.16,65,TRADE
NSW1,2026/07/31 08:30:00,10536.43,65,TRADE
NSW1,2026/07/31 08:35:00,10314.85,88.88,TRADE
NSW1,2026/07/31 08:40:00,10255.48,97.63,TRADE
NSW1,2026/07/31 08:45:00,10070.81,73.15,TRADE
NSW1,2026/07/31 08:50:00,9969.48,61.02,TRADE
NSW1,2026/07/31 08:55:00,9859.61,83.99,TRADE
NSW1,2026/07/31 09:00:00,9609.68,65.03,TRADE
NSW1,2026/07/31 09:05:00,9586.26,61.02,TRADE
NSW1,2026/07/31 09:10:00,9592.05,52.25,TRADE
NSW1,2026/07/31 09:15:00,9561.11,52.25,TRADE
NSW1,2026/07/31 09:20:00,9415.07,52.25,TRADE
NSW1,2026/07/31 09:25:00,9309.54,73.15,TRADE
NSW1,2026/07/31 09:30:00,9095.85,83.99,TRADE
NSW1,2026/07/31 09:35:00,8973.17,73.15,TRADE
NSW1,2026/07/31 09:40:00,8947.45,64.95,TRADE
NSW1,2026/07/31 09:45:00,8782.52,52.25,TRADE
NSW1,2026/07/31 09:50:00,8801.76,65,TRADE
NSW1,2026/07/31 09:55:00,8655.35,73.15,TRADE
NSW1,2026/07/31 10:00:00,8498.96,52.25,TRADE
NSW1,2026/07/31 10:05:00,8425.32,99.01,TRADE
NSW1,2026/07/31 10:10:00,8364.72,99.01,TRADE
NSW1,2026/07/31 10:15:00,8357.65,69.99,TRADE
NSW1,2026/07/31 10:20:00,8287.76,73.20,TRADE
NSW1,2026/07/31 10:25:00,8194.31,84.79,TRADE
NSW1,2026/07/31 10:30:00,8054.82,64.95,TRADE
NSW1,2026/07/31 10:35:00,7909.45,65,TRADE
NSW1,2026/07/31 10:40:00,7851.14,52.25,TRADE
NSW1,2026/07/31 10:45:00,7892,52.25,TRADE
NSW1,2026/07/31 10:50:00,7789.01,52.25,TRADE
NSW1,2026/07/31 10:55:00,7733.69,52.25,TRADE
NSW1,2026/07/31 11:00:00,7563.8,42.80,TRADE
NSW1,2026/07/31 11:05:00,7617.93,69.25,TRADE
NSW1,2026/07/31 11:10:00,7564.43,73.20,TRADE
NSW1,2026/07/31 11:15:00,7447.25,42.84,TRADE
NSW1,2026/07/31 11:20:00,7555.39,73.20,TRADE
NSW1,2026/07/31 11:25:00,7296.55,7.85,TRADE
NSW1,2026/07/31 11:30:00,7405.13,69.99,TRADE
NSW1,2026/07/31 11:35:00,7246.42,69.99,TRADE
NSW1,2026/07/31 11:40:00,7142.12,13.68,TRADE
NSW1,2026/07/31 11:45:00,7332.29,73.20,TRADE
NSW1,2026/07/31 11:50:00,7144.74,66.98,TRADE
NSW1,2026/07/31 11:55:00,7027.55,15.09,TRADE
NSW1,2026/07/31 12:00:00,7209.37,69.55,TRADE
NSW1,2026/07/31 12:05:00,7040.37,73.20,TRADE
NSW1,2026/07/31 12:10:00,7029.44,31.28,TRADE
NSW1,2026/07/31 12:15:00,7086.09,31.08,TRADE
NSW1,2026/07/31 12:20:00,7020.06,43.85,TRADE
NSW1,2026/07/31 12:25:00,6985.03,73.20,TRADE
NSW1,2026/07/31 12:30:00,6827.43,69.99,TRADE
NSW1,2026/07/31 12:35:00,6796.83,42.80,TRADE
NSW1,2026/07/31 12:40:00,6778.73,30.71,TRADE
NSW1,2026/07/31 12:45:00,6825.9,52.52,TRADE
NSW1,2026/07/31 12:50:00,6721.65,42.80,TRADE
NSW1,2026/07/31 12:55:00,6770.07,65.16,TRADE
NSW1,2026/07/31 13:00:00,6656.63,57.39,TRADE
NSW1,2026/07/31 13:05:00,6649.7,57.39,TRADE
NSW1,2026/07/31 13:10:00,6638.45,45.16,TRADE
NSW1,2026/07/31 13:15:00,6682.99,68.02,TRADE
NSW1,2026/07/31 13:20:00,6588.81,52.21,TRADE
NSW1,2026/07/31 13:25:00,6703.29,54.76,TRADE
NSW1,2026/07/31 13:30:00,6658.81,54.09,TRADE
NSW1,2026/07/31 13:35:00,6684.52,54.15,TRADE
NSW1,2026/07/31 13:40:00,6647.55,47.38,TRADE
NSW1,2026/07/31 13:45:00,6712.64,55.94,TRADE
NSW1,2026/07/31 13:50:00,6703.14,73.15,TRADE
NSW1,2026/07/31 13:55:00,6675.35,68.02,TRADE
NSW1,2026/07/31 14:00:00,6675.19,62.23,TRADE
NSW1,2026/07/31 14:05:00,6633.72,54.23,TRADE
NSW1,2026/07/31 14:10:00,6663.02,63.72,TRADE
NSW1,2026/07/31 14:15:00,6700.41,55.57,TRADE
NSW1,2026/07/31 14:20:00,6795.64,61.37,TRADE
NSW1,2026/07/31 14:25:00,6760.45,55.52,TRADE
NSW1,2026/07/31 14:30:00,6869.23,58.44,TRADE
NSW1,2026/07/31 14:35:00,6931.01,63.72,TRADE
NSW1,2026/07/31 14:40:00,7015.9,58.44,TRADE
NSW1,2026/07/31 14:45:00,7122.9,53.68,TRADE
NSW1,2026/07/31 14:50:00,7189.61,48.35,TRADE
NSW1,2026/07/31 14:55:00,7207.21,48.01,TRADE
NSW1,2026/07/31 15:00:00,7283.49,65.19,TRADE
NSW1,2026/07/31 15:05:00,7324.68,66.44,TRADE
NSW1,2026/07/31 15:10:00,7413.88,66.39,TRADE
NSW1,2026/07/31 15:15:00,7539.06,66.35,TRADE
NSW1,2026/07/31 15:20:00,7549.36,50.84,TRADE
NSW1,2026/07/31 15:25:00,7743,64.95,TRADE
NSW1,2026/07/31 15:30:00,7775.1,64.95,TRADE
NSW1,2026/07/31 15:35:00,7926.18,48.07,TRADE
NSW1,2026/07/31 15:40:00,8074.95,42.48,TRADE
NSW1,2026/07/31 15:45:00,8167.59,57.39,TRADE
NSW1,2026/07/31 15:50:00,8226.89,57.39,TRADE
NSW1,2026/07/31 15:55:00,8454.82,57.39,TRADE
NSW1,2026/07/31 16:00:00,8561.16,71.77,TRADE
NSW1,2026/07/31 16:05:00,8667.28,89.49,TRADE
NSW1,2026/07/31 16:10:00,8770.78,96.61,TRADE
NSW1,2026/07/31 16:15:00,8914.66,106.41,TRADE
NSW1,2026/07/31 16:20:00,9097.85,110.68,TRADE
NSW1,2026/07/31 16:25:00,9195.3,146,TRADE
NSW1,2026/07/31 16:30:00,9275.23,146,TRADE
NSW1,2026/07/31 16:35:00,9317.65,116.25,TRADE
NSW1,2026/07/31 16:40:00,9550.52,121.10,TRADE
NSW1,2026/07/31 16:45:00,9746.39,144.11,TRADE
NSW1,2026/07/31 16:50:00,9868.3,146,TRADE
NSW1,2026/07/31 16:55:00,9903.3,139.82,TRADE
NSW1,2026/07/31 17:00:00,10110.72,141.69,TRADE
NSW1,2026/07/31 17:05:00,10146.29,131.69,TRADE
NSW1,2026/07/31 17:10:00,10195.97,129.99,TRADE
NSW1,2026/07/31 17:15:00,10249.96,138.91,TRADE
NSW1,2026/07/31 17:20:00,10373.94,146,TRADE
NSW1,2026/07/31 17:25:00,10388.17,134.86,TRADE
NSW1,2026/07/31 17:30:00,10555.64,134.10,TRADE
NSW1,2026/07/31 17:35:00,10628.45,129.99,TRADE
NSW1,2026/07/31 17:40:00,10820.8,169.25,TRADE
NSW1,2026/07/31 17:45:00,10811.16,129.99,TRADE
NSW1,2026/07/31 17:50:00,11015.59,134.86,TRADE
NSW1,2026/07/31 17:55:00,10949.79,129.99,TRADE
NSW1,2026/07/31 18:00:00,11102.59,138.94,TRADE
NSW1,2026/07/31 18:05:00,11040.03,146,TRADE
NSW1,2026/07/31 18:10:00,10945.07,129.99,TRADE
NSW1,2026/07/31 18:15:00,11012.25,129.99,TRADE
NSW1,2026/07/31 18:20:00,10992.94,134.66,TRADE
NSW1,2026/07/31 18:25:00,10923.78,136.41,TRADE
NSW1,2026/07/31 18:30:00,10960.79,124.98,TRADE
NSW1,2026/07/31 18:35:00,11013.36,127.28,TRADE
NSW1,2026/07/31 18:40:00,10977.41,130.01,TRADE
NSW1,2026/07/31 18:45:00,10891.89,129.99,TRADE
NSW1,2026/07/31 18:50:00,10846.14,128.85,TRADE
NSW1,2026/07/31 18:55:00,10877.89,129.99,TRADE
NSW1,2026/07/31 19:00:00,10797.92,129.75,TRADE
NSW1,2026/07/31 19:05:00,10765,111.02,TRADE
NSW1,2026/07/31 19:10:00,10813.15,117.08,TRADE
NSW1,2026/07/31 19:15:00,10860.01,121.74,TRADE
NSW1,2026/07/31 19:20:00,10778.01,121.10,TRADE
NSW1,2026/07/31 19:25:00,10811.88,113.50,TRADE
NSW1,2026/07/31 19:30:00,10760.03,113.50,TRADE
NSW1,2026/07/31 19:35:00,10789.18,127.55,TRADE
NSW1,2026/07/31 19:40:00,10750.02,121.10,TRADE
NSW1,2026/07/31 19:45:00,10721.17,107.97,TRADE
NSW1,2026/07/31 19:50:00,10777.79,106.99,TRADE
NSW1,2026/07/31 19:55:00,10691.17,111.02,TRADE
NSW1,2026/07/31 20:00:00,10581.56,111.02,TRADE
NSW1,2026/07/31 20:05:00,10616.55,107.78,TRADE
NSW1,2026/07/31 20:10:00,10687.92,111.02,TRADE
NSW1,2026/07/31 20:15:00,10582.64,102.71,TRADE
NSW1,2026/07/31 20:20:00,10681.29,109.04,TRADE
NSW1,2026/07/31 20:25:00,10644.96,104.72,TRADE
NSW1,2026/07/31 20:30:00,10655.58,97.64,TRADE
NSW1,2026/07/31 20:35:00,10634.74,91.14,TRADE
NSW1,2026/07/31 20:40:00,10600.46,104.73,TRADE
NSW1,2026/07/31 20:45:00,10474.89,93.04,TRADE
NSW1,2026/07/31 20:50:00,10547.1,97.63,TRADE
NSW1,2026/07/31 20:55:00,10480.94,97.63,TRADE
NSW1,2026/07/31 21:00:00,10497.14,97.63,TRADE
NSW1,2026/07/31 21:05:00,10510.62,93.49,TRADE
NSW1,2026/07/31 21:10:00,10403.28,90.49,TRADE
NSW1,2026/07/31 21:15:00,10376.34,97.64,TRADE
NSW1,2026/07/31 21:20:00,10427.96,97.64,TRADE
NSW1,2026/07/31 21:25:00,10355.84,89.13,TRADE
NSW1,2026/07/31 21:30:00,10373.68,90.49,TRADE
NSW1,2026/07/31 21:35:00,10168.09,86.15,TRADE
NSW1,2026/07/31 21:40:00,10248.75,88.11,TRADE
NSW1,2026/07/31 21:45:00,10136.87,86.20,TRADE
NSW1,2026/07/31 21:50:00,10075.01,85.75,TRADE
NSW1,2026/07/31 21:55:00,10099.99,87.42,TRADE
NSW1,2026/07/31 22:00:00,10001.84,87.46,TRADE
NSW1,2026/07/31 22:05:00,9946.98,88.65,TRADE
NSW1,2026/07/31 22:10:00,10003.82,89.77,TRADE
NSW1,2026/07/31 22:15:00,9964.56,89.23,TRADE
NSW1,2026/07/31 22:20:00,9954.97,89.29,TRADE
NSW1,2026/07/31 22:25:00,9941.79,84.79,TRADE
NSW1,2026/07/31 22:30:00,9796.84,82.74,TRADE
NSW1,2026/07/31 22:35:00,9754.23,81,TRADE
NSW1,2026/07/31 22:40:00,9752.77,84.79,TRADE
NSW1,2026/07/31 22:45:00,9643.4,84.79,TRADE
NSW1,2026/07/31 22:50:00,9618.72,83.34,TRADE
NSW1,2026/07/31 22:55:00,9517.71,84.79,TRADE
NSW1,2026/07/31 23:00:00,9535.83,84.79,TRADE
NSW1,2026/07/31 23:05:00,9471.35,85.88,TRADE
NSW1,2026/07/31 23:10:00,9506.7,84.79,TRADE
NSW1,2026/07/31 23:15:00,9395.05,81,TRADE
NSW1,2026/07/31 23:20:00,9318.29,83.56,TRADE
NSW1,2026/07/31 23:25:00,9235,83.34,TRADE
NSW1,2026/07/31 23:30:00,9283.58,84.79,TRADE
NSW1,2026/07/31 23:35:00,9219.98,84.79,TRADE
NSW1,2026/07/31 23:40:00,9190.48,84.73,TRADE
NSW1,2026/07/31 23:45:00,9100.17,81,TRADE
NSW1,2026/07/31 23:50:00,9097.01,81,TRADE
NSW1,2026/07/31 23:55:00,9026.4,81,TRADE
NSW1,2026/08/01 00:00:00,9077.1,81,TRADE
