REGION,SETTLEMENTDATE,TOTALDEMAND,RRP,PERIODTYPE
NSW1,2026/09/01 00:05:00,7694.77,64.95,TRADE
NSW1,2026/09/01 00:10:00,7734.64,65.51,TRADE
NSW1,2026/09/01 00:15:00,7842.27,73.70,TRADE
NSW1,2026/09/01 00:20:00,7795.78,65.51,TRADE
NSW1,2026/09/01 00:25:00,7812.62,73.25,TRADE
NSW1,2026/09/01 00:30:00,7678.7,64.81,TRADE
NSW1,2026/09/01 00:35:00,7631.75,64.95,TRADE
NSW1,2026/09/01 00:40:00,7646.82,64.95,TRADE
NSW1,2026/09/01 00:45:00,7601.03,64.95,TRADE
NSW1,2026/09/01 00:50:00,7584.86,64.95,TRADE
NSW1,2026/09/01 00:55:00,7553.08,64.95,TRADE
NSW1,2026/09/01 01:00:00,7508.67,64.88,TRADE
NSW1,2026/09/01 01:05:00,7423.42,64.89,TRADE
NSW1,2026/09/01 01:10:00,7446.76,64.95,TRADE
NSW1,2026/09/01 01:15:00,7438.35,64.89,TRADE
NSW1,2026/09/01 01:20:00,7403.45,64.50,TRADE
NSW1,2026/09/01 01:25:00,7258.1,51.56,TRADE
NSW1,2026/09/01 01:30:00,7193.51,57.39,TRADE
NSW1,2026/09/01 01:35:00,7236.9,64.89,TRADE
NSW1,2026/09/01 01:40:00,7230.63,64.89,TRADE
NSW1,2026/09/01 01:45:00,7188.28,64.52,TRADE
NSW1,2026/09/01 01:50:00,7203.03,64.54,TRADE
NSW1,2026/09/01 01:55:00,7138.22,63.74,TRADE
NSW1,2026/09/01 02:00:00,7074.18,51.27,TRADE
NSW1,2026/09/01 02:05:00,7034.31,50.76,TRADE
NSW1,2026/09/01 02:10:00,7200,65.02,TRADE
NSW1,2026/09/01 02:15:00,7212.77,64.89,TRADE
NSW1,2026/09/01 02:20:00,7155.4,64.16,TRADE
NSW1,2026/09/01 02:25:00,7154.05,64.54,TRADE
NSW1,2026/09/01 02:30:00,7123.71,64.54,TRADE
NSW1,2026/09/01 02:35:00,7119.3,64.89,TRADE
NSW1,2026/09/01 02:40:00,7091.5,64.95,TRADE
NSW1,2026/09/01 02:45:00,7060.26,64.95,TRADE
NSW1,2026/09/01 02:50:00,6942.14,63.80,TRADE
NSW1,2026/09/01 02:55:00,6918.87,63.82,TRADE
NSW1,2026/09/01 03:00:00,6887.43,64.20,TRADE
NSW1,2026/09/01 03:05:00,6843.54,57.39,TRADE
NSW1,2026/09/01 03:10:00,6853.11,64.95,TRADE
NSW1,2026/09/01 03:15:00,6857.6,57.39,TRADE
NSW1,2026/09/01 03:20:00,6815.29,64.89,TRADE
NSW1,2026/09/01 03:25:00,6786.17,57.39,TRADE
NSW1,2026/09/01 03:30:00,6879.15,64.89,TRADE
NSW1,2026/09/01 03:35:00,6831.75,64.95,TRADE
NSW1,2026/09/01 03:40:00,6756.45,64.89,TRADE
NSW1,2026/09/01 03:45:00,6811.88,64.95,TRADE
NSW1,2026/09/01 03:50:00,6773.42,64.95,TRADE
NSW1,2026/09/01 03:55:00,6791.15,64.95,TRADE
NSW1,2026/09/01 04:00:00,6816.79,64.95,TRADE
NSW1,2026/09/01 04:05:00,6712.43,50.78,TRADE
NSW1,2026/09/01 04:10:00,6763.21,64.57,TRADE
NSW1,2026/09/01 04:15:00,6742.15,65.51,TRADE
NSW1,2026/09/01 04:20:00,6795.96,64.95,TRADE
NSW1,2026/09/01 04:25:00,6744.88,64.89,TRADE
NSW1,2026/09/01 04:30:00,6853.84,65.38,TRADE
NSW1,2026/09/01 04:35:00,6781.55,64.89,TRADE
NSW1,2026/09/01 04:40:00,6923.37,65.51,TRADE
NSW1,2026/09/01 04:45:00,6951.05,65.51,TRADE
NSW1,2026/09/01 04:50:00,6987.12,65.75,TRADE
NSW1,2026/09/01 04:55:00,7031.82,75.96,TRADE
NSW1,2026/09/01 05:00:00,7031.33,75.96,TRADE
NSW1,2026/09/01 05:05:00,7010.87,65.51,TRADE
NSW1,2026/09/01 05:10:00,7080.63,65.51,TRADE
NSW1,2026/09/01 05:15:00,7223.62,74.20,TRADE
NSW1,2026/09/01 05:20:00,7277.13,73.68,TRADE
NSW1,2026/09/01 05:25:00,7290.39,72.72,TRADE
NSW1,2026/09/01 05:30:00,7436.06,85.12,TRADE
NSW1,2026/09/01 05:35:00,7512.49,69.99,TRADE
NSW1,2026/09/01 05:40:00,7531.77,70.77,TRADE
NSW1,2026/09/01 05:45:00,7578.23,70.73,TRADE
NSW1,2026/09/01 05:50:00,7667.85,73.17,TRADE
NSW1,2026/09/01 05:55:00,7681.58,69.99,TRADE
NSW1,2026/09/01 06:00:00,7727.48,70.69,TRADE
NSW1,2026/09/01 06:05:00,7888.51,60.24,TRADE
NSW1,2026/09/01 06:10:00,8018.65,69.99,TRADE
NSW1,2026/09/01 06:15:00,8057.4,65.50,TRADE
NSW1,2026/09/01 06:20:00,8222.42,69.99,TRADE
NSW1,2026/09/01 06:25:00,8347.52,75.12,TRADE
NSW1,2026/09/01 06:30:00,8384.74,76.77,TRADE
NSW1,2026/09/01 06:35:00,8485.79,76.77,TRADE
NSW1,2026/09/01 06:40:00,8470.58,90,TRADE
NSW1,2026/09/01 06:45:00,8506.77,90,TRADE
NSW1,2026/09/01 06:50:00,8503.85,90,TRADE
NSW1,2026/09/01 06:55:00,8589.01,90,TRADE
NSW1,2026/09/01 07:00:00,8522.47,69.99,TRADE
NSW1,2026/09/01 07:05:00,8477.36,62.81,TRADE
NSW1,2026/09/01 07:10:00,8482.55,61.82,TRADE
NSW1,2026/09/01 07:15:00,8430.17,59.13,TRADE
NSW1,2026/09/01 07:20:00,8406.49,56.94,TRADE
NSW1,2026/09/01 07:25:00,8402.13,23.95,TRADE
NSW1,2026/09/01 07:30:00,8280.67,0.01,TRADE
NSW1,2026/09/01 07:35:00,8382.63,23.95,TRADE
NSW1,2026/09/01 07:40:00,8260.91,23.95,TRADE
NSW1,2026/09/01 07:45:00,8150.13,23.95,TRADE
NSW1,2026/09/01 07:50:00,8189.41,22.27,TRADE
NSW1,2026/09/01 07:55:00,8039.01,23.95,TRADE
NSW1,2026/09/01 08:00:00,7996.82,23.95,TRADE
NSW1,2026/09/01 08:05:00,7856.89,23.95,TRADE
NSW1,2026/09/01 08:10:00,7771.99,64.89,TRADE
NSW1,2026/09/01 08:15:00,7620.49,28.95,TRADE
NSW1,2026/09/01 08:20:00,7539.13,0.77,TRADE
NSW1,2026/09/01 08:25:00,7523.38,7.30,TRADE
NSW1,2026/09/01 08:30:00,7373.67,7.23,TRADE
NSW1,2026/09/01 08:35:00,7144.67,2.81,TRADE
NSW1,2026/09/01 08:40:00,7025.61,7.26,TRADE
NSW1,2026/09/01 08:45:00,6973.2,7.27,TRADE
NSW1,2026/09/01 08:50:00,6850.6,2.10,TRADE
NSW1,2026/09/01 08:55:00,6684.65,13.20,TRADE
NSW1,2026/09/01 09:00:00,6528.94,7.41,TRADE
NSW1,2026/09/01 09:05:00,6439.33,7.35,TRADE
NSW1,2026/09/01 09:10:00,6399,2.22,TRADE
NSW1,2026/09/01 09:15:00,6409.11,15.15,TRADE
NSW1,2026/09/01 09:20:00,6138.38,13.20,TRADE
NSW1,2026/09/01 09:25:00,6069.62,0.01,TRADE
NSW1,2026/09/01 09:30:00,6010.08,0,TRADE
NSW1,2026/09/01 09:35:00,5976.79,2.08,TRADE
NSW1,2026/09/01 09:40:00,5944.95,23.95,TRADE
NSW1,2026/09/01 09:45:00,5795.01,2.18,TRADE
NSW1,2026/09/01 09:50:00,5792.59,-1.32,TRADE
NSW1,2026/09/01 09:55:00,5807.64,13.20,TRADE
NSW1,2026/09/01 10:00:00,5563.05,0,TRADE
NSW1,2026/09/01 10:05:00,5549.39,-3.08,TRADE
NSW1,2026/09/01 10:10:00,5625.06,0,TRADE
NSW1,2026/09/01 10:15:00,5559.36,-1.35,TRADE
NSW1,2026/09/01 10:20:00,5364.74,-3.07,TRADE
NSW1,2026/09/01 10:25:00,5298.89,-3.22,TRADE
NSW1,2026/09/01 10:30:00,5226.18,-2.90,TRADE
NSW1,2026/09/01 10:35:00,5110.71,-2.81,TRADE
NSW1,2026/09/01 10:40:00,5074.83,-3.08,TRADE
NSW1,2026/09/01 10:45:00,4901.34,-3.01,TRADE
NSW1,2026/09/01 10:50:00,4889.18,-3.85,TRADE
NSW1,2026/09/01 10:55:00,4882.59,-3.03,TRADE
NSW1,2026/09/01 11:00:00,4800.59,-2.95,TRADE
NSW1,2026/09/01 11:05:00,4750.25,-2.93,TRADE
NSW1,2026/09/01 11:10:00,4841.72,0,TRADE
NSW1,2026/09/01 11:15:00,4797.21,0,TRADE
NSW1,2026/09/01 11:20:00,4697.79,-2.78,TRADE
NSW1,2026/09/01 11:25:00,4815.47,-2.74,TRADE
NSW1,2026/09/01 11:30:00,4719.81,-18.51,TRADE
NSW1,2026/09/01 11:35:00,4807.81,-4,TRADE
NSW1,2026/09/01 11:40:00,4683.8,-2,TRADE
NSW1,2026/09/01 11:45:00,4576.97,-2.62,TRADE
NSW1,2026/09/01 11:50:00,4570.59,-2.61,TRADE
NSW1,2026/09/01 11:55:00,4515.33,-2,TRADE
NSW1,2026/09/01 12:00:00,4426.61,-8.89,TRADE
NSW1,2026/09/01 12:05:00,4508.98,-4,TRADE
NSW1,2026/09/01 12:10:00,4404.6,-9.33,TRADE
NSW1,2026/09/01 12:15:00,4590.75,-5.01,TRADE
NSW1,2026/09/01 12:20:00,4497.42,-8.96,TRADE
NSW1,2026/09/01 12:25:00,4479.01,-10.50,TRADE
NSW1,2026/09/01 12:30:00,4518.26,-8.92,TRADE
NSW1,2026/09/01 12:35:00,4485.83,-9.33,TRADE
NSW1,2026/09/01 12:40:00,4422.91,-10.50,TRADE
NSW1,2026/09/01 12:45:00,4442.5,-18.51,TRADE
NSW1,2026/09/01 12:50:00,4400.66,-18.51,TRADE
NSW1,2026/09/01 12:55:00,4382.29,-8.50,TRADE
NSW1,2026/09/01 13:00:00,4396.62,-18.51,TRADE
NSW1,2026/09/01 13:05:00,4493.57,-10.50,TRADE
NSW1,2026/09/01 13:10:00,4515.15,-9.33,TRADE
NSW1,2026/09/01 13:15:00,4499.15,-8.89,TRADE
NSW1,2026/09/01 13:20:00,4471.16,0,TRADE
NSW1,2026/09/01 13:25:00,4523.58,-8.50,TRADE
NSW1,2026/09/01 13:30:00,4594.32,-10.50,TRADE
NSW1,2026/09/01 13:35:00,4654.83,-2,TRADE
NSW1,2026/09/01 13:40:00,4634.13,0,TRADE
NSW1,2026/09/01 13:45:00,4584.24,-9.06,TRADE
NSW1,2026/09/01 13:50:00,4708.62,1.20,TRADE
NSW1,2026/09/01 13:55:00,4640.1,-6.34,TRADE
NSW1,2026/09/01 14:00:00,4764.82,1.79,TRADE
NSW1,2026/09/01 14:05:00,4755.95,5.90,TRADE
NSW1,2026/09/01 14:10:00,4824.65,5.93,TRADE
NSW1,2026/09/01 14:15:00,4850.68,0.77,TRADE
NSW1,2026/09/01 14:20:00,4853.27,-5.01,TRADE
NSW1,2026/09/01 14:25:00,5020.83,6.32,TRADE
NSW1,2026/09/01 14:30:00,5091.15,4.85,TRADE
NSW1,2026/09/01 14:35:00,5134.94,-5.32,TRADE
NSW1,2026/09/01 14:40:00,5162.26,-5.01,TRADE
NSW1,2026/09/01 14:45:00,5324.53,-2.62,TRADE
NSW1,2026/09/01 14:50:00,5448.7,-6.03,TRADE
NSW1,2026/09/01 14:55:00,5439.06,-4.37,TRADE
NSW1,2026/09/01 15:00:00,5629.15,-2.72,TRADE
NSW1,2026/09/01 15:05:00,5722.88,-4.36,TRADE
NSW1,2026/09/01 15:10:00,5723.91,-4.10,TRADE
NSW1,2026/09/01 15:15:00,5776.81,-4.13,TRADE
NSW1,2026/09/01 15:20:00,5910.76,-4.16,TRADE
NSW1,2026/09/01 15:25:00,6089.79,-4.33,TRADE
NSW1,2026/09/01 15:30:00,6178.35,0,TRADE
NSW1,2026/09/01 15:35:00,6169.61,0.01,TRADE
NSW1,2026/09/01 15:40:00,6230.29,0,TRADE
NSW1,2026/09/01 15:45:00,6396.61,0.01,TRADE
NSW1,2026/09/01 15:50:00,6507.49,13.05,TRADE
NSW1,2026/09/01 15:55:00,6658.87,0.01,TRADE
NSW1,2026/09/01 16:00:00,6740.42,22.19,TRADE
NSW1,2026/09/01 16:05:00,6900.57,12.27,TRADE
NSW1,2026/09/01 16:10:00,7020.53,15.52,TRADE
NSW1,2026/09/01 16:15:00,7158.26,12.36,TRADE
NSW1,2026/09/01 16:20:00,7274.52,47.54,TRADE
NSW1,2026/09/01 16:25:00,7441.04,52.98,TRADE
NSW1,2026/09/01 16:30:00,7536.1,44.61,TRADE
NSW1,2026/09/01 16:35:00,7599.21,69.43,TRADE
NSW1,2026/09/01 16:40:00,7665.69,69.99,TRADE
NSW1,2026/09/01 16:45:00,7843.19,71.51,TRADE
NSW1,2026/09/01 16:50:00,7980.44,72.79,TRADE
NSW1,2026/09/01 16:55:00,8012.31,81.01,TRADE
NSW1,2026/09/01 17:00:00,8147.52,92.50,TRADE
NSW1,2026/09/01 17:05:00,8142.39,79.76,TRADE
NSW1,2026/09/01 17:10:00,8244.52,81.01,TRADE
NSW1,2026/09/01 17:15:00,8293.97,82.64,TRADE
NSW1,2026/09/01 17:20:00,8193.56,81,TRADE
NSW1,2026/09/01 17:25:00,8295.77,81.50,TRADE
NSW1,2026/09/01 17:30:00,8453.79,84.21,TRADE
NSW1,2026/09/01 17:35:00,8492.78,83.99,TRADE
NSW1,2026/09/01 17:40:00,8475.94,83.11,TRADE
NSW1,2026/09/01 17:45:00,8641.51,84.13,TRADE
NSW1,2026/09/01 17:50:00,8680.27,84.09,TRADE
NSW1,2026/09/01 17:55:00,8810.42,86.88,TRADE
NSW1,2026/09/01 18:00:00,8779.46,86.18,TRADE
NSW1,2026/09/01 18:05:00,8904.08,90,TRADE
NSW1,2026/09/01 18:10:00,8857.76,83.41,TRADE
NSW1,2026/09/01 18:15:00,8755.4,87.75,TRADE
NSW1,2026/09/01 18:20:00,8720.85,88.35,TRADE
NSW1,2026/09/01 18:25:00,8904.79,83.78,TRADE
NSW1,2026/09/01 18:30:00,8897.78,84.67,TRADE
NSW1,2026/09/01 18:35:00,8851.45,83.99,TRADE
NSW1,2026/09/01 18:40:00,8829.47,83.99,TRADE
NSW1,2026/09/01 18:45:00,8788.39,84.27,TRADE
NSW1,2026/09/01 18:50:00,8818.21,83.99,TRADE
NSW1,2026/09/01 18:55:00,8758.01,83.20,TRADE
NSW1,2026/09/01 19:00:00,8674.64,82.25,TRADE
NSW1,2026/09/01 19:05:00,8683.04,81.77,TRADE
NSW1,2026/09/01 19:10:00,8675.13,82.46,TRADE
NSW1,2026/09/01 19:15:00,8617.25,86.89,TRADE
NSW1,2026/09/01 19:20:00,8512.92,84.67,TRADE
NSW1,2026/09/01 19:25:00,8508.09,79.84,TRADE
NSW1,2026/09/01 19:30:00,8631.57,84.67,TRADE
NSW1,2026/09/01 19:35:00,8510.78,84.67,TRADE
NSW1,2026/09/01 19:40:00,8504.74,79.37,TRADE
NSW1,2026/09/01 19:45:00,8526.76,79.86,TRADE
NSW1,2026/09/01 19:50:00,8462.35,82.95,TRADE
NSW1,2026/09/01 19:55:00,8376.37,81.67,TRADE
NSW1,2026/09/01 20:00:00,8339.9,78.38,TRADE
NSW1,2026/09/01 20:05:00,8442.49,78.46,TRADE
NSW1,2026/09/01 20:10:00,8467.48,78.45,TRADE
NSW1,2026/09/01 20:15:00,8355.97,75.96,TRADE
NSW1,2026/09/01 20:20:00,8328.39,77.02,TRADE
NSW1,2026/09/01 20:25:00,8349.89,77.55,TRADE
NSW1,2026/09/01 20:30:00,8318.45,77.54,TRADE
NSW1,2026/09/01 20:35:00,8272.6,77.61,TRADE
NSW1,2026/09/01 20:40:00,8236.99,80.50,TRADE
NSW1,2026/09/01 20:45:00,8210.6,80.55,TRADE
NSW1,2026/09/01 20:50:00,8168.7,80.56,TRADE
NSW1,2026/09/01 20:55:00,8192.13,75.96,TRADE
NSW1,2026/09/01 21:00:00,8229.62,78.51,TRADE
NSW1,2026/09/01 21:05:00,8212.96,79.20,TRADE
NSW1,2026/09/01 21:10:00,8204.51,89.58,TRADE
NSW1,2026/09/01 21:15:00,8064.55,82.90,TRADE
NSW1,2026/09/01 21:20:00,8021.93,82.74,TRADE
NSW1,2026/09/01 21:25:00,8017.96,76.77,TRADE
NSW1,2026/09/01 21:30:00,8048.76,71.40,TRADE
NSW1,2026/09/01 21:35:00,7971.82,81.22,TRADE
NSW1,2026/09/01 21:40:00,7904.36,73.53,TRADE
NSW1,2026/09/01 21:45:00,8003.83,76.77,TRADE
NSW1,2026/09/01 21:50:00,7948.15,64.95,TRADE
NSW1,2026/09/01 21:55:00,7924.39,64.95,TRADE
NSW1,2026/09/01 22:00:00,7883.98,58.58,TRADE
NSW1,2026/09/01 22:05:00,7740.56,58.30,TRADE
NSW1,2026/09/01 22:10:00,7856.15,65.51,TRADE
NSW1,2026/09/01 22:15:00,7890.35,65.51,TRADE
NSW1,2026/09/01 22:20:00,7837.29,65.51,TRADE
NSW1,2026/09/01 22:25:00,7811.72,65.51,TRADE
NSW1,2026/09/01 22:30:00,7804.09,65.51,TRADE
NSW1,2026/09/01 22:35:00,7748.12,65.51,TRADE
NSW1,2026/09/01 22:40:00,7666.94,65.51,TRADE
NSW1,2026/09/01 22:45:00,7715.01,64.95,TRADE
NSW1,2026/09/01 22:50:00,7664.3,65.51,TRADE
NSW1,2026/09/01 22:55:00,7562.53,65.51,TRADE
NSW1,2026/09/01 23:00:00,7503.59,64.01,TRADE
NSW1,2026/09/01 23:05:00,7555.03,71.40,TRADE
NSW1,2026/09/01 23:10:00,7546.64,65.51,TRADE
NSW1,2026/09/01 23:15:00,7430,75.15,TRADE
NSW1,2026/09/01 23:20:00,7459.79,75.68,TRADE
NSW1,2026/09/01 23:25:00,7418.61,65.51,TRADE
NSW1,2026/09/01 23:30:00,7424.43,65.51,TRADE
NSW1,2026/09/01 23:35:00,7361.71,65.51,TRADE
NSW1,2026/09/01 23:40:00,7299.82,64.95,TRADE
NSW1,2026/09/01 23:45:00,7243.6,64.70,TRADE
NSW1,2026/09/01 23:50:00,7242.52,64.79,TRADE
NSW1,2026/09/01 23:55:00,7213.26,57.39,TRADE
NSW1,2026/09/02 00:00:00,7192.15,56.16,TRADE
NSW1,2026/09/02 00:05:00,7214.37,57.39,TRADE
NSW1,2026/09/02 00:10:00,7280.02,64.95,TRADE
NSW1,2026/09/02 00:15:00,7380.79,65.31,TRADE
NSW1,2026/09/02 00:20:00,7323.33,65.75,TRADE
NSW1,2026/09/02 00:25:00,7357.71,65.51,TRADE
NSW1,2026/09/02 00:30:00,7318.74,57.54,TRADE
NSW1,2026/09/02 00:35:00,7216.81,55.98,TRADE
NSW1,2026/09/02 00:40:00,7199.01,64.95,TRADE
NSW1,2026/09/02 00:45:00,7149.11,64.89,TRADE
NSW1,2026/09/02 00:50:00,7167.96,61.32,TRADE
NSW1,2026/09/02 00:55:00,7116.94,57.85,TRADE
NSW1,2026/09/02 01:00:00,7162.8,59,TRADE
NSW1,2026/09/02 01:05:00,7105.98,65.51,TRADE
NSW1,2026/09/02 01:10:00,7059.66,58.63,TRADE
NSW1,2026/09/02 01:15:00,7058.37,59.03,TRADE
NSW1,2026/09/02 01:20:00,7020.18,64.95,TRADE
NSW1,2026/09/02 01:25:00,6968.82,59.44,TRADE
NSW1,2026/09/02 01:30:00,6845.5,47.25,TRADE
NSW1,2026/09/02 01:35:00,6819.66,56.80,TRADE
NSW1,2026/09/02 01:40:00,6848.41,57.59,TRADE
NSW1,2026/09/02 01:45:00,6820.81,57.58,TRADE
NSW1,2026/09/02 01:50:00,6759.07,64.95,TRADE
NSW1,2026/09/02 01:55:00,6816.41,58.33,TRADE
NSW1,2026/09/02 02:00:00,6780.81,57.39,TRADE
NSW1,2026/09/02 02:05:00,6708.56,57.96,TRADE
NSW1,2026/09/02 02:10:00,6731.07,59.65,TRADE
NSW1,2026/09/02 02:15:00,6651.99,61.02,TRADE
NSW1,2026/09/02 02:20:00,6625.43,58.35,TRADE
NSW1,2026/09/02 02:25:00,6615.58,57.62,TRADE
NSW1,2026/09/02 02:30:00,6555.71,56.81,TRADE
NSW1,2026/09/02 02:35:00,6556.51,57.60,TRADE
NSW1,2026/09/02 02:40:00,6652.13,57.62,TRADE
NSW1,2026/09/02 02:45:00,6611.65,56.50,TRADE
NSW1,2026/09/02 02:50:00,6618.33,65.51,TRADE
NSW1,2026/09/02 02:55:00,6651.09,65.51,TRADE
NSW1,2026/09/02 03:00:00,6585.3,57.39,TRADE
NSW1,2026/09/02 03:05:00,6602.28,57.99,TRADE
NSW1,2026/09/02 03:10:00,6576.05,65.51,TRADE
NSW1,2026/09/02 03:15:00,6441.63,57.39,TRADE
NSW1,2026/09/02 03:20:00,6459.78,57.39,TRADE
NSW1,2026/09/02 03:25:00,6431.18,57.25,TRADE
NSW1,2026/09/02 03:30:00,6422.37,64.72,TRADE
NSW1,2026/09/02 03:35:00,6383.93,68.82,TRADE
NSW1,2026/09/02 03:40:00,6426.6,77.22,TRADE
NSW1,2026/09/02 03:45:00,6445.74,58.32,TRADE
NSW1,2026/09/02 03:50:00,6478.98,58.72,TRADE
NSW1,2026/09/02 03:55:00,6467.07,65.51,TRADE
NSW1,2026/09/02 04:00:00,6439.03,64.95,TRADE
NSW1,2026/09/02 04:05:00,6431.4,57.39,TRADE
NSW1,2026/09/02 04:10:00,6551.16,73.56,TRADE
NSW1,2026/09/02 04:15:00,6501.8,65.51,TRADE
NSW1,2026/09/02 04:20:00,6565.63,65.84,TRADE
NSW1,2026/09/02 04:25:00,6607.77,66.93,TRADE
NSW1,2026/09/02 04:30:00,6545.9,65.86,TRADE
NSW1,2026/09/02 04:35:00,6552.71,64.95,TRADE
NSW1,2026/09/02 04:40:00,6553.07,67.49,TRADE
NSW1,2026/09/02 04:45:00,6549.89,71.40,TRADE
NSW1,2026/09/02 04:50:00,6565.04,71.40,TRADE
NSW1,2026/09/02 04:55:00,6595.35,71.40,TRADE
NSW1,2026/09/02 05:00:00,6569.58,67.48,TRADE
NSW1,2026/09/02 05:05:00,6634.29,66.52,TRADE
NSW1,2026/09/02 05:10:00,6711.01,71.40,TRADE
NSW1,2026/09/02 05:15:00,6743.46,71.27,TRADE
NSW1,2026/09/02 05:20:00,6787.25,65.22,TRADE
NSW1,2026/09/02 05:25:00,6851.83,71.40,TRADE
NSW1,2026/09/02 05:30:00,6866.54,72.46,TRADE
NSW1,2026/09/02 05:35:00,6907.99,71.28,TRADE
NSW1,2026/09/02 05:40:00,7001.05,62.21,TRADE
NSW1,2026/09/02 05:45:00,7029.02,71.40,TRADE
NSW1,2026/09/02 05:50:00,7057.92,71.40,TRADE
NSW1,2026/09/02 05:55:00,7131.42,74.71,TRADE
NSW1,2026/09/02 06:00:00,7141.26,71.95,TRADE
NSW1,2026/09/02 06:05:00,7256.55,76.11,TRADE
NSW1,2026/09/02 06:10:00,7297.02,83.29,TRADE
NSW1,2026/09/02 06:15:00,7347.09,84.79,TRADE
NSW1,2026/09/02 06:20:00,7424.23,84.82,TRADE
NSW1,2026/09/02 06:25:00,7502.06,85.80,TRADE
NSW1,2026/09/02 06:30:00,7561.35,84.79,TRADE
NSW1,2026/09/02 06:35:00,7622.8,85.50,TRADE
NSW1,2026/09/02 06:40:00,7617.98,88.45,TRADE
NSW1,2026/09/02 06:45:00,7686.62,84.79,TRADE
NSW1,2026/09/02 06:50:00,7737.95,83.60,TRADE
NSW1,2026/09/02 06:55:00,7765.27,77.43,TRADE
NSW1,2026/09/02 07:00:00,7761.49,77.74,TRADE
NSW1,2026/09/02 07:05:00,7797.22,60.13,TRADE
NSW1,2026/09/02 07:10:00,7841.88,55.03,TRADE
NSW1,2026/09/02 07:15:00,7844.52,53.25,TRADE
NSW1,2026/09/02 07:20:00,7888.14,50.89,TRADE
NSW1,2026/09/02 07:25:00,7852.7,33.86,TRADE
NSW1,2026/09/02 07:30:00,7814.6,33.04,TRADE
NSW1,2026/09/02 07:35:00,7832.63,33.62,TRADE
NSW1,2026/09/02 07:40:00,7815.27,32.46,TRADE
NSW1,2026/09/02 07:45:00,7764.53,29.44,TRADE
NSW1,2026/09/02 07:50:00,7725.85,30.37,TRADE
NSW1,2026/09/02 07:55:00,7710.46,23.95,TRADE
NSW1,2026/09/02 08:00:00,7602.33,23.95,TRADE
NSW1,2026/09/02 08:05:00,7556.5,20.73,TRADE
NSW1,2026/09/02 08:10:00,7594.89,-3.36,TRADE
NSW1,2026/09/02 08:15:00,7630.71,0.01,TRADE
NSW1,2026/09/02 08:20:00,7538.57,22.96,TRADE
NSW1,2026/09/02 08:25:00,7441.16,23.58,TRADE
NSW1,2026/09/02 08:30:00,7318.81,8.88,TRADE
NSW1,2026/09/02 08:35:00,7248.32,2.40,TRADE
NSW1,2026/09/02 08:40:00,7074.96,13.86,TRADE
NSW1,2026/09/02 08:45:00,6911.21,2.42,TRADE
NSW1,2026/09/02 08:50:00,6838.48,0,TRADE
NSW1,2026/09/02 08:55:00,6720.26,4.08,TRADE
NSW1,2026/09/02 09:00:00,6577.93,9.69,TRADE
NSW1,2026/09/02 09:05:00,6469.4,16.02,TRADE
NSW1,2026/09/02 09:10:00,6459.07,15.59,TRADE
NSW1,2026/09/02 09:15:00,6359.43,-3.60,TRADE
NSW1,2026/09/02 09:20:00,6379.22,-4.40,TRADE
NSW1,2026/09/02 09:25:00,6314.66,13.20,TRADE
NSW1,2026/09/02 09:30:00,6140.96,-2.01,TRADE
NSW1,2026/09/02 09:35:00,6162.53,-3.60,TRADE
NSW1,2026/09/02 09:40:00,6170.63,-3.47,TRADE
NSW1,2026/09/02 09:45:00,6135.27,-3.71,TRADE
NSW1,2026/09/02 09:50:00,6061.4,-3.62,TRADE
NSW1,2026/09/02 09:55:00,6048.27,-3.69,TRADE
NSW1,2026/09/02 10:00:00,5925.08,-3.62,TRADE
NSW1,2026/09/02 10:05:00,5856.8,-4.52,TRADE
NSW1,2026/09/02 10:10:00,5859.79,0,TRADE
NSW1,2026/09/02 10:15:00,5692.82,-6.74,TRADE
NSW1,2026/09/02 10:20:00,5734.17,-6.68,TRADE
NSW1,2026/09/02 10:25:00,5634.92,-6.27,TRADE
NSW1,2026/09/02 10:30:00,5585.98,-6.69,TRADE
NSW1,2026/09/02 10:35:00,5500.69,-3.91,TRADE
NSW1,2026/09/02 10:40:00,5468.42,-3.89,TRADE
NSW1,2026/09/02 10:45:00,5379.4,-3.84,TRADE
NSW1,2026/09/02 10:50:00,5377.27,-6.62,TRADE
NSW1,2026/09/02 10:55:00,5316.27,-6.65,TRADE
NSW1,2026/09/02 11:00:00,5202.38,-5.49,TRADE
NSW1,2026/09/02 11:05:00,5158.53,-6.32,TRADE
NSW1,2026/09/02 11:10:00,5275.97,-3.74,TRADE
NSW1,2026/09/02 11:15:00,5214.75,-5.01,TRADE
NSW1,2026/09/02 11:20:00,5241.68,-6.74,TRADE
NSW1,2026/09/02 11:25:00,5225.42,-6.51,TRADE
NSW1,2026/09/02 11:30:00,5239.45,-3.69,TRADE
NSW1,2026/09/02 11:35:00,5156.86,-4.28,TRADE
NSW1,2026/09/02 11:40:00,5159.02,-5.01,TRADE
NSW1,2026/09/02 11:45:00,5159.56,-6.19,TRADE
NSW1,2026/09/02 11:50:00,5143.29,-7.85,TRADE
NSW1,2026/09/02 11:55:00,5149.91,-6.74,TRADE
NSW1,2026/09/02 12:00:00,5123.58,-8.42,TRADE
NSW1,2026/09/02 12:05:00,5142.48,-6.85,TRADE
NSW1,2026/09/02 12:10:00,5162.62,-6.52,TRADE
NSW1,2026/09/02 12:15:00,5084.63,-6.87,TRADE
NSW1,2026/09/02 12:20:00,5097.88,-8.58,TRADE
NSW1,2026/09/02 12:25:00,5057.51,-5.49,TRADE
NSW1,2026/09/02 12:30:00,4980.51,-6.74,TRADE
NSW1,2026/09/02 12:35:00,4935.82,-6.69,TRADE
NSW1,2026/09/02 12:40:00,4943.34,-6.78,TRADE
NSW1,2026/09/02 12:45:00,4995.29,-4,TRADE
NSW1,2026/09/02 12:50:00,5016.54,-6.70,TRADE
NSW1,2026/09/02 12:55:00,5057.95,-4.39,TRADE
NSW1,2026/09/02 13:00:00,5142.14,-6.97,TRADE
NSW1,2026/09/02 13:05:00,5133.74,-7.99,TRADE
NSW1,2026/09/02 13:10:00,5105.73,-6.95,TRADE
NSW1,2026/09/02 13:15:00,5175.82,-6.56,TRADE
NSW1,2026/09/02 13:20:00,5124.43,-6.86,TRADE
NSW1,2026/09/02 13:25:00,5108.26,-6.94,TRADE
NSW1,2026/09/02 13:30:00,5090.3,-8.40,TRADE
NSW1,2026/09/02 13:35:00,5100.56,-5.49,TRADE
NSW1,2026/09/02 13:40:00,5158.07,-4.69,TRADE
NSW1,2026/09/02 13:45:00,5272.84,-4.79,TRADE
NSW1,2026/09/02 13:50:00,5310.62,-3.79,TRADE
NSW1,2026/09/02 13:55:00,5476.79,-3.63,TRADE
NSW1,2026/09/02 14:00:00,5464.03,-4.11,TRADE
NSW1,2026/09/02 14:05:00,5576.81,-4.77,TRADE
NSW1,2026/09/02 14:10:00,5636.13,-3.69,TRADE
NSW1,2026/09/02 14:15:00,5627.75,-4.81,TRADE
NSW1,2026/09/02 14:20:00,5746.71,-4.94,TRADE
NSW1,2026/09/02 14:25:00,5871.28,-5.05,TRADE
NSW1,2026/09/02 14:30:00,5932,-5.14,TRADE
NSW1,2026/09/02 14:35:00,6017.28,-4.17,TRADE
NSW1,2026/09/02 14:40:00,6130.48,-3.44,TRADE
NSW1,2026/09/02 14:45:00,6142.81,0,TRADE
NSW1,2026/09/02 14:50:00,6141,0,TRADE
NSW1,2026/09/02 14:55:00,6301.75,2.38,TRADE
NSW1,2026/09/02 15:00:00,6336.6,7.50,TRADE
NSW1,2026/09/02 15:05:00,6420.51,0.01,TRADE
NSW1,2026/09/02 15:10:00,6410.01,0,TRADE
NSW1,2026/09/02 15:15:00,6538.24,0.01,TRADE
NSW1,2026/09/02 15:20:00,6475.82,8.46,TRADE
NSW1,2026/09/02 15:25:00,6623.01,14.20,TRADE
NSW1,2026/09/02 15:30:00,6741.7,12.92,TRADE
NSW1,2026/09/02 15:35:00,6898.32,25.12,TRADE
NSW1,2026/09/02 15:40:00,6847.95,25.12,TRADE
NSW1,2026/09/02 15:45:00,6877.42,25.12,TRADE
NSW1,2026/09/02 15:50:00,7058.71,25.12,TRADE
NSW1,2026/09/02 15:55:00,7148.68,25.12,TRADE
NSW1,2026/09/02 16:00:00,7190.23,40.34,TRADE
NSW1,2026/09/02 16:05:00,7298.8,25.12,TRADE
NSW1,2026/09/02 16:10:00,7385.7,29.33,TRADE
NSW1,2026/09/02 16:15:00,7453.75,61.88,TRADE
NSW1,2026/09/02 16:20:00,7520.55,61.97,TRADE
NSW1,2026/09/02 16:25:00,7572.86,69.99,TRADE
NSW1,2026/09/02 16:30:00,7751.32,90.67,TRADE
NSW1,2026/09/02 16:35:00,7737.67,79.12,TRADE
NSW1,2026/09/02 16:40:00,7913.6,83.87,TRADE
NSW1,2026/09/02 16:45:00,8025.25,84.67,TRADE
NSW1,2026/09/02 16:50:00,8104.35,80.25,TRADE
NSW1,2026/09/02 16:55:00,8193,84.67,TRADE
NSW1,2026/09/02 17:00:00,8100.42,90.01,TRADE
NSW1,2026/09/02 17:05:00,8233.06,72.69,TRADE
NSW1,2026/09/02 17:10:00,8297.17,77.40,TRADE
NSW1,2026/09/02 17:15:00,8379.43,82.90,TRADE
NSW1,2026/09/02 17:20:00,8349.1,86.88,TRADE
NSW1,2026/09/02 17:25:00,8397.32,86.53,TRADE
NSW1,2026/09/02 17:30:00,8468.4,84.67,TRADE
NSW1,2026/09/02 17:35:00,8535.29,84.57,TRADE
NSW1,2026/09/02 17:40:00,8555.43,84.26,TRADE
NSW1,2026/09/02 17:45:00,8543.31,82.90,TRADE
NSW1,2026/09/02 17:50:00,8655.16,84.15,TRADE
NSW1,2026/09/02 17:55:00,8707.82,88.20,TRADE
NSW1,2026/09/02 18:00:00,8718.56,88.81,TRADE
NSW1,2026/09/02 18:05:00,8734.4,83.21,TRADE
NSW1,2026/09/02 18:10:00,8745.55,83.40,TRADE
NSW1,2026/09/02 18:15:00,8737.74,83.26,TRADE
NSW1,2026/09/02 18:20:00,8786.32,83.20,TRADE
NSW1,2026/09/02 18:25:00,8767.05,82.90,TRADE
NSW1,2026/09/02 18:30:00,8710.07,84.67,TRADE
NSW1,2026/09/02 18:35:00,8675.5,82.23,TRADE
NSW1,2026/09/02 18:40:00,8729.19,82.90,TRADE
NSW1,2026/09/02 18:45:00,8666.89,81.20,TRADE
NSW1,2026/09/02 18:50:00,8686.58,79.79,TRADE
NSW1,2026/09/02 18:55:00,8629.02,80.37,TRADE
NSW1,2026/09/02 19:00:00,8665,82.76,TRADE
NSW1,2026/09/02 19:05:00,8596.74,82.90,TRADE
NSW1,2026/09/02 19:10:00,8607.95,82.90,TRADE
NSW1,2026/09/02 19:15:00,8470.72,81.47,TRADE
NSW1,2026/09/02 19:20:00,8493.27,81.01,TRADE
NSW1,2026/09/02 19:25:00,8478.45,80.44,TRADE
NSW1,2026/09/02 19:30:00,8495.92,81.17,TRADE
NSW1,2026/09/02 19:35:00,8382.69,81.80,TRADE
NSW1,2026/09/02 19:40:00,8359.73,79.86,TRADE
NSW1,2026/09/02 19:45:00,8378.52,81.80,TRADE
NSW1,2026/09/02 19:50:00,8331.88,75.96,TRADE
NSW1,2026/09/02 19:55:00,8363.84,79.49,TRADE
NSW1,2026/09/02 20:00:00,8341.99,78.59,TRADE
NSW1,2026/09/02 20:05:00,8359.31,80.19,TRADE
NSW1,2026/09/02 20:10:00,8282.02,75.96,TRADE
NSW1,2026/09/02 20:15:00,8303.54,79.20,TRADE
NSW1,2026/09/02 20:20:00,8353.2,82.18,TRADE
NSW1,2026/09/02 20:25:00,8301.55,82.90,TRADE
NSW1,2026/09/02 20:30:00,8258.91,79.56,TRADE
NSW1,2026/09/02 20:35:00,8241.93,82.90,TRADE
NSW1,2026/09/02 20:40:00,8163.06,87.96,TRADE
NSW1,2026/09/02 20:45:00,8148.45,89.55,TRADE
NSW1,2026/09/02 20:50:00,8101.77,90.49,TRADE
NSW1,2026/09/02 20:55:00,8086.34,91.34,TRADE
NSW1,2026/09/02 21:00:00,8036.41,94.38,TRADE
NSW1,2026/09/02 21:05:00,8036.56,98.14,TRADE
NSW1,2026/09/02 21:10:00,8006.75,98.45,TRADE
NSW1,2026/09/02 21:15:00,7953.32,93.03,TRADE
NSW1,2026/09/02 21:20:00,7857.76,89.65,TRADE
NSW1,2026/09/02 21:25:00,7887.06,83.99,TRADE
NSW1,2026/09/02 21:30:00,7847.66,80.36,TRADE
NSW1,2026/09/02 21:35:00,7805.23,86.36,TRADE
NSW1,2026/09/02 21:40:00,7793.46,82.90,TRADE
NSW1,2026/09/02 21:45:00,7731.17,82.90,TRADE
NSW1,2026/09/02 21:50:00,7707.26,76.06,TRADE
NSW1,2026/09/02 21:55:00,7658.1,75.57,TRADE
NSW1,2026/09/02 22:00:00,7660.86,71.38,TRADE
NSW1,2026/09/02 22:05:00,7630.81,72.40,TRADE
NSW1,2026/09/02 22:10:00,7711.01,65.50,TRADE
NSW1,2026/09/02 22:15:00,7797.8,65.50,TRADE
NSW1,2026/09/02 22:20:00,7745.8,65.50,TRADE
NSW1,2026/09/02 22:25:00,7662.36,64.95,TRADE
NSW1,2026/09/02 22:30:00,7679.52,64.95,TRADE
NSW1,2026/09/02 22:35:00,7665.38,70.27,TRADE
NSW1,2026/09/02 22:40:00,7635.62,69.99,TRADE
NSW1,2026/09/02 22:45:00,7564.28,69.99,TRADE
NSW1,2026/09/02 22:50:00,7576.67,69.99,TRADE
NSW1,2026/09/02 22:55:00,7534.01,64.95,TRADE
NSW1,2026/09/02 23:00:00,7488.76,65.50,TRADE
NSW1,2026/09/02 23:05:00,7462.42,65.50,TRADE
NSW1,2026/09/02 23:10:00,7432.43,64.95,TRADE
NSW1,2026/09/02 23:15:00,7400.14,64.95,TRADE
NSW1,2026/09/02 23:20:00,7428.99,64.95,TRADE
NSW1,2026/09/02 23:25:00,7381.61,64.95,TRADE
NSW1,2026/09/02 23:30:00,7362.22,65.50,TRADE
NSW1,2026/09/02 23:35:00,7360.26,65.50,TRADE
NSW1,2026/09/02 23:40:00,7327.79,63.70,TRADE
NSW1,2026/09/02 23:45:00,7294.87,64.89,TRADE
NSW1,2026/09/02 23:50:00,7269.07,64.95,TRADE
NSW1,2026/09/02 23:55:00,7227.68,56.26,TRADE
NSW1,2026/09/03 00:00:00,7247.13,57.01,TRADE
NSW1,2026/09/03 00:05:00,7200.74,65.50,TRADE
NSW1,2026/09/03 00:10:00,7359.91,74.03,TRADE
NSW1,2026/09/03 00:15:00,7330.62,75.96,TRADE
NSW1,2026/09/03 00:20:00,7333.33,75.01,TRADE
NSW1,2026/09/03 00:25:00,7350.32,73.08,TRADE
NSW1,2026/09/03 00:30:00,7316.41,75.96,TRADE
NSW1,2026/09/03 00:35:00,7268.57,71.40,TRADE
NSW1,2026/09/03 00:40:00,7274.18,65.84,TRADE
NSW1,2026/09/03 00:45:00,7214.27,65.53,TRADE
NSW1,2026/09/03 00:50:00,7142.91,64.95,TRADE
NSW1,2026/09/03 00:55:00,7112.6,65.50,TRADE
NSW1,2026/09/03 01:00:00,7090.37,45.44,TRADE
NSW1,2026/09/03 01:05:00,7073.47,57.15,TRADE
NSW1,2026/09/03 01:10:00,7048.26,57.20,TRADE
NSW1,2026/09/03 01:15:00,7007.52,57.18,TRADE
NSW1,2026/09/03 01:20:00,6943.87,57.53,TRADE
NSW1,2026/09/03 01:25:00,6873.78,44.64,TRADE
NSW1,2026/09/03 01:30:00,6845.23,56.09,TRADE
NSW1,2026/09/03 01:35:00,6795.71,44.03,TRADE
NSW1,2026/09/03 01:40:00,6778.67,42.80,TRADE
NSW1,2026/09/03 01:45:00,6718.9,41.28,TRADE
NSW1,2026/09/03 01:50:00,6665.57,42.80,TRADE
NSW1,2026/09/03 01:55:00,6673,43.80,TRADE
NSW1,2026/09/03 02:00:00,6709.72,56.50,TRADE
NSW1,2026/09/03 02:05:00,6678.35,44.70,TRADE
NSW1,2026/09/03 02:10:00,6709.26,64.89,TRADE
NSW1,2026/09/03 02:15:00,6674.13,57.39,TRADE
NSW1,2026/09/03 02:20:00,6713.92,57.39,TRADE
NSW1,2026/09/03 02:25:00,6699.36,45.59,TRADE
NSW1,2026/09/03 02:30:00,6628.17,41.87,TRADE
NSW1,2026/09/03 02:35:00,6627.09,57.39,TRADE
NSW1,2026/09/03 02:40:00,6633.16,65.51,TRADE
NSW1,2026/09/03 02:45:00,6600.66,58.33,TRADE
NSW1,2026/09/03 02:50:00,6623.64,57.39,TRADE
NSW1,2026/09/03 02:55:00,6574.79,57.39,TRADE
NSW1,2026/09/03 03:00:00,6528.56,57.39,TRADE
NSW1,2026/09/03 03:05:00,6515.34,58.03,TRADE
NSW1,2026/09/03 03:10:00,6465.71,57.39,TRADE
NSW1,2026/09/03 03:15:00,6475.88,42.54,TRADE
NSW1,2026/09/03 03:20:00,6392.48,31.41,TRADE
NSW1,2026/09/03 03:25:00,6378.41,45.26,TRADE
NSW1,2026/09/03 03:30:00,6352.52,57.28,TRADE
NSW1,2026/09/03 03:35:00,6332.82,31.42,TRADE
NSW1,2026/09/03 03:40:00,6291.44,31.20,TRADE
NSW1,2026/09/03 03:45:00,6275.78,57.39,TRADE
NSW1,2026/09/03 03:50:00,6283.58,57.39,TRADE
NSW1,2026/09/03 03:55:00,6276.51,58.36,TRADE
NSW1,2026/09/03 04:00:00,6358,65.51,TRADE
NSW1,2026/09/03 04:05:00,6342.62,65.50,TRADE
NSW1,2026/09/03 04:10:00,6414.3,64.95,TRADE
NSW1,2026/09/03 04:15:00,6355.45,64.89,TRADE
NSW1,2026/09/03 04:20:00,6359.27,65.50,TRADE
NSW1,2026/09/03 04:25:00,6361.81,64.95,TRADE
NSW1,2026/09/03 04:30:00,6364.07,65.27,TRADE
NSW1,2026/09/03 04:35:00,6370.99,64.95,TRADE
NSW1,2026/09/03 04:40:00,6426.49,66.52,TRADE
NSW1,2026/09/03 04:45:00,6427.6,64.95,TRADE
NSW1,2026/09/03 04:50:00,6459.3,65.50,TRADE
NSW1,2026/09/03 04:55:00,6503.92,45.44,TRADE
NSW1,2026/09/03 05:00:00,6495.76,64.89,TRADE
NSW1,2026/09/03 05:05:00,6512.78,57.39,TRADE
NSW1,2026/09/03 05:10:00,6564.8,57.39,TRADE
NSW1,2026/09/03 05:15:00,6641.78,69.99,TRADE
NSW1,2026/09/03 05:20:00,6756.97,69.99,TRADE
NSW1,2026/09/03 05:25:00,6775.5,65.50,TRADE
NSW1,2026/09/03 05:30:00,6747.83,54.79,TRADE
NSW1,2026/09/03 05:35:00,6815.05,54.05,TRADE
NSW1,2026/09/03 05:40:00,6908.2,62.31,TRADE
NSW1,2026/09/03 05:45:00,6911.67,62.30,TRADE
NSW1,2026/09/03 05:50:00,6935.07,64.05,TRADE
NSW1,2026/09/03 05:55:00,7044.17,56.82,TRADE
NSW1,2026/09/03 06:00:00,7031.86,64.05,TRADE
NSW1,2026/09/03 06:05:00,7093.62,61.95,TRADE
NSW1,2026/09/03 06:10:00,7195.29,64.05,TRADE
NSW1,2026/09/03 06:15:00,7249.31,64.72,TRADE
NSW1,2026/09/03 06:20:00,7271.84,64.95,TRADE
NSW1,2026/09/03 06:25:00,7407.92,65.50,TRADE
NSW1,2026/09/03 06:30:00,7388.11,65.50,TRADE
NSW1,2026/09/03 06:35:00,7428.86,66.52,TRADE
NSW1,2026/09/03 06:40:00,7517.28,71.17,TRADE
NSW1,2026/09/03 06:45:00,7413.48,56.59,TRADE
NSW1,2026/09/03 06:50:00,7493.26,45.17,TRADE
NSW1,2026/09/03 06:55:00,7465.78,23.95,TRADE
NSW1,2026/09/03 07:00:00,7495.77,42.54,TRADE
NSW1,2026/09/03 07:05:00,7444.77,23.95,TRADE
NSW1,2026/09/03 07:10:00,7477.91,23.95,TRADE
NSW1,2026/09/03 07:15:00,7460.55,23.51,TRADE
NSW1,2026/09/03 07:20:00,7442.51,23.95,TRADE
NSW1,2026/09/03 07:25:00,7353.46,23.51,TRADE
NSW1,2026/09/03 07:30:00,7298,0.01,TRADE
NSW1,2026/09/03 07:35:00,7275.62,23.51,TRADE
NSW1,2026/09/03 07:40:00,7204.36,0.01,TRADE
NSW1,2026/09/03 07:45:00,7228.86,9.40,TRADE
NSW1,2026/09/03 07:50:00,7128.86,0.05,TRADE
NSW1,2026/09/03 07:55:00,7082.1,0.01,TRADE
NSW1,2026/09/03 08:00:00,6980.74,0.01,TRADE
NSW1,2026/09/03 08:05:00,6908.07,-3.93,TRADE
NSW1,2026/09/03 08:10:00,6822.76,-5.89,TRADE
NSW1,2026/09/03 08:15:00,6728.53,-6.27,TRADE
NSW1,2026/09/03 08:20:00,6718.52,-5.43,TRADE
NSW1,2026/09/03 08:25:00,6635.7,-6.09,TRADE
NSW1,2026/09/03 08:30:00,6576.35,-6.06,TRADE
NSW1,2026/09/03 08:35:00,6527.12,0.01,TRADE
NSW1,2026/09/03 08:40:00,6435.29,0.01,TRADE
NSW1,2026/09/03 08:45:00,6343.02,0,TRADE
NSW1,2026/09/03 08:50:00,6213.74,-8.15,TRADE
NSW1,2026/09/03 08:55:00,6256.66,-6.86,TRADE
NSW1,2026/09/03 09:00:00,6206.54,-6.50,TRADE
NSW1,2026/09/03 09:05:00,6137.55,0,TRADE
NSW1,2026/09/03 09:10:00,5999.98,-7.01,TRADE
NSW1,2026/09/03 09:15:00,5977.71,-7.01,TRADE
NSW1,2026/09/03 09:20:00,5939.09,-7.32,TRADE
NSW1,2026/09/03 09:25:00,5578.42,-7.23,TRADE
NSW1,2026/09/03 09:30:00,5433.31,-6.95,TRADE
NSW1,2026/09/03 09:35:00,5423.78,-7,TRADE
NSW1,2026/09/03 09:40:00,5446.82,-7.18,TRADE
NSW1,2026/09/03 09:45:00,5364.59,-8.70,TRADE
NSW1,2026/09/03 09:50:00,5425.55,-7.85,TRADE
NSW1,2026/09/03 09:55:00,5334.43,-7.33,TRADE
NSW1,2026/09/03 10:00:00,5203.28,-8.77,TRADE
NSW1,2026/09/03 10:05:00,5124.04,-7.35,TRADE
NSW1,2026/09/03 10:10:00,5177.26,-7.49,TRADE
NSW1,2026/09/03 10:15:00,5115.13,-9.06,TRADE
NSW1,2026/09/03 10:20:00,5079.76,-8.88,TRADE
NSW1,2026/09/03 10:25:00,5035.52,-8.71,TRADE
NSW1,2026/09/03 10:30:00,4974.94,-8.66,TRADE
NSW1,2026/09/03 10:35:00,5109.13,-8.74,TRADE
NSW1,2026/09/03 10:40:00,5151.33,-8.46,TRADE
NSW1,2026/09/03 10:45:00,5115.32,-8.58,TRADE
NSW1,2026/09/03 10:50:00,5084.84,-8.64,TRADE
NSW1,2026/09/03 10:55:00,5071.75,-8.80,TRADE
NSW1,2026/09/03 11:00:00,5012.41,-8.10,TRADE
NSW1,2026/09/03 11:05:00,4935.8,-7.10,TRADE
NSW1,2026/09/03 11:10:00,5031.65,-7.05,TRADE
NSW1,2026/09/03 11:15:00,5005.71,-7.08,TRADE
NSW1,2026/09/03 11:20:00,4963.98,-7.49,TRADE
NSW1,2026/09/03 11:25:00,4933.95,-8.71,TRADE
NSW1,2026/09/03 11:30:00,4881.55,-8.88,TRADE
NSW1,2026/09/03 11:35:00,4852.6,-8.88,TRADE
NSW1,2026/09/03 11:40:00,4879.43,-7.50,TRADE
NSW1,2026/09/03 11:45:00,4792.98,-8.73,TRADE
NSW1,2026/09/03 11:50:00,4760.32,-8.95,TRADE
NSW1,2026/09/03 11:55:00,4676.89,-8.67,TRADE
NSW1,2026/09/03 12:00:00,4664.44,-8.88,TRADE
NSW1,2026/09/03 12:05:00,4653.45,-9.48,TRADE
NSW1,2026/09/03 12:10:00,4664.9,-9.50,TRADE
NSW1,2026/09/03 12:15:00,4674.85,-7.50,TRADE
NSW1,2026/09/03 12:20:00,4592.84,-9.37,TRADE
NSW1,2026/09/03 12:25:00,4578.55,-9.50,TRADE
NSW1,2026/09/03 12:30:00,4634.82,-9.09,TRADE
NSW1,2026/09/03 12:35:00,4595.03,-9.73,TRADE
NSW1,2026/09/03 12:40:00,4603.76,-9.54,TRADE
NSW1,2026/09/03 12:45:00,4550.09,-10.50,TRADE
NSW1,2026/09/03 12:50:00,4614.58,-8.50,TRADE
NSW1,2026/09/03 12:55:00,4638.61,-8.50,TRADE
NSW1,2026/09/03 13:00:00,4573.28,-7,TRADE
NSW1,2026/09/03 13:05:00,4605.88,-7.50,TRADE
NSW1,2026/09/03 13:10:00,4651.82,-8.50,TRADE
NSW1,2026/09/03 13:15:00,4707.01,-8.88,TRADE
NSW1,2026/09/03 13:20:00,4713.33,-7.50,TRADE
NSW1,2026/09/03 13:25:00,4756.47,-8.88,TRADE
NSW1,2026/09/03 13:30:00,4758.46,-10,TRADE
NSW1,2026/09/03 13:35:00,4834.41,-9.50,TRADE
NSW1,2026/09/03 13:40:00,4943.15,-10,TRADE
NSW1,2026/09/03 13:45:00,4834.26,-7.50,TRADE
NSW1,2026/09/03 13:50:00,4908.71,-6.51,TRADE
NSW1,2026/09/03 13:55:00,4979.67,-6.51,TRADE
NSW1,2026/09/03 14:00:00,5075.04,-6.51,TRADE
NSW1,2026/09/03 14:05:00,5116.9,-7.49,TRADE
NSW1,2026/09/03 14:10:00,5216.75,-6.50,TRADE
NSW1,2026/09/03 14:15:00,5257.88,-3.61,TRADE
NSW1,2026/09/03 14:20:00,5211.17,-7.50,TRADE
NSW1,2026/09/03 14:25:00,5210.89,-7,TRADE
NSW1,2026/09/03 14:30:00,5405.59,-3.61,TRADE
NSW1,2026/09/03 14:35:00,5509.57,-3.61,TRADE
NSW1,2026/09/03 14:40:00,5548.3,0,TRADE
NSW1,2026/09/03 14:45:00,5562.18,-7.50,TRADE
NSW1,2026/09/03 14:50:00,5718.83,-6.50,TRADE
NSW1,2026/09/03 14:55:00,5733.71,-6.50,TRADE
NSW1,2026/09/03 15:00:00,5857.49,0.01,TRADE
NSW1,2026/09/03 15:05:00,5935.75,-2.86,TRADE
NSW1,2026/09/03 15:10:00,6028.21,0.01,TRADE
NSW1,2026/09/03 15:15:00,6038.26,-12.34,TRADE
NSW1,2026/09/03 15:20:00,6266.98,-8.88,TRADE
NSW1,2026/09/03 15:25:00,6305.79,0.01,TRADE
NSW1,2026/09/03 15:30:00,6423.92,-3.02,TRADE
NSW1,2026/09/03 15:35:00,6562.3,-9.50,TRADE
NSW1,2026/09/03 15:40:00,6664.38,-6.51,TRADE
NSW1,2026/09/03 15:45:00,6826.47,-6.80,TRADE
NSW1,2026/09/03 15:50:00,6865.04,-6.50,TRADE
NSW1,2026/09/03 15:55:00,6989.44,-6.02,TRADE
NSW1,2026/09/03 16:00:00,7103.93,11.48,TRADE
NSW1,2026/09/03 16:05:00,7175.14,0.01,TRADE
NSW1,2026/09/03 16:10:00,7375.33,46.45,TRADE
NSW1,2026/09/03 16:15:00,7424.68,44.28,TRADE
NSW1,2026/09/03 16:20:00,7596.33,46.45,TRADE
NSW1,2026/09/03 16:25:00,7669.67,53.13,TRADE
NSW1,2026/09/03 16:30:00,7792.73,76.92,TRADE
NSW1,2026/09/03 16:35:00,7857.46,84.20,TRADE
NSW1,2026/09/03 16:40:00,7975.13,92.45,TRADE
NSW1,2026/09/03 16:45:00,8020.47,110.38,TRADE
NSW1,2026/09/03 16:50:00,7963,102.11,TRADE
NSW1,2026/09/03 16:55:00,8128.28,101.10,TRADE
NSW1,2026/09/03 17:00:00,8251.34,101.05,TRADE
NSW1,2026/09/03 17:05:00,8305.57,100.64,TRADE
NSW1,2026/09/03 17:10:00,8247.43,98.54,TRADE
NSW1,2026/09/03 17:15:00,8364.77,98.85,TRADE
NSW1,2026/09/03 17:20:00,8414.81,99.64,TRADE
NSW1,2026/09/03 17:25:00,8496.28,101.10,TRADE
NSW1,2026/09/03 17:30:00,8538.06,101.10,TRADE
NSW1,2026/09/03 17:35:00,8612.44,101.10,TRADE
NSW1,2026/09/03 17:40:00,8662.76,101.10,TRADE
NSW1,2026/09/03 17:45:00,8689.5,115.58,TRADE
NSW1,2026/09/03 17:50:00,8603.7,99.40,TRADE
NSW1,2026/09/03 17:55:00,8822.65,114.77,TRADE
NSW1,2026/09/03 18:00:00,8738.45,111.88,TRADE
NSW1,2026/09/03 18:05:00,8885.64,109.79,TRADE
NSW1,2026/09/03 18:10:00,8836.99,101.95,TRADE
NSW1,2026/09/03 18:15:00,8851.12,119.30,TRADE
NSW1,2026/09/03 18:20:00,8749.49,129.63,TRADE
NSW1,2026/09/03 18:25:00,8752.33,121.10,TRADE
NSW1,2026/09/03 18:30:00,8753.69,142.90,TRADE
NSW1,2026/09/03 18:35:00,8704.09,113.87,TRADE
NSW1,2026/09/03 18:40:00,8791.67,115.32,TRADE
NSW1,2026/09/03 18:45:00,8750.5,121.10,TRADE
NSW1,2026/09/03 18:50:00,8668.48,121.10,TRADE
NSW1,2026/09/03 18:55:00,8709.55,113.62,TRADE
NSW1,2026/09/03 19:00:00,8676.9,121.10,TRADE
NSW1,2026/09/03 19:05:00,8704.16,120.01,TRADE
NSW1,2026/09/03 19:10:00,8609.7,121.10,TRADE
NSW1,2026/09/03 19:15:00,8636.76,135.02,TRADE
NSW1,2026/09/03 19:20:00,8457.53,121.10,TRADE
NSW1,2026/09/03 19:25:00,8561.61,129.88,TRADE
NSW1,2026/09/03 19:30:00,8478.89,140.66,TRADE
NSW1,2026/09/03 19:35:00,8338.79,121.10,TRADE
NSW1,2026/09/03 19:40:00,8483.11,121.10,TRADE
NSW1,2026/09/03 19:45:00,8486,142.90,TRADE
NSW1,2026/09/03 19:50:00,8328.36,135.98,TRADE
NSW1,2026/09/03 19:55:00,8312.68,131,TRADE
NSW1,2026/09/03 20:00:00,8346.35,139.99,TRADE
NSW1,2026/09/03 20:05:00,8320.05,128.42,TRADE
NSW1,2026/09/03 20:10:00,8369.97,136.12,TRADE
NSW1,2026/09/03 20:15:00,8356.62,134.05,TRADE
NSW1,2026/09/03 20:20:00,8295.95,142.90,TRADE
NSW1,2026/09/03 20:25:00,8212.87,134.93,TRADE
NSW1,2026/09/03 20:30:00,8291.91,142.90,TRADE
NSW1,2026/09/03 20:35:00,8142.99,131.58,TRADE
NSW1,2026/09/03 20:40:00,8214.14,132.70,TRADE
NSW1,2026/09/03 20:45:00,8229.58,161.93,TRADE
NSW1,2026/09/03 20:50:00,8072.57,153.57,TRADE
NSW1,2026/09/03 20:55:00,7968.11,121.10,TRADE
NSW1,2026/09/03 21:00:00,8101.65,128.19,TRADE
NSW1,2026/09/03 21:05:00,8095.98,162.76,TRADE
NSW1,2026/09/03 21:10:00,7983.8,161.93,TRADE
NSW1,2026/09/03 21:15:00,7901.78,141.30,TRADE
NSW1,2026/09/03 21:20:00,7928.97,140.47,TRADE
NSW1,2026/09/03 21:25:00,7902.02,146,TRADE
NSW1,2026/09/03 21:30:00,7802.55,140.50,TRADE
NSW1,2026/09/03 21:35:00,7745.17,140.40,TRADE
NSW1,2026/09/03 21:40:00,7819.88,141.61,TRADE
NSW1,2026/09/03 21:45:00,7789.01,113.50,TRADE
NSW1,2026/09/03 21:50:00,7796.31,108.62,TRADE
NSW1,2026/09/03 21:55:00,7731.05,137.78,TRADE
NSW1,2026/09/03 22:00:00,7651.02,121.01,TRADE
NSW1,2026/09/03 22:05:00,7632.03,101.10,TRADE
NSW1,2026/09/03 22:10:00,7755.88,101.10,TRADE
NSW1,2026/09/03 22:15:00,7768.52,119.02,TRADE
NSW1,2026/09/03 22:20:00,7752.74,120,TRADE
NSW1,2026/09/03 22:25:00,7699.56,120,TRADE
NSW1,2026/09/03 22:30:00,7731.26,93.24,TRADE
NSW1,2026/09/03 22:35:00,7681.78,90.49,TRADE
NSW1,2026/09/03 22:40:00,7641.56,115.70,TRADE
NSW1,2026/09/03 22:45:00,7555.06,113.98,TRADE
NSW1,2026/09/03 22:50:00,7555.13,99.38,TRADE
NSW1,2026/09/03 22:55:00,7584.4,97.43,TRADE
NSW1,2026/09/03 23:00:00,7533.93,117.96,TRADE
NSW1,2026/09/03 23:05:00,7429.85,114.25,TRADE
NSW1,2026/09/03 23:10:00,7481.18,101.10,TRADE
NSW1,2026/09/03 23:15:00,7425.08,101.10,TRADE
NSW1,2026/09/03 23:20:00,7370.45,96.69,TRADE
NSW1,2026/09/03 23:25:00,7418.96,117.24,TRADE
NSW1,2026/09/03 23:30:00,7307.39,96.18,TRADE
NSW1,2026/09/03 23:35:00,7330.29,113.50,TRADE
NSW1,2026/09/03 23:40:00,7316.65,90.70,TRADE
NSW1,2026/09/03 23:45:00,7317.67,90.49,TRADE
NSW1,2026/09/03 23:50:00,7249.64,91.31,TRADE
NSW1,2026/09/03 23:55:00,7277.12,98.28,TRADE
NSW1,2026/09/04 00:00:00,7244.75,96.85,TRADE
NSW1,2026/09/04 00:05:00,7185.24,99.70,TRADE
NSW1,2026/09/04 00:10:00,7362.05,113.50,TRADE
NSW1,2026/09/04 00:15:00,7348.26,121.10,TRADE
NSW1,2026/09/04 00:20:00,7351.27,129.09,TRADE
NSW1,2026/09/04 00:25:00,7350,146,TRADE
NSW1,2026/09/04 00:30:00,7330.44,142.69,TRADE
NSW1,2026/09/04 00:35:00,7299.54,146,TRADE
NSW1,2026/09/04 00:40:00,7193.43,121.10,TRADE
NSW1,2026/09/04 00:45:00,7204.25,144.42,TRADE
NSW1,2026/09/04 00:50:00,7088.95,120,TRADE
NSW1,2026/09/04 00:55:00,7089.69,118.24,TRADE
NSW1,2026/09/04 01:00:00,7087.06,107.24,TRADE
NSW1,2026/09/04 01:05:00,7052.73,101.10,TRADE
NSW1,2026/09/04 01:10:00,7041.79,101.18,TRADE
NSW1,2026/09/04 01:15:00,6980.82,100.63,TRADE
NSW1,2026/09/04 01:20:00,6991.48,96.95,TRADE
NSW1,2026/09/04 01:25:00,6958.44,102.02,TRADE
NSW1,2026/09/04 01:30:00,6921.82,97.65,TRADE
NSW1,2026/09/04 01:35:00,6865.83,99.08,TRADE
NSW1,2026/09/04 01:40:00,6863.08,97.91,TRADE
NSW1,2026/09/04 01:45:00,6811.15,98.26,TRADE
NSW1,2026/09/04 01:50:00,6806.75,103.35,TRADE
NSW1,2026/09/04 01:55:00,6808.95,104.12,TRADE
NSW1,2026/09/04 02:00:00,6801.86,104.13,TRADE
NSW1,2026/09/04 02:05:00,6791.23,106.57,TRADE
NSW1,2026/09/04 02:10:00,6767.58,106.56,TRADE
NSW1,2026/09/04 02:15:00,6752.32,97.63,TRADE
NSW1,2026/09/04 02:20:00,6717.39,95.33,TRADE
NSW1,2026/09/04 02:25:00,6699.07,89.28,TRADE
NSW1,2026/09/04 02:30:00,6682.95,97.39,TRADE
NSW1,2026/09/04 02:35:00,6673.7,97.36,TRADE
NSW1,2026/09/04 02:40:00,6642.92,83.99,TRADE
NSW1,2026/09/04 02:45:00,6618.11,83.99,TRADE
NSW1,2026/09/04 02:50:00,6609.56,88.26,TRADE
NSW1,2026/09/04 02:55:00,6544.06,87.12,TRADE
NSW1,2026/09/04 03:00:00,6520.2,96.22,TRADE
NSW1,2026/09/04 03:05:00,6567.9,87.86,TRADE
NSW1,2026/09/04 03:10:00,6561.68,87.86,TRADE
NSW1,2026/09/04 03:15:00,6597.08,87.86,TRADE
NSW1,2026/09/04 03:20:00,6547.26,93.76,TRADE
NSW1,2026/09/04 03:25:00,6532.79,98.19,TRADE
NSW1,2026/09/04 03:30:00,6567.6,94.93,TRADE
NSW1,2026/09/04 03:35:00,6551.46,101.10,TRADE
NSW1,2026/09/04 03:40:00,6650.16,114.54,TRADE
NSW1,2026/09/04 03:45:00,6592.53,114.54,TRADE
NSW1,2026/09/04 03:50:00,6699.22,114.54,TRADE
NSW1,2026/09/04 03:55:00,6718.05,114.54,TRADE
NSW1,2026/09/04 04:00:00,6711.07,103.43,TRADE
NSW1,2026/09/04 04:05:00,6654.22,100.73,TRADE
NSW1,2026/09/04 04:10:00,6677.99,114.54,TRADE
NSW1,2026/09/04 04:15:00,6708.82,112.56,TRADE
NSW1,2026/09/04 04:20:00,6714.51,111.98,TRADE
NSW1,2026/09/04 04:25:00,6688.61,111.82,TRADE
NSW1,2026/09/04 04:30:00,6670.35,121.10,TRADE
NSW1,2026/09/04 04:35:00,6607.56,109.66,TRADE
NSW1,2026/09/04 04:40:00,6615.65,116.65,TRADE
NSW1,2026/09/04 04:45:00,6737.61,125.22,TRADE
NSW1,2026/09/04 04:50:00,6731.78,115.86,TRADE
NSW1,2026/09/04 04:55:00,6748.78,129.67,TRADE
NSW1,2026/09/04 05:00:00,6732.07,129.67,TRADE
NSW1,2026/09/04 05:05:00,6796.92,134.86,TRADE
NSW1,2026/09/04 05:10:00,6870.37,138.21,TRADE
NSW1,2026/09/04 05:15:00,6972.82,146,TRADE
NSW1,2026/09/04 05:20:00,6970.96,131.49,TRADE
NSW1,2026/09/04 05:25:00,7061.58,140.38,TRADE
NSW1,2026/09/04 05:30:00,7007.99,138.74,TRADE
NSW1,2026/09/04 05:35:00,7160.1,135.36,TRADE
NSW1,2026/09/04 05:40:00,7128.79,150.79,TRADE
NSW1,2026/09/04 05:45:00,7096.51,137.19,TRADE
NSW1,2026/09/04 05:50:00,7279.22,154.03,TRADE
NSW1,2026/09/04 05:55:00,7292.62,146,TRADE
NSW1,2026/09/04 06:00:00,7281.99,173,TRADE
NSW1,2026/09/04 06:05:00,7372.37,184.29,TRADE
NSW1,2026/09/04 06:10:00,7531.94,150.79,TRADE
NSW1,2026/09/04 06:15:00,7579.13,190.07,TRADE
NSW1,2026/09/04 06:20:00,7613.68,230.59,TRADE
NSW1,2026/09/04 06:25:00,7712.14,274.31,TRADE
NSW1,2026/09/04 06:30:00,7672.94,293.79,TRADE
NSW1,2026/09/04 06:35:00,7688.92,299.99,TRADE
NSW1,2026/09/04 06:40:00,7627.62,237.85,TRADE
NSW1,2026/09/04 06:45:00,7660.54,279.22,TRADE
NSW1,2026/09/04 06:50:00,7734.07,281.26,TRADE
NSW1,2026/09/04 06:55:00,7743.32,203.02,TRADE
NSW1,2026/09/04 07:00:00,7759.89,126.50,TRADE
NSW1,2026/09/04 07:05:00,7777.61,131.80,TRADE
NSW1,2026/09/04 07:10:00,7775.95,111.98,TRADE
NSW1,2026/09/04 07:15:00,7798.46,102.71,TRADE
NSW1,2026/09/04 07:20:00,7783.09,101.26,TRADE
NSW1,2026/09/04 07:25:00,7727.26,88.11,TRADE
NSW1,2026/09/04 07:30:00,7637.55,0.06,TRADE
NSW1,2026/09/04 07:35:00,7604.67,42.54,TRADE
NSW1,2026/09/04 07:40:00,7494.77,23.51,TRADE
NSW1,2026/09/04 07:45:00,7433.72,23.51,TRADE
NSW1,2026/09/04 07:50:00,7316.14,23.51,TRADE
NSW1,2026/09/04 07:55:00,7252.81,42.54,TRADE
NSW1,2026/09/04 08:00:00,7175.58,24.99,TRADE
NSW1,2026/09/04 08:05:00,7168.34,42.80,TRADE
NSW1,2026/09/04 08:10:00,7121.12,42.54,TRADE
NSW1,2026/09/04 08:15:00,7050.13,42.80,TRADE
NSW1,2026/09/04 08:20:00,6893.44,24.99,TRADE
NSW1,2026/09/04 08:25:00,6940.92,42.54,TRADE
NSW1,2026/09/04 08:30:00,6737.45,23.51,TRADE
NSW1,2026/09/04 08:35:00,6729.56,42.80,TRADE
NSW1,2026/09/04 08:40:00,6592.15,42.80,TRADE
NSW1,2026/09/04 08:45:00,6500.1,23.51,TRADE
NSW1,2026/09/04 08:50:00,6338.13,23.51,TRADE
NSW1,2026/09/04 08:55:00,6237.06,23.51,TRADE
NSW1,2026/09/04 09:00:00,6122.02,23.51,TRADE
NSW1,2026/09/04 09:05:00,6174.65,71.40,TRADE
NSW1,2026/09/04 09:10:00,6076.66,23.51,TRADE
NSW1,2026/09/04 09:15:00,5955.43,21.07,TRADE
NSW1,2026/09/04 09:20:00,5920.09,19.05,TRADE
NSW1,2026/09/04 09:25:00,5893.91,20.36,TRADE
NSW1,2026/09/04 09:30:00,5742.9,18.85,TRADE
NSW1,2026/09/04 09:35:00,5823.99,23.51,TRADE
NSW1,2026/09/04 09:40:00,5760.17,13.20,TRADE
NSW1,2026/09/04 09:45:00,5769.54,23.51,TRADE
NSW1,2026/09/04 09:50:00,5637.93,0.01,TRADE
NSW1,2026/09/04 09:55:00,5593.03,2.12,TRADE
NSW1,2026/09/04 10:00:00,5612.02,13.20,TRADE
NSW1,2026/09/04 10:05:00,5460.37,42.55,TRADE
NSW1,2026/09/04 10:10:00,5400.99,2.12,TRADE
NSW1,2026/09/04 10:15:00,5456.62,42.55,TRADE
NSW1,2026/09/04 10:20:00,5303.15,13.20,TRADE
NSW1,2026/09/04 10:25:00,5199.99,2.12,TRADE
NSW1,2026/09/04 10:30:00,5151.04,-1,TRADE
NSW1,2026/09/04 10:35:00,5235.95,7.50,TRADE
NSW1,2026/09/04 10:40:00,5069.19,7.50,TRADE
NSW1,2026/09/04 10:45:00,5048.35,7.50,TRADE
NSW1,2026/09/04 10:50:00,5092.61,7.50,TRADE
NSW1,2026/09/04 10:55:00,4983.72,7.50,TRADE
NSW1,2026/09/04 11:00:00,4936.68,7.50,TRADE
NSW1,2026/09/04 11:05:00,4819.68,7.50,TRADE
NSW1,2026/09/04 11:10:00,5023.9,52.21,TRADE
NSW1,2026/09/04 11:15:00,4944.1,13.20,TRADE
NSW1,2026/09/04 11:20:00,4878.01,-0.50,TRADE
NSW1,2026/09/04 11:25:00,4913.35,6.52,TRADE
NSW1,2026/09/04 11:30:00,4771.4,1.20,TRADE
NSW1,2026/09/04 11:35:00,4814.82,0.01,TRADE
NSW1,2026/09/04 11:40:00,4796.56,0.01,TRADE
NSW1,2026/09/04 11:45:00,4852.01,0.01,TRADE
NSW1,2026/09/04 11:50:00,4813.66,0.01,TRADE
NSW1,2026/09/04 11:55:00,4685.49,-7,TRADE
NSW1,2026/09/04 12:00:00,4689.86,-0.50,TRADE
NSW1,2026/09/04 12:05:00,4638.51,0,TRADE
NSW1,2026/09/04 12:10:00,4548.07,0,TRADE
NSW1,2026/09/04 12:15:00,4600.59,2.15,TRADE
NSW1,2026/09/04 12:20:00,4493.97,-3.42,TRADE
NSW1,2026/09/04 12:25:00,4547.39,-0.52,TRADE
NSW1,2026/09/04 12:30:00,4700.87,0,TRADE
NSW1,2026/09/04 12:35:00,4687.08,0,TRADE
NSW1,2026/09/04 12:40:00,4665.3,0,TRADE
NSW1,2026/09/04 12:45:00,4668.35,0,TRADE
NSW1,2026/09/04 12:50:00,4590.56,0.01,TRADE
NSW1,2026/09/04 12:55:00,4609.73,0.01,TRADE
NSW1,2026/09/04 13:00:00,4609.17,0.01,TRADE
NSW1,2026/09/04 13:05:00,4611.76,0.01,TRADE
NSW1,2026/09/04 13:10:00,4655.32,0,TRADE
NSW1,2026/09/04 13:15:00,4560.27,0,TRADE
NSW1,2026/09/04 13:20:00,4595.56,0,TRADE
NSW1,2026/09/04 13:25:00,4607.61,1.45,TRADE
NSW1,2026/09/04 13:30:00,4563.31,0.01,TRADE
NSW1,2026/09/04 13:35:00,4591.76,0.01,TRADE
NSW1,2026/09/04 13:40:00,4687.44,5.18,TRADE
NSW1,2026/09/04 13:45:00,4651.46,1.47,TRADE
NSW1,2026/09/04 13:50:00,4731.04,7.13,TRADE
NSW1,2026/09/04 13:55:00,4823.73,4.55,TRADE
NSW1,2026/09/04 14:00:00,4802.15,0.01,TRADE
NSW1,2026/09/04 14:05:00,4927.76,0.45,TRADE
NSW1,2026/09/04 14:10:00,5004.59,0.01,TRADE
NSW1,2026/09/04 14:15:00,4980.08,1.41,TRADE
NSW1,2026/09/04 14:20:00,4864.41,1.40,TRADE
NSW1,2026/09/04 14:25:00,4984.71,0.01,TRADE
NSW1,2026/09/04 14:30:00,5029.08,0.01,TRADE
NSW1,2026/09/04 14:35:00,5235.28,0.01,TRADE
NSW1,2026/09/04 14:40:00,5319.44,1.20,TRADE
NSW1,2026/09/04 14:45:00,5350.44,0.01,TRADE
NSW1,2026/09/04 14:50:00,5374.07,0.01,TRADE
NSW1,2026/09/04 14:55:00,5479.96,0.58,TRADE
NSW1,2026/09/04 15:00:00,5558.49,2.39,TRADE
NSW1,2026/09/04 15:05:00,5702.13,0.01,TRADE
NSW1,2026/09/04 15:10:00,5756.68,-2.07,TRADE
NSW1,2026/09/04 15:15:00,5941.51,0.01,TRADE
NSW1,2026/09/04 15:20:00,5975.56,0.01,TRADE
NSW1,2026/09/04 15:25:00,6109.85,0.01,TRADE
NSW1,2026/09/04 15:30:00,6179.25,0.01,TRADE
NSW1,2026/09/04 15:35:00,6235,-1.03,TRADE
NSW1,2026/09/04 15:40:00,6343.36,0,TRADE
NSW1,2026/09/04 15:45:00,6457.01,0,TRADE
NSW1,2026/09/04 15:50:00,6680.24,0.01,TRADE
NSW1,2026/09/04 15:55:00,6724.59,0.01,TRADE
NSW1,2026/09/04 16:00:00,6911.23,42.54,TRADE
NSW1,2026/09/04 16:05:00,6933.07,0.61,TRADE
NSW1,2026/09/04 16:10:00,7027.08,0.62,TRADE
NSW1,2026/09/04 16:15:00,7238.93,42.52,TRADE
NSW1,2026/09/04 16:20:00,7336,53.76,TRADE
NSW1,2026/09/04 16:25:00,7354.71,65.09,TRADE
NSW1,2026/09/04 16:30:00,7562.01,88.47,TRADE
NSW1,2026/09/04 16:35:00,7505.7,64.94,TRADE
NSW1,2026/09/04 16:40:00,7609.17,64.94,TRADE
NSW1,2026/09/04 16:45:00,7671.11,71.38,TRADE
NSW1,2026/09/04 16:50:00,7927.97,71.40,TRADE
NSW1,2026/09/04 16:55:00,8008.74,71.40,TRADE
NSW1,2026/09/04 17:00:00,8011.35,72.83,TRADE
NSW1,2026/09/04 17:05:00,8141.98,71.40,TRADE
NSW1,2026/09/04 17:10:00,8110.87,71.38,TRADE
NSW1,2026/09/04 17:15:00,8073.46,71.38,TRADE
NSW1,2026/09/04 17:20:00,8165.54,73.13,TRADE
NSW1,2026/09/04 17:25:00,8247.73,71.40,TRADE
NSW1,2026/09/04 17:30:00,8377.68,79.28,TRADE
NSW1,2026/09/04 17:35:00,8319.65,71.40,TRADE
NSW1,2026/09/04 17:40:00,8446.41,71.40,TRADE
NSW1,2026/09/04 17:45:00,8403.18,71.38,TRADE
NSW1,2026/09/04 17:50:00,8469.69,71.38,TRADE
NSW1,2026/09/04 17:55:00,8515.57,71.38,TRADE
NSW1,2026/09/04 18:00:00,8527.88,71.40,TRADE
NSW1,2026/09/04 18:05:00,8594.14,71.40,TRADE
NSW1,2026/09/04 18:10:00,8532.59,77.31,TRADE
NSW1,2026/09/04 18:15:00,8403.42,65.50,TRADE
NSW1,2026/09/04 18:20:00,8484.02,72.51,TRADE
NSW1,2026/09/04 18:25:00,8469.97,73.03,TRADE
NSW1,2026/09/04 18:30:00,8442.35,72.55,TRADE
NSW1,2026/09/04 18:35:00,8374.39,71.38,TRADE
NSW1,2026/09/04 18:40:00,8366.08,71.38,TRADE
NSW1,2026/09/04 18:45:00,8380.74,64.94,TRADE
NSW1,2026/09/04 18:50:00,8455.22,65.50,TRADE
NSW1,2026/09/04 18:55:00,8365.07,71.38,TRADE
NSW1,2026/09/04 19:00:00,8295.03,65.50,TRADE
NSW1,2026/09/04 19:05:00,8388.02,64.95,TRADE
NSW1,2026/09/04 19:10:00,8352.69,65,TRADE
NSW1,2026/09/04 19:15:00,8327.93,71.38,TRADE
NSW1,2026/09/04 19:20:00,8146.5,70.97,TRADE
NSW1,2026/09/04 19:25:00,8139.36,65.50,TRADE
NSW1,2026/09/04 19:30:00,8269.84,65.50,TRADE
NSW1,2026/09/04 19:35:00,8246.66,75.96,TRADE
NSW1,2026/09/04 19:40:00,8175.53,64.95,TRADE
NSW1,2026/09/04 19:45:00,8198.37,64.95,TRADE
NSW1,2026/09/04 19:50:00,8130.72,64.94,TRADE
NSW1,2026/09/04 19:55:00,8184.49,65.50,TRADE
NSW1,2026/09/04 20:00:00,8063.52,64.94,TRADE
NSW1,2026/09/04 20:05:00,8030.8,64.95,TRADE
NSW1,2026/09/04 20:10:00,8111.68,64.94,TRADE
NSW1,2026/09/04 20:15:00,8067.93,64.89,TRADE
NSW1,2026/09/04 20:20:00,8054.02,64.94,TRADE
NSW1,2026/09/04 20:25:00,8058.91,64.94,TRADE
NSW1,2026/09/04 20:30:00,8070.89,64.94,TRADE
NSW1,2026/09/04 20:35:00,8088.26,71.40,TRADE
NSW1,2026/09/04 20:40:00,7971.83,65.50,TRADE
NSW1,2026/09/04 20:45:00,7986.05,65.50,TRADE
NSW1,2026/09/04 20:50:00,7878.43,64.94,TRADE
NSW1,2026/09/04 20:55:00,7929.16,65.50,TRADE
NSW1,2026/09/04 21:00:00,8023.05,71.40,TRADE
NSW1,2026/09/04 21:05:00,7844.57,65.50,TRADE
NSW1,2026/09/04 21:10:00,7839.92,71.40,TRADE
NSW1,2026/09/04 21:15:00,7869,71.40,TRADE
NSW1,2026/09/04 21:20:00,7849.3,62.75,TRADE
NSW1,2026/09/04 21:25:00,7880.53,65.50,TRADE
NSW1,2026/09/04 21:30:00,7797.12,65,TRADE
NSW1,2026/09/04 21:35:00,7777.56,65,TRADE
NSW1,2026/09/04 21:40:00,7803,62.81,TRADE
NSW1,2026/09/04 21:45:00,7763.77,62.40,TRADE
NSW1,2026/09/04 21:50:00,7756.59,64.94,TRADE
NSW1,2026/09/04 21:55:00,7727.39,65.50,TRADE
NSW1,2026/09/04 22:00:00,7648.26,64.94,TRADE
NSW1,2026/09/04 22:05:00,7550.74,65.50,TRADE
NSW1,2026/09/04 22:10:00,7699.77,65.50,TRADE
NSW1,2026/09/04 22:15:00,7713.01,71.40,TRADE
NSW1,2026/09/04 22:20:00,7788.42,71.40,TRADE
NSW1,2026/09/04 22:25:00,7739.47,65.50,TRADE
NSW1,2026/09/04 22:30:00,7769.33,71.40,TRADE
NSW1,2026/09/04 22:35:00,7753.26,71.40,TRADE
NSW1,2026/09/04 22:40:00,7658.25,71.40,TRADE
NSW1,2026/09/04 22:45:00,7648.52,71.40,TRADE
NSW1,2026/09/04 22:50:00,7644.15,82.90,TRADE
NSW1,2026/09/04 22:55:00,7509.69,65.72,TRADE
NSW1,2026/09/04 23:00:00,7593.74,71.40,TRADE
NSW1,2026/09/04 23:05:00,7498.11,71.40,TRADE
NSW1,2026/09/04 23:10:00,7525.69,71.40,TRADE
NSW1,2026/09/04 23:15:00,7450.34,71.40,TRADE
NSW1,2026/09/04 23:20:00,7346.27,67.76,TRADE
NSW1,2026/09/04 23:25:00,7369.11,71.40,TRADE
NSW1,2026/09/04 23:30:00,7412.27,82.90,TRADE
NSW1,2026/09/04 23:35:00,7362.66,71.40,TRADE
NSW1,2026/09/04 23:40:00,7400.43,83.99,TRADE
NSW1,2026/09/04 23:45:00,7366.97,65.50,TRADE
NSW1,2026/09/04 23:50:00,7366.84,65,TRADE
NSW1,2026/09/04 23:55:00,7240.88,65.50,TRADE
NSW1,2026/09/05 00:00:00,7321.9,62.98,TRADE
NSW1,2026/09/05 00:05:00,7294.36,64.28,TRADE
NSW1,2026/09/05 00:10:00,7376.28,68.01,TRADE
NSW1,2026/09/05 00:15:00,7290.13,65.50,TRADE
NSW1,2026/09/05 00:20:00,7284.51,65,TRADE
NSW1,2026/09/05 00:25:00,7274.3,53.56,TRADE
NSW1,2026/09/05 00:30:00,7277.41,65.50,TRADE
NSW1,2026/09/05 00:35:00,7288.71,51.82,TRADE
NSW1,2026/09/05 00:40:00,7297.67,62.18,TRADE
NSW1,2026/09/05 00:45:00,7217.79,65.50,TRADE
NSW1,2026/09/05 00:50:00,7180.83,67.74,TRADE
NSW1,2026/09/05 00:55:00,7137.13,64.95,TRADE
NSW1,2026/09/05 01:00:00,7101.39,60.62,TRADE
NSW1,2026/09/05 01:05:00,7144.99,65.50,TRADE
NSW1,2026/09/05 01:10:00,7101.57,64.95,TRADE
NSW1,2026/09/05 01:15:00,7013.2,61.86,TRADE
NSW1,2026/09/05 01:20:00,6945.8,52.89,TRADE
NSW1,2026/09/05 01:25:00,6922.19,53.72,TRADE
NSW1,2026/09/05 01:30:00,6935.9,65.45,TRADE
NSW1,2026/09/05 01:35:00,6833.73,61.88,TRADE
NSW1,2026/09/05 01:40:00,6868.48,62.74,TRADE
NSW1,2026/09/05 01:45:00,6806.57,62.31,TRADE
NSW1,2026/09/05 01:50:00,6781.51,64.89,TRADE
NSW1,2026/09/05 01:55:00,6810.11,62.73,TRADE
NSW1,2026/09/05 02:00:00,6754.05,55.18,TRADE
NSW1,2026/09/05 02:05:00,6718.15,55.52,TRADE
NSW1,2026/09/05 02:10:00,6776.75,57.39,TRADE
NSW1,2026/09/05 02:15:00,6736.92,57.39,TRADE
NSW1,2026/09/05 02:20:00,6706.74,57.39,TRADE
NSW1,2026/09/05 02:25:00,6673.59,57.39,TRADE
NSW1,2026/09/05 02:30:00,6615.51,54.81,TRADE
NSW1,2026/09/05 02:35:00,6656.75,57.39,TRADE
NSW1,2026/09/05 02:40:00,6622.06,57.39,TRADE
NSW1,2026/09/05 02:45:00,6553.45,57.39,TRADE
NSW1,2026/09/05 02:50:00,6459.74,55.23,TRADE
NSW1,2026/09/05 02:55:00,6482.03,59.80,TRADE
NSW1,2026/09/05 03:00:00,6507.55,57.39,TRADE
NSW1,2026/09/05 03:05:00,6464.61,54.08,TRADE
NSW1,2026/09/05 03:10:00,6411.58,53.39,TRADE
NSW1,2026/09/05 03:15:00,6400.47,53.39,TRADE
NSW1,2026/09/05 03:20:00,6358.34,53.05,TRADE
NSW1,2026/09/05 03:25:00,6371.32,53.03,TRADE
NSW1,2026/09/05 03:30:00,6341.59,52.89,TRADE
NSW1,2026/09/05 03:35:00,6400.05,54.18,TRADE
NSW1,2026/09/05 03:40:00,6394.16,53.42,TRADE
NSW1,2026/09/05 03:45:00,6336.76,52.89,TRADE
NSW1,2026/09/05 03:50:00,6303.86,52.89,TRADE
NSW1,2026/09/05 03:55:00,6374.01,53.08,TRADE
NSW1,2026/09/05 04:00:00,6386,53.46,TRADE
NSW1,2026/09/05 04:05:00,6386.11,66.52,TRADE
NSW1,2026/09/05 04:10:00,6334.51,62.79,TRADE
NSW1,2026/09/05 04:15:00,6312.14,64.57,TRADE
NSW1,2026/09/05 04:20:00,6318.87,42.54,TRADE
NSW1,2026/09/05 04:25:00,6317.97,71.40,TRADE
NSW1,2026/09/05 04:30:00,6296.07,71.40,TRADE
NSW1,2026/09/05 04:35:00,6219.85,55.22,TRADE
NSW1,2026/09/05 04:40:00,6167.6,54.07,TRADE
NSW1,2026/09/05 04:45:00,6296.43,54.45,TRADE
NSW1,2026/09/05 04:50:00,6286.45,73.79,TRADE
NSW1,2026/09/05 04:55:00,6255.2,65,TRADE
NSW1,2026/09/05 05:00:00,6207.92,54.74,TRADE
NSW1,2026/09/05 05:05:00,6270.15,71.03,TRADE
NSW1,2026/09/05 05:10:00,6232.97,54.73,TRADE
NSW1,2026/09/05 05:15:00,6305.97,57.39,TRADE
NSW1,2026/09/05 05:20:00,6331.45,62.24,TRADE
NSW1,2026/09/05 05:25:00,6378.89,57.39,TRADE
NSW1,2026/09/05 05:30:00,6309.76,61.42,TRADE
NSW1,2026/09/05 05:35:00,6405.41,61.82,TRADE
NSW1,2026/09/05 05:40:00,6500.7,57.39,TRADE
NSW1,2026/09/05 05:45:00,6456.26,55.04,TRADE
NSW1,2026/09/05 05:50:00,6543.69,70.04,TRADE
NSW1,2026/09/05 05:55:00,6475.82,53.62,TRADE
NSW1,2026/09/05 06:00:00,6602.87,66.52,TRADE
NSW1,2026/09/05 06:05:00,6598.3,62.22,TRADE
NSW1,2026/09/05 06:10:00,6606.87,64.94,TRADE
NSW1,2026/09/05 06:15:00,6659.81,61.80,TRADE
NSW1,2026/09/05 06:20:00,6676.81,62.64,TRADE
NSW1,2026/09/05 06:25:00,6625.67,56.48,TRADE
NSW1,2026/09/05 06:30:00,6629.97,57.20,TRADE
NSW1,2026/09/05 06:35:00,6690.71,57.39,TRADE
NSW1,2026/09/05 06:40:00,6728.43,57.20,TRADE
NSW1,2026/09/05 06:45:00,6715.34,45.44,TRADE
NSW1,2026/09/05 06:50:00,6693.05,45.44,TRADE
NSW1,2026/09/05 06:55:00,6650.51,0,TRADE
NSW1,2026/09/05 07:00:00,6652.47,-1.32,TRADE
NSW1,2026/09/05 07:05:00,6580.89,-3.49,TRADE
NSW1,2026/09/05 07:10:00,6501.88,-3.45,TRADE
NSW1,2026/09/05 07:15:00,6471.87,-5.81,TRADE
NSW1,2026/09/05 07:20:00,6544.43,-5.84,TRADE
NSW1,2026/09/05 07:25:00,6502.9,-5.86,TRADE
NSW1,2026/09/05 07:30:00,6386.04,-5.93,TRADE
NSW1,2026/09/05 07:35:00,6392.22,-5.85,TRADE
NSW1,2026/09/05 07:40:00,6408.98,-1.46,TRADE
NSW1,2026/09/05 07:45:00,6276.05,0.06,TRADE
NSW1,2026/09/05 07:50:00,6271.01,-5.87,TRADE
NSW1,2026/09/05 07:55:00,6151.42,-6.39,TRADE
NSW1,2026/09/05 08:00:00,6002.85,-6.02,TRADE
NSW1,2026/09/05 08:05:00,6020.5,-3.83,TRADE
NSW1,2026/09/05 08:10:00,5995.41,-5.42,TRADE
NSW1,2026/09/05 08:15:00,6056.65,-5.47,TRADE
NSW1,2026/09/05 08:20:00,5944.63,-5.49,TRADE
NSW1,2026/09/05 08:25:00,5961.99,-5.44,TRADE
NSW1,2026/09/05 08:30:00,5967.93,-5.50,TRADE
NSW1,2026/09/05 08:35:00,5837.1,-5.54,TRADE
NSW1,2026/09/05 08:40:00,5816.33,-5.30,TRADE
NSW1,2026/09/05 08:45:00,5818.52,-5.56,TRADE
NSW1,2026/09/05 08:50:00,5755.38,-4.14,TRADE
NSW1,2026/09/05 08:55:00,5742.34,-2.99,TRADE
NSW1,2026/09/05 09:00:00,5646.88,-6.14,TRADE
NSW1,2026/09/05 09:05:00,5710.48,-5.42,TRADE
NSW1,2026/09/05 09:10:00,5713.7,-1.31,TRADE
NSW1,2026/09/05 09:15:00,5507.5,-0.64,TRADE
NSW1,2026/09/05 09:20:00,5396.96,0,TRADE
NSW1,2026/09/05 09:25:00,5387.07,-1.30,TRADE
NSW1,2026/09/05 09:30:00,5400.62,-6.39,TRADE
NSW1,2026/09/05 09:35:00,5399.06,-6.39,TRADE
NSW1,2026/09/05 09:40:00,5457.46,0.90,TRADE
NSW1,2026/09/05 09:45:00,5414.82,-5.89,TRADE
NSW1,2026/09/05 09:50:00,5466.23,-2.99,TRADE
NSW1,2026/09/05 09:55:00,5484.77,-2.99,TRADE
NSW1,2026/09/05 10:00:00,5241.59,-6.39,TRADE
NSW1,2026/09/05 10:05:00,5166.34,-7.91,TRADE
NSW1,2026/09/05 10:10:00,5219.63,0,TRADE
NSW1,2026/09/05 10:15:00,5043.54,-2.99,TRADE
NSW1,2026/09/05 10:20:00,5028.6,-2.99,TRADE
NSW1,2026/09/05 10:25:00,5058.69,-6.39,TRADE
NSW1,2026/09/05 10:30:00,5085.24,-6.39,TRADE
NSW1,2026/09/05 10:35:00,4959.72,-6.39,TRADE
NSW1,2026/09/05 10:40:00,4806.56,-7.49,TRADE
NSW1,2026/09/05 10:45:00,4802.82,-9.70,TRADE
NSW1,2026/09/05 10:50:00,4816.75,-7.49,TRADE
NSW1,2026/09/05 10:55:00,4743.7,-8.63,TRADE
NSW1,2026/09/05 11:00:00,4731.97,-8.63,TRADE
NSW1,2026/09/05 11:05:00,4579.43,-9.51,TRADE
NSW1,2026/09/05 11:10:00,4668.76,-8.63,TRADE
NSW1,2026/09/05 11:15:00,4598.98,-9.26,TRADE
NSW1,2026/09/05 11:20:00,4645.94,-9.43,TRADE
NSW1,2026/09/05 11:25:00,4669.41,-9.39,TRADE
NSW1,2026/09/05 11:30:00,4656.29,-9.42,TRADE
NSW1,2026/09/05 11:35:00,4558.71,-9.41,TRADE
NSW1,2026/09/05 11:40:00,4532.48,-9.71,TRADE
NSW1,2026/09/05 11:45:00,4567.95,-9.81,TRADE
NSW1,2026/09/05 11:50:00,4594.82,-10.16,TRADE
NSW1,2026/09/05 11:55:00,4613.89,-8.63,TRADE
NSW1,2026/09/05 12:00:00,4444.91,-9.89,TRADE
NSW1,2026/09/05 12:05:00,4469.38,-9.40,TRADE
NSW1,2026/09/05 12:10:00,4464.91,-10,TRADE
NSW1,2026/09/05 12:15:00,4557.73,-9.12,TRADE
NSW1,2026/09/05 12:20:00,4501.86,-10.40,TRADE
NSW1,2026/09/05 12:25:00,4529.2,-10.55,TRADE
NSW1,2026/09/05 12:30:00,4583.75,-10.40,TRADE
NSW1,2026/09/05 12:35:00,4518.39,-10.40,TRADE
NSW1,2026/09/05 12:40:00,4537.34,-9.76,TRADE
NSW1,2026/09/05 12:45:00,4506.49,-10.40,TRADE
NSW1,2026/09/05 12:50:00,4508.38,-10.50,TRADE
NSW1,2026/09/05 12:55:00,4519.09,-10.50,TRADE
NSW1,2026/09/05 13:00:00,4560.44,-11.91,TRADE
NSW1,2026/09/05 13:05:00,4609.12,-11.69,TRADE
NSW1,2026/09/05 13:10:00,4724.18,-10.40,TRADE
NSW1,2026/09/05 13:15:00,4749.97,-9.77,TRADE
NSW1,2026/09/05 13:20:00,4760.14,-10.50,TRADE
NSW1,2026/09/05 13:25:00,4860.73,-10.40,TRADE
NSW1,2026/09/05 13:30:00,4916.97,-10.40,TRADE
NSW1,2026/09/05 13:35:00,4969.52,-10.40,TRADE
NSW1,2026/09/05 13:40:00,4997.7,-10.04,TRADE
NSW1,2026/09/05 13:45:00,4989.88,-9.53,TRADE
NSW1,2026/09/05 13:50:00,5011.2,-9.44,TRADE
NSW1,2026/09/05 13:55:00,5208.51,-6.51,TRADE
NSW1,2026/09/05 14:00:00,5304.17,-7.55,TRADE
NSW1,2026/09/05 14:05:00,5417.22,-8.96,TRADE
NSW1,2026/09/05 14:10:00,5466.94,-8.50,TRADE
NSW1,2026/09/05 14:15:00,5601,-7.49,TRADE
NSW1,2026/09/05 14:20:00,5693.38,-9.18,TRADE
NSW1,2026/09/05 14:25:00,5921.42,-7.18,TRADE
NSW1,2026/09/05 14:30:00,6039.52,-6.39,TRADE
NSW1,2026/09/05 14:35:00,6108.45,42.08,TRADE
NSW1,2026/09/05 14:40:00,6214.47,42.08,TRADE
NSW1,2026/09/05 14:45:00,6362.41,25.20,TRADE
NSW1,2026/09/05 14:50:00,6438.17,64.94,TRADE
NSW1,2026/09/05 14:55:00,6489.28,25.20,TRADE
NSW1,2026/09/05 15:00:00,6569.24,64.94,TRADE
NSW1,2026/09/05 15:05:00,6540,61.02,TRADE
NSW1,2026/09/05 15:10:00,6621.34,25.20,TRADE
NSW1,2026/09/05 15:15:00,6689.53,25.20,TRADE
NSW1,2026/09/05 15:20:00,6668.95,25.20,TRADE
NSW1,2026/09/05 15:25:00,6818.06,64.94,TRADE
NSW1,2026/09/05 15:30:00,6855.61,64.94,TRADE
NSW1,2026/09/05 15:35:00,7011.75,64.94,TRADE
NSW1,2026/09/05 15:40:00,7014.87,64.94,TRADE
NSW1,2026/09/05 15:45:00,7190.77,64.94,TRADE
NSW1,2026/09/05 15:50:00,7354.32,64.94,TRADE
NSW1,2026/09/05 15:55:00,7483.2,64.94,TRADE
NSW1,2026/09/05 16:00:00,7628.95,64.94,TRADE
NSW1,2026/09/05 16:05:00,7644.08,64.94,TRADE
NSW1,2026/09/05 16:10:00,7641.65,64.94,TRADE
NSW1,2026/09/05 16:15:00,7697.93,57.39,TRADE
NSW1,2026/09/05 16:20:00,7691.2,64.94,TRADE
NSW1,2026/09/05 16:25:00,7670.43,64.94,TRADE
NSW1,2026/09/05 16:30:00,7614.01,64.94,TRADE
NSW1,2026/09/05 16:35:00,7642.94,64.94,TRADE
NSW1,2026/09/05 16:40:00,7686.06,64.94,TRADE
NSW1,2026/09/05 16:45:00,7784.67,65.50,TRADE
NSW1,2026/09/05 16:50:00,7812.42,64.94,TRADE
NSW1,2026/09/05 16:55:00,7876.88,71.26,TRADE
NSW1,2026/09/05 17:00:00,7888.64,70.96,TRADE
NSW1,2026/09/05 17:05:00,7899.02,67.74,TRADE
NSW1,2026/09/05 17:10:00,7822.76,64.83,TRADE
NSW1,2026/09/05 17:15:00,7853.11,64.94,TRADE
NSW1,2026/09/05 17:20:00,7877.59,64.94,TRADE
NSW1,2026/09/05 17:25:00,7832.2,64.83,TRADE
NSW1,2026/09/05 17:30:00,7923.71,71.38,TRADE
NSW1,2026/09/05 17:35:00,7936.61,69.92,TRADE
NSW1,2026/09/05 17:40:00,7977.34,65.50,TRADE
NSW1,2026/09/05 17:45:00,7938.6,64.83,TRADE
NSW1,2026/09/05 17:50:00,8013.62,64.83,TRADE
NSW1,2026/09/05 17:55:00,8048.6,64.94,TRADE
NSW1,2026/09/05 18:00:00,8012.14,65.50,TRADE
NSW1,2026/09/05 18:05:00,8083.96,67.24,TRADE
NSW1,2026/09/05 18:10:00,7983.77,65.50,TRADE
NSW1,2026/09/05 18:15:00,8060.66,64.83,TRADE
NSW1,2026/09/05 18:20:00,8033.2,65.50,TRADE
NSW1,2026/09/05 18:25:00,8096.97,65.50,TRADE
NSW1,2026/09/05 18:30:00,8042.65,65,TRADE
NSW1,2026/09/05 18:35:00,7989.02,64.94,TRADE
NSW1,2026/09/05 18:40:00,8020.31,70.31,TRADE
NSW1,2026/09/05 18:45:00,7979.44,65.50,TRADE
NSW1,2026/09/05 18:50:00,7982.11,61.96,TRADE
NSW1,2026/09/05 18:55:00,8000.43,64.83,TRADE
NSW1,2026/09/05 19:00:00,7977.73,64.83,TRADE
NSW1,2026/09/05 19:05:00,7862.37,65.50,TRADE
NSW1,2026/09/05 19:10:00,7868.72,64.94,TRADE
NSW1,2026/09/05 19:15:00,7859.33,57.20,TRADE
NSW1,2026/09/05 19:20:00,7902.87,70.54,TRADE
NSW1,2026/09/05 19:25:00,7796.96,65,TRADE
NSW1,2026/09/05 19:30:00,7845.14,64.76,TRADE
NSW1,2026/09/05 19:35:00,7776.19,64.83,TRADE
NSW1,2026/09/05 19:40:00,7774.12,64.94,TRADE
NSW1,2026/09/05 19:45:00,7748.26,64.83,TRADE
NSW1,2026/09/05 19:50:00,7719.99,65.50,TRADE
NSW1,2026/09/05 19:55:00,7652.21,64.83,TRADE
NSW1,2026/09/05 20:00:00,7729.4,64.83,TRADE
NSW1,2026/09/05 20:05:00,7729.56,65.50,TRADE
NSW1,2026/09/05 20:10:00,7658.24,66.52,TRADE
NSW1,2026/09/05 20:15:00,7714.91,59.88,TRADE
NSW1,2026/09/05 20:20:00,7678.98,69.78,TRADE
NSW1,2026/09/05 20:25:00,7589.77,64.94,TRADE
NSW1,2026/09/05 20:30:00,7591.8,64.94,TRADE
NSW1,2026/09/05 20:35:00,7569.68,64.94,TRADE
NSW1,2026/09/05 20:40:00,7578.24,66.52,TRADE
NSW1,2026/09/05 20:45:00,7466.69,65.64,TRADE
NSW1,2026/09/05 20:50:00,7498.44,57.20,TRADE
NSW1,2026/09/05 20:55:00,7537.89,59.14,TRADE
NSW1,2026/09/05 21:00:00,7505.35,64.94,TRADE
NSW1,2026/09/05 21:05:00,7488.94,65.50,TRADE
NSW1,2026/09/05 21:10:00,7466.35,51.30,TRADE
NSW1,2026/09/05 21:15:00,7496.57,57.39,TRADE
NSW1,2026/09/05 21:20:00,7470,57.20,TRADE
NSW1,2026/09/05 21:25:00,7406.99,66.52,TRADE
NSW1,2026/09/05 21:30:00,7290.15,64.94,TRADE
NSW1,2026/09/05 21:35:00,7305.28,62.76,TRADE
NSW1,2026/09/05 21:40:00,7385.71,63.49,TRADE
NSW1,2026/09/05 21:45:00,7424.83,65.50,TRADE
NSW1,2026/09/05 21:50:00,7338.15,62.83,TRADE
NSW1,2026/09/05 21:55:00,7318.05,53.53,TRADE
NSW1,2026/09/05 22:00:00,7299.74,57.20,TRADE
NSW1,2026/09/05 22:05:00,7262.25,57.39,TRADE
NSW1,2026/09/05 22:10:00,7342.38,62.08,TRADE
NSW1,2026/09/05 22:15:00,7265.11,64.94,TRADE
NSW1,2026/09/05 22:20:00,7270.51,64.94,TRADE
NSW1,2026/09/05 22:25:00,7310.26,57.39,TRADE
NSW1,2026/09/05 22:30:00,7263.28,57.20,TRADE
NSW1,2026/09/05 22:35:00,7268.01,64.94,TRADE
NSW1,2026/09/05 22:40:00,7221.61,57.39,TRADE
NSW1,2026/09/05 22:45:00,7219.77,61.83,TRADE
NSW1,2026/09/05 22:50:00,7207.86,61.43,TRADE
NSW1,2026/09/05 22:55:00,7185.28,57.20,TRADE
NSW1,2026/09/05 23:00:00,7126.22,57.20,TRADE
NSW1,2026/09/05 23:05:00,7111.57,64.94,TRADE
NSW1,2026/09/05 23:10:00,7073.18,57.47,TRADE
NSW1,2026/09/05 23:15:00,7039.92,59.51,TRADE
NSW1,2026/09/05 23:20:00,7006.61,66.52,TRADE
NSW1,2026/09/05 23:25:00,7028.77,64.94,TRADE
NSW1,2026/09/05 23:30:00,6961.97,65.50,TRADE
NSW1,2026/09/05 23:35:00,6928.56,70.18,TRADE
NSW1,2026/09/05 23:40:00,6948.35,68.02,TRADE
NSW1,2026/09/05 23:45:00,6922.59,57.39,TRADE
NSW1,2026/09/05 23:50:00,6916.57,68.43,TRADE
NSW1,2026/09/05 23:55:00,6879.35,67.99,TRADE
NSW1,2026/09/06 00:00:00,6908.98,51.38,TRADE
NSW1,2026/09/06 00:05:00,6843.76,42.45,TRADE
NSW1,2026/09/06 00:10:00,6876.01,59.78,TRADE
NSW1,2026/09/06 00:15:00,6992.21,76.45,TRADE
NSW1,2026/09/06 00:20:00,6930.13,70.41,TRADE
NSW1,2026/09/06 00:25:00,6963.19,51.15,TRADE
NSW1,2026/09/06 00:30:00,6867.45,64.94,TRADE
NSW1,2026/09/06 00:35:00,6932.44,71.38,TRADE
NSW1,2026/09/06 00:40:00,6866.26,71,TRADE
NSW1,2026/09/06 00:45:00,6814.25,57.39,TRADE
NSW1,2026/09/06 00:50:00,6872.43,51.92,TRADE
NSW1,2026/09/06 00:55:00,6797.06,65.50,TRADE
NSW1,2026/09/06 01:00:00,6713.18,53.65,TRADE
NSW1,2026/09/06 01:05:00,6705.76,57.39,TRADE
NSW1,2026/09/06 01:10:00,6679.47,61.87,TRADE
NSW1,2026/09/06 01:15:00,6640.74,57.39,TRADE
NSW1,2026/09/06 01:20:00,6617.22,59.72,TRADE
NSW1,2026/09/06 01:25:00,6625.57,66.52,TRADE
NSW1,2026/09/06 01:30:00,6561.35,66.52,TRADE
NSW1,2026/09/06 01:35:00,6530.72,61.81,TRADE
NSW1,2026/09/06 01:40:00,6561.11,66.52,TRADE
NSW1,2026/09/06 01:45:00,6477.58,64.94,TRADE
NSW1,2026/09/06 01:50:00,6473.24,55.22,TRADE
NSW1,2026/09/06 01:55:00,6365.08,42.25,TRADE
NSW1,2026/09/06 02:00:00,6352.35,55.89,TRADE
NSW1,2026/09/06 02:05:00,6320.05,43.02,TRADE
NSW1,2026/09/06 02:10:00,6270.84,54.35,TRADE
NSW1,2026/09/06 02:15:00,6242.17,42.74,TRADE
NSW1,2026/09/06 02:20:00,6248.99,54.38,TRADE
NSW1,2026/09/06 02:25:00,6216.8,54.38,TRADE
NSW1,2026/09/06 02:30:00,6283.56,43.32,TRADE
NSW1,2026/09/06 02:35:00,6219.01,55.15,TRADE
NSW1,2026/09/06 02:40:00,6206.49,54.80,TRADE
NSW1,2026/09/06 02:45:00,6112.24,42.54,TRADE
NSW1,2026/09/06 02:50:00,6210.85,49.44,TRADE
NSW1,2026/09/06 02:55:00,6223.92,55.15,TRADE
NSW1,2026/09/06 03:00:00,6201.36,40.60,TRADE
NSW1,2026/09/06 03:05:00,6157.79,42.80,TRADE
NSW1,2026/09/06 03:10:00,6170,42.54,TRADE
NSW1,2026/09/06 03:15:00,6115.29,55.18,TRADE
NSW1,2026/09/06 03:20:00,6172.16,56.61,TRADE
NSW1,2026/09/06 03:25:00,6139.29,56.58,TRADE
NSW1,2026/09/06 03:30:00,6060.31,56.60,TRADE
NSW1,2026/09/06 03:35:00,6103.57,57.39,TRADE
NSW1,2026/09/06 03:40:00,6067.22,57.73,TRADE
NSW1,2026/09/06 03:45:00,6011.56,57.39,TRADE
NSW1,2026/09/06 03:50:00,6079.66,57.39,TRADE
NSW1,2026/09/06 03:55:00,6016.7,57.20,TRADE
NSW1,2026/09/06 04:00:00,5940.1,57.78,TRADE
NSW1,2026/09/06 04:05:00,6058.19,56.65,TRADE
NSW1,2026/09/06 04:10:00,6014.24,64.94,TRADE
NSW1,2026/09/06 04:15:00,5922.61,57.04,TRADE
NSW1,2026/09/06 04:20:00,5941.1,44,TRADE
NSW1,2026/09/06 04:25:00,5958.92,71.40,TRADE
NSW1,2026/09/06 04:30:00,6001.02,71.38,TRADE
NSW1,2026/09/06 04:35:00,5913.49,45.44,TRADE
NSW1,2026/09/06 04:40:00,5963.87,64.94,TRADE
NSW1,2026/09/06 04:45:00,5998.09,71.40,TRADE
NSW1,2026/09/06 04:50:00,5944.37,71.38,TRADE
NSW1,2026/09/06 04:55:00,5937.11,63.27,TRADE
NSW1,2026/09/06 05:00:00,5978.42,71.40,TRADE
NSW1,2026/09/06 05:05:00,6018.81,71.38,TRADE
NSW1,2026/09/06 05:10:00,5973.02,71.40,TRADE
NSW1,2026/09/06 05:15:00,5982.66,64.94,TRADE
NSW1,2026/09/06 05:20:00,6083.83,71.38,TRADE
NSW1,2026/09/06 05:25:00,6092.07,64.95,TRADE
NSW1,2026/09/06 05:30:00,6031.48,71.40,TRADE
NSW1,2026/09/06 05:35:00,5991.38,71.40,TRADE
NSW1,2026/09/06 05:40:00,6122.53,77.94,TRADE
NSW1,2026/09/06 05:45:00,6137.77,80.03,TRADE
NSW1,2026/09/06 05:50:00,6079.69,81.06,TRADE
NSW1,2026/09/06 05:55:00,6053.36,71.40,TRADE
NSW1,2026/09/06 06:00:00,6135.45,89.18,TRADE
NSW1,2026/09/06 06:05:00,6158.55,82.29,TRADE
NSW1,2026/09/06 06:10:00,6291.77,82.83,TRADE
NSW1,2026/09/06 06:15:00,6267.36,83.99,TRADE
NSW1,2026/09/06 06:20:00,6331.38,75.49,TRADE
NSW1,2026/09/06 06:25:00,6313.14,83.25,TRADE
NSW1,2026/09/06 06:30:00,6263.18,75.41,TRADE
NSW1,2026/09/06 06:35:00,6249.27,66.32,TRADE
NSW1,2026/09/06 06:40:00,6321.87,78.37,TRADE
NSW1,2026/09/06 06:45:00,6321.69,68.01,TRADE
NSW1,2026/09/06 06:50:00,6254.59,66.13,TRADE
NSW1,2026/09/06 06:55:00,6217.21,65.50,TRADE
NSW1,2026/09/06 07:00:00,6199.3,57.75,TRADE
NSW1,2026/09/06 07:05:00,6093.96,45.04,TRADE
NSW1,2026/09/06 07:10:00,6090.65,43.77,TRADE
NSW1,2026/09/06 07:15:00,5946.6,33.63,TRADE
NSW1,2026/09/06 07:20:00,6004.61,14.59,TRADE
NSW1,2026/09/06 07:25:00,5986.41,14.84,TRADE
NSW1,2026/09/06 07:30:00,5986.97,0.90,TRADE
NSW1,2026/09/06 07:35:00,5926.35,23.96,TRADE
NSW1,2026/09/06 07:40:00,5861.59,32.65,TRADE
NSW1,2026/09/06 07:45:00,5751.77,32.14,TRADE
NSW1,2026/09/06 07:50:00,5681.01,0.90,TRADE
NSW1,2026/09/06 07:55:00,5701.82,24.99,TRADE
NSW1,2026/09/06 08:00:00,5610.92,32.13,TRADE
NSW1,2026/09/06 08:05:00,5592.79,46.45,TRADE
NSW1,2026/09/06 08:10:00,5552.67,42.80,TRADE
NSW1,2026/09/06 08:15:00,5473.65,42.80,TRADE
NSW1,2026/09/06 08:20:00,5421.86,0.90,TRADE
NSW1,2026/09/06 08:25:00,5377.79,0.90,TRADE
NSW1,2026/09/06 08:30:00,5242.52,14.56,TRADE
NSW1,2026/09/06 08:35:00,5151.96,25.10,TRADE
NSW1,2026/09/06 08:40:00,5112.59,0.90,TRADE
NSW1,2026/09/06 08:45:00,5115.44,0.90,TRADE
NSW1,2026/09/06 08:50:00,4991.63,25.10,TRADE
NSW1,2026/09/06 08:55:00,4812.2,25.10,TRADE
NSW1,2026/09/06 09:00:00,4746.56,2.12,TRADE
NSW1,2026/09/06 09:05:00,4764.2,2.12,TRADE
NSW1,2026/09/06 09:10:00,4773.85,14.48,TRADE
NSW1,2026/09/06 09:15:00,4722.23,2.12,TRADE
NSW1,2026/09/06 09:20:00,4738.09,2.12,TRADE
NSW1,2026/09/06 09:25:00,4682.94,2.12,TRADE
NSW1,2026/09/06 09:30:00,4646.32,17.84,TRADE
NSW1,2026/09/06 09:35:00,4370.5,2.12,TRADE
NSW1,2026/09/06 09:40:00,4446.04,0.90,TRADE
NSW1,2026/09/06 09:45:00,4541.83,0.90,TRADE
NSW1,2026/09/06 09:50:00,4502.33,0.90,TRADE
NSW1,2026/09/06 09:55:00,4415.91,2.12,TRADE
NSW1,2026/09/06 10:00:00,4346,2.12,TRADE
NSW1,2026/09/06 10:05:00,4260.87,10.44,TRADE
NSW1,2026/09/06 10:10:00,4211.82,1.20,TRADE
NSW1,2026/09/06 10:15:00,4207.3,2.12,TRADE
NSW1,2026/09/06 10:20:00,4033.73,0.90,TRADE
NSW1,2026/09/06 10:25:00,4009.09,2.12,TRADE
NSW1,2026/09/06 10:30:00,4017.09,10.38,TRADE
NSW1,2026/09/06 10:35:00,3943.79,7.50,TRADE
NSW1,2026/09/06 10:40:00,3973.88,7.50,TRADE
NSW1,2026/09/06 10:45:00,3816.57,7.50,TRADE
NSW1,2026/09/06 10:50:00,3849.91,7.50,TRADE
NSW1,2026/09/06 10:55:00,3808.12,0,TRADE
NSW1,2026/09/06 11:00:00,3838.22,2.12,TRADE
NSW1,2026/09/06 11:05:00,3790.35,2.12,TRADE
NSW1,2026/09/06 11:10:00,3879.84,7.50,TRADE
NSW1,2026/09/06 11:15:00,3853.15,7.50,TRADE
NSW1,2026/09/06 11:20:00,3749.69,11.11,TRADE
NSW1,2026/09/06 11:25:00,3697.19,23.51,TRADE
NSW1,2026/09/06 11:30:00,3669.91,23.51,TRADE
NSW1,2026/09/06 11:35:00,3551.71,23.51,TRADE
NSW1,2026/09/06 11:40:00,3530.51,19.32,TRADE
NSW1,2026/09/06 11:45:00,3551.82,19.18,TRADE
NSW1,2026/09/06 11:50:00,3581.14,19.51,TRADE
NSW1,2026/09/06 11:55:00,3528.41,13.20,TRADE
NSW1,2026/09/06 12:00:00,3508.42,13.20,TRADE
NSW1,2026/09/06 12:05:00,3379.88,13.20,TRADE
NSW1,2026/09/06 12:10:00,3552.63,14.25,TRADE
NSW1,2026/09/06 12:15:00,3543.18,13.20,TRADE
NSW1,2026/09/06 12:20:00,3473.57,1.39,TRADE
NSW1,2026/09/06 12:25:00,3587.08,13.17,TRADE
NSW1,2026/09/06 12:30:00,3542.34,19.27,TRADE
NSW1,2026/09/06 12:35:00,3535.41,13.20,TRADE
NSW1,2026/09/06 12:40:00,3492.51,12.97,TRADE
NSW1,2026/09/06 12:45:00,3489.23,13.20,TRADE
NSW1,2026/09/06 12:50:00,3508.02,20.26,TRADE
NSW1,2026/09/06 12:55:00,3509.39,11.52,TRADE
NSW1,2026/09/06 13:00:00,3575.7,13.20,TRADE
NSW1,2026/09/06 13:05:00,3457.39,11.14,TRADE
NSW1,2026/09/06 13:10:00,3510.45,23.51,TRADE
NSW1,2026/09/06 13:15:00,3459.98,19.29,TRADE
NSW1,2026/09/06 13:20:00,3555.21,5.05,TRADE
NSW1,2026/09/06 13:25:00,3707.82,11.08,TRADE
NSW1,2026/09/06 13:30:00,3579.31,13.20,TRADE
NSW1,2026/09/06 13:35:00,3635.26,13.20,TRADE
NSW1,2026/09/06 13:40:00,3769.47,11,TRADE
NSW1,2026/09/06 13:45:00,3734.58,25.10,TRADE
NSW1,2026/09/06 13:50:00,3714.62,25.10,TRADE
NSW1,2026/09/06 13:55:00,3834.81,7.50,TRADE
NSW1,2026/09/06 14:00:00,3878.01,4.41,TRADE
NSW1,2026/09/06 14:05:00,3885.16,25.10,TRADE
NSW1,2026/09/06 14:10:00,3805.43,19.74,TRADE
NSW1,2026/09/06 14:15:00,3859.74,22.93,TRADE
NSW1,2026/09/06 14:20:00,3937.38,19.95,TRADE
NSW1,2026/09/06 14:25:00,4001.57,22.83,TRADE
NSW1,2026/09/06 14:30:00,4085.62,23.39,TRADE
NSW1,2026/09/06 14:35:00,4042.09,19.33,TRADE
NSW1,2026/09/06 14:40:00,4140.97,19.52,TRADE
NSW1,2026/09/06 14:45:00,4322.33,10.92,TRADE
NSW1,2026/09/06 14:50:00,4357.85,10.85,TRADE
NSW1,2026/09/06 14:55:00,4491.05,19.85,TRADE
NSW1,2026/09/06 15:00:00,4552.72,13.99,TRADE
NSW1,2026/09/06 15:05:00,4749.54,27.87,TRADE
NSW1,2026/09/06 15:10:00,4762.73,8.67,TRADE
NSW1,2026/09/06 15:15:00,4897.15,16.21,TRADE
NSW1,2026/09/06 15:20:00,5020.62,19.85,TRADE
NSW1,2026/09/06 15:25:00,5209.35,28.61,TRADE
NSW1,2026/09/06 15:30:00,5177.74,21.52,TRADE
NSW1,2026/09/06 15:35:00,5400.19,15.57,TRADE
NSW1,2026/09/06 15:40:00,5533.29,19.80,TRADE
NSW1,2026/09/06 15:45:00,5610.74,31,TRADE
NSW1,2026/09/06 15:50:00,5729.87,42.54,TRADE
NSW1,2026/09/06 15:55:00,5856.97,36.47,TRADE
NSW1,2026/09/06 16:00:00,5929.8,70.15,TRADE
NSW1,2026/09/06 16:05:00,6047.18,0.65,TRADE
NSW1,2026/09/06 16:10:00,6213.33,23.95,TRADE
NSW1,2026/09/06 16:15:00,6386.74,55.81,TRADE
NSW1,2026/09/06 16:20:00,6516.97,75.96,TRADE
NSW1,2026/09/06 16:25:00,6615.42,91.07,TRADE
NSW1,2026/09/06 16:30:00,6649.59,83.99,TRADE
NSW1,2026/09/06 16:35:00,6804.79,73.29,TRADE
NSW1,2026/09/06 16:40:00,6913.01,87.44,TRADE
NSW1,2026/09/06 16:45:00,7065.12,89.32,TRADE
NSW1,2026/09/06 16:50:00,7248.23,95.20,TRADE
NSW1,2026/09/06 16:55:00,7341.14,98.83,TRADE
NSW1,2026/09/06 17:00:00,7404.35,100.66,TRADE
NSW1,2026/09/06 17:05:00,7526.34,95.20,TRADE
NSW1,2026/09/06 17:10:00,7557.29,95.20,TRADE
NSW1,2026/09/06 17:15:00,7622.94,88.89,TRADE
NSW1,2026/09/06 17:20:00,7690.08,95.20,TRADE
NSW1,2026/09/06 17:25:00,7761.66,95.58,TRADE
NSW1,2026/09/06 17:30:00,7830.28,101.02,TRADE
NSW1,2026/09/06 17:35:00,7938.38,100.46,TRADE
NSW1,2026/09/06 17:40:00,7903.18,101.03,TRADE
NSW1,2026/09/06 17:45:00,7994.15,108.01,TRADE
NSW1,2026/09/06 17:50:00,7925.71,106.02,TRADE
NSW1,2026/09/06 17:55:00,8041.87,105.19,TRADE
NSW1,2026/09/06 18:00:00,8158.83,113.28,TRADE
NSW1,2026/09/06 18:05:00,8040.09,105.24,TRADE
NSW1,2026/09/06 18:10:00,8068.22,99.01,TRADE
NSW1,2026/09/06 18:15:00,8142.23,101.58,TRADE
NSW1,2026/09/06 18:20:00,8270.23,106.55,TRADE
NSW1,2026/09/06 18:25:00,8278.82,106.60,TRADE
NSW1,2026/09/06 18:30:00,8261.16,108.25,TRADE
NSW1,2026/09/06 18:35:00,8223.16,107.25,TRADE
NSW1,2026/09/06 18:40:00,8253.15,96.99,TRADE
NSW1,2026/09/06 18:45:00,8316.67,101.10,TRADE
NSW1,2026/09/06 18:50:00,8152.86,103.85,TRADE
NSW1,2026/09/06 18:55:00,8090.29,100.22,TRADE
NSW1,2026/09/06 19:00:00,8193.57,103.13,TRADE
NSW1,2026/09/06 19:05:00,8164.07,102.44,TRADE
NSW1,2026/09/06 19:10:00,8042.01,98.79,TRADE
NSW1,2026/09/06 19:15:00,8090.5,92.42,TRADE
NSW1,2026/09/06 19:20:00,8131.7,96.99,TRADE
NSW1,2026/09/06 19:25:00,8086.33,101.10,TRADE
NSW1,2026/09/06 19:30:00,8055.26,99.20,TRADE
NSW1,2026/09/06 19:35:00,8101.28,91.93,TRADE
NSW1,2026/09/06 19:40:00,8054.84,99.58,TRADE
NSW1,2026/09/06 19:45:00,8046.5,101.55,TRADE
NSW1,2026/09/06 19:50:00,8016.59,98.46,TRADE
NSW1,2026/09/06 19:55:00,7995.73,96.99,TRADE
NSW1,2026/09/06 20:00:00,7987.25,90.55,TRADE
NSW1,2026/09/06 20:05:00,7994.17,94.67,TRADE
NSW1,2026/09/06 20:10:00,7961.27,101.10,TRADE
NSW1,2026/09/06 20:15:00,7998.09,102.60,TRADE
NSW1,2026/09/06 20:20:00,7965.3,101.10,TRADE
NSW1,2026/09/06 20:25:00,7974.03,100.24,TRADE
NSW1,2026/09/06 20:30:00,7931.58,99.25,TRADE
NSW1,2026/09/06 20:35:00,7973.96,106.09,TRADE
NSW1,2026/09/06 20:40:00,7900.81,107.38,TRADE
NSW1,2026/09/06 20:45:00,7765.05,111.98,TRADE
NSW1,2026/09/06 20:50:00,7671.46,111.65,TRADE
NSW1,2026/09/06 20:55:00,7704.84,111.98,TRADE
NSW1,2026/09/06 21:00:00,7766.83,107.49,TRADE
NSW1,2026/09/06 21:05:00,7773.72,104.77,TRADE
NSW1,2026/09/06 21:10:00,7740.87,110.10,TRADE
NSW1,2026/09/06 21:15:00,7760.35,110.85,TRADE
NSW1,2026/09/06 21:20:00,7713.11,113.82,TRADE
NSW1,2026/09/06 21:25:00,7594.57,104.86,TRADE
NSW1,2026/09/06 21:30:00,7587.43,101.10,TRADE
NSW1,2026/09/06 21:35:00,7671.04,106.98,TRADE
NSW1,2026/09/06 21:40:00,7642.47,113.50,TRADE
NSW1,2026/09/06 21:45:00,7498.66,103.24,TRADE
NSW1,2026/09/06 21:50:00,7545.19,112.02,TRADE
NSW1,2026/09/06 21:55:00,7491.11,111.98,TRADE
NSW1,2026/09/06 22:00:00,7477.13,111.98,TRADE
NSW1,2026/09/06 22:05:00,7384.7,98.23,TRADE
NSW1,2026/09/06 22:10:00,7534.43,111.98,TRADE
NSW1,2026/09/06 22:15:00,7490.14,100.15,TRADE
NSW1,2026/09/06 22:20:00,7538.07,107.40,TRADE
NSW1,2026/09/06 22:25:00,7406.07,97.65,TRADE
NSW1,2026/09/06 22:30:00,7454.09,97.58,TRADE
NSW1,2026/09/06 22:35:00,7422.65,93.02,TRADE
NSW1,2026/09/06 22:40:00,7453.89,95.43,TRADE
NSW1,2026/09/06 22:45:00,7411.37,101.10,TRADE
NSW1,2026/09/06 22:50:00,7250.6,94.83,TRADE
NSW1,2026/09/06 22:55:00,7380.23,95.63,TRADE
NSW1,2026/09/06 23:00:00,7294.79,87.11,TRADE
NSW1,2026/09/06 23:05:00,7315.8,96.38,TRADE
NSW1,2026/09/06 23:10:00,7307.1,95,TRADE
NSW1,2026/09/06 23:15:00,7280.03,86.04,TRADE
NSW1,2026/09/06 23:20:00,7217.32,84.79,TRADE
NSW1,2026/09/06 23:25:00,7245.5,93.83,TRADE
NSW1,2026/09/06 23:30:00,7165.02,86.09,TRADE
NSW1,2026/09/06 23:35:00,7200.84,89,TRADE
NSW1,2026/09/06 23:40:00,7130.16,94.45,TRADE
NSW1,2026/09/06 23:45:00,7022.3,83.34,TRADE
NSW1,2026/09/06 23:50:00,7103.7,96.85,TRADE
NSW1,2026/09/06 23:55:00,7084.9,84.03,TRADE
NSW1,2026/09/07 00:00:00,7025.83,75.12,TRADE
NSW1,2026/09/07 00:05:00,7016.35,84.79,TRADE
NSW1,2026/09/07 00:10:00,7091.37,85.24,TRADE
NSW1,2026/09/07 00:15:00,7054.88,83.34,TRADE
NSW1,2026/09/07 00:20:00,7040.92,75.64,TRADE
NSW1,2026/09/07 00:25:00,7058.17,84.21,TRADE
NSW1,2026/09/07 00:30:00,7065.64,85.23,TRADE
NSW1,2026/09/07 00:35:00,6933.5,71.80,TRADE
NSW1,2026/09/07 00:40:00,6978.04,83.72,TRADE
NSW1,2026/09/07 00:45:00,6978.59,75.96,TRADE
NSW1,2026/09/07 00:50:00,6969.96,75.96,TRADE
NSW1,2026/09/07 00:55:00,6933.45,78.13,TRADE
NSW1,2026/09/07 01:00:00,6836.29,73.62,TRADE
NSW1,2026/09/07 01:05:00,6921.92,75.24,TRADE
NSW1,2026/09/07 01:10:00,6909.84,77.87,TRADE
NSW1,2026/09/07 01:15:00,6877.41,73.54,TRADE
NSW1,2026/09/07 01:20:00,6794.63,71.97,TRADE
NSW1,2026/09/07 01:25:00,6742.98,71.51,TRADE
NSW1,2026/09/07 01:30:00,6666.44,68.60,TRADE
NSW1,2026/09/07 01:35:00,6600.06,70.18,TRADE
NSW1,2026/09/07 01:40:00,6643.39,74.98,TRADE
NSW1,2026/09/07 01:45:00,6639.26,76.86,TRADE
NSW1,2026/09/07 01:50:00,6541.81,75.59,TRADE
NSW1,2026/09/07 01:55:00,6555.9,75.96,TRADE
NSW1,2026/09/07 02:00:00,6455.21,82.24,TRADE
NSW1,2026/09/07 02:05:00,6524.22,95.20,TRADE
NSW1,2026/09/07 02:10:00,6499.32,84.79,TRADE
NSW1,2026/09/07 02:15:00,6471.93,74.75,TRADE
NSW1,2026/09/07 02:20:00,6521.56,83.34,TRADE
NSW1,2026/09/07 02:25:00,6538.56,89.89,TRADE
NSW1,2026/09/07 02:30:00,6507.63,83.34,TRADE
NSW1,2026/09/07 02:35:00,6424.09,69.98,TRADE
NSW1,2026/09/07 02:40:00,6483.03,84.05,TRADE
NSW1,2026/09/07 02:45:00,6583.53,90.01,TRADE
NSW1,2026/09/07 02:50:00,6595.2,84.52,TRADE
NSW1,2026/09/07 02:55:00,6528.47,74.64,TRADE
NSW1,2026/09/07 03:00:00,6235.75,64.95,TRADE
NSW1,2026/09/07 03:05:00,6200.04,65.50,TRADE
NSW1,2026/09/07 03:10:00,6171.15,64.95,TRADE
NSW1,2026/09/07 03:15:00,6118.65,64.95,TRADE
NSW1,2026/09/07 03:20:00,6012.9,58.02,TRADE
NSW1,2026/09/07 03:25:00,5961.65,66.45,TRADE
NSW1,2026/09/07 03:30:00,5965.41,66.44,TRADE
NSW1,2026/09/07 03:35:00,6022.49,68.24,TRADE
NSW1,2026/09/07 03:40:00,6061,75.96,TRADE
NSW1,2026/09/07 03:45:00,6148.25,69.71,TRADE
NSW1,2026/09/07 03:50:00,6280.5,76.57,TRADE
NSW1,2026/09/07 03:55:00,6337.19,75.96,TRADE
NSW1,2026/09/07 04:00:00,6372.01,81.01,TRADE
NSW1,2026/09/07 04:05:00,6401.96,90.01,TRADE
NSW1,2026/09/07 04:10:00,6312.45,83.99,TRADE
NSW1,2026/09/07 04:15:00,6367.7,82.31,TRADE
NSW1,2026/09/07 04:20:00,6410.88,83.34,TRADE
NSW1,2026/09/07 04:25:00,6369.47,71.40,TRADE
NSW1,2026/09/07 04:30:00,6470.82,83.33,TRADE
NSW1,2026/09/07 04:35:00,6454.31,73.39,TRADE
NSW1,2026/09/07 04:40:00,6457.02,82.81,TRADE
NSW1,2026/09/07 04:45:00,6492.51,83.81,TRADE
NSW1,2026/09/07 04:50:00,6521.27,84.79,TRADE
NSW1,2026/09/07 04:55:00,6535.5,83.99,TRADE
NSW1,2026/09/07 05:00:00,6462.17,84.79,TRADE
NSW1,2026/09/07 05:05:00,6621.6,72.25,TRADE
NSW1,2026/09/07 05:10:00,6723.62,81.59,TRADE
NSW1,2026/09/07 05:15:00,6792.05,87.42,TRADE
NSW1,2026/09/07 05:20:00,6758.38,83.99,TRADE
NSW1,2026/09/07 05:25:00,6800.46,88.92,TRADE
NSW1,2026/09/07 05:30:00,6818.77,90.01,TRADE
NSW1,2026/09/07 05:35:00,6867.5,75.78,TRADE
NSW1,2026/09/07 05:40:00,6886.97,75.96,TRADE
NSW1,2026/09/07 05:45:00,7062.89,90.01,TRADE
NSW1,2026/09/07 05:50:00,7036.07,90.01,TRADE
NSW1,2026/09/07 05:55:00,7095.56,75.96,TRADE
NSW1,2026/09/07 06:00:00,7116.99,86.67,TRADE
NSW1,2026/09/07 06:05:00,7187.92,82.90,TRADE
NSW1,2026/09/07 06:10:00,7317.81,81.93,TRADE
NSW1,2026/09/07 06:15:00,7442.7,85.77,TRADE
NSW1,2026/09/07 06:20:00,7525.66,83.34,TRADE
NSW1,2026/09/07 06:25:00,7527.19,82.90,TRADE
NSW1,2026/09/07 06:30:00,7524.19,90.01,TRADE
NSW1,2026/09/07 06:35:00,7544.08,93.95,TRADE
NSW1,2026/09/07 06:40:00,7640.91,90.01,TRADE
NSW1,2026/09/07 06:45:00,7678.24,73,TRADE
NSW1,2026/09/07 06:50:00,7571.04,71.58,TRADE
NSW1,2026/09/07 06:55:00,7606.62,68.61,TRADE
NSW1,2026/09/07 07:00:00,7608.35,63.80,TRADE
NSW1,2026/09/07 07:05:00,7629.67,63.01,TRADE
NSW1,2026/09/07 07:10:00,7590.86,55.15,TRADE
NSW1,2026/09/07 07:15:00,7488.58,57.39,TRADE
NSW1,2026/09/07 07:20:00,7526.45,57.39,TRADE
NSW1,2026/09/07 07:25:00,7552.88,44.70,TRADE
NSW1,2026/09/07 07:30:00,7481.4,42.54,TRADE
NSW1,2026/09/07 07:35:00,7340.68,44.42,TRADE
NSW1,2026/09/07 07:40:00,7335.01,42.80,TRADE
NSW1,2026/09/07 07:45:00,7330.02,57.39,TRADE
NSW1,2026/09/07 07:50:00,7239.1,68.84,TRADE
NSW1,2026/09/07 07:55:00,7144.92,52.21,TRADE
NSW1,2026/09/07 08:00:00,7032.68,23.84,TRADE
NSW1,2026/09/07 08:05:00,6976.13,83.99,TRADE
NSW1,2026/09/07 08:10:00,6940.22,57.49,TRADE
NSW1,2026/09/07 08:15:00,6748.2,35.91,TRADE
NSW1,2026/09/07 08:20:00,6749.06,42.80,TRADE
NSW1,2026/09/07 08:25:00,6640.36,34.19,TRADE
NSW1,2026/09/07 08:30:00,6442.84,25.10,TRADE
NSW1,2026/09/07 08:35:00,6410.54,0.90,TRADE
NSW1,2026/09/07 08:40:00,6361.58,7.57,TRADE
NSW1,2026/09/07 08:45:00,6216.7,7.38,TRADE
NSW1,2026/09/07 08:50:00,6122.29,1.43,TRADE
NSW1,2026/09/07 08:55:00,6071.6,1.45,TRADE
NSW1,2026/09/07 09:00:00,5990.27,0.70,TRADE
NSW1,2026/09/07 09:05:00,5877.75,5.19,TRADE
NSW1,2026/09/07 09:10:00,5832.29,7.35,TRADE
NSW1,2026/09/07 09:15:00,5820.37,7.48,TRADE
NSW1,2026/09/07 09:20:00,5638.81,5.24,TRADE
NSW1,2026/09/07 09:25:00,5649.5,7.68,TRADE
NSW1,2026/09/07 09:30:00,5500.74,7.63,TRADE
NSW1,2026/09/07 09:35:00,5544.36,5.48,TRADE
NSW1,2026/09/07 09:40:00,5505.67,5.36,TRADE
NSW1,2026/09/07 09:45:00,5460.76,2.12,TRADE
NSW1,2026/09/07 09:50:00,5509.61,0.01,TRADE
NSW1,2026/09/07 09:55:00,5476.45,0.01,TRADE
NSW1,2026/09/07 10:00:00,5406.33,0,TRADE
NSW1,2026/09/07 10:05:00,5289.9,0,TRADE
NSW1,2026/09/07 10:10:00,5358.22,0,TRADE
NSW1,2026/09/07 10:15:00,5261.06,0.01,TRADE
NSW1,2026/09/07 10:20:00,5162.91,-0.57,TRADE
NSW1,2026/09/07 10:25:00,5262.38,-0.57,TRADE
NSW1,2026/09/07 10:30:00,5214,0,TRADE
NSW1,2026/09/07 10:35:00,5072.87,-0.57,TRADE
NSW1,2026/09/07 10:40:00,5131.23,-0.59,TRADE
NSW1,2026/09/07 10:45:00,5158.35,-0.59,TRADE
NSW1,2026/09/07 10:50:00,5092.83,0,TRADE
NSW1,2026/09/07 10:55:00,5001.83,-0.58,TRADE
NSW1,2026/09/07 11:00:00,4986.22,-3.23,TRADE
NSW1,2026/09/07 11:05:00,4910.35,0,TRADE
NSW1,2026/09/07 11:10:00,5050.42,0.01,TRADE
NSW1,2026/09/07 11:15:00,5055.54,0.01,TRADE
NSW1,2026/09/07 11:20:00,5068.78,-2.07,TRADE
NSW1,2026/09/07 11:25:00,4987.69,-2.07,TRADE
NSW1,2026/09/07 11:30:00,5082.26,0.01,TRADE
NSW1,2026/09/07 11:35:00,4987.7,0.01,TRADE
NSW1,2026/09/07 11:40:00,4964.22,0,TRADE
NSW1,2026/09/07 11:45:00,4936.08,0,TRADE
NSW1,2026/09/07 11:50:00,4940.57,-2.07,TRADE
NSW1,2026/09/07 11:55:00,4972.29,-2.01,TRADE
NSW1,2026/09/07 12:00:00,4977.19,0,TRADE
NSW1,2026/09/07 12:05:00,4976.71,-1.98,TRADE
NSW1,2026/09/07 12:10:00,5048.47,-2.07,TRADE
NSW1,2026/09/07 12:15:00,4992.83,-1.92,TRADE
NSW1,2026/09/07 12:20:00,4988.46,0.01,TRADE
NSW1,2026/09/07 12:25:00,5028.35,0.01,TRADE
NSW1,2026/09/07 12:30:00,4994.29,-1.91,TRADE
NSW1,2026/09/07 12:35:00,5017.93,-2.07,TRADE
NSW1,2026/09/07 12:40:00,4964.27,0,TRADE
NSW1,2026/09/07 12:45:00,4937.4,-1.36,TRADE
NSW1,2026/09/07 12:50:00,4875.68,-0.66,TRADE
NSW1,2026/09/07 12:55:00,4864.07,2.12,TRADE
NSW1,2026/09/07 13:00:00,4862.78,2.12,TRADE
NSW1,2026/09/07 13:05:00,4845.72,2.14,TRADE
NSW1,2026/09/07 13:10:00,5030.46,7.50,TRADE
NSW1,2026/09/07 13:15:00,4954.98,2.17,TRADE
NSW1,2026/09/07 13:20:00,5100.73,7.50,TRADE
NSW1,2026/09/07 13:25:00,5114.98,7.50,TRADE
NSW1,2026/09/07 13:30:00,5042.89,7.50,TRADE
NSW1,2026/09/07 13:35:00,5095.07,7.50,TRADE
NSW1,2026/09/07 13:40:00,4971.36,7.50,TRADE
NSW1,2026/09/07 13:45:00,5056.27,-1.46,TRADE
NSW1,2026/09/07 13:50:00,5056.17,23.51,TRADE
NSW1,2026/09/07 13:55:00,5036.91,23.51,TRADE
NSW1,2026/09/07 14:00:00,4995.74,0,TRADE
NSW1,2026/09/07 14:05:00,5187.08,23.51,TRADE
NSW1,2026/09/07 14:10:00,5130.82,42.55,TRADE
NSW1,2026/09/07 14:15:00,5204.07,23.51,TRADE
NSW1,2026/09/07 14:20:00,5314.35,14.20,TRADE
NSW1,2026/09/07 14:25:00,5345.67,14.20,TRADE
NSW1,2026/09/07 14:30:00,5511.4,14.20,TRADE
NSW1,2026/09/07 14:35:00,5556.83,14.20,TRADE
NSW1,2026/09/07 14:40:00,5678.08,23.51,TRADE
NSW1,2026/09/07 14:45:00,5753.9,25.12,TRADE
NSW1,2026/09/07 14:50:00,5828.92,24.99,TRADE
NSW1,2026/09/07 14:55:00,5881.9,-0.06,TRADE
NSW1,2026/09/07 15:00:00,6104.79,-0.61,TRADE
NSW1,2026/09/07 15:05:00,6085.06,0,TRADE
NSW1,2026/09/07 15:10:00,6145.99,24.99,TRADE
NSW1,2026/09/07 15:15:00,6136.35,0.01,TRADE
NSW1,2026/09/07 15:20:00,6146.3,0.01,TRADE
NSW1,2026/09/07 15:25:00,6375.16,11.40,TRADE
NSW1,2026/09/07 15:30:00,6382.06,18.91,TRADE
NSW1,2026/09/07 15:35:00,6417.91,11.40,TRADE
NSW1,2026/09/07 15:40:00,6571.74,25.12,TRADE
NSW1,2026/09/07 15:45:00,6709.61,46.45,TRADE
NSW1,2026/09/07 15:50:00,6748.87,46.45,TRADE
NSW1,2026/09/07 15:55:00,6924.35,46.45,TRADE
NSW1,2026/09/07 16:00:00,7041.05,46.45,TRADE
NSW1,2026/09/07 16:05:00,7111.03,46.45,TRADE
NSW1,2026/09/07 16:10:00,7217.76,60.35,TRADE
NSW1,2026/09/07 16:15:00,7239.92,59.52,TRADE
NSW1,2026/09/07 16:20:00,7288.64,76.15,TRADE
NSW1,2026/09/07 16:25:00,7417.2,85.15,TRADE
NSW1,2026/09/07 16:30:00,7592.21,88.10,TRADE
NSW1,2026/09/07 16:35:00,7669.56,65.50,TRADE
NSW1,2026/09/07 16:40:00,7659.38,68.08,TRADE
NSW1,2026/09/07 16:45:00,7841.01,111.98,TRADE
NSW1,2026/09/07 16:50:00,7951.78,111.98,TRADE
NSW1,2026/09/07 16:55:00,8061.29,111.98,TRADE
NSW1,2026/09/07 17:00:00,8123.29,119.02,TRADE
NSW1,2026/09/07 17:05:00,8160.94,111.98,TRADE
NSW1,2026/09/07 17:10:00,8166.89,111.98,TRADE
NSW1,2026/09/07 17:15:00,8297.67,122.86,TRADE
NSW1,2026/09/07 17:20:00,8352.3,133.54,TRADE
NSW1,2026/09/07 17:25:00,8492.43,143,TRADE
NSW1,2026/09/07 17:30:00,8458.8,133.25,TRADE
NSW1,2026/09/07 17:35:00,8724.42,133.76,TRADE
NSW1,2026/09/07 17:40:00,8633.4,131.99,TRADE
NSW1,2026/09/07 17:45:00,8784.01,142.90,TRADE
NSW1,2026/09/07 17:50:00,8723.81,146,TRADE
NSW1,2026/09/07 17:55:00,8709.77,138.29,TRADE
NSW1,2026/09/07 18:00:00,8906.35,147.96,TRADE
NSW1,2026/09/07 18:05:00,8886.34,135.24,TRADE
NSW1,2026/09/07 18:10:00,8923,131.41,TRADE
NSW1,2026/09/07 18:15:00,8933.62,135.50,TRADE
NSW1,2026/09/07 18:20:00,8911.42,137.21,TRADE
NSW1,2026/09/07 18:25:00,8889.6,136.43,TRADE
NSW1,2026/09/07 18:30:00,8897.21,140.72,TRADE
NSW1,2026/09/07 18:35:00,8866.39,143.08,TRADE
NSW1,2026/09/07 18:40:00,8767.98,146.97,TRADE
NSW1,2026/09/07 18:45:00,8759.33,122.86,TRADE
NSW1,2026/09/07 18:50:00,8867.88,127.37,TRADE
NSW1,2026/09/07 18:55:00,8928.12,142.71,TRADE
NSW1,2026/09/07 19:00:00,8788.46,128.10,TRADE
NSW1,2026/09/07 19:05:00,8864.83,133.74,TRADE
NSW1,2026/09/07 19:10:00,8817.03,132.13,TRADE
NSW1,2026/09/07 19:15:00,8794.86,129.12,TRADE
NSW1,2026/09/07 19:20:00,8778.93,129.88,TRADE
NSW1,2026/09/07 19:25:00,8746.78,142.90,TRADE
NSW1,2026/09/07 19:30:00,8562.41,122.86,TRADE
NSW1,2026/09/07 19:35:00,8647.12,125.87,TRADE
NSW1,2026/09/07 19:40:00,8659.18,142.84,TRADE
NSW1,2026/09/07 19:45:00,8564.06,119.44,TRADE
NSW1,2026/09/07 19:50:00,8688.42,119.50,TRADE
NSW1,2026/09/07 19:55:00,8653.73,138.84,TRADE
NSW1,2026/09/07 20:00:00,8510.94,130.01,TRADE
NSW1,2026/09/07 20:05:00,8474.35,121.30,TRADE
NSW1,2026/09/07 20:10:00,8499.76,143.70,TRADE
NSW1,2026/09/07 20:15:00,8298.72,142.90,TRADE
NSW1,2026/09/07 20:20:00,8331.09,123.94,TRADE
NSW1,2026/09/07 20:25:00,8448.53,129.94,TRADE
NSW1,2026/09/07 20:30:00,8505.22,125,TRADE
NSW1,2026/09/07 20:35:00,8384.58,142.90,TRADE
NSW1,2026/09/07 20:40:00,8309.59,136.21,TRADE
NSW1,2026/09/07 20:45:00,8356.1,143.78,TRADE
NSW1,2026/09/07 20:50:00,8258.74,122.19,TRADE
NSW1,2026/09/07 20:55:00,8388.98,146,TRADE
NSW1,2026/09/07 21:00:00,8138.74,138.05,TRADE
NSW1,2026/09/07 21:05:00,8129.38,139.06,TRADE
NSW1,2026/09/07 21:10:00,8174.16,129.56,TRADE
NSW1,2026/09/07 21:15:00,8196.94,146,TRADE
NSW1,2026/09/07 21:20:00,8083.06,132.67,TRADE
NSW1,2026/09/07 21:25:00,8145.19,121.58,TRADE
NSW1,2026/09/07 21:30:00,8145.26,142.90,TRADE
NSW1,2026/09/07 21:35:00,7900.74,119.45,TRADE
NSW1,2026/09/07 21:40:00,8016.56,142.90,TRADE
NSW1,2026/09/07 21:45:00,7820.93,119.37,TRADE
NSW1,2026/09/07 21:50:00,7878.83,136.70,TRADE
NSW1,2026/09/07 21:55:00,7800.4,127.87,TRADE
NSW1,2026/09/07 22:00:00,7756.61,111.98,TRADE
NSW1,2026/09/07 22:05:00,7798.75,130.01,TRADE
NSW1,2026/09/07 22:10:00,7861.5,146,TRADE
NSW1,2026/09/07 22:15:00,7742.29,117.72,TRADE
NSW1,2026/09/07 22:20:00,7780.35,118.46,TRADE
NSW1,2026/09/07 22:25:00,7729.99,116.07,TRADE
NSW1,2026/09/07 22:30:00,7747.62,114.54,TRADE
NSW1,2026/09/07 22:35:00,7691.43,123.84,TRADE
NSW1,2026/09/07 22:40:00,7615.32,114.54,TRADE
NSW1,2026/09/07 22:45:00,7545.95,112.68,TRADE
NSW1,2026/09/07 22:50:00,7578.17,113.24,TRADE
NSW1,2026/09/07 22:55:00,7538.3,100.38,TRADE
NSW1,2026/09/07 23:00:00,7595.17,109.37,TRADE
NSW1,2026/09/07 23:05:00,7541.04,97.90,TRADE
NSW1,2026/09/07 23:10:00,7574.41,101.15,TRADE
NSW1,2026/09/07 23:15:00,7559.8,99.87,TRADE
NSW1,2026/09/07 23:20:00,7564.95,101.18,TRADE
NSW1,2026/09/07 23:25:00,7521.06,99.14,TRADE
NSW1,2026/09/07 23:30:00,7444.6,90.84,TRADE
NSW1,2026/09/07 23:35:00,7393.9,96.44,TRADE
NSW1,2026/09/07 23:40:00,7490.11,98.73,TRADE
NSW1,2026/09/07 23:45:00,7343.91,88.73,TRADE
NSW1,2026/09/07 23:50:00,7397.3,95.91,TRADE
NSW1,2026/09/07 23:55:00,7369.12,96.99,TRADE
NSW1,2026/09/08 00:00:00,7425.65,96.99,TRADE
NSW1,2026/09/08 00:05:00,7354.53,96.99,TRADE
NSW1,2026/09/08 00:10:00,7517.33,129.88,TRADE
NSW1,2026/09/08 00:15:00,7441.27,113.73,TRADE
NSW1,2026/09/08 00:20:00,7441.04,133.94,TRADE
NSW1,2026/09/08 00:25:00,7335.56,116.25,TRADE
NSW1,2026/09/08 00:30:00,7371.21,116.68,TRADE
NSW1,2026/09/08 00:35:00,7325.21,115.78,TRADE
NSW1,2026/09/08 00:40:00,7336.49,114.54,TRADE
NSW1,2026/09/08 00:45:00,7203.18,100.70,TRADE
NSW1,2026/09/08 00:50:00,7261.28,113.29,TRADE
NSW1,2026/09/08 00:55:00,7205.99,100.23,TRADE
NSW1,2026/09/08 01:00:00,7193.73,101.21,TRADE
NSW1,2026/09/08 01:05:00,7165.8,123.37,TRADE
NSW1,2026/09/08 01:10:00,7080.74,118.11,TRADE
NSW1,2026/09/08 01:15:00,7118.84,113.91,TRADE
NSW1,2026/09/08 01:20:00,7109.13,101.57,TRADE
NSW1,2026/09/08 01:25:00,7070.03,102.23,TRADE
NSW1,2026/09/08 01:30:00,6959.2,101.52,TRADE
NSW1,2026/09/08 01:35:00,6966.52,102.91,TRADE
NSW1,2026/09/08 01:40:00,6869.66,96.99,TRADE
NSW1,2026/09/08 01:45:00,6836.43,90.46,TRADE
NSW1,2026/09/08 01:50:00,6880.18,93.08,TRADE
NSW1,2026/09/08 01:55:00,6851.6,96.33,TRADE
NSW1,2026/09/08 02:00:00,6754.83,92.46,TRADE
NSW1,2026/09/08 02:05:00,6787.98,93.65,TRADE
NSW1,2026/09/08 02:10:00,6774.58,96.99,TRADE
NSW1,2026/09/08 02:15:00,6780.2,93.04,TRADE
NSW1,2026/09/08 02:20:00,6756.69,89.87,TRADE
NSW1,2026/09/08 02:25:00,6712.66,89.01,TRADE
NSW1,2026/09/08 02:30:00,6700.32,90.51,TRADE
NSW1,2026/09/08 02:35:00,6692.29,88.51,TRADE
NSW1,2026/09/08 02:40:00,6623.92,83.99,TRADE
NSW1,2026/09/08 02:45:00,6584.95,84.79,TRADE
NSW1,2026/09/08 02:50:00,6558.8,81.44,TRADE
NSW1,2026/09/08 02:55:00,6544.3,83.99,TRADE
NSW1,2026/09/08 03:00:00,6525.44,92.33,TRADE
NSW1,2026/09/08 03:05:00,6505.34,84.79,TRADE
NSW1,2026/09/08 03:10:00,6534.11,84.79,TRADE
NSW1,2026/09/08 03:15:00,6551.9,96.99,TRADE
NSW1,2026/09/08 03:20:00,6540.72,89.51,TRADE
NSW1,2026/09/08 03:25:00,6564.7,89.51,TRADE
NSW1,2026/09/08 03:30:00,6530.34,83.99,TRADE
NSW1,2026/09/08 03:35:00,6536.34,88.88,TRADE
NSW1,2026/09/08 03:40:00,6508.4,82.73,TRADE
NSW1,2026/09/08 03:45:00,6491.36,90.13,TRADE
NSW1,2026/09/08 03:50:00,6470.44,79.84,TRADE
NSW1,2026/09/08 03:55:00,6445.95,79.28,TRADE
NSW1,2026/09/08 04:00:00,6439.85,82.12,TRADE
NSW1,2026/09/08 04:05:00,6424.13,82.66,TRADE
NSW1,2026/09/08 04:10:00,6573.29,83.99,TRADE
NSW1,2026/09/08 04:15:00,6572.14,82.59,TRADE
NSW1,2026/09/08 04:20:00,6588.41,83.30,TRADE
NSW1,2026/09/08 04:25:00,6615.58,88.62,TRADE
NSW1,2026/09/08 04:30:00,6639.87,83.14,TRADE
NSW1,2026/09/08 04:35:00,6649.38,84.38,TRADE
NSW1,2026/09/08 04:40:00,6631.57,84.71,TRADE
NSW1,2026/09/08 04:45:00,6711.04,88.58,TRADE
NSW1,2026/09/08 04:50:00,6686.67,87.37,TRADE
NSW1,2026/09/08 04:55:00,6727.98,86.83,TRADE
NSW1,2026/09/08 05:00:00,6756.83,88.13,TRADE
NSW1,2026/09/08 05:05:00,6824.99,59.06,TRADE
NSW1,2026/09/08 05:10:00,6933.69,70.01,TRADE
NSW1,2026/09/08 05:15:00,6993.65,78.49,TRADE
NSW1,2026/09/08 05:20:00,7028.98,86.87,TRADE
NSW1,2026/09/08 05:25:00,7073.57,90.49,TRADE
NSW1,2026/09/08 05:30:00,7102.99,90.49,TRADE
NSW1,2026/09/08 05:35:00,7194.84,77.91,TRADE
NSW1,2026/09/08 05:40:00,7193.93,82.90,TRADE
NSW1,2026/09/08 05:45:00,7224.97,82.90,TRADE
NSW1,2026/09/08 05:50:00,7247.11,71.40,TRADE
NSW1,2026/09/08 05:55:00,7347.33,78.80,TRADE
NSW1,2026/09/08 06:00:00,7387.57,83.34,TRADE
NSW1,2026/09/08 06:05:00,7461.19,75.96,TRADE
NSW1,2026/09/08 06:10:00,7588.85,79.25,TRADE
NSW1,2026/09/08 06:15:00,7690.76,82.90,TRADE
NSW1,2026/09/08 06:20:00,7765.88,80.45,TRADE
NSW1,2026/09/08 06:25:00,7831.96,83.34,TRADE
NSW1,2026/09/08 06:30:00,7893.81,85.86,TRADE
NSW1,2026/09/08 06:35:00,7925.3,86.25,TRADE
NSW1,2026/09/08 06:40:00,7948.64,89.04,TRADE
NSW1,2026/09/08 06:45:00,7943.24,90.14,TRADE
NSW1,2026/09/08 06:50:00,7989.71,89.58,TRADE
NSW1,2026/09/08 06:55:00,7945.81,71.38,TRADE
NSW1,2026/09/08 07:00:00,7945.58,71.38,TRADE
NSW1,2026/09/08 07:05:00,7885.92,67.87,TRADE
NSW1,2026/09/08 07:10:00,7826.46,64.05,TRADE
NSW1,2026/09/08 07:15:00,7782.57,48.49,TRADE
NSW1,2026/09/08 07:20:00,7761.71,48.73,TRADE
NSW1,2026/09/08 07:25:00,7801.55,42.80,TRADE
NSW1,2026/09/08 07:30:00,7722.79,7.60,TRADE
NSW1,2026/09/08 07:35:00,7732.91,42.80,TRADE
NSW1,2026/09/08 07:40:00,7567.94,52.21,TRADE
NSW1,2026/09/08 07:45:00,7470.07,11.50,TRADE
NSW1,2026/09/08 07:50:00,7498.65,42.80,TRADE
NSW1,2026/09/08 07:55:00,7434.37,11.50,TRADE
NSW1,2026/09/08 08:00:00,7449.48,42.54,TRADE
NSW1,2026/09/08 08:05:00,7267.41,29.10,TRADE
NSW1,2026/09/08 08:10:00,7123.7,42.80,TRADE
NSW1,2026/09/08 08:15:00,7030.61,25.88,TRADE
NSW1,2026/09/08 08:20:00,7021.49,9.74,TRADE
NSW1,2026/09/08 08:25:00,7006.54,25.10,TRADE
NSW1,2026/09/08 08:30:00,6849.16,10.06,TRADE
NSW1,2026/09/08 08:35:00,6820.15,15.69,TRADE
NSW1,2026/09/08 08:40:00,6770.08,27.68,TRADE
NSW1,2026/09/08 08:45:00,6605.05,25.10,TRADE
NSW1,2026/09/08 08:50:00,6617.35,25.10,TRADE
NSW1,2026/09/08 08:55:00,6646.25,25.10,TRADE
NSW1,2026/09/08 09:00:00,6550.86,11.50,TRADE
NSW1,2026/09/08 09:05:00,6628.35,52.21,TRADE
NSW1,2026/09/08 09:10:00,6516.5,52.21,TRADE
NSW1,2026/09/08 09:15:00,6440.08,27.32,TRADE
NSW1,2026/09/08 09:20:00,6483.56,42.54,TRADE
NSW1,2026/09/08 09:25:00,6499.65,27.21,TRADE
NSW1,2026/09/08 09:30:00,6402.16,24.96,TRADE
NSW1,2026/09/08 09:35:00,6409.31,45.44,TRADE
NSW1,2026/09/08 09:40:00,6452.92,52.21,TRADE
NSW1,2026/09/08 09:45:00,6495.26,52.21,TRADE
NSW1,2026/09/08 09:50:00,6399.96,15.37,TRADE
NSW1,2026/09/08 09:55:00,6462.27,42.80,TRADE
NSW1,2026/09/08 10:00:00,6208.74,41.76,TRADE
NSW1,2026/09/08 10:05:00,6212.71,46.45,TRADE
NSW1,2026/09/08 10:10:00,6240.36,42.54,TRADE
NSW1,2026/09/08 10:15:00,6171.69,41.88,TRADE
NSW1,2026/09/08 10:20:00,6070.12,42.54,TRADE
NSW1,2026/09/08 10:25:00,5881.87,42.55,TRADE
NSW1,2026/09/08 10:30:00,5880.36,46.45,TRADE
NSW1,2026/09/08 10:35:00,5847.01,46.45,TRADE
NSW1,2026/09/08 10:40:00,5865.69,46.45,TRADE
NSW1,2026/09/08 10:45:00,5781.84,41.88,TRADE
NSW1,2026/09/08 10:50:00,5833.78,46.45,TRADE
NSW1,2026/09/08 10:55:00,5837.99,46.45,TRADE
NSW1,2026/09/08 11:00:00,5796.47,42.80,TRADE
NSW1,2026/09/08 11:05:00,5680.24,42.55,TRADE
NSW1,2026/09/08 11:10:00,5863.05,46.45,TRADE
NSW1,2026/09/08 11:15:00,5859.04,42.55,TRADE
NSW1,2026/09/08 11:20:00,5977.36,64.07,TRADE
NSW1,2026/09/08 11:25:00,5952.28,46.45,TRADE
NSW1,2026/09/08 11:30:00,5818.65,46.45,TRADE
NSW1,2026/09/08 11:35:00,5793.69,46.45,TRADE
NSW1,2026/09/08 11:40:00,5798.49,46.45,TRADE
NSW1,2026/09/08 11:45:00,5775.44,29.15,TRADE
NSW1,2026/09/08 11:50:00,5777.04,46.45,TRADE
NSW1,2026/09/08 11:55:00,5632.22,46.45,TRADE
NSW1,2026/09/08 12:00:00,5548.69,46.45,TRADE
NSW1,2026/09/08 12:05:00,5589.07,46.45,TRADE
NSW1,2026/09/08 12:10:00,5640.38,46.45,TRADE
NSW1,2026/09/08 12:15:00,5636.5,42.45,TRADE
NSW1,2026/09/08 12:20:00,5644.21,42.45,TRADE
NSW1,2026/09/08 12:25:00,5664.39,46.45,TRADE
NSW1,2026/09/08 12:30:00,5654.01,42.80,TRADE
NSW1,2026/09/08 12:35:00,5732.28,46.45,TRADE
NSW1,2026/09/08 12:40:00,5639.47,46.45,TRADE
NSW1,2026/09/08 12:45:00,5549.91,26.18,TRADE
NSW1,2026/09/08 12:50:00,5651.65,42.55,TRADE
NSW1,2026/09/08 12:55:00,5642.36,42.80,TRADE
NSW1,2026/09/08 13:00:00,5523.61,42.55,TRADE
NSW1,2026/09/08 13:05:00,5543.21,42.55,TRADE
NSW1,2026/09/08 13:10:00,5540.41,42.55,TRADE
NSW1,2026/09/08 13:15:00,5498.33,42.55,TRADE
NSW1,2026/09/08 13:20:00,5478.25,42.55,TRADE
NSW1,2026/09/08 13:25:00,5508.31,42.55,TRADE
NSW1,2026/09/08 13:30:00,5482.74,42.55,TRADE
NSW1,2026/09/08 13:35:00,5462.68,46.45,TRADE
NSW1,2026/09/08 13:40:00,5527.84,46.45,TRADE
NSW1,2026/09/08 13:45:00,5502.03,46.45,TRADE
NSW1,2026/09/08 13:50:00,5501.84,42.80,TRADE
NSW1,2026/09/08 13:55:00,5560.83,25.79,TRADE
NSW1,2026/09/08 14:00:00,5631.62,41.88,TRADE
NSW1,2026/09/08 14:05:00,5552.4,42.54,TRADE
NSW1,2026/09/08 14:10:00,5545.31,41.88,TRADE
NSW1,2026/09/08 14:15:00,5633.83,42.55,TRADE
NSW1,2026/09/08 14:20:00,5672.66,45.87,TRADE
NSW1,2026/09/08 14:25:00,5770.76,42.80,TRADE
NSW1,2026/09/08 14:30:00,5871.32,42.55,TRADE
NSW1,2026/09/08 14:35:00,5872.23,42.55,TRADE
NSW1,2026/09/08 14:40:00,5954.2,42.55,TRADE
NSW1,2026/09/08 14:45:00,5988.13,46.45,TRADE
NSW1,2026/09/08 14:50:00,5996.64,42.55,TRADE
NSW1,2026/09/08 14:55:00,6139.7,42.80,TRADE
NSW1,2026/09/08 15:00:00,6216.47,46.45,TRADE
NSW1,2026/09/08 15:05:00,6245.31,46.45,TRADE
NSW1,2026/09/08 15:10:00,6202.02,42.55,TRADE
NSW1,2026/09/08 15:15:00,6220.64,42.55,TRADE
NSW1,2026/09/08 15:20:00,6342.56,42.54,TRADE
NSW1,2026/09/08 15:25:00,6467.05,42.55,TRADE
NSW1,2026/09/08 15:30:00,6493.87,46.32,TRADE
NSW1,2026/09/08 15:35:00,6666.41,42.80,TRADE
NSW1,2026/09/08 15:40:00,6743.43,45.65,TRADE
NSW1,2026/09/08 15:45:00,6791.36,45.02,TRADE
NSW1,2026/09/08 15:50:00,6873.55,46.45,TRADE
NSW1,2026/09/08 15:55:00,7024.35,64.89,TRADE
NSW1,2026/09/08 16:00:00,7007.16,62.07,TRADE
NSW1,2026/09/08 16:05:00,7035.88,67.49,TRADE
NSW1,2026/09/08 16:10:00,7154.64,73.04,TRADE
NSW1,2026/09/08 16:15:00,7274.36,92.53,TRADE
NSW1,2026/09/08 16:20:00,7286.47,93.11,TRADE
NSW1,2026/09/08 16:25:00,7392.49,94.06,TRADE
NSW1,2026/09/08 16:30:00,7583.4,118.93,TRADE
NSW1,2026/09/08 16:35:00,7659.44,111.98,TRADE
NSW1,2026/09/08 16:40:00,7766.73,116.70,TRADE
NSW1,2026/09/08 16:45:00,7941.55,131.28,TRADE
NSW1,2026/09/08 16:50:00,7955.99,126.83,TRADE
NSW1,2026/09/08 16:55:00,8006.43,116.69,TRADE
NSW1,2026/09/08 17:00:00,8157.73,125.94,TRADE
NSW1,2026/09/08 17:05:00,8241.37,127.52,TRADE
NSW1,2026/09/08 17:10:00,8235.5,130.21,TRADE
NSW1,2026/09/08 17:15:00,8214.37,135.79,TRADE
NSW1,2026/09/08 17:20:00,8310.78,139.78,TRADE
NSW1,2026/09/08 17:25:00,8383.48,158.16,TRADE
NSW1,2026/09/08 17:30:00,8508.76,190.84,TRADE
NSW1,2026/09/08 17:35:00,8542.4,138.76,TRADE
NSW1,2026/09/08 17:40:00,8640.48,144.27,TRADE
NSW1,2026/09/08 17:45:00,8745.72,143.55,TRADE
NSW1,2026/09/08 17:50:00,8798.07,150.09,TRADE
NSW1,2026/09/08 17:55:00,8803.05,146.08,TRADE
NSW1,2026/09/08 18:00:00,8937.23,164.95,TRADE
NSW1,2026/09/08 18:05:00,9000.99,161.01,TRADE
NSW1,2026/09/08 18:10:00,9059.75,142.90,TRADE
NSW1,2026/09/08 18:15:00,8987.3,142.03,TRADE
NSW1,2026/09/08 18:20:00,9123.85,141.89,TRADE
NSW1,2026/09/08 18:25:00,9126.01,139.02,TRADE
NSW1,2026/09/08 18:30:00,9201.06,140.52,TRADE
NSW1,2026/09/08 18:35:00,9144.4,131.46,TRADE
NSW1,2026/09/08 18:40:00,9150.64,127.91,TRADE
NSW1,2026/09/08 18:45:00,9193.23,122.86,TRADE
NSW1,2026/09/08 18:50:00,9215.36,122.86,TRADE
NSW1,2026/09/08 18:55:00,9197.95,122.86,TRADE
NSW1,2026/09/08 19:00:00,9136.58,122.86,TRADE
NSW1,2026/09/08 19:05:00,9196.56,120.30,TRADE
NSW1,2026/09/08 19:10:00,9154.81,122.43,TRADE
NSW1,2026/09/08 19:15:00,9094.67,119.02,TRADE
NSW1,2026/09/08 19:20:00,9085.88,120.11,TRADE
NSW1,2026/09/08 19:25:00,9068.99,115.33,TRADE
NSW1,2026/09/08 19:30:00,8950.72,112.93,TRADE
NSW1,2026/09/08 19:35:00,8984.29,112.12,TRADE
NSW1,2026/09/08 19:40:00,9051.18,113.01,TRADE
NSW1,2026/09/08 19:45:00,8981.94,112.91,TRADE
NSW1,2026/09/08 19:50:00,9030.37,111.98,TRADE
NSW1,2026/09/08 19:55:00,9026.74,102.80,TRADE
NSW1,2026/09/08 20:00:00,8890.69,98.56,TRADE
NSW1,2026/09/08 20:05:00,8948.44,103.71,TRADE
NSW1,2026/09/08 20:10:00,8947.35,114.54,TRADE
NSW1,2026/09/08 20:15:00,8814.77,101.87,TRADE
NSW1,2026/09/08 20:20:00,8910.71,104.93,TRADE
NSW1,2026/09/08 20:25:00,8833.85,109.43,TRADE
NSW1,2026/09/08 20:30:00,8899.26,110.46,TRADE
NSW1,2026/09/08 20:35:00,8814.76,110.27,TRADE
NSW1,2026/09/08 20:40:00,8822.36,111.98,TRADE
NSW1,2026/09/08 20:45:00,8747.3,109.61,TRADE
NSW1,2026/09/08 20:50:00,8717.06,107.23,TRADE
NSW1,2026/09/08 20:55:00,8618.76,100.88,TRADE
NSW1,2026/09/08 21:00:00,8649.08,96.02,TRADE
NSW1,2026/09/08 21:05:00,8550.89,95.20,TRADE
NSW1,2026/09/08 21:10:00,8618.99,100.97,TRADE
NSW1,2026/09/08 21:15:00,8541.73,95.20,TRADE
NSW1,2026/09/08 21:20:00,8535.92,108.71,TRADE
NSW1,2026/09/08 21:25:00,8486.76,107.98,TRADE
NSW1,2026/09/08 21:30:00,8463.72,108.68,TRADE
NSW1,2026/09/08 21:35:00,8359.25,97.39,TRADE
NSW1,2026/09/08 21:40:00,8338.09,94.32,TRADE
NSW1,2026/09/08 21:45:00,8334.42,90.79,TRADE
NSW1,2026/09/08 21:50:00,8269.47,96.28,TRADE
NSW1,2026/09/08 21:55:00,8096.69,90.04,TRADE
NSW1,2026/09/08 22:00:00,8184.89,90.01,TRADE
NSW1,2026/09/08 22:05:00,8125.87,90.01,TRADE
NSW1,2026/09/08 22:10:00,8118.7,96.99,TRADE
NSW1,2026/09/08 22:15:00,8138.13,96.99,TRADE
NSW1,2026/09/08 22:20:00,8185.2,100.54,TRADE
NSW1,2026/09/08 22:25:00,8198.06,96.99,TRADE
NSW1,2026/09/08 22:30:00,8178.85,93.53,TRADE
NSW1,2026/09/08 22:35:00,8075.75,104.22,TRADE
NSW1,2026/09/08 22:40:00,8113.79,108.19,TRADE
NSW1,2026/09/08 22:45:00,8075.91,104.50,TRADE
NSW1,2026/09/08 22:50:00,7981.25,96.99,TRADE
NSW1,2026/09/08 22:55:00,8038.14,96.99,TRADE
NSW1,2026/09/08 23:00:00,8003.46,85.83,TRADE
NSW1,2026/09/08 23:05:00,7953.41,96.99,TRADE
NSW1,2026/09/08 23:10:00,7978.65,114.54,TRADE
NSW1,2026/09/08 23:15:00,7912.97,101.86,TRADE
NSW1,2026/09/08 23:20:00,7822.79,75.96,TRADE
NSW1,2026/09/08 23:25:00,7760.19,75.96,TRADE
NSW1,2026/09/08 23:30:00,7763.98,85.37,TRADE
NSW1,2026/09/08 23:35:00,7752.35,86.48,TRADE
NSW1,2026/09/08 23:40:00,7672.17,74.59,TRADE
NSW1,2026/09/08 23:45:00,7670.66,75.96,TRADE
NSW1,2026/09/08 23:50:00,7664.02,74.15,TRADE
NSW1,2026/09/08 23:55:00,7652.44,79.16,TRADE
NSW1,2026/09/09 00:00:00,7636.58,73.55,TRADE
NSW1,2026/09/09 00:05:00,7548.79,83.94,TRADE
NSW1,2026/09/09 00:10:00,7649.23,76.15,TRADE
NSW1,2026/09/09 00:15:00,7642.04,73.89,TRADE
NSW1,2026/09/09 00:20:00,7619.54,73.53,TRADE
NSW1,2026/09/09 00:25:00,7682.37,75.96,TRADE
NSW1,2026/09/09 00:30:00,7679.98,74.91,TRADE
NSW1,2026/09/09 00:35:00,7556.68,75.96,TRADE
NSW1,2026/09/09 00:40:00,7564.64,73.27,TRADE
NSW1,2026/09/09 00:45:00,7553.85,72.80,TRADE
NSW1,2026/09/09 00:50:00,7553.57,73.78,TRADE
NSW1,2026/09/09 00:55:00,7447.63,65.50,TRADE
NSW1,2026/09/09 01:00:00,7430.09,65.50,TRADE
NSW1,2026/09/09 01:05:00,7407.35,74.34,TRADE
NSW1,2026/09/09 01:10:00,7414.46,82.93,TRADE
NSW1,2026/09/09 01:15:00,7355.85,42.80,TRADE
NSW1,2026/09/09 01:20:00,7342.48,63.17,TRADE
NSW1,2026/09/09 01:25:00,7294.75,88.88,TRADE
NSW1,2026/09/09 01:30:00,7253.24,81.35,TRADE
NSW1,2026/09/09 01:35:00,7151.32,65.50,TRADE
NSW1,2026/09/09 01:40:00,7067.3,49.36,TRADE
NSW1,2026/09/09 01:45:00,7081.68,64.89,TRADE
NSW1,2026/09/09 01:50:00,7114.9,79.73,TRADE
NSW1,2026/09/09 01:55:00,7020.02,75.96,TRADE
NSW1,2026/09/09 02:00:00,7008.37,65.50,TRADE
NSW1,2026/09/09 02:05:00,7004.72,65.28,TRADE
NSW1,2026/09/09 02:10:00,7040.53,75.96,TRADE
NSW1,2026/09/09 02:15:00,7001.42,87.06,TRADE
NSW1,2026/09/09 02:20:00,7028.6,64.51,TRADE
NSW1,2026/09/09 02:25:00,6968.53,64.89,TRADE
NSW1,2026/09/09 02:30:00,6893.66,64.10,TRADE
NSW1,2026/09/09 02:35:00,6911.85,72.57,TRADE
NSW1,2026/09/09 02:40:00,6872.12,79.27,TRADE
NSW1,2026/09/09 02:45:00,6834.72,42.54,TRADE
NSW1,2026/09/09 02:50:00,6772.93,65.50,TRADE
NSW1,2026/09/09 02:55:00,6806.97,79.32,TRADE
NSW1,2026/09/09 03:00:00,6811.58,74.47,TRADE
NSW1,2026/09/09 03:05:00,6779.85,50.03,TRADE
NSW1,2026/09/09 03:10:00,6868.6,64.52,TRADE
NSW1,2026/09/09 03:15:00,6866.29,77.27,TRADE
NSW1,2026/09/09 03:20:00,6794.92,65.50,TRADE
NSW1,2026/09/09 03:25:00,6887.09,73.47,TRADE
NSW1,2026/09/09 03:30:00,6902.1,65.50,TRADE
NSW1,2026/09/09 03:35:00,6852.39,42.54,TRADE
NSW1,2026/09/09 03:40:00,6824.8,61.35,TRADE
NSW1,2026/09/09 03:45:00,6801.92,79.73,TRADE
NSW1,2026/09/09 03:50:00,6699.18,65.50,TRADE
NSW1,2026/09/09 03:55:00,6678.96,48.16,TRADE
NSW1,2026/09/09 04:00:00,6700.73,65.50,TRADE
NSW1,2026/09/09 04:05:00,6697.66,65.50,TRADE
NSW1,2026/09/09 04:10:00,6674.07,62.52,TRADE
NSW1,2026/09/09 04:15:00,6666.24,71.14,TRADE
NSW1,2026/09/09 04:20:00,6666.58,75.96,TRADE
NSW1,2026/09/09 04:25:00,6754.16,74.13,TRADE
NSW1,2026/09/09 04:30:00,6686.61,73.60,TRADE
NSW1,2026/09/09 04:35:00,6716.26,83.34,TRADE
NSW1,2026/09/09 04:40:00,6727.11,83.34,TRADE
NSW1,2026/09/09 04:45:00,6754.92,88.88,TRADE
NSW1,2026/09/09 04:50:00,6752.91,83.99,TRADE
NSW1,2026/09/09 04:55:00,6801.23,90.01,TRADE
NSW1,2026/09/09 05:00:00,6828.45,88.88,TRADE
NSW1,2026/09/09 05:05:00,6882.34,83.34,TRADE
NSW1,2026/09/09 05:10:00,6970.72,88.88,TRADE
NSW1,2026/09/09 05:15:00,7013.16,88.88,TRADE
NSW1,2026/09/09 05:20:00,7074.51,83.99,TRADE
NSW1,2026/09/09 05:25:00,7111.54,84.79,TRADE
NSW1,2026/09/09 05:30:00,7144.83,89.71,TRADE
NSW1,2026/09/09 05:35:00,7185.69,79.48,TRADE
NSW1,2026/09/09 05:40:00,7328.98,82.90,TRADE
NSW1,2026/09/09 05:45:00,7395.67,79.92,TRADE
NSW1,2026/09/09 05:50:00,7449.24,84.79,TRADE
NSW1,2026/09/09 05:55:00,7526.85,83.99,TRADE
NSW1,2026/09/09 06:00:00,7513,90.06,TRADE
NSW1,2026/09/09 06:05:00,7562.3,83.99,TRADE
NSW1,2026/09/09 06:10:00,7728.12,87.56,TRADE
NSW1,2026/09/09 06:15:00,7825.75,85.90,TRADE
NSW1,2026/09/09 06:20:00,7931.25,90.01,TRADE
NSW1,2026/09/09 06:25:00,7966.38,85.83,TRADE
NSW1,2026/09/09 06:30:00,8034.34,89.89,TRADE
NSW1,2026/09/09 06:35:00,8001.68,82.90,TRADE
NSW1,2026/09/09 06:40:00,8082.94,90.49,TRADE
NSW1,2026/09/09 06:45:00,8058.32,85,TRADE
NSW1,2026/09/09 06:50:00,8032.83,75.56,TRADE
NSW1,2026/09/09 06:55:00,8066.05,71.40,TRADE
NSW1,2026/09/09 07:00:00,8027.44,65.50,TRADE
NSW1,2026/09/09 07:05:00,8050.2,71.38,TRADE
NSW1,2026/09/09 07:10:00,8078.53,64.70,TRADE
NSW1,2026/09/09 07:15:00,8104.75,64.09,TRADE
NSW1,2026/09/09 07:20:00,8106.5,64.05,TRADE
NSW1,2026/09/09 07:25:00,8127.2,71.38,TRADE
NSW1,2026/09/09 07:30:00,8032.34,64.05,TRADE
NSW1,2026/09/09 07:35:00,7936.44,64.05,TRADE
NSW1,2026/09/09 07:40:00,7916.67,64.05,TRADE
NSW1,2026/09/09 07:45:00,7853.37,64.05,TRADE
NSW1,2026/09/09 07:50:00,7751.82,64.05,TRADE
NSW1,2026/09/09 07:55:00,7753.82,64.05,TRADE
NSW1,2026/09/09 08:00:00,7676.08,65.50,TRADE
NSW1,2026/09/09 08:05:00,7583.68,64.05,TRADE
NSW1,2026/09/09 08:10:00,7553.38,64.05,TRADE
NSW1,2026/09/09 08:15:00,7455.36,64.05,TRADE
NSW1,2026/09/09 08:20:00,7279.78,64.05,TRADE
NSW1,2026/09/09 08:25:00,7158.51,64.05,TRADE
NSW1,2026/09/09 08:30:00,7010.36,12.76,TRADE
NSW1,2026/09/09 08:35:00,6934.89,46.45,TRADE
NSW1,2026/09/09 08:40:00,6838.26,43.93,TRADE
NSW1,2026/09/09 08:45:00,6626.29,2.28,TRADE
NSW1,2026/09/09 08:50:00,6662.85,11.33,TRADE
NSW1,2026/09/09 08:55:00,6501.48,2.29,TRADE
NSW1,2026/09/09 09:00:00,6432.37,46.45,TRADE
NSW1,2026/09/09 09:05:00,6268.43,46.45,TRADE
NSW1,2026/09/09 09:10:00,6225.67,2.26,TRADE
NSW1,2026/09/09 09:15:00,6205.18,11.40,TRADE
NSW1,2026/09/09 09:20:00,6087.69,0,TRADE
NSW1,2026/09/09 09:25:00,6127.01,7.52,TRADE
NSW1,2026/09/09 09:30:00,5991.16,0.01,TRADE
NSW1,2026/09/09 09:35:00,5951.08,42.38,TRADE
NSW1,2026/09/09 09:40:00,5889.27,11.50,TRADE
NSW1,2026/09/09 09:45:00,5902.08,11.40,TRADE
NSW1,2026/09/09 09:50:00,5888.54,11.50,TRADE
NSW1,2026/09/09 09:55:00,5910.56,28.95,TRADE
NSW1,2026/09/09 10:00:00,5787.33,11.40,TRADE
NSW1,2026/09/09 10:05:00,5775.2,2.18,TRADE
NSW1,2026/09/09 10:10:00,6022.11,23.51,TRADE
NSW1,2026/09/09 10:15:00,5761.96,3.35,TRADE
NSW1,2026/09/09 10:20:00,5799.84,23.51,TRADE
NSW1,2026/09/09 10:25:00,5619.02,11.50,TRADE
NSW1,2026/09/09 10:30:00,5623.42,11.50,TRADE
NSW1,2026/09/09 10:35:00,5499.22,11.50,TRADE
NSW1,2026/09/09 10:40:00,5546.55,23.51,TRADE
NSW1,2026/09/09 10:45:00,5428.67,11.50,TRADE
NSW1,2026/09/09 10:50:00,5390.19,11.50,TRADE
NSW1,2026/09/09 10:55:00,5439.54,23.51,TRADE
NSW1,2026/09/09 11:00:00,5376.47,11.50,TRADE
NSW1,2026/09/09 11:05:00,5361.03,23.51,TRADE
NSW1,2026/09/09 11:10:00,5442.32,23.51,TRADE
NSW1,2026/09/09 11:15:00,5410.47,13.20,TRADE
NSW1,2026/09/09 11:20:00,5476.38,13.20,TRADE
NSW1,2026/09/09 11:25:00,5446.81,29,TRADE
NSW1,2026/09/09 11:30:00,5380.42,28.95,TRADE
NSW1,2026/09/09 11:35:00,5312.9,29,TRADE
NSW1,2026/09/09 11:40:00,5358.11,25.87,TRADE
NSW1,2026/09/09 11:45:00,5337.6,23.51,TRADE
NSW1,2026/09/09 11:50:00,5378.09,23.51,TRADE
NSW1,2026/09/09 11:55:00,5378.7,24.99,TRADE
NSW1,2026/09/09 12:00:00,5292.02,23.51,TRADE
NSW1,2026/09/09 12:05:00,5336,12.47,TRADE
NSW1,2026/09/09 12:10:00,5519.64,15.02,TRADE
NSW1,2026/09/09 12:15:00,5528.73,15.19,TRADE
NSW1,2026/09/09 12:20:00,5554.17,68.02,TRADE
NSW1,2026/09/09 12:25:00,5498.82,83.34,TRADE
NSW1,2026/09/09 12:30:00,5486.03,67.99,TRADE
NSW1,2026/09/09 12:35:00,5573.21,42.08,TRADE
NSW1,2026/09/09 12:40:00,5625.12,46.45,TRADE
NSW1,2026/09/09 12:45:00,5563.35,29,TRADE
NSW1,2026/09/09 12:50:00,5575.52,32.77,TRADE
NSW1,2026/09/09 12:55:00,5606.67,46.45,TRADE
NSW1,2026/09/09 13:00:00,5544.7,46.45,TRADE
NSW1,2026/09/09 13:05:00,5596.84,46.45,TRADE
NSW1,2026/09/09 13:10:00,5633.48,67.99,TRADE
NSW1,2026/09/09 13:15:00,5626.4,46.45,TRADE
NSW1,2026/09/09 13:20:00,5690.99,46.45,TRADE
NSW1,2026/09/09 13:25:00,5747.39,76.10,TRADE
NSW1,2026/09/09 13:30:00,5894.84,46.45,TRADE
NSW1,2026/09/09 13:35:00,5893.39,99.01,TRADE
NSW1,2026/09/09 13:40:00,5886.15,99.01,TRADE
NSW1,2026/09/09 13:45:00,5916.5,99.01,TRADE
NSW1,2026/09/09 13:50:00,5946.61,76.10,TRADE
NSW1,2026/09/09 13:55:00,6055.07,76.10,TRADE
NSW1,2026/09/09 14:00:00,6210.48,111.98,TRADE
NSW1,2026/09/09 14:05:00,6231.43,106.64,TRADE
NSW1,2026/09/09 14:10:00,6211.37,76.10,TRADE
NSW1,2026/09/09 14:15:00,6171.67,76.10,TRADE
NSW1,2026/09/09 14:20:00,6201.7,76.10,TRADE
NSW1,2026/09/09 14:25:00,6205.2,76.10,TRADE
NSW1,2026/09/09 14:30:00,6245.33,89,TRADE
NSW1,2026/09/09 14:35:00,6318.82,76.10,TRADE
NSW1,2026/09/09 14:40:00,6264.28,76.10,TRADE
NSW1,2026/09/09 14:45:00,6269.14,76.10,TRADE
NSW1,2026/09/09 14:50:00,6377.63,76.10,TRADE
NSW1,2026/09/09 14:55:00,6424.73,88.88,TRADE
NSW1,2026/09/09 15:00:00,6605.45,99.01,TRADE
NSW1,2026/09/09 15:05:00,6679.03,88.88,TRADE
NSW1,2026/09/09 15:10:00,6683.35,84.79,TRADE
NSW1,2026/09/09 15:15:00,6782.04,95.20,TRADE
NSW1,2026/09/09 15:20:00,6872.53,90.49,TRADE
NSW1,2026/09/09 15:25:00,6926.12,76.15,TRADE
NSW1,2026/09/09 15:30:00,6997.87,95.20,TRADE
NSW1,2026/09/09 15:35:00,7050.54,64.07,TRADE
NSW1,2026/09/09 15:40:00,7178.18,59.69,TRADE
NSW1,2026/09/09 15:45:00,7282.01,75.96,TRADE
NSW1,2026/09/09 15:50:00,7415.97,75.07,TRADE
NSW1,2026/09/09 15:55:00,7461.26,90.01,TRADE
NSW1,2026/09/09 16:00:00,7560.42,90.01,TRADE
NSW1,2026/09/09 16:05:00,7716.06,88.89,TRADE
NSW1,2026/09/09 16:10:00,7747.06,78.56,TRADE
NSW1,2026/09/09 16:15:00,7861.76,88.89,TRADE
NSW1,2026/09/09 16:20:00,7941.14,90.01,TRADE
NSW1,2026/09/09 16:25:00,8015.66,91.80,TRADE
NSW1,2026/09/09 16:30:00,8138.64,99.88,TRADE
NSW1,2026/09/09 16:35:00,8181.86,90.49,TRADE
NSW1,2026/09/09 16:40:00,8269.98,90.49,TRADE
NSW1,2026/09/09 16:45:00,8400.2,99.47,TRADE
NSW1,2026/09/09 16:50:00,8489.56,95.20,TRADE
NSW1,2026/09/09 16:55:00,8586.99,95.20,TRADE
NSW1,2026/09/09 17:00:00,8704.98,97.37,TRADE
NSW1,2026/09/09 17:05:00,8723.97,95.20,TRADE
NSW1,2026/09/09 17:10:00,8739.37,95.20,TRADE
NSW1,2026/09/09 17:15:00,8828.95,95.85,TRADE
NSW1,2026/09/09 17:20:00,8854.11,95.20,TRADE
NSW1,2026/09/09 17:25:00,9039.36,101.91,TRADE
NSW1,2026/09/09 17:30:00,9102.57,95.24,TRADE
NSW1,2026/09/09 17:35:00,9178.88,105.13,TRADE
NSW1,2026/09/09 17:40:00,9222.76,97.06,TRADE
NSW1,2026/09/09 17:45:00,9277.18,107.78,TRADE
NSW1,2026/09/09 17:50:00,9383.93,111.98,TRADE
NSW1,2026/09/09 17:55:00,9465.03,101.10,TRADE
NSW1,2026/09/09 18:00:00,9588.66,115.34,TRADE
NSW1,2026/09/09 18:05:00,9585.73,111.98,TRADE
NSW1,2026/09/09 18:10:00,9579.48,111.74,TRADE
NSW1,2026/09/09 18:15:00,9588.23,111.98,TRADE
NSW1,2026/09/09 18:20:00,9637.33,110.20,TRADE
NSW1,2026/09/09 18:25:00,9686.92,111.98,TRADE
NSW1,2026/09/09 18:30:00,9697.72,111.78,TRADE
NSW1,2026/09/09 18:35:00,9677.77,101.10,TRADE
NSW1,2026/09/09 18:40:00,9786.54,111,TRADE
NSW1,2026/09/09 18:45:00,9654.1,101.10,TRADE
NSW1,2026/09/09 18:50:00,9747.02,111.98,TRADE
NSW1,2026/09/09 18:55:00,9667.51,109.85,TRADE
NSW1,2026/09/09 19:00:00,9651.4,107.59,TRADE
NSW1,2026/09/09 19:05:00,9654.87,105.77,TRADE
NSW1,2026/09/09 19:10:00,9597.01,109.92,TRADE
NSW1,2026/09/09 19:15:00,9554.64,111.98,TRADE
NSW1,2026/09/09 19:20:00,9528.93,100.54,TRADE
NSW1,2026/09/09 19:25:00,9620.3,110.20,TRADE
NSW1,2026/09/09 19:30:00,9455.42,100.54,TRADE
NSW1,2026/09/09 19:35:00,9495.27,107.30,TRADE
NSW1,2026/09/09 19:40:00,9503.52,98.21,TRADE
NSW1,2026/09/09 19:45:00,9419.9,96.99,TRADE
NSW1,2026/09/09 19:50:00,9455.69,109.57,TRADE
NSW1,2026/09/09 19:55:00,9380.49,107.66,TRADE
NSW1,2026/09/09 20:00:00,9289.98,104.72,TRADE
NSW1,2026/09/09 20:05:00,9382.8,95.20,TRADE
NSW1,2026/09/09 20:10:00,9336.97,110.47,TRADE
NSW1,2026/09/09 20:15:00,9251.36,95.20,TRADE
NSW1,2026/09/09 20:20:00,9265.13,95.20,TRADE
NSW1,2026/09/09 20:25:00,9233.35,95.20,TRADE
NSW1,2026/09/09 20:30:00,9176.44,110.46,TRADE
NSW1,2026/09/09 20:35:00,9103.82,96.99,TRADE
NSW1,2026/09/09 20:40:00,9086.9,108.94,TRADE
NSW1,2026/09/09 20:45:00,9064.29,105.66,TRADE
NSW1,2026/09/09 20:50:00,9096.38,89.52,TRADE
NSW1,2026/09/09 20:55:00,9051.98,95.56,TRADE
NSW1,2026/09/09 21:00:00,8975.57,98.65,TRADE
NSW1,2026/09/09 21:05:00,8914.34,88.45,TRADE
NSW1,2026/09/09 21:10:00,8910.17,93.80,TRADE
NSW1,2026/09/09 21:15:00,8839,90.01,TRADE
NSW1,2026/09/09 21:20:00,8829.82,99.24,TRADE
NSW1,2026/09/09 21:25:00,8797.46,91.05,TRADE
NSW1,2026/09/09 21:30:00,8751.16,92.10,TRADE
NSW1,2026/09/09 21:35:00,8685.04,100.57,TRADE
NSW1,2026/09/09 21:40:00,8646.82,98.05,TRADE
NSW1,2026/09/09 21:45:00,8591.16,98.73,TRADE
NSW1,2026/09/09 21:50:00,8550.26,100.71,TRADE
NSW1,2026/09/09 21:55:00,8454.82,100.08,TRADE
NSW1,2026/09/09 22:00:00,8398.79,90.01,TRADE
NSW1,2026/09/09 22:05:00,8322.2,90.01,TRADE
NSW1,2026/09/09 22:10:00,8410.85,96.08,TRADE
NSW1,2026/09/09 22:15:00,8343.87,106.40,TRADE
NSW1,2026/09/09 22:20:00,8340.44,101.71,TRADE
NSW1,2026/09/09 22:25:00,8315.7,96.99,TRADE
NSW1,2026/09/09 22:30:00,8315.08,109.07,TRADE
NSW1,2026/09/09 22:35:00,8241.58,96.95,TRADE
NSW1,2026/09/09 22:40:00,8253.19,103.93,TRADE
NSW1,2026/09/09 22:45:00,8224.97,106.31,TRADE
NSW1,2026/09/09 22:50:00,8225.46,119.02,TRADE
NSW1,2026/09/09 22:55:00,8180.35,100.06,TRADE
NSW1,2026/09/09 23:00:00,8087.12,90.01,TRADE
NSW1,2026/09/09 23:05:00,8037.98,90.01,TRADE
NSW1,2026/09/09 23:10:00,8002.95,96.99,TRADE
NSW1,2026/09/09 23:15:00,8028.41,96.99,TRADE
NSW1,2026/09/09 23:20:00,7947.34,97.54,TRADE
NSW1,2026/09/09 23:25:00,7989.73,94.29,TRADE
NSW1,2026/09/09 23:30:00,7956.56,90.01,TRADE
NSW1,2026/09/09 23:35:00,7883.49,90.01,TRADE
NSW1,2026/09/09 23:40:00,7878.82,84.79,TRADE
NSW1,2026/09/09 23:45:00,7757.55,84.79,TRADE
NSW1,2026/09/09 23:50:00,7731.03,79.23,TRADE
NSW1,2026/09/09 23:55:00,7702.04,79.49,TRADE
NSW1,2026/09/10 00:00:00,7693.94,76.15,TRADE
NSW1,2026/09/10 00:05:00,7737.67,90.01,TRADE
NSW1,2026/09/10 00:10:00,7808.37,93.36,TRADE
NSW1,2026/09/10 00:15:00,7868,91.33,TRADE
NSW1,2026/09/10 00:20:00,7782.44,90.01,TRADE
NSW1,2026/09/10 00:25:00,7784.27,85.49,TRADE
NSW1,2026/09/10 00:30:00,7802.75,90.01,TRADE
NSW1,2026/09/10 00:35:00,7805.52,90.01,TRADE
NSW1,2026/09/10 00:40:00,7821.33,78.27,TRADE
NSW1,2026/09/10 00:45:00,7762.42,77.54,TRADE
NSW1,2026/09/10 00:50:00,7704.97,78.55,TRADE
NSW1,2026/09/10 00:55:00,7667.26,90.67,TRADE
NSW1,2026/09/10 01:00:00,7660.8,79.89,TRADE
NSW1,2026/09/10 01:05:00,7596.48,78.84,TRADE
NSW1,2026/09/10 01:10:00,7542.14,79.88,TRADE
NSW1,2026/09/10 01:15:00,7500.73,90.01,TRADE
NSW1,2026/09/10 01:20:00,7512.65,78.87,TRADE
NSW1,2026/09/10 01:25:00,7503.6,79.36,TRADE
NSW1,2026/09/10 01:30:00,7446.13,84.55,TRADE
NSW1,2026/09/10 01:35:00,7429.67,81.54,TRADE
NSW1,2026/09/10 01:40:00,7358.2,84.79,TRADE
NSW1,2026/09/10 01:45:00,7298.1,81.03,TRADE
NSW1,2026/09/10 01:50:00,7251.08,79.95,TRADE
NSW1,2026/09/10 01:55:00,7261.1,81.29,TRADE
NSW1,2026/09/10 02:00:00,7236.87,79.46,TRADE
NSW1,2026/09/10 02:05:00,7199.65,82.38,TRADE
NSW1,2026/09/10 02:10:00,7125.44,87.60,TRADE
NSW1,2026/09/10 02:15:00,7084.71,87.62,TRADE
NSW1,2026/09/10 02:20:00,7111.17,87.38,TRADE
NSW1,2026/09/10 02:25:00,7007.38,90.01,TRADE
NSW1,2026/09/10 02:30:00,7011.66,79.20,TRADE
NSW1,2026/09/10 02:35:00,7074.3,87.64,TRADE
NSW1,2026/09/10 02:40:00,7067.13,79.20,TRADE
NSW1,2026/09/10 02:45:00,6986.5,77.21,TRADE
NSW1,2026/09/10 02:50:00,6972.43,76.80,TRADE
NSW1,2026/09/10 02:55:00,6956.49,78.28,TRADE
NSW1,2026/09/10 03:00:00,6924.4,77.40,TRADE
NSW1,2026/09/10 03:05:00,6907.16,85.82,TRADE
NSW1,2026/09/10 03:10:00,6904.14,90.01,TRADE
NSW1,2026/09/10 03:15:00,6881.8,76.20,TRADE
NSW1,2026/09/10 03:20:00,6843.66,76.15,TRADE
NSW1,2026/09/10 03:25:00,6888.34,88.88,TRADE
NSW1,2026/09/10 03:30:00,6859.81,88.88,TRADE
NSW1,2026/09/10 03:35:00,6917.56,78.70,TRADE
NSW1,2026/09/10 03:40:00,6904.16,88.88,TRADE
NSW1,2026/09/10 03:45:00,6925.25,90.01,TRADE
NSW1,2026/09/10 03:50:00,6848.64,79.18,TRADE
NSW1,2026/09/10 03:55:00,6897.78,88.88,TRADE
NSW1,2026/09/10 04:00:00,6911.12,89.01,TRADE
NSW1,2026/09/10 04:05:00,6880.47,88.88,TRADE
NSW1,2026/09/10 04:10:00,6965.82,96.39,TRADE
NSW1,2026/09/10 04:15:00,6966.7,95.11,TRADE
NSW1,2026/09/10 04:20:00,6979.63,87.29,TRADE
NSW1,2026/09/10 04:25:00,6964.14,87.86,TRADE
NSW1,2026/09/10 04:30:00,7065.13,90.11,TRADE
NSW1,2026/09/10 04:35:00,7065.45,83.99,TRADE
NSW1,2026/09/10 04:40:00,7146.65,88.88,TRADE
NSW1,2026/09/10 04:45:00,7086.42,83.99,TRADE
NSW1,2026/09/10 04:50:00,7116.51,83.99,TRADE
NSW1,2026/09/10 04:55:00,7177.08,88.88,TRADE
NSW1,2026/09/10 05:00:00,7138.57,83.99,TRADE
NSW1,2026/09/10 05:05:00,7253.06,84.79,TRADE
NSW1,2026/09/10 05:10:00,7301.98,94.86,TRADE
NSW1,2026/09/10 05:15:00,7298.03,88.10,TRADE
NSW1,2026/09/10 05:20:00,7385.97,88.88,TRADE
NSW1,2026/09/10 05:25:00,7442.03,88.88,TRADE
NSW1,2026/09/10 05:30:00,7456.8,91.76,TRADE
NSW1,2026/09/10 05:35:00,7494.43,88.50,TRADE
NSW1,2026/09/10 05:40:00,7599.47,98.88,TRADE
NSW1,2026/09/10 05:45:00,7673.45,91.65,TRADE
NSW1,2026/09/10 05:50:00,7685.25,94.27,TRADE
NSW1,2026/09/10 05:55:00,7808.12,84.79,TRADE
NSW1,2026/09/10 06:00:00,7832.51,95.69,TRADE
NSW1,2026/09/10 06:05:00,7902.92,90.11,TRADE
NSW1,2026/09/10 06:10:00,8055.96,101.10,TRADE
NSW1,2026/09/10 06:15:00,8272.03,101.23,TRADE
NSW1,2026/09/10 06:20:00,8306.77,106.70,TRADE
NSW1,2026/09/10 06:25:00,8336.26,119,TRADE
NSW1,2026/09/10 06:30:00,8418.34,119.02,TRADE
NSW1,2026/09/10 06:35:00,8467.73,111.92,TRADE
NSW1,2026/09/10 06:40:00,8624.62,119.02,TRADE
NSW1,2026/09/10 06:45:00,8589.74,105.20,TRADE
NSW1,2026/09/10 06:50:00,8561.23,112.74,TRADE
NSW1,2026/09/10 06:55:00,8600.67,115.20,TRADE
NSW1,2026/09/10 07:00:00,8556.56,95.20,TRADE
NSW1,2026/09/10 07:05:00,8567.51,93.87,TRADE
NSW1,2026/09/10 07:10:00,8544.35,85.99,TRADE
NSW1,2026/09/10 07:15:00,8607.89,89,TRADE
NSW1,2026/09/10 07:20:00,8597.78,77.31,TRADE
NSW1,2026/09/10 07:25:00,8600.42,65.72,TRADE
NSW1,2026/09/10 07:30:00,8534.5,57.23,TRADE
NSW1,2026/09/10 07:35:00,8383.83,65.51,TRADE
NSW1,2026/09/10 07:40:00,8317.16,65.06,TRADE
NSW1,2026/09/10 07:45:00,8301.46,63.99,TRADE
NSW1,2026/09/10 07:50:00,8227.62,64.38,TRADE
NSW1,2026/09/10 07:55:00,8206.1,59.48,TRADE
NSW1,2026/09/10 08:00:00,8129.68,46.45,TRADE
NSW1,2026/09/10 08:05:00,8007.22,54.55,TRADE
NSW1,2026/09/10 08:10:00,7911.99,62.25,TRADE
NSW1,2026/09/10 08:15:00,7926.93,63.30,TRADE
NSW1,2026/09/10 08:20:00,7836.29,46.45,TRADE
NSW1,2026/09/10 08:25:00,7785.64,54.36,TRADE
NSW1,2026/09/10 08:30:00,7727.1,47.89,TRADE
NSW1,2026/09/10 08:35:00,7582.27,52.66,TRADE
NSW1,2026/09/10 08:40:00,7513.53,52.90,TRADE
NSW1,2026/09/10 08:45:00,7378.24,54.95,TRADE
NSW1,2026/09/10 08:50:00,7367.13,52.21,TRADE
NSW1,2026/09/10 08:55:00,7239.9,49.41,TRADE
NSW1,2026/09/10 09:00:00,7076.75,48.74,TRADE
NSW1,2026/09/10 09:05:00,7080.91,46.49,TRADE
NSW1,2026/09/10 09:10:00,7065.68,47.13,TRADE
NSW1,2026/09/10 09:15:00,7109.97,50.48,TRADE
NSW1,2026/09/10 09:20:00,7094.2,55.66,TRADE
NSW1,2026/09/10 09:25:00,7049.9,52.90,TRADE
NSW1,2026/09/10 09:30:00,7058.27,52.21,TRADE
NSW1,2026/09/10 09:35:00,6991.23,52.21,TRADE
NSW1,2026/09/10 09:40:00,6936.89,52.90,TRADE
NSW1,2026/09/10 09:45:00,6860.06,52.21,TRADE
NSW1,2026/09/10 09:50:00,6733.64,46.45,TRADE
NSW1,2026/09/10 09:55:00,6763.4,52.21,TRADE
NSW1,2026/09/10 10:00:00,6654.67,57.49,TRADE
NSW1,2026/09/10 10:05:00,6469.1,75.12,TRADE
NSW1,2026/09/10 10:10:00,6550.82,73.78,TRADE
NSW1,2026/09/10 10:15:00,6414.87,64.07,TRADE
NSW1,2026/09/10 10:20:00,6352.09,64.07,TRADE
NSW1,2026/09/10 10:25:00,6270.39,64.07,TRADE
NSW1,2026/09/10 10:30:00,6135.74,52.90,TRADE
NSW1,2026/09/10 10:35:00,6104.85,64.07,TRADE
NSW1,2026/09/10 10:40:00,6032.63,49.40,TRADE
NSW1,2026/09/10 10:45:00,6032.72,64.07,TRADE
NSW1,2026/09/10 10:50:00,5994.49,52.56,TRADE
NSW1,2026/09/10 10:55:00,5881.04,49.08,TRADE
NSW1,2026/09/10 11:00:00,5918.9,52.90,TRADE
NSW1,2026/09/10 11:05:00,5821.18,52.90,TRADE
NSW1,2026/09/10 11:10:00,5856.12,52.90,TRADE
NSW1,2026/09/10 11:15:00,5816.23,52.90,TRADE
NSW1,2026/09/10 11:20:00,5895.41,64.07,TRADE
NSW1,2026/09/10 11:25:00,5817.66,64.07,TRADE
NSW1,2026/09/10 11:30:00,5793.75,52.90,TRADE
NSW1,2026/09/10 11:35:00,5863.74,83.99,TRADE
NSW1,2026/09/10 11:40:00,5929.62,59.41,TRADE
NSW1,2026/09/10 11:45:00,5871.15,76.15,TRADE
NSW1,2026/09/10 11:50:00,5840.88,68.02,TRADE
NSW1,2026/09/10 11:55:00,5852.53,76.15,TRADE
NSW1,2026/09/10 12:00:00,5768.15,52.90,TRADE
NSW1,2026/09/10 12:05:00,5720.44,76.15,TRADE
NSW1,2026/09/10 12:10:00,5692.61,76.15,TRADE
NSW1,2026/09/10 12:15:00,5649.42,76.15,TRADE
NSW1,2026/09/10 12:20:00,5660.94,73.30,TRADE
NSW1,2026/09/10 12:25:00,5708.02,76.15,TRADE
NSW1,2026/09/10 12:30:00,5569.78,51.06,TRADE
NSW1,2026/09/10 12:35:00,5550.13,75.96,TRADE
NSW1,2026/09/10 12:40:00,5590.18,52.92,TRADE
NSW1,2026/09/10 12:45:00,5590.73,75.96,TRADE
NSW1,2026/09/10 12:50:00,5515.45,46.83,TRADE
NSW1,2026/09/10 12:55:00,5486.28,62.88,TRADE
NSW1,2026/09/10 13:00:00,5375.93,50.48,TRADE
NSW1,2026/09/10 13:05:00,5366.2,57.39,TRADE
NSW1,2026/09/10 13:10:00,5363.65,26.71,TRADE
NSW1,2026/09/10 13:15:00,5409.72,68.02,TRADE
NSW1,2026/09/10 13:20:00,5228.95,0.01,TRADE
NSW1,2026/09/10 13:25:00,5422.41,49.45,TRADE
NSW1,2026/09/10 13:30:00,5339.82,23.04,TRADE
NSW1,2026/09/10 13:35:00,5380.85,60.48,TRADE
NSW1,2026/09/10 13:40:00,5269.69,25.84,TRADE
NSW1,2026/09/10 13:45:00,5563.36,63.72,TRADE
NSW1,2026/09/10 13:50:00,5476.77,49.34,TRADE
NSW1,2026/09/10 13:55:00,5434.7,58.73,TRADE
NSW1,2026/09/10 14:00:00,5353.87,63.72,TRADE
NSW1,2026/09/10 14:05:00,5493.72,53.03,TRADE
NSW1,2026/09/10 14:10:00,5541.05,47.46,TRADE
NSW1,2026/09/10 14:15:00,5637.78,56.80,TRADE
NSW1,2026/09/10 14:20:00,5609.99,46.19,TRADE
NSW1,2026/09/10 14:25:00,5742.28,50.48,TRADE
NSW1,2026/09/10 14:30:00,5778.87,49.16,TRADE
NSW1,2026/09/10 14:35:00,5855.09,49.13,TRADE
NSW1,2026/09/10 14:40:00,5889.12,48.17,TRADE
NSW1,2026/09/10 14:45:00,6011.93,63.72,TRADE
NSW1,2026/09/10 14:50:00,6087.29,56.97,TRADE
NSW1,2026/09/10 14:55:00,6067.87,56.26,TRADE
NSW1,2026/09/10 15:00:00,6100.31,65.19,TRADE
NSW1,2026/09/10 15:05:00,6265.55,49.88,TRADE
NSW1,2026/09/10 15:10:00,6268.12,49.86,TRADE
NSW1,2026/09/10 15:15:00,6351.95,50.41,TRADE
NSW1,2026/09/10 15:20:00,6409.87,44.75,TRADE
NSW1,2026/09/10 15:25:00,6513.4,50.30,TRADE
NSW1,2026/09/10 15:30:00,6551.64,48.06,TRADE
NSW1,2026/09/10 15:35:00,6580.74,42.35,TRADE
NSW1,2026/09/10 15:40:00,6737.37,49.67,TRADE
NSW1,2026/09/10 15:45:00,6827.95,54.29,TRADE
NSW1,2026/09/10 15:50:00,6890.13,47.78,TRADE
NSW1,2026/09/10 15:55:00,6980.16,44.36,TRADE
NSW1,2026/09/10 16:00:00,7053.28,30.12,TRADE
NSW1,2026/09/10 16:05:00,7209.96,25.98,TRADE
NSW1,2026/09/10 16:10:00,7323.77,26.13,TRADE
NSW1,2026/09/10 16:15:00,7436.73,25.54,TRADE
NSW1,2026/09/10 16:20:00,7553.63,44.77,TRADE
NSW1,2026/09/10 16:25:00,7580.4,65,TRADE
NSW1,2026/09/10 16:30:00,7666.7,82.32,TRADE
NSW1,2026/09/10 16:35:00,7791.95,65.50,TRADE
NSW1,2026/09/10 16:40:00,7928.94,79.08,TRADE
NSW1,2026/09/10 16:45:00,8099.62,86.11,TRADE
NSW1,2026/09/10 16:50:00,8154.07,90.55,TRADE
NSW1,2026/09/10 16:55:00,8351.19,102.05,TRADE
NSW1,2026/09/10 17:00:00,8332.73,105.13,TRADE
NSW1,2026/09/10 17:05:00,8524.79,97.63,TRADE
NSW1,2026/09/10 17:10:00,8545.88,97.63,TRADE
NSW1,2026/09/10 17:15:00,8510.21,90.07,TRADE
NSW1,2026/09/10 17:20:00,8626.35,99.62,TRADE
NSW1,2026/09/10 17:25:00,8834.6,119.02,TRADE
NSW1,2026/09/10 17:30:00,8678.99,119.02,TRADE
NSW1,2026/09/10 17:35:00,8775.84,111.98,TRADE
NSW1,2026/09/10 17:40:00,8986.15,111.98,TRADE
NSW1,2026/09/10 17:45:00,9105.86,119.02,TRADE
NSW1,2026/09/10 17:50:00,8979.29,113.94,TRADE
NSW1,2026/09/10 17:55:00,9234.36,122.86,TRADE
NSW1,2026/09/10 18:00:00,9297.84,122.86,TRADE
NSW1,2026/09/10 18:05:00,9400.84,111.98,TRADE
NSW1,2026/09/10 18:10:00,9372.5,111.98,TRADE
NSW1,2026/09/10 18:15:00,9321.79,111.98,TRADE
NSW1,2026/09/10 18:20:00,9430.47,122.86,TRADE
NSW1,2026/09/10 18:25:00,9475.49,110.10,TRADE
NSW1,2026/09/10 18:30:00,9540.98,112.71,TRADE
NSW1,2026/09/10 18:35:00,9603.55,111.37,TRADE
NSW1,2026/09/10 18:40:00,9538.71,122.86,TRADE
NSW1,2026/09/10 18:45:00,9541.24,111.98,TRADE
NSW1,2026/09/10 18:50:00,9506.57,111.98,TRADE
NSW1,2026/09/10 18:55:00,9617.26,111.02,TRADE
NSW1,2026/09/10 19:00:00,9565.46,106.77,TRADE
NSW1,2026/09/10 19:05:00,9523.67,107.15,TRADE
NSW1,2026/09/10 19:10:00,9483.76,104.21,TRADE
NSW1,2026/09/10 19:15:00,9580.07,108.03,TRADE
NSW1,2026/09/10 19:20:00,9522.27,109.77,TRADE
NSW1,2026/09/10 19:25:00,9391.79,95.20,TRADE
NSW1,2026/09/10 19:30:00,9494.33,104.90,TRADE
NSW1,2026/09/10 19:35:00,9436.32,99.70,TRADE
NSW1,2026/09/10 19:40:00,9415.61,97.58,TRADE
NSW1,2026/09/10 19:45:00,9420.49,96.99,TRADE
NSW1,2026/09/10 19:50:00,9399.73,98.72,TRADE
NSW1,2026/09/10 19:55:00,9354.32,95.20,TRADE
NSW1,2026/09/10 20:00:00,9387.2,95.70,TRADE
NSW1,2026/09/10 20:05:00,9392.16,98.02,TRADE
NSW1,2026/09/10 20:10:00,9300.34,96.42,TRADE
NSW1,2026/09/10 20:15:00,9336.87,95.20,TRADE
NSW1,2026/09/10 20:20:00,9315.58,95.20,TRADE
NSW1,2026/09/10 20:25:00,9335.55,97.25,TRADE
NSW1,2026/09/10 20:30:00,9267.36,95.20,TRADE
NSW1,2026/09/10 20:35:00,9182.04,84.79,TRADE
NSW1,2026/09/10 20:40:00,9177.07,94.05,TRADE
NSW1,2026/09/10 20:45:00,9124.23,103.36,TRADE
NSW1,2026/09/10 20:50:00,9157.76,91.64,TRADE
NSW1,2026/09/10 20:55:00,9140.43,92.93,TRADE
NSW1,2026/09/10 21:00:00,9040.76,92.01,TRADE
NSW1,2026/09/10 21:05:00,9054.29,94.36,TRADE
NSW1,2026/09/10 21:10:00,9053.03,101.85,TRADE
NSW1,2026/09/10 21:15:00,8965.3,93.34,TRADE
NSW1,2026/09/10 21:20:00,8889.02,93.95,TRADE
NSW1,2026/09/10 21:25:00,8847.71,95.20,TRADE
NSW1,2026/09/10 21:30:00,8834.79,94.81,TRADE
NSW1,2026/09/10 21:35:00,8715.29,93.79,TRADE
NSW1,2026/09/10 21:40:00,8739.17,93.93,TRADE
NSW1,2026/09/10 21:45:00,8720.38,95.20,TRADE
NSW1,2026/09/10 21:50:00,8603.22,92.39,TRADE
NSW1,2026/09/10 21:55:00,8674.75,93.04,TRADE
NSW1,2026/09/10 22:00:00,8582.94,84.50,TRADE
NSW1,2026/09/10 22:05:00,8494.34,91.82,TRADE
NSW1,2026/09/10 22:10:00,8631.67,93.47,TRADE
NSW1,2026/09/10 22:15:00,8517.37,86.59,TRADE
NSW1,2026/09/10 22:20:00,8489.28,84.79,TRADE
NSW1,2026/09/10 22:25:00,8474.65,86.11,TRADE
NSW1,2026/09/10 22:30:00,8493.59,83.34,TRADE
NSW1,2026/09/10 22:35:00,8338.89,95.20,TRADE
NSW1,2026/09/10 22:40:00,8347.08,86.75,TRADE
NSW1,2026/09/10 22:45:00,8389.02,95.20,TRADE
NSW1,2026/09/10 22:50:00,8334.19,84.57,TRADE
NSW1,2026/09/10 22:55:00,8249.26,76.31,TRADE
NSW1,2026/09/10 23:00:00,8259.17,77.10,TRADE
NSW1,2026/09/10 23:05:00,8259.57,82.49,TRADE
NSW1,2026/09/10 23:10:00,8149.53,84.79,TRADE
NSW1,2026/09/10 23:15:00,8112.12,82.90,TRADE
NSW1,2026/09/10 23:20:00,8105.25,84.59,TRADE
NSW1,2026/09/10 23:25:00,8098.82,84.06,TRADE
NSW1,2026/09/10 23:30:00,8045.74,82.90,TRADE
NSW1,2026/09/10 23:35:00,7990.39,85.61,TRADE
NSW1,2026/09/10 23:40:00,8052.26,91.09,TRADE
NSW1,2026/09/10 23:45:00,7950.35,84.99,TRADE
NSW1,2026/09/10 23:50:00,7948.62,76.15,TRADE
NSW1,2026/09/10 23:55:00,7868.82,73.83,TRADE
NSW1,2026/09/11 00:00:00,7845.76,75.67,TRADE
NSW1,2026/09/11 00:05:00,7848.3,86.17,TRADE
NSW1,2026/09/11 00:10:00,7976.91,94.95,TRADE
NSW1,2026/09/11 00:15:00,7960.22,86.13,TRADE
NSW1,2026/09/11 00:20:00,7931.72,84.79,TRADE
NSW1,2026/09/11 00:25:00,7999.15,87.38,TRADE
NSW1,2026/09/11 00:30:00,7944.74,85.27,TRADE
NSW1,2026/09/11 00:35:00,7807.99,83.99,TRADE
NSW1,2026/09/11 00:40:00,7872.43,86.90,TRADE
NSW1,2026/09/11 00:45:00,7765.66,76.74,TRADE
NSW1,2026/09/11 00:50:00,7703.55,77.06,TRADE
NSW1,2026/09/11 00:55:00,7791.22,83.99,TRADE
NSW1,2026/09/11 01:00:00,7718.81,83.99,TRADE
NSW1,2026/09/11 01:05:00,7751.11,87.52,TRADE
NSW1,2026/09/11 01:10:00,7658.24,83.99,TRADE
NSW1,2026/09/11 01:15:00,7662.37,83.99,TRADE
NSW1,2026/09/11 01:20:00,7603.8,76.91,TRADE
NSW1,2026/09/11 01:25:00,7594.61,83.99,TRADE
NSW1,2026/09/11 01:30:00,7508.22,76.15,TRADE
NSW1,2026/09/11 01:35:00,7417.3,76.15,TRADE
NSW1,2026/09/11 01:40:00,7411.4,76.15,TRADE
NSW1,2026/09/11 01:45:00,7468.83,76.15,TRADE
NSW1,2026/09/11 01:50:00,7416.23,76.15,TRADE
NSW1,2026/09/11 01:55:00,7325.76,76.15,TRADE
NSW1,2026/09/11 02:00:00,7327.73,76.15,TRADE
NSW1,2026/09/11 02:05:00,7322.36,69.88,TRADE
NSW1,2026/09/11 02:10:00,7274.73,69.24,TRADE
NSW1,2026/09/11 02:15:00,7266.95,67.60,TRADE
NSW1,2026/09/11 02:20:00,7222.5,67.78,TRADE
NSW1,2026/09/11 02:25:00,7166.1,54.58,TRADE
NSW1,2026/09/11 02:30:00,7214.19,64.95,TRADE
NSW1,2026/09/11 02:35:00,7174.61,66.77,TRADE
NSW1,2026/09/11 02:40:00,7263.84,66.64,TRADE
NSW1,2026/09/11 02:45:00,7323.48,66.35,TRADE
NSW1,2026/09/11 02:50:00,7252.13,65.78,TRADE
NSW1,2026/09/11 02:55:00,7287.93,66.23,TRADE
NSW1,2026/09/11 03:00:00,7249.62,64.95,TRADE
NSW1,2026/09/11 03:05:00,7207.32,64.97,TRADE
NSW1,2026/09/11 03:10:00,7145.9,64.95,TRADE
NSW1,2026/09/11 03:15:00,7162.76,64.58,TRADE
NSW1,2026/09/11 03:20:00,7103.03,67.51,TRADE
NSW1,2026/09/11 03:25:00,7098.24,68.09,TRADE
NSW1,2026/09/11 03:30:00,7000.01,50.85,TRADE
NSW1,2026/09/11 03:35:00,7026.28,64.95,TRADE
NSW1,2026/09/11 03:40:00,7028.73,52.21,TRADE
NSW1,2026/09/11 03:45:00,6998.51,63.85,TRADE
NSW1,2026/09/11 03:50:00,7021.34,65,TRADE
NSW1,2026/09/11 03:55:00,6974.9,64.24,TRADE
NSW1,2026/09/11 04:00:00,6894.39,51.51,TRADE
NSW1,2026/09/11 04:05:00,6938.62,61.75,TRADE
NSW1,2026/09/11 04:10:00,6977.45,68.67,TRADE
NSW1,2026/09/11 04:15:00,6936.81,51.09,TRADE
NSW1,2026/09/11 04:20:00,7052.32,68.68,TRADE
NSW1,2026/09/11 04:25:00,7044.58,67.59,TRADE
NSW1,2026/09/11 04:30:00,7063.98,68.13,TRADE
NSW1,2026/09/11 04:35:00,7046.74,61.62,TRADE
NSW1,2026/09/11 04:40:00,7073.7,63.72,TRADE
NSW1,2026/09/11 04:45:00,7068.61,63.27,TRADE
NSW1,2026/09/11 04:50:00,7025.8,63.70,TRADE
NSW1,2026/09/11 04:55:00,7090.69,66.60,TRADE
NSW1,2026/09/11 05:00:00,7174.76,67.65,TRADE
NSW1,2026/09/11 05:05:00,7167.9,64.95,TRADE
NSW1,2026/09/11 05:10:00,7202.43,82.46,TRADE
NSW1,2026/09/11 05:15:00,7365.5,82.90,TRADE
NSW1,2026/09/11 05:20:00,7383.92,82.95,TRADE
NSW1,2026/09/11 05:25:00,7317.34,80.84,TRADE
NSW1,2026/09/11 05:30:00,7365.07,77.50,TRADE
NSW1,2026/09/11 05:35:00,7448.29,71.40,TRADE
NSW1,2026/09/11 05:40:00,7574.75,78.18,TRADE
NSW1,2026/09/11 05:45:00,7540.35,85.19,TRADE
NSW1,2026/09/11 05:50:00,7572.62,80.18,TRADE
NSW1,2026/09/11 05:55:00,7782.76,82.90,TRADE
NSW1,2026/09/11 06:00:00,7771.34,88.30,TRADE
NSW1,2026/09/11 06:05:00,7793.42,79.62,TRADE
NSW1,2026/09/11 06:10:00,7958.15,83.21,TRADE
NSW1,2026/09/11 06:15:00,8116.13,82.90,TRADE
NSW1,2026/09/11 06:20:00,8180.4,83.62,TRADE
NSW1,2026/09/11 06:25:00,8255.86,100.80,TRADE
NSW1,2026/09/11 06:30:00,8274,109.10,TRADE
NSW1,2026/09/11 06:35:00,8376.23,99.87,TRADE
NSW1,2026/09/11 06:40:00,8436.47,100.48,TRADE
NSW1,2026/09/11 06:45:00,8486.88,96.49,TRADE
NSW1,2026/09/11 06:50:00,8438.34,91.86,TRADE
NSW1,2026/09/11 06:55:00,8444.24,84.12,TRADE
NSW1,2026/09/11 07:00:00,8413.04,80.61,TRADE
NSW1,2026/09/11 07:05:00,8477.74,71.38,TRADE
NSW1,2026/09/11 07:10:00,8519.48,69.69,TRADE
NSW1,2026/09/11 07:15:00,8562.93,59.99,TRADE
NSW1,2026/09/11 07:20:00,8565.18,40,TRADE
NSW1,2026/09/11 07:25:00,8559.83,0,TRADE
NSW1,2026/09/11 07:30:00,8627.41,5.60,TRADE
NSW1,2026/09/11 07:35:00,8596.02,42.54,TRADE
NSW1,2026/09/11 07:40:00,8570.98,42.08,TRADE
NSW1,2026/09/11 07:45:00,8434.97,42.54,TRADE
NSW1,2026/09/11 07:50:00,8491.88,42.80,TRADE
NSW1,2026/09/11 07:55:00,8402.37,42.54,TRADE
NSW1,2026/09/11 08:00:00,8402.51,64.89,TRADE
NSW1,2026/09/11 08:05:00,8369.27,42.80,TRADE
NSW1,2026/09/11 08:10:00,8388.25,57.39,TRADE
NSW1,2026/09/11 08:15:00,8258.61,42.59,TRADE
NSW1,2026/09/11 08:20:00,8223.17,87.86,TRADE
NSW1,2026/09/11 08:25:00,8084.68,75.96,TRADE
NSW1,2026/09/11 08:30:00,8051.04,42.56,TRADE
NSW1,2026/09/11 08:35:00,7975.61,42.80,TRADE
NSW1,2026/09/11 08:40:00,7976.98,83.99,TRADE
NSW1,2026/09/11 08:45:00,7882.3,59.80,TRADE
NSW1,2026/09/11 08:50:00,7800.76,42.80,TRADE
NSW1,2026/09/11 08:55:00,7769.73,64.89,TRADE
NSW1,2026/09/11 09:00:00,7551.11,16.30,TRADE
NSW1,2026/09/11 09:05:00,7562.12,43.74,TRADE
NSW1,2026/09/11 09:10:00,7604.18,28.95,TRADE
NSW1,2026/09/11 09:15:00,7628.21,87.86,TRADE
NSW1,2026/09/11 09:20:00,7431.02,34.37,TRADE
NSW1,2026/09/11 09:25:00,7461.41,57.39,TRADE
NSW1,2026/09/11 09:30:00,7305.41,10.44,TRADE
NSW1,2026/09/11 09:35:00,7254.83,15.97,TRADE
NSW1,2026/09/11 09:40:00,7436.54,57.39,TRADE
NSW1,2026/09/11 09:45:00,7349.76,42.80,TRADE
NSW1,2026/09/11 09:50:00,7318.52,64.07,TRADE
NSW1,2026/09/11 09:55:00,7235.26,41.88,TRADE
NSW1,2026/09/11 10:00:00,7230.73,57.39,TRADE
NSW1,2026/09/11 10:05:00,7072.07,46.88,TRADE
NSW1,2026/09/11 10:10:00,7129.27,57.39,TRADE
NSW1,2026/09/11 10:15:00,7040.28,46.45,TRADE
NSW1,2026/09/11 10:20:00,7117.79,52.90,TRADE
NSW1,2026/09/11 10:25:00,7096.68,57.39,TRADE
NSW1,2026/09/11 10:30:00,7028.85,46.45,TRADE
NSW1,2026/09/11 10:35:00,6994.74,76.15,TRADE
NSW1,2026/09/11 10:40:00,6982.86,76.15,TRADE
NSW1,2026/09/11 10:45:00,6946.3,68.02,TRADE
NSW1,2026/09/11 10:50:00,6953.42,64.07,TRADE
NSW1,2026/09/11 10:55:00,6854.53,57.39,TRADE
NSW1,2026/09/11 11:00:00,6789.04,64.07,TRADE
NSW1,2026/09/11 11:05:00,6703.38,35.90,TRADE
NSW1,2026/09/11 11:10:00,6882.72,76.15,TRADE
NSW1,2026/09/11 11:15:00,6811.95,63.16,TRADE
NSW1,2026/09/11 11:20:00,6765.72,76.15,TRADE
NSW1,2026/09/11 11:25:00,6628.35,57.39,TRADE
NSW1,2026/09/11 11:30:00,6602.03,64.95,TRADE
NSW1,2026/09/11 11:35:00,6574.84,64.07,TRADE
NSW1,2026/09/11 11:40:00,6558.55,64.07,TRADE
NSW1,2026/09/11 11:45:00,6593.38,54.97,TRADE
NSW1,2026/09/11 11:50:00,6614.1,76.15,TRADE
NSW1,2026/09/11 11:55:00,6475.24,48.24,TRADE
NSW1,2026/09/11 12:00:00,6486.93,64.07,TRADE
NSW1,2026/09/11 12:05:00,6447.98,49.82,TRADE
NSW1,2026/09/11 12:10:00,6462.64,62.41,TRADE
NSW1,2026/09/11 12:15:00,6410.13,49.19,TRADE
NSW1,2026/09/11 12:20:00,6386.68,75.96,TRADE
NSW1,2026/09/11 12:25:00,6314.66,49.59,TRADE
NSW1,2026/09/11 12:30:00,6271.41,75.96,TRADE
NSW1,2026/09/11 12:35:00,6167.62,52.44,TRADE
NSW1,2026/09/11 12:40:00,6053.15,64.95,TRADE
NSW1,2026/09/11 12:45:00,6026.14,49.96,TRADE
NSW1,2026/09/11 12:50:00,5988.87,63.72,TRADE
NSW1,2026/09/11 12:55:00,5882.29,69.33,TRADE
NSW1,2026/09/11 13:00:00,5754.76,41.19,TRADE
NSW1,2026/09/11 13:05:00,5922.14,44.54,TRADE
NSW1,2026/09/11 13:10:00,5698.49,40.36,TRADE
NSW1,2026/09/11 13:15:00,5679.4,63.72,TRADE
NSW1,2026/09/11 13:20:00,5510.95,38.64,TRADE
NSW1,2026/09/11 13:25:00,5530.18,46.56,TRADE
NSW1,2026/09/11 13:30:00,5359.76,27.39,TRADE
NSW1,2026/09/11 13:35:00,5269.21,42.24,TRADE
NSW1,2026/09/11 13:40:00,5378.32,42.80,TRADE
NSW1,2026/09/11 13:45:00,5327.58,43.32,TRADE
NSW1,2026/09/11 13:50:00,5360.82,43.56,TRADE
NSW1,2026/09/11 13:55:00,5213.7,23.51,TRADE
NSW1,2026/09/11 14:00:00,5265.62,40.80,TRADE
NSW1,2026/09/11 14:05:00,5315.3,40.44,TRADE
NSW1,2026/09/11 14:10:00,5262.49,38.42,TRADE
NSW1,2026/09/11 14:15:00,5249.98,41.44,TRADE
NSW1,2026/09/11 14:20:00,5309.89,24.48,TRADE
NSW1,2026/09/11 14:25:00,5320.04,39.52,TRADE
NSW1,2026/09/11 14:30:00,5388.1,42.80,TRADE
NSW1,2026/09/11 14:35:00,5405.75,28.89,TRADE
NSW1,2026/09/11 14:40:00,5485.59,30.01,TRADE
NSW1,2026/09/11 14:45:00,5387.29,21.64,TRADE
NSW1,2026/09/11 14:50:00,5469.93,31.20,TRADE
NSW1,2026/09/11 14:55:00,5553.32,23.51,TRADE
NSW1,2026/09/11 15:00:00,5677.01,59.50,TRADE
NSW1,2026/09/11 15:05:00,5675.53,24.95,TRADE
NSW1,2026/09/11 15:10:00,5761.28,6.47,TRADE
NSW1,2026/09/11 15:15:00,5716.19,57.49,TRADE
NSW1,2026/09/11 15:20:00,5756.41,24.73,TRADE
NSW1,2026/09/11 15:25:00,6020.76,0.01,TRADE
NSW1,2026/09/11 15:30:00,6156.13,0.01,TRADE
NSW1,2026/09/11 15:35:00,6214.92,0,TRADE
NSW1,2026/09/11 15:40:00,6427.89,0,TRADE
NSW1,2026/09/11 15:45:00,6522.67,24.14,TRADE
NSW1,2026/09/11 15:50:00,6594.38,53.22,TRADE
NSW1,2026/09/11 15:55:00,6721.88,24.71,TRADE
NSW1,2026/09/11 16:00:00,6762.34,54.09,TRADE
NSW1,2026/09/11 16:05:00,6836.23,53.30,TRADE
NSW1,2026/09/11 16:10:00,6973.05,67.22,TRADE
NSW1,2026/09/11 16:15:00,7022.48,75.74,TRADE
NSW1,2026/09/11 16:20:00,7258.2,90.50,TRADE
NSW1,2026/09/11 16:25:00,7348.41,87.60,TRADE
NSW1,2026/09/11 16:30:00,7495.8,60.27,TRADE
NSW1,2026/09/11 16:35:00,7659.83,68.70,TRADE
NSW1,2026/09/11 16:40:00,7733.74,77.02,TRADE
NSW1,2026/09/11 16:45:00,7921.42,76.29,TRADE
NSW1,2026/09/11 16:50:00,8038.76,93.01,TRADE
NSW1,2026/09/11 16:55:00,8039.57,92.29,TRADE
NSW1,2026/09/11 17:00:00,8144.78,98.11,TRADE
NSW1,2026/09/11 17:05:00,8283.87,96.76,TRADE
NSW1,2026/09/11 17:10:00,8192.14,94.56,TRADE
NSW1,2026/09/11 17:15:00,8319.11,97.83,TRADE
NSW1,2026/09/11 17:20:00,8405.16,110.54,TRADE
NSW1,2026/09/11 17:25:00,8350.35,111.85,TRADE
NSW1,2026/09/11 17:30:00,8415.27,110.05,TRADE
NSW1,2026/09/11 17:35:00,8560.44,108.85,TRADE
NSW1,2026/09/11 17:40:00,8621.88,109.54,TRADE
NSW1,2026/09/11 17:45:00,8654.43,113.90,TRADE
NSW1,2026/09/11 17:50:00,8779.24,122.86,TRADE
NSW1,2026/09/11 17:55:00,8744.79,122.86,TRADE
NSW1,2026/09/11 18:00:00,8743.94,111.98,TRADE
NSW1,2026/09/11 18:05:00,8910.64,113.59,TRADE
NSW1,2026/09/11 18:10:00,8958.37,111.98,TRADE
NSW1,2026/09/11 18:15:00,8971.82,114.30,TRADE
NSW1,2026/09/11 18:20:00,8883.12,114.99,TRADE
NSW1,2026/09/11 18:25:00,8921.67,111.98,TRADE
NSW1,2026/09/11 18:30:00,8978.14,113.11,TRADE
NSW1,2026/09/11 18:35:00,8972.57,111.98,TRADE
NSW1,2026/09/11 18:40:00,9013.23,113.50,TRADE
NSW1,2026/09/11 18:45:00,8917.22,99.66,TRADE
NSW1,2026/09/11 18:50:00,9058.03,107.51,TRADE
NSW1,2026/09/11 18:55:00,9061.34,111.98,TRADE
NSW1,2026/09/11 19:00:00,8917.99,108.76,TRADE
NSW1,2026/09/11 19:05:00,8939.18,106.76,TRADE
NSW1,2026/09/11 19:10:00,8888.69,109.58,TRADE
NSW1,2026/09/11 19:15:00,8783.48,99.84,TRADE
NSW1,2026/09/11 19:20:00,8879.81,98.51,TRADE
NSW1,2026/09/11 19:25:00,8914.08,100.81,TRADE
NSW1,2026/09/11 19:30:00,8941.75,105.67,TRADE
NSW1,2026/09/11 19:35:00,8863.14,105.73,TRADE
NSW1,2026/09/11 19:40:00,8854.8,105.40,TRADE
NSW1,2026/09/11 19:45:00,8771.1,98.34,TRADE
NSW1,2026/09/11 19:50:00,8841.19,96.11,TRADE
NSW1,2026/09/11 19:55:00,8814.68,98.64,TRADE
NSW1,2026/09/11 20:00:00,8681.81,98.30,TRADE
NSW1,2026/09/11 20:05:00,8659.38,98.70,TRADE
NSW1,2026/09/11 20:10:00,8710.77,98.93,TRADE
NSW1,2026/09/11 20:15:00,8678.64,95.20,TRADE
NSW1,2026/09/11 20:20:00,8691.25,95.49,TRADE
NSW1,2026/09/11 20:25:00,8713.4,98.85,TRADE
NSW1,2026/09/11 20:30:00,8631.22,95.20,TRADE
NSW1,2026/09/11 20:35:00,8637.49,93.63,TRADE
NSW1,2026/09/11 20:40:00,8670.89,95.20,TRADE
NSW1,2026/09/11 20:45:00,8658.81,97.72,TRADE
NSW1,2026/09/11 20:50:00,8558.78,95.20,TRADE
NSW1,2026/09/11 20:55:00,8648.87,95.20,TRADE
NSW1,2026/09/11 21:00:00,8602.73,95.20,TRADE
NSW1,2026/09/11 21:05:00,8585.96,95.20,TRADE
NSW1,2026/09/11 21:10:00,8529.3,95.20,TRADE
NSW1,2026/09/11 21:15:00,8538.67,98.13,TRADE
NSW1,2026/09/11 21:20:00,8484.13,97.26,TRADE
NSW1,2026/09/11 21:25:00,8401.28,93.80,TRADE
NSW1,2026/09/11 21:30:00,8456.97,95.20,TRADE
NSW1,2026/09/11 21:35:00,8363.02,95.20,TRADE
NSW1,2026/09/11 21:40:00,8364.36,95.20,TRADE
NSW1,2026/09/11 21:45:00,8368.44,88.89,TRADE
NSW1,2026/09/11 21:50:00,8362.92,96.88,TRADE
NSW1,2026/09/11 21:55:00,8215.08,95.20,TRADE
NSW1,2026/09/11 22:00:00,8140.44,95.20,TRADE
NSW1,2026/09/11 22:05:00,8103.07,90.49,TRADE
NSW1,2026/09/11 22:10:00,8322.79,99.76,TRADE
NSW1,2026/09/11 22:15:00,8278.54,95.20,TRADE
NSW1,2026/09/11 22:20:00,8292.27,90.49,TRADE
NSW1,2026/09/11 22:25:00,8292.44,95.20,TRADE
NSW1,2026/09/11 22:30:00,8296.28,95.20,TRADE
NSW1,2026/09/11 22:35:00,8187.93,99.56,TRADE
NSW1,2026/09/11 22:40:00,8169.42,96.47,TRADE
NSW1,2026/09/11 22:45:00,8206.95,97.32,TRADE
NSW1,2026/09/11 22:50:00,8208.31,99.92,TRADE
NSW1,2026/09/11 22:55:00,8179.59,96.53,TRADE
NSW1,2026/09/11 23:00:00,8167.76,95.27,TRADE
NSW1,2026/09/11 23:05:00,8172.07,99.27,TRADE
NSW1,2026/09/11 23:10:00,8061.82,95.20,TRADE
NSW1,2026/09/11 23:15:00,8097.63,105.42,TRADE
NSW1,2026/09/11 23:20:00,7899.83,95.20,TRADE
NSW1,2026/09/11 23:25:00,7957.61,96.29,TRADE
NSW1,2026/09/11 23:30:00,7955.41,97.42,TRADE
NSW1,2026/09/11 23:35:00,7896.35,95.87,TRADE
NSW1,2026/09/11 23:40:00,7902,97.14,TRADE
NSW1,2026/09/11 23:45:00,7831,95.29,TRADE
NSW1,2026/09/11 23:50:00,7854.21,90.49,TRADE
NSW1,2026/09/11 23:55:00,7795.1,96.62,TRADE
NSW1,2026/09/12 00:00:00,7768.88,95.46,TRADE
NSW1,2026/09/12 00:05:00,7757.61,90.49,TRADE
NSW1,2026/09/12 00:10:00,7885.85,103.73,TRADE
NSW1,2026/09/12 00:15:00,7759.46,90.49,TRADE
NSW1,2026/09/12 00:20:00,7848.31,99.14,TRADE
NSW1,2026/09/12 00:25:00,7778.25,95.36,TRADE
NSW1,2026/09/12 00:30:00,7738.39,96.90,TRADE
NSW1,2026/09/12 00:35:00,7764.61,92.41,TRADE
NSW1,2026/09/12 00:40:00,7636.99,90.49,TRADE
NSW1,2026/09/12 00:45:00,7668.76,90.49,TRADE
NSW1,2026/09/12 00:50:00,7671.66,96.24,TRADE
NSW1,2026/09/12 00:55:00,7654.65,94.26,TRADE
NSW1,2026/09/12 01:00:00,7616.1,91.74,TRADE
NSW1,2026/09/12 01:05:00,7486.61,90.49,TRADE
NSW1,2026/09/12 01:10:00,7483.23,92.56,TRADE
NSW1,2026/09/12 01:15:00,7477.35,94.59,TRADE
NSW1,2026/09/12 01:20:00,7426.52,93.08,TRADE
NSW1,2026/09/12 01:25:00,7369.13,89.08,TRADE
NSW1,2026/09/12 01:30:00,7282.69,84.79,TRADE
NSW1,2026/09/12 01:35:00,7256.75,86,TRADE
NSW1,2026/09/12 01:40:00,7271.65,87.61,TRADE
NSW1,2026/09/12 01:45:00,7255.17,88.55,TRADE
NSW1,2026/09/12 01:50:00,7248.84,97.55,TRADE
NSW1,2026/09/12 01:55:00,7169.77,90.33,TRADE
NSW1,2026/09/12 02:00:00,7092.65,83.33,TRADE
NSW1,2026/09/12 02:05:00,7065.02,83.99,TRADE
NSW1,2026/09/12 02:10:00,7098.12,84.41,TRADE
NSW1,2026/09/12 02:15:00,7088.55,84.46,TRADE
NSW1,2026/09/12 02:20:00,7040.24,83.99,TRADE
NSW1,2026/09/12 02:25:00,6912.86,82.86,TRADE
NSW1,2026/09/12 02:30:00,6983.95,83.99,TRADE
NSW1,2026/09/12 02:35:00,6913.04,83.99,TRADE
NSW1,2026/09/12 02:40:00,6946.01,83.99,TRADE
NSW1,2026/09/12 02:45:00,6938.02,83.99,TRADE
NSW1,2026/09/12 02:50:00,6857.96,83.92,TRADE
NSW1,2026/09/12 02:55:00,6887.97,83.99,TRADE
NSW1,2026/09/12 03:00:00,6890.36,83.98,TRADE
NSW1,2026/09/12 03:05:00,6853.65,84,TRADE
NSW1,2026/09/12 03:10:00,6819.42,84,TRADE
NSW1,2026/09/12 03:15:00,6811.22,83.99,TRADE
NSW1,2026/09/12 03:20:00,6836.57,83.99,TRADE
NSW1,2026/09/12 03:25:00,6878.35,88.88,TRADE
NSW1,2026/09/12 03:30:00,6855.09,83.99,TRADE
NSW1,2026/09/12 03:35:00,6861.83,83.99,TRADE
NSW1,2026/09/12 03:40:00,6834.7,84.47,TRADE
NSW1,2026/09/12 03:45:00,6769.9,83.91,TRADE
NSW1,2026/09/12 03:50:00,6773.02,83.99,TRADE
NSW1,2026/09/12 03:55:00,6753.36,85.05,TRADE
NSW1,2026/09/12 04:00:00,6791.73,84.47,TRADE
NSW1,2026/09/12 04:05:00,6703.93,83.93,TRADE
NSW1,2026/09/12 04:10:00,6674.91,83.99,TRADE
NSW1,2026/09/12 04:15:00,6742.9,90.27,TRADE
NSW1,2026/09/12 04:20:00,6764.45,83.95,TRADE
NSW1,2026/09/12 04:25:00,6650.52,71.91,TRADE
NSW1,2026/09/12 04:30:00,6746.51,83.41,TRADE
NSW1,2026/09/12 04:35:00,6729.79,83.99,TRADE
NSW1,2026/09/12 04:40:00,6680.55,83.99,TRADE
NSW1,2026/09/12 04:45:00,6697.52,88.88,TRADE
NSW1,2026/09/12 04:50:00,6747.55,88.88,TRADE
NSW1,2026/09/12 04:55:00,6767.63,89.17,TRADE
NSW1,2026/09/12 05:00:00,6686.97,83.99,TRADE
NSW1,2026/09/12 05:05:00,6735.05,83.99,TRADE
NSW1,2026/09/12 05:10:00,6710.72,88.88,TRADE
NSW1,2026/09/12 05:15:00,6814,84.35,TRADE
NSW1,2026/09/12 05:20:00,6849.17,81.23,TRADE
NSW1,2026/09/12 05:25:00,6870.75,83.99,TRADE
NSW1,2026/09/12 05:30:00,6872.72,90.45,TRADE
NSW1,2026/09/12 05:35:00,6941.38,89.94,TRADE
NSW1,2026/09/12 05:40:00,6876.28,81.45,TRADE
NSW1,2026/09/12 05:45:00,6955.72,89.86,TRADE
NSW1,2026/09/12 05:50:00,7015.2,91.65,TRADE
NSW1,2026/09/12 05:55:00,6973.03,90.35,TRADE
NSW1,2026/09/12 06:00:00,7028.59,93.81,TRADE
NSW1,2026/09/12 06:05:00,7066.13,88.88,TRADE
NSW1,2026/09/12 06:10:00,7060.81,89.24,TRADE
NSW1,2026/09/12 06:15:00,7072.78,89.95,TRADE
NSW1,2026/09/12 06:20:00,7055.47,95.20,TRADE
NSW1,2026/09/12 06:25:00,7047.98,95.66,TRADE
NSW1,2026/09/12 06:30:00,7128.65,96.99,TRADE
NSW1,2026/09/12 06:35:00,7135.57,90.50,TRADE
NSW1,2026/09/12 06:40:00,7115.07,87.99,TRADE
NSW1,2026/09/12 06:45:00,7083.66,84.46,TRADE
NSW1,2026/09/12 06:50:00,7157.83,83.99,TRADE
NSW1,2026/09/12 06:55:00,7106.38,75.06,TRADE
NSW1,2026/09/12 07:00:00,7031.83,40,TRADE
NSW1,2026/09/12 07:05:00,6942.5,40.66,TRADE
NSW1,2026/09/12 07:10:00,6931.62,62.87,TRADE
NSW1,2026/09/12 07:15:00,6925.61,42.54,TRADE
NSW1,2026/09/12 07:20:00,6843.66,2.12,TRADE
NSW1,2026/09/12 07:25:00,6791.64,2.12,TRADE
NSW1,2026/09/12 07:30:00,6772.42,2.12,TRADE
NSW1,2026/09/12 07:35:00,6781.51,25.10,TRADE
NSW1,2026/09/12 07:40:00,6637.47,10.60,TRADE
NSW1,2026/09/12 07:45:00,6661.95,0.90,TRADE
NSW1,2026/09/12 07:50:00,6575.71,0.90,TRADE
NSW1,2026/09/12 07:55:00,6557.52,2.12,TRADE
NSW1,2026/09/12 08:00:00,6509.73,23.95,TRADE
NSW1,2026/09/12 08:05:00,6380.92,23.95,TRADE
NSW1,2026/09/12 08:10:00,6327.48,0.90,TRADE
NSW1,2026/09/12 08:15:00,6308.04,2.12,TRADE
NSW1,2026/09/12 08:20:00,6287.95,2.12,TRADE
NSW1,2026/09/12 08:25:00,6243.9,2.12,TRADE
NSW1,2026/09/12 08:30:00,6140.55,25.10,TRADE
NSW1,2026/09/12 08:35:00,6069.17,25.10,TRADE
NSW1,2026/09/12 08:40:00,5963.99,2.12,TRADE
NSW1,2026/09/12 08:45:00,5929.63,2.32,TRADE
NSW1,2026/09/12 08:50:00,5760.17,2.12,TRADE
NSW1,2026/09/12 08:55:00,5670.54,25.10,TRADE
NSW1,2026/09/12 09:00:00,5553.47,25.10,TRADE
NSW1,2026/09/12 09:05:00,5565.98,2.12,TRADE
NSW1,2026/09/12 09:10:00,5627.41,23.51,TRADE
NSW1,2026/09/12 09:15:00,5430.63,2.12,TRADE
NSW1,2026/09/12 09:20:00,5482.02,29,TRADE
NSW1,2026/09/12 09:25:00,5327.66,2.33,TRADE
NSW1,2026/09/12 09:30:00,5311.39,24.99,TRADE
NSW1,2026/09/12 09:35:00,5134.4,2.12,TRADE
NSW1,2026/09/12 09:40:00,5177.86,2.24,TRADE
NSW1,2026/09/12 09:45:00,5114.74,2.12,TRADE
NSW1,2026/09/12 09:50:00,5115.6,25.10,TRADE
NSW1,2026/09/12 09:55:00,5032.46,25.10,TRADE
NSW1,2026/09/12 10:00:00,4939.54,2.12,TRADE
NSW1,2026/09/12 10:05:00,5005.36,29,TRADE
NSW1,2026/09/12 10:10:00,4879.04,2.12,TRADE
NSW1,2026/09/12 10:15:00,4899.92,24.99,TRADE
NSW1,2026/09/12 10:20:00,4761.2,23.51,TRADE
NSW1,2026/09/12 10:25:00,4822.12,23.51,TRADE
NSW1,2026/09/12 10:30:00,4731.89,2.12,TRADE
NSW1,2026/09/12 10:35:00,4690.31,29,TRADE
NSW1,2026/09/12 10:40:00,4650.06,23.51,TRADE
NSW1,2026/09/12 10:45:00,4634.4,2.12,TRADE
NSW1,2026/09/12 10:50:00,4611.16,2.12,TRADE
NSW1,2026/09/12 10:55:00,4507.97,0,TRADE
NSW1,2026/09/12 11:00:00,4479.65,23.51,TRADE
NSW1,2026/09/12 11:05:00,4337.89,24.99,TRADE
NSW1,2026/09/12 11:10:00,4484.78,29,TRADE
NSW1,2026/09/12 11:15:00,4446.67,0,TRADE
NSW1,2026/09/12 11:20:00,4535.89,28.99,TRADE
NSW1,2026/09/12 11:25:00,4420.74,11.40,TRADE
NSW1,2026/09/12 11:30:00,4396.07,29,TRADE
NSW1,2026/09/12 11:35:00,4284.09,29,TRADE
NSW1,2026/09/12 11:40:00,4334.44,29,TRADE
NSW1,2026/09/12 11:45:00,4385.61,29,TRADE
NSW1,2026/09/12 11:50:00,4281.86,24.99,TRADE
NSW1,2026/09/12 11:55:00,4294.35,28.95,TRADE
NSW1,2026/09/12 12:00:00,4188.02,7.74,TRADE
NSW1,2026/09/12 12:05:00,4218.28,11.50,TRADE
NSW1,2026/09/12 12:10:00,4284.65,28.95,TRADE
NSW1,2026/09/12 12:15:00,4195.49,11.50,TRADE
NSW1,2026/09/12 12:20:00,4177.54,11.50,TRADE
NSW1,2026/09/12 12:25:00,4125.38,11.50,TRADE
NSW1,2026/09/12 12:30:00,4159.42,16.04,TRADE
NSW1,2026/09/12 12:35:00,4067.56,7.82,TRADE
NSW1,2026/09/12 12:40:00,4150.82,11.50,TRADE
NSW1,2026/09/12 12:45:00,4011.17,11.50,TRADE
NSW1,2026/09/12 12:50:00,4119.48,11.50,TRADE
NSW1,2026/09/12 12:55:00,4146.08,11.50,TRADE
NSW1,2026/09/12 13:00:00,4057.41,15.44,TRADE
NSW1,2026/09/12 13:05:00,3995.32,14.84,TRADE
NSW1,2026/09/12 13:10:00,3926.03,11.50,TRADE
NSW1,2026/09/12 13:15:00,3990.72,24.47,TRADE
NSW1,2026/09/12 13:20:00,3963.79,15.01,TRADE
NSW1,2026/09/12 13:25:00,4049.98,24.85,TRADE
NSW1,2026/09/12 13:30:00,3954.97,24.19,TRADE
NSW1,2026/09/12 13:35:00,3976.89,11.50,TRADE
NSW1,2026/09/12 13:40:00,4080.13,25.10,TRADE
NSW1,2026/09/12 13:45:00,4052.42,11.50,TRADE
NSW1,2026/09/12 13:50:00,4154.05,25.40,TRADE
NSW1,2026/09/12 13:55:00,4068.26,24.99,TRADE
NSW1,2026/09/12 14:00:00,4135.87,24.46,TRADE
NSW1,2026/09/12 14:05:00,4180.95,25.16,TRADE
NSW1,2026/09/12 14:10:00,4264.83,29,TRADE
NSW1,2026/09/12 14:15:00,4157.07,29,TRADE
NSW1,2026/09/12 14:20:00,4308.46,29,TRADE
NSW1,2026/09/12 14:25:00,4381.33,29,TRADE
NSW1,2026/09/12 14:30:00,4475.86,29,TRADE
NSW1,2026/09/12 14:35:00,4503.45,42.55,TRADE
NSW1,2026/09/12 14:40:00,4555.03,29,TRADE
NSW1,2026/09/12 14:45:00,4706.17,24.91,TRADE
NSW1,2026/09/12 14:50:00,4782.27,4.45,TRADE
NSW1,2026/09/12 14:55:00,4963.49,12.79,TRADE
NSW1,2026/09/12 15:00:00,5021.23,10.57,TRADE
NSW1,2026/09/12 15:05:00,5119.34,14.72,TRADE
NSW1,2026/09/12 15:10:00,5235.28,14.71,TRADE
NSW1,2026/09/12 15:15:00,5308.65,23.36,TRADE
NSW1,2026/09/12 15:20:00,5447.76,26.78,TRADE
NSW1,2026/09/12 15:25:00,5556.04,42.55,TRADE
NSW1,2026/09/12 15:30:00,5597.1,44.35,TRADE
NSW1,2026/09/12 15:35:00,5661.98,23.51,TRADE
NSW1,2026/09/12 15:40:00,5772.67,38.05,TRADE
NSW1,2026/09/12 15:45:00,5854.85,4.88,TRADE
NSW1,2026/09/12 15:50:00,5870.79,0,TRADE
NSW1,2026/09/12 15:55:00,6067.67,4.79,TRADE
NSW1,2026/09/12 16:00:00,6233.22,19.06,TRADE
NSW1,2026/09/12 16:05:00,6399.41,34.61,TRADE
NSW1,2026/09/12 16:10:00,6400.77,48.72,TRADE
NSW1,2026/09/12 16:15:00,6626.51,48.39,TRADE
NSW1,2026/09/12 16:20:00,6747.5,57.39,TRADE
NSW1,2026/09/12 16:25:00,6863.4,71.32,TRADE
NSW1,2026/09/12 16:30:00,6989.45,79.02,TRADE
NSW1,2026/09/12 16:35:00,7008.5,81.68,TRADE
NSW1,2026/09/12 16:40:00,7142.85,82.64,TRADE
NSW1,2026/09/12 16:45:00,7243.7,82.90,TRADE
NSW1,2026/09/12 16:50:00,7341.18,82.90,TRADE
NSW1,2026/09/12 16:55:00,7452.12,82.90,TRADE
NSW1,2026/09/12 17:00:00,7461.31,82.90,TRADE
NSW1,2026/09/12 17:05:00,7592.76,82.90,TRADE
NSW1,2026/09/12 17:10:00,7612.81,80.01,TRADE
NSW1,2026/09/12 17:15:00,7731.64,82.90,TRADE
NSW1,2026/09/12 17:20:00,7692.51,82.90,TRADE
NSW1,2026/09/12 17:25:00,7720.11,83.99,TRADE
NSW1,2026/09/12 17:30:00,7874.89,87.19,TRADE
NSW1,2026/09/12 17:35:00,7893.8,87.49,TRADE
NSW1,2026/09/12 17:40:00,7977.92,84,TRADE
NSW1,2026/09/12 17:45:00,8016.86,87.88,TRADE
NSW1,2026/09/12 17:50:00,7953.98,82.02,TRADE
NSW1,2026/09/12 17:55:00,8139.63,86.23,TRADE
NSW1,2026/09/12 18:00:00,8149.25,84.79,TRADE
NSW1,2026/09/12 18:05:00,8176.15,84,TRADE
NSW1,2026/09/12 18:10:00,8152.22,82.90,TRADE
NSW1,2026/09/12 18:15:00,8234.62,86.96,TRADE
NSW1,2026/09/12 18:20:00,8193.95,84.67,TRADE
NSW1,2026/09/12 18:25:00,8244.22,78.28,TRADE
NSW1,2026/09/12 18:30:00,8326.78,83.99,TRADE
NSW1,2026/09/12 18:35:00,8271.8,90.49,TRADE
NSW1,2026/09/12 18:40:00,8236.11,84.24,TRADE
NSW1,2026/09/12 18:45:00,8269.18,77.04,TRADE
NSW1,2026/09/12 18:50:00,8356.12,74.18,TRADE
NSW1,2026/09/12 18:55:00,8321.15,82.90,TRADE
NSW1,2026/09/12 19:00:00,8236.6,76.77,TRADE
NSW1,2026/09/12 19:05:00,8223.82,76.77,TRADE
NSW1,2026/09/12 19:10:00,8219.09,75.96,TRADE
NSW1,2026/09/12 19:15:00,8197.21,72.47,TRADE
NSW1,2026/09/12 19:20:00,8139.3,72,TRADE
NSW1,2026/09/12 19:25:00,8172.33,72.58,TRADE
NSW1,2026/09/12 19:30:00,8165.49,72.03,TRADE
NSW1,2026/09/12 19:35:00,8118.38,71.96,TRADE
NSW1,2026/09/12 19:40:00,8156.74,72.27,TRADE
NSW1,2026/09/12 19:45:00,8131.62,73.05,TRADE
NSW1,2026/09/12 19:50:00,8168.36,74.19,TRADE
NSW1,2026/09/12 19:55:00,8131.2,73.09,TRADE
NSW1,2026/09/12 20:00:00,8080.33,71.38,TRADE
NSW1,2026/09/12 20:05:00,8105.32,73.79,TRADE
NSW1,2026/09/12 20:10:00,8106.79,73.84,TRADE
NSW1,2026/09/12 20:15:00,8081.86,71.38,TRADE
NSW1,2026/09/12 20:20:00,8037.27,73.70,TRADE
NSW1,2026/09/12 20:25:00,8026.75,76.09,TRADE
NSW1,2026/09/12 20:30:00,7997.86,71.38,TRADE
NSW1,2026/09/12 20:35:00,8024.16,75.61,TRADE
NSW1,2026/09/12 20:40:00,7891.38,74.02,TRADE
NSW1,2026/09/12 20:45:00,7983.81,74.54,TRADE
NSW1,2026/09/12 20:50:00,7853.39,68.32,TRADE
NSW1,2026/09/12 20:55:00,7994.29,76.01,TRADE
NSW1,2026/09/12 21:00:00,7927.29,73.13,TRADE
NSW1,2026/09/12 21:05:00,7943.51,64.83,TRADE
NSW1,2026/09/12 21:10:00,8001.87,65.78,TRADE
NSW1,2026/09/12 21:15:00,7883.81,64.95,TRADE
NSW1,2026/09/12 21:20:00,7905.82,65.51,TRADE
NSW1,2026/09/12 21:25:00,7860.32,72.27,TRADE
NSW1,2026/09/12 21:30:00,7888.62,73.26,TRADE
NSW1,2026/09/12 21:35:00,7840.2,64.69,TRADE
NSW1,2026/09/12 21:40:00,7802.59,64.89,TRADE
NSW1,2026/09/12 21:45:00,7804.7,71.38,TRADE
NSW1,2026/09/12 21:50:00,7729.84,65.05,TRADE
NSW1,2026/09/12 21:55:00,7688.07,64.05,TRADE
NSW1,2026/09/12 22:00:00,7680.02,64.95,TRADE
NSW1,2026/09/12 22:05:00,7666.57,73.29,TRADE
NSW1,2026/09/12 22:10:00,7736.43,83.34,TRADE
NSW1,2026/09/12 22:15:00,7678.52,82.90,TRADE
NSW1,2026/09/12 22:20:00,7732.68,77.54,TRADE
NSW1,2026/09/12 22:25:00,7767.04,71.40,TRADE
NSW1,2026/09/12 22:30:00,7769.09,71.40,TRADE
NSW1,2026/09/12 22:35:00,7737.67,75.96,TRADE
NSW1,2026/09/12 22:40:00,7684.13,74.35,TRADE
NSW1,2026/09/12 22:45:00,7651.35,75.74,TRADE
NSW1,2026/09/12 22:50:00,7647.52,74.40,TRADE
NSW1,2026/09/12 22:55:00,7662.14,74.65,TRADE
NSW1,2026/09/12 23:00:00,7628.03,75.96,TRADE
NSW1,2026/09/12 23:05:00,7625,75.64,TRADE
NSW1,2026/09/12 23:10:00,7653.51,77.30,TRADE
NSW1,2026/09/12 23:15:00,7575.52,75.64,TRADE
NSW1,2026/09/12 23:20:00,7530.91,75.69,TRADE
NSW1,2026/09/12 23:25:00,7443.81,67.54,TRADE
NSW1,2026/09/12 23:30:00,7419.73,65.08,TRADE
NSW1,2026/09/12 23:35:00,7423.48,78.28,TRADE
NSW1,2026/09/12 23:40:00,7409.92,76.18,TRADE
NSW1,2026/09/12 23:45:00,7292.52,67.56,TRADE
NSW1,2026/09/12 23:50:00,7313.79,68,TRADE
NSW1,2026/09/12 23:55:00,7310.01,65.94,TRADE
NSW1,2026/09/13 00:00:00,7306.12,64.95,TRADE
NSW1,2026/09/13 00:05:00,7278.98,75.96,TRADE
NSW1,2026/09/13 00:10:00,7371.53,83.34,TRADE
NSW1,2026/09/13 00:15:00,7302.03,76.61,TRADE
NSW1,2026/09/13 00:20:00,7437.73,77.12,TRADE
NSW1,2026/09/13 00:25:00,7453.71,80.63,TRADE
NSW1,2026/09/13 00:30:00,7441.22,80.66,TRADE
NSW1,2026/09/13 00:35:00,7379.65,83.99,TRADE
NSW1,2026/09/13 00:40:00,7270.76,78.22,TRADE
NSW1,2026/09/13 00:45:00,7191.22,85.16,TRADE
NSW1,2026/09/13 00:50:00,7113.56,71.40,TRADE
NSW1,2026/09/13 00:55:00,7130.73,71.40,TRADE
NSW1,2026/09/13 01:00:00,7022.06,71.40,TRADE
NSW1,2026/09/13 01:05:00,7065.5,85.81,TRADE
NSW1,2026/09/13 01:10:00,6972.5,68.34,TRADE
NSW1,2026/09/13 01:15:00,6993.99,79.23,TRADE
NSW1,2026/09/13 01:20:00,6910.24,68.78,TRADE
NSW1,2026/09/13 01:25:00,6914.22,78.28,TRADE
NSW1,2026/09/13 01:30:00,6795.49,65.52,TRADE
NSW1,2026/09/13 01:35:00,6801.61,67.92,TRADE
NSW1,2026/09/13 01:40:00,6869.71,85.89,TRADE
NSW1,2026/09/13 01:45:00,6848.97,71.40,TRADE
NSW1,2026/09/13 01:50:00,6755.38,77.77,TRADE
NSW1,2026/09/13 01:55:00,6762.07,78.30,TRADE
NSW1,2026/09/13 02:00:00,6746.27,78.32,TRADE
NSW1,2026/09/13 02:05:00,6670.04,84.79,TRADE
NSW1,2026/09/13 02:10:00,6668.64,78.78,TRADE
NSW1,2026/09/13 02:15:00,6635.98,71.40,TRADE
NSW1,2026/09/13 02:20:00,6652.07,71.40,TRADE
NSW1,2026/09/13 02:25:00,6635.85,71.40,TRADE
NSW1,2026/09/13 02:30:00,6514.45,66.70,TRADE
NSW1,2026/09/13 02:35:00,6513.41,71.40,TRADE
NSW1,2026/09/13 02:40:00,6533.27,71.40,TRADE
NSW1,2026/09/13 02:45:00,6528.33,80.94,TRADE
NSW1,2026/09/13 02:50:00,6524.19,80.37,TRADE
NSW1,2026/09/13 02:55:00,6450.08,69.73,TRADE
NSW1,2026/09/13 03:00:00,6527.41,71.40,TRADE
NSW1,2026/09/13 03:05:00,6477.82,71.40,TRADE
NSW1,2026/09/13 03:10:00,6542.37,83.99,TRADE
NSW1,2026/09/13 03:15:00,6492.44,70.65,TRADE
NSW1,2026/09/13 03:20:00,6501.78,71.40,TRADE
NSW1,2026/09/13 03:25:00,6414.09,70.23,TRADE
NSW1,2026/09/13 03:30:00,6383.1,67.54,TRADE
NSW1,2026/09/13 03:35:00,6456.7,71.40,TRADE
NSW1,2026/09/13 03:40:00,6339.42,70.64,TRADE
NSW1,2026/09/13 03:45:00,6380.31,64.95,TRADE
NSW1,2026/09/13 03:50:00,6350.32,70.20,TRADE
NSW1,2026/09/13 03:55:00,6350.3,70.67,TRADE
NSW1,2026/09/13 04:00:00,6391.39,71.12,TRADE
NSW1,2026/09/13 04:05:00,6328.4,70.65,TRADE
NSW1,2026/09/13 04:10:00,6358,80.89,TRADE
NSW1,2026/09/13 04:15:00,6388.46,82.90,TRADE
NSW1,2026/09/13 04:20:00,6379.86,80.05,TRADE
NSW1,2026/09/13 04:25:00,6291.79,69.76,TRADE
NSW1,2026/09/13 04:30:00,6429.65,71.40,TRADE
NSW1,2026/09/13 04:35:00,6413.07,87.01,TRADE
NSW1,2026/09/13 04:40:00,6404.42,71.40,TRADE
NSW1,2026/09/13 04:45:00,6407.59,87.20,TRADE
NSW1,2026/09/13 04:50:00,6375.87,71.40,TRADE
NSW1,2026/09/13 04:55:00,6372.33,88.88,TRADE
NSW1,2026/09/13 05:00:00,6354.06,71.40,TRADE
NSW1,2026/09/13 05:05:00,6385.34,88.15,TRADE
NSW1,2026/09/13 05:10:00,6384.03,71.40,TRADE
NSW1,2026/09/13 05:15:00,6450.28,75.96,TRADE
NSW1,2026/09/13 05:20:00,6478.51,83.99,TRADE
NSW1,2026/09/13 05:25:00,6428.92,71.40,TRADE
NSW1,2026/09/13 05:30:00,6511.48,88.64,TRADE
NSW1,2026/09/13 05:35:00,6416.33,71.40,TRADE
NSW1,2026/09/13 05:40:00,6446.45,82.90,TRADE
NSW1,2026/09/13 05:45:00,6446.91,81.28,TRADE
NSW1,2026/09/13 05:50:00,6534.36,71.40,TRADE
NSW1,2026/09/13 05:55:00,6558.36,71.40,TRADE
NSW1,2026/09/13 06:00:00,6540.44,71.40,TRADE
NSW1,2026/09/13 06:05:00,6572.91,71.40,TRADE
NSW1,2026/09/13 06:10:00,6642.25,71.40,TRADE
NSW1,2026/09/13 06:15:00,6605.65,71.40,TRADE
NSW1,2026/09/13 06:20:00,6639.25,65.51,TRADE
NSW1,2026/09/13 06:25:00,6616.1,64.95,TRADE
NSW1,2026/09/13 06:30:00,6547.9,42.45,TRADE
NSW1,2026/09/13 06:35:00,6530.39,42.54,TRADE
NSW1,2026/09/13 06:40:00,6567.88,42.45,TRADE
NSW1,2026/09/13 06:45:00,6505.75,0,TRADE
NSW1,2026/09/13 06:50:00,6449,-1.49,TRADE
NSW1,2026/09/13 06:55:00,6445.59,-6.22,TRADE
NSW1,2026/09/13 07:00:00,6396.6,-5.01,TRADE
NSW1,2026/09/13 07:05:00,6367.36,-6.27,TRADE
NSW1,2026/09/13 07:10:00,6365.03,-6.31,TRADE
NSW1,2026/09/13 07:15:00,6362.79,-6.50,TRADE
NSW1,2026/09/13 07:20:00,6248.64,-7.48,TRADE
NSW1,2026/09/13 07:25:00,6239.45,0.90,TRADE
NSW1,2026/09/13 07:30:00,6132.3,-4,TRADE
NSW1,2026/09/13 07:35:00,6103.18,-8.47,TRADE
NSW1,2026/09/13 07:40:00,6120.8,-7.48,TRADE
NSW1,2026/09/13 07:45:00,6127.23,0.90,TRADE
NSW1,2026/09/13 07:50:00,5971.97,-6.50,TRADE
NSW1,2026/09/13 07:55:00,5964.42,-7.48,TRADE
NSW1,2026/09/13 08:00:00,5893.95,-7.48,TRADE
NSW1,2026/09/13 08:05:00,5908.89,-2.05,TRADE
NSW1,2026/09/13 08:10:00,5811.54,37.61,TRADE
NSW1,2026/09/13 08:15:00,5746.92,-7.48,TRADE
NSW1,2026/09/13 08:20:00,5713.14,-2.05,TRADE
NSW1,2026/09/13 08:25:00,5600.78,-7.48,TRADE
NSW1,2026/09/13 08:30:00,5569.54,-2.05,TRADE
NSW1,2026/09/13 08:35:00,5437.45,-7.48,TRADE
NSW1,2026/09/13 08:40:00,5321.15,-7.48,TRADE
NSW1,2026/09/13 08:45:00,5253.29,0.90,TRADE
NSW1,2026/09/13 08:50:00,5154.69,0.90,TRADE
NSW1,2026/09/13 08:55:00,5029.33,-9.53,TRADE
NSW1,2026/09/13 09:00:00,5010.79,-9.71,TRADE
NSW1,2026/09/13 09:05:00,5043.05,-9.82,TRADE
NSW1,2026/09/13 09:10:00,5056.4,-8.15,TRADE
NSW1,2026/09/13 09:15:00,4897.1,-8.04,TRADE
NSW1,2026/09/13 09:20:00,4746.14,-9.65,TRADE
NSW1,2026/09/13 09:25:00,4721.68,-7.49,TRADE
NSW1,2026/09/13 09:30:00,4586.41,-8.49,TRADE
NSW1,2026/09/13 09:35:00,4465.26,-8.63,TRADE
NSW1,2026/09/13 09:40:00,4530.61,-7.54,TRADE
NSW1,2026/09/13 09:45:00,4473.67,-7.49,TRADE
NSW1,2026/09/13 09:50:00,4493.27,-7.48,TRADE
NSW1,2026/09/13 09:55:00,4414.95,-8.60,TRADE
NSW1,2026/09/13 10:00:00,4311.68,-8.90,TRADE
NSW1,2026/09/13 10:05:00,4224.62,-8.49,TRADE
NSW1,2026/09/13 10:10:00,4220.18,-8.27,TRADE
NSW1,2026/09/13 10:15:00,4176.91,-8.91,TRADE
NSW1,2026/09/13 10:20:00,4208.73,-8.56,TRADE
NSW1,2026/09/13 10:25:00,4029.3,-9,TRADE
NSW1,2026/09/13 10:30:00,3963.59,-8.89,TRADE
NSW1,2026/09/13 10:35:00,3965.78,-8.73,TRADE
NSW1,2026/09/13 10:40:00,3959.28,-9.02,TRADE
NSW1,2026/09/13 10:45:00,3836.25,-9.43,TRADE
NSW1,2026/09/13 10:50:00,3762.85,-9.50,TRADE
NSW1,2026/09/13 10:55:00,3730.07,-10.01,TRADE
NSW1,2026/09/13 11:00:00,3674.27,-10.50,TRADE
NSW1,2026/09/13 11:05:00,3654.19,-10.12,TRADE
NSW1,2026/09/13 11:10:00,3675.74,-9.99,TRADE
NSW1,2026/09/13 11:15:00,3690.8,-9.92,TRADE
NSW1,2026/09/13 11:20:00,3701.76,-9.94,TRADE
NSW1,2026/09/13 11:25:00,3641.31,-9.50,TRADE
NSW1,2026/09/13 11:30:00,3537.88,-10.50,TRADE
NSW1,2026/09/13 11:35:00,3537.71,-10.01,TRADE
NSW1,2026/09/13 11:40:00,3545.46,-8.77,TRADE
NSW1,2026/09/13 11:45:00,3584.29,-9.94,TRADE
NSW1,2026/09/13 11:50:00,3557.53,-9.55,TRADE
NSW1,2026/09/13 11:55:00,3487.04,-9.96,TRADE
NSW1,2026/09/13 12:00:00,3442.53,-9.85,TRADE
NSW1,2026/09/13 12:05:00,3439.23,-9.30,TRADE
NSW1,2026/09/13 12:10:00,3483.12,-10.50,TRADE
NSW1,2026/09/13 12:15:00,3492.65,-10.39,TRADE
NSW1,2026/09/13 12:20:00,3518.62,-10.50,TRADE
NSW1,2026/09/13 12:25:00,3515.67,-10.31,TRADE
NSW1,2026/09/13 12:30:00,3579.06,-9.56,TRADE
NSW1,2026/09/13 12:35:00,3612.27,-9.47,TRADE
NSW1,2026/09/13 12:40:00,3718.72,-8.76,TRADE
NSW1,2026/09/13 12:45:00,3700.84,-9.80,TRADE
NSW1,2026/09/13 12:50:00,3758.2,-8.76,TRADE
NSW1,2026/09/13 12:55:00,3737.53,-10,TRADE
NSW1,2026/09/13 13:00:00,3739.15,-10.50,TRADE
NSW1,2026/09/13 13:05:00,3761.7,-10.50,TRADE
NSW1,2026/09/13 13:10:00,3879.22,-10.01,TRADE
NSW1,2026/09/13 13:15:00,3949.9,-8.63,TRADE
NSW1,2026/09/13 13:20:00,3962.21,-9.32,TRADE
NSW1,2026/09/13 13:25:00,4074.2,-2.18,TRADE
NSW1,2026/09/13 13:30:00,4021.88,-4,TRADE
NSW1,2026/09/13 13:35:00,3993.2,-7.49,TRADE
NSW1,2026/09/13 13:40:00,4083.17,-2.07,TRADE
NSW1,2026/09/13 13:45:00,4127.19,0,TRADE
NSW1,2026/09/13 13:50:00,4051.56,0,TRADE
NSW1,2026/09/13 13:55:00,4099.21,2.12,TRADE
NSW1,2026/09/13 14:00:00,4188.52,2.12,TRADE
NSW1,2026/09/13 14:05:00,4253,2.12,TRADE
NSW1,2026/09/13 14:10:00,4253.89,-7.50,TRADE
NSW1,2026/09/13 14:15:00,4332.42,0,TRADE
NSW1,2026/09/13 14:20:00,4286.39,0,TRADE
NSW1,2026/09/13 14:25:00,4453.72,-2.07,TRADE
NSW1,2026/09/13 14:30:00,4492.92,11.50,TRADE
NSW1,2026/09/13 14:35:00,4528.29,11.50,TRADE
NSW1,2026/09/13 14:40:00,4642.3,-2.83,TRADE
NSW1,2026/09/13 14:45:00,4858.08,2.12,TRADE
NSW1,2026/09/13 14:50:00,4910.17,-5.26,TRADE
NSW1,2026/09/13 14:55:00,5011.75,-2.07,TRADE
NSW1,2026/09/13 15:00:00,5189.5,23.51,TRADE
NSW1,2026/09/13 15:05:00,5306.55,23.51,TRADE
NSW1,2026/09/13 15:10:00,5363.95,13.09,TRADE
NSW1,2026/09/13 15:15:00,5439.74,12.82,TRADE
NSW1,2026/09/13 15:20:00,5480.3,23.51,TRADE
NSW1,2026/09/13 15:25:00,5679.4,42.80,TRADE
NSW1,2026/09/13 15:30:00,5800.72,23.51,TRADE
NSW1,2026/09/13 15:35:00,5788.22,0.90,TRADE
NSW1,2026/09/13 15:40:00,6087.74,42.55,TRADE
NSW1,2026/09/13 15:45:00,6206.69,82.90,TRADE
NSW1,2026/09/13 15:50:00,6316.71,42.55,TRADE
NSW1,2026/09/13 15:55:00,6451.92,42.55,TRADE
NSW1,2026/09/13 16:00:00,6548.63,29.43,TRADE
NSW1,2026/09/13 16:05:00,6649.24,-2.09,TRADE
NSW1,2026/09/13 16:10:00,6913.21,0.83,TRADE
NSW1,2026/09/13 16:15:00,6924.29,51.64,TRADE
NSW1,2026/09/13 16:20:00,6847.88,59.84,TRADE
NSW1,2026/09/13 16:25:00,6924.32,67.63,TRADE
NSW1,2026/09/13 16:30:00,7049.79,71.38,TRADE
NSW1,2026/09/13 16:35:00,7067.42,66.81,TRADE
NSW1,2026/09/13 16:40:00,7161.76,71.38,TRADE
NSW1,2026/09/13 16:45:00,7201.75,44.69,TRADE
NSW1,2026/09/13 16:50:00,7377.59,71.38,TRADE
NSW1,2026/09/13 16:55:00,7424.94,75.01,TRADE
NSW1,2026/09/13 17:00:00,7481.67,79.91,TRADE
NSW1,2026/09/13 17:05:00,7480.39,71.38,TRADE
NSW1,2026/09/13 17:10:00,7600.59,71.38,TRADE
NSW1,2026/09/13 17:15:00,7697.08,71.38,TRADE
NSW1,2026/09/13 17:20:00,7714.8,71.38,TRADE
NSW1,2026/09/13 17:25:00,7748.01,71.40,TRADE
NSW1,2026/09/13 17:30:00,7836.3,71.40,TRADE
NSW1,2026/09/13 17:35:00,7926.87,71.38,TRADE
NSW1,2026/09/13 17:40:00,8100.72,71.38,TRADE
NSW1,2026/09/13 17:45:00,8052.9,71.38,TRADE
NSW1,2026/09/13 17:50:00,8099.91,71.38,TRADE
NSW1,2026/09/13 17:55:00,8074.57,69.39,TRADE
NSW1,2026/09/13 18:00:00,8179.49,71.38,TRADE
NSW1,2026/09/13 18:05:00,8257.07,71.38,TRADE
NSW1,2026/09/13 18:10:00,8288.1,71.38,TRADE
NSW1,2026/09/13 18:15:00,8414.35,76.77,TRADE
NSW1,2026/09/13 18:20:00,8337.79,71.38,TRADE
NSW1,2026/09/13 18:25:00,8506.33,74.74,TRADE
NSW1,2026/09/13 18:30:00,8439.74,74.46,TRADE
NSW1,2026/09/13 18:35:00,8411.35,71.38,TRADE
NSW1,2026/09/13 18:40:00,8479.57,71.80,TRADE
NSW1,2026/09/13 18:45:00,8527.96,71.38,TRADE
NSW1,2026/09/13 18:50:00,8516.28,71.40,TRADE
NSW1,2026/09/13 18:55:00,8345.25,72.68,TRADE
NSW1,2026/09/13 19:00:00,8343.6,71.38,TRADE
NSW1,2026/09/13 19:05:00,8372,66.63,TRADE
NSW1,2026/09/13 19:10:00,8336.76,65.50,TRADE
NSW1,2026/09/13 19:15:00,8342.9,65.50,TRADE
NSW1,2026/09/13 19:20:00,8249.76,64.95,TRADE
NSW1,2026/09/13 19:25:00,8297.72,64.83,TRADE
NSW1,2026/09/13 19:30:00,8232.05,64.95,TRADE
NSW1,2026/09/13 19:35:00,8194.95,64.83,TRADE
NSW1,2026/09/13 19:40:00,8178.95,64.95,TRADE
NSW1,2026/09/13 19:45:00,8078.39,64.83,TRADE
NSW1,2026/09/13 19:50:00,8073.01,64.95,TRADE
NSW1,2026/09/13 19:55:00,8008.41,71.38,TRADE
NSW1,2026/09/13 20:00:00,8057.95,64.95,TRADE
NSW1,2026/09/13 20:05:00,8103.8,71.38,TRADE
NSW1,2026/09/13 20:10:00,8038.78,64.95,TRADE
NSW1,2026/09/13 20:15:00,7955.96,66.92,TRADE
NSW1,2026/09/13 20:20:00,7913.11,64.95,TRADE
NSW1,2026/09/13 20:25:00,7977.67,71.38,TRADE
NSW1,2026/09/13 20:30:00,7974.69,66.53,TRADE
NSW1,2026/09/13 20:35:00,8002.79,71.38,TRADE
NSW1,2026/09/13 20:40:00,7883.89,71.38,TRADE
NSW1,2026/09/13 20:45:00,7874.38,71.38,TRADE
NSW1,2026/09/13 20:50:00,7810.45,71.38,TRADE
NSW1,2026/09/13 20:55:00,7781.99,64.95,TRADE
NSW1,2026/09/13 21:00:00,7774.96,64.83,TRADE
NSW1,2026/09/13 21:05:00,7833.18,71.40,TRADE
NSW1,2026/09/13 21:10:00,7734.19,71.40,TRADE
NSW1,2026/09/13 21:15:00,7714.79,71.38,TRADE
NSW1,2026/09/13 21:20:00,7752.76,67.01,TRADE
NSW1,2026/09/13 21:25:00,7703.2,73.27,TRADE
NSW1,2026/09/13 21:30:00,7691.56,75.21,TRADE
NSW1,2026/09/13 21:35:00,7507.94,71.52,TRADE
NSW1,2026/09/13 21:40:00,7590.52,71.40,TRADE
NSW1,2026/09/13 21:45:00,7608.1,75.97,TRADE
NSW1,2026/09/13 21:50:00,7468.92,64.98,TRADE
NSW1,2026/09/13 21:55:00,7541.31,64.95,TRADE
NSW1,2026/09/13 22:00:00,7485.73,65.50,TRADE
NSW1,2026/09/13 22:05:00,7396.26,65.51,TRADE
NSW1,2026/09/13 22:10:00,7498.96,65.51,TRADE
NSW1,2026/09/13 22:15:00,7480.56,65.51,TRADE
NSW1,2026/09/13 22:20:00,7470.99,65.53,TRADE
NSW1,2026/09/13 22:25:00,7471.33,66.41,TRADE
NSW1,2026/09/13 22:30:00,7355.95,65.50,TRADE
NSW1,2026/09/13 22:35:00,7389.98,65.51,TRADE
NSW1,2026/09/13 22:40:00,7420.19,65.50,TRADE
NSW1,2026/09/13 22:45:00,7343.54,65.50,TRADE
NSW1,2026/09/13 22:50:00,7346.76,65.50,TRADE
NSW1,2026/09/13 22:55:00,7334.01,65.50,TRADE
NSW1,2026/09/13 23:00:00,7281.32,64.95,TRADE
NSW1,2026/09/13 23:05:00,7313.3,65.19,TRADE
NSW1,2026/09/13 23:10:00,7213.26,64.05,TRADE
NSW1,2026/09/13 23:15:00,7171.58,64.05,TRADE
NSW1,2026/09/13 23:20:00,7210.13,65.50,TRADE
NSW1,2026/09/13 23:25:00,7155.65,64.89,TRADE
NSW1,2026/09/13 23:30:00,7170.95,65.50,TRADE
NSW1,2026/09/13 23:35:00,7091.9,64.95,TRADE
NSW1,2026/09/13 23:40:00,7100.01,65.50,TRADE
NSW1,2026/09/13 23:45:00,7109.61,65.50,TRADE
NSW1,2026/09/13 23:50:00,7094,65.02,TRADE
NSW1,2026/09/13 23:55:00,7047.71,64.05,TRADE
NSW1,2026/09/14 00:00:00,7001.26,64.25,TRADE
NSW1,2026/09/14 00:05:00,6937.92,65.50,TRADE
NSW1,2026/09/14 00:10:00,7067.37,65.50,TRADE
NSW1,2026/09/14 00:15:00,7098.91,65.50,TRADE
NSW1,2026/09/14 00:20:00,7044.38,66.91,TRADE
NSW1,2026/09/14 00:25:00,7084.09,65.50,TRADE
NSW1,2026/09/14 00:30:00,7067.13,65.50,TRADE
NSW1,2026/09/14 00:35:00,6964.49,65.50,TRADE
NSW1,2026/09/14 00:40:00,6945.31,65.50,TRADE
NSW1,2026/09/14 00:45:00,6938.1,65.50,TRADE
NSW1,2026/09/14 00:50:00,6870.7,57.62,TRADE
NSW1,2026/09/14 00:55:00,6826.04,64.95,TRADE
NSW1,2026/09/14 01:00:00,6840.12,64.95,TRADE
NSW1,2026/09/14 01:05:00,6853.4,64.95,TRADE
NSW1,2026/09/14 01:10:00,6758.53,58.40,TRADE
NSW1,2026/09/14 01:15:00,6765.86,64.95,TRADE
NSW1,2026/09/14 01:20:00,6716.73,58.02,TRADE
NSW1,2026/09/14 01:25:00,6654.14,53.13,TRADE
NSW1,2026/09/14 01:30:00,6628.08,59.88,TRADE
NSW1,2026/09/14 01:35:00,6619.64,60.70,TRADE
NSW1,2026/09/14 01:40:00,6572.22,64.95,TRADE
NSW1,2026/09/14 01:45:00,6609.76,65.51,TRADE
NSW1,2026/09/14 01:50:00,6620.89,64.95,TRADE
NSW1,2026/09/14 01:55:00,6644.04,64.95,TRADE
NSW1,2026/09/14 02:00:00,6579.81,64.95,TRADE
NSW1,2026/09/14 02:05:00,6561.85,65.51,TRADE
NSW1,2026/09/14 02:10:00,6545.72,62.16,TRADE
NSW1,2026/09/14 02:15:00,6531.34,61.21,TRADE
NSW1,2026/09/14 02:20:00,6479.17,59.20,TRADE
NSW1,2026/09/14 02:25:00,6359.9,58.10,TRADE
NSW1,2026/09/14 02:30:00,6351.77,58.10,TRADE
NSW1,2026/09/14 02:35:00,6363.08,57.39,TRADE
NSW1,2026/09/14 02:40:00,6393.13,58.22,TRADE
NSW1,2026/09/14 02:45:00,6342.07,58.03,TRADE
NSW1,2026/09/14 02:50:00,6374.96,58.85,TRADE
NSW1,2026/09/14 02:55:00,6354.86,58.89,TRADE
NSW1,2026/09/14 03:00:00,6320.93,57.39,TRADE
NSW1,2026/09/14 03:05:00,6315.77,59.36,TRADE
NSW1,2026/09/14 03:10:00,6304.07,64.95,TRADE
NSW1,2026/09/14 03:15:00,6260.98,64.95,TRADE
NSW1,2026/09/14 03:20:00,6300.45,64.95,TRADE
NSW1,2026/09/14 03:25:00,6313.95,64.95,TRADE
NSW1,2026/09/14 03:30:00,6201.52,57.99,TRADE
NSW1,2026/09/14 03:35:00,6278.68,61.35,TRADE
NSW1,2026/09/14 03:40:00,6288.87,59.61,TRADE
NSW1,2026/09/14 03:45:00,6298.98,64.95,TRADE
NSW1,2026/09/14 03:50:00,6265.87,63.98,TRADE
NSW1,2026/09/14 03:55:00,6160.69,57.99,TRADE
NSW1,2026/09/14 04:00:00,6209.76,68.37,TRADE
NSW1,2026/09/14 04:05:00,6191.81,63.23,TRADE
NSW1,2026/09/14 04:10:00,6269.37,64.93,TRADE
NSW1,2026/09/14 04:15:00,6234.33,64.36,TRADE
NSW1,2026/09/14 04:20:00,6233.24,58.74,TRADE
NSW1,2026/09/14 04:25:00,6294.8,63.38,TRADE
NSW1,2026/09/14 04:30:00,6281.11,62.33,TRADE
NSW1,2026/09/14 04:35:00,6323.92,67.38,TRADE
NSW1,2026/09/14 04:40:00,6284.11,64.42,TRADE
NSW1,2026/09/14 04:45:00,6286.34,73.46,TRADE
NSW1,2026/09/14 04:50:00,6213.58,65.96,TRADE
NSW1,2026/09/14 04:55:00,6326.79,63.36,TRADE
NSW1,2026/09/14 05:00:00,6425.08,67.82,TRADE
NSW1,2026/09/14 05:05:00,6404.28,57.13,TRADE
NSW1,2026/09/14 05:10:00,6579.09,64.95,TRADE
NSW1,2026/09/14 05:15:00,6618.25,61.91,TRADE
NSW1,2026/09/14 05:20:00,6628.06,61.81,TRADE
NSW1,2026/09/14 05:25:00,6723.97,61.91,TRADE
NSW1,2026/09/14 05:30:00,6737.88,64.95,TRADE
NSW1,2026/09/14 05:35:00,6694.58,56.66,TRADE
NSW1,2026/09/14 05:40:00,6755.47,61.19,TRADE
NSW1,2026/09/14 05:45:00,6849.02,62.16,TRADE
NSW1,2026/09/14 05:50:00,6900.52,63.20,TRADE
NSW1,2026/09/14 05:55:00,6972.67,46.80,TRADE
NSW1,2026/09/14 06:00:00,7070.41,62.13,TRADE
NSW1,2026/09/14 06:05:00,7106.08,66.92,TRADE
NSW1,2026/09/14 06:10:00,7136.29,67.30,TRADE
NSW1,2026/09/14 06:15:00,7253.53,62.12,TRADE
NSW1,2026/09/14 06:20:00,7270.23,56.90,TRADE
NSW1,2026/09/14 06:25:00,7274.75,56.47,TRADE
NSW1,2026/09/14 06:30:00,7277.27,56.80,TRADE
NSW1,2026/09/14 06:35:00,7265.9,57.44,TRADE
NSW1,2026/09/14 06:40:00,7273.13,57,TRADE
NSW1,2026/09/14 06:45:00,7263.48,51.65,TRADE
NSW1,2026/09/14 06:50:00,7307.14,53.98,TRADE
NSW1,2026/09/14 06:55:00,7337.01,52.99,TRADE
NSW1,2026/09/14 07:00:00,7237.3,33.81,TRADE
NSW1,2026/09/14 07:05:00,7315.17,42.45,TRADE
NSW1,2026/09/14 07:10:00,7305.68,51.33,TRADE
NSW1,2026/09/14 07:15:00,7303.88,44.11,TRADE
NSW1,2026/09/14 07:20:00,7289.77,51.32,TRADE
NSW1,2026/09/14 07:25:00,7311.1,49.06,TRADE
NSW1,2026/09/14 07:30:00,7200.28,34.64,TRADE
NSW1,2026/09/14 07:35:00,7221.39,57.39,TRADE
NSW1,2026/09/14 07:40:00,7264.41,59.42,TRADE
NSW1,2026/09/14 07:45:00,7145.75,11.32,TRADE
NSW1,2026/09/14 07:50:00,7062.75,42.80,TRADE
NSW1,2026/09/14 07:55:00,7103.94,57.39,TRADE
NSW1,2026/09/14 08:00:00,6948.47,2.12,TRADE
NSW1,2026/09/14 08:05:00,6914.9,11.32,TRADE
NSW1,2026/09/14 08:10:00,6775.47,11.50,TRADE
NSW1,2026/09/14 08:15:00,6666.58,2.12,TRADE
NSW1,2026/09/14 08:20:00,6634.55,11.50,TRADE
NSW1,2026/09/14 08:25:00,6633.29,11.50,TRADE
NSW1,2026/09/14 08:30:00,6513.69,11.50,TRADE
NSW1,2026/09/14 08:35:00,6412.79,11.50,TRADE
NSW1,2026/09/14 08:40:00,6359.64,11.50,TRADE
NSW1,2026/09/14 08:45:00,6334.37,11.50,TRADE
NSW1,2026/09/14 08:50:00,6266.91,11.50,TRADE
NSW1,2026/09/14 08:55:00,6126.67,11.50,TRADE
NSW1,2026/09/14 09:00:00,5987.61,11.50,TRADE
NSW1,2026/09/14 09:05:00,5970.63,11.50,TRADE
NSW1,2026/09/14 09:10:00,6025.56,52.21,TRADE
NSW1,2026/09/14 09:15:00,5984.28,50.74,TRADE
NSW1,2026/09/14 09:20:00,6014.77,29.54,TRADE
NSW1,2026/09/14 09:25:00,6071.12,42.45,TRADE
NSW1,2026/09/14 09:30:00,5982.92,42.45,TRADE
NSW1,2026/09/14 09:35:00,5991.29,42.80,TRADE
NSW1,2026/09/14 09:40:00,6027.72,42.80,TRADE
NSW1,2026/09/14 09:45:00,5916.06,29,TRADE
NSW1,2026/09/14 09:50:00,5913.77,29,TRADE
NSW1,2026/09/14 09:55:00,5888.64,29,TRADE
NSW1,2026/09/14 10:00:00,5768.85,29,TRADE
NSW1,2026/09/14 10:05:00,5727.32,52.21,TRADE
NSW1,2026/09/14 10:10:00,5777.34,52.21,TRADE
NSW1,2026/09/14 10:15:00,5733.5,57.62,TRADE
NSW1,2026/09/14 10:20:00,5654.88,52.21,TRADE
NSW1,2026/09/14 10:25:00,5532.53,46.45,TRADE
NSW1,2026/09/14 10:30:00,5513.13,46.45,TRADE
NSW1,2026/09/14 10:35:00,5437.83,46.45,TRADE
NSW1,2026/09/14 10:40:00,5398.56,46.45,TRADE
NSW1,2026/09/14 10:45:00,5298.19,29,TRADE
NSW1,2026/09/14 10:50:00,5282.24,29,TRADE
NSW1,2026/09/14 10:55:00,5189.29,29,TRADE
NSW1,2026/09/14 11:00:00,5173.7,29,TRADE
NSW1,2026/09/14 11:05:00,5088.53,29,TRADE
NSW1,2026/09/14 11:10:00,5338.25,29,TRADE
NSW1,2026/09/14 11:15:00,5385.74,29,TRADE
NSW1,2026/09/14 11:20:00,5289.77,42.98,TRADE
NSW1,2026/09/14 11:25:00,5459.29,42.80,TRADE
NSW1,2026/09/14 11:30:00,5443.9,24.15,TRADE
NSW1,2026/09/14 11:35:00,5538.64,36.57,TRADE
NSW1,2026/09/14 11:40:00,5535.02,42.80,TRADE
NSW1,2026/09/14 11:45:00,5441.81,36.25,TRADE
NSW1,2026/09/14 11:50:00,5420.38,42.55,TRADE
NSW1,2026/09/14 11:55:00,5435.93,42.55,TRADE
NSW1,2026/09/14 12:00:00,5418.69,42.55,TRADE
NSW1,2026/09/14 12:05:00,5535.49,42.80,TRADE
NSW1,2026/09/14 12:10:00,5620.62,42.80,TRADE
NSW1,2026/09/14 12:15:00,5575.29,42.80,TRADE
NSW1,2026/09/14 12:20:00,5629.65,46.45,TRADE
NSW1,2026/09/14 12:25:00,5597.23,42.55,TRADE
NSW1,2026/09/14 12:30:00,5578.85,46.45,TRADE
NSW1,2026/09/14 12:35:00,5705.6,46.45,TRADE
NSW1,2026/09/14 12:40:00,5797.26,46.45,TRADE
NSW1,2026/09/14 12:45:00,5807.93,46.45,TRADE
NSW1,2026/09/14 12:50:00,5878.12,46.45,TRADE
NSW1,2026/09/14 12:55:00,5843.16,46.45,TRADE
NSW1,2026/09/14 13:00:00,5884.93,46.45,TRADE
NSW1,2026/09/14 13:05:00,5886.03,46.45,TRADE
NSW1,2026/09/14 13:10:00,5919.07,46.45,TRADE
NSW1,2026/09/14 13:15:00,6006.09,52.90,TRADE
NSW1,2026/09/14 13:20:00,5973.18,52.90,TRADE
NSW1,2026/09/14 13:25:00,6100.58,52.90,TRADE
NSW1,2026/09/14 13:30:00,6043.42,46.45,TRADE
NSW1,2026/09/14 13:35:00,6218.39,52.90,TRADE
NSW1,2026/09/14 13:40:00,6133.49,52.90,TRADE
NSW1,2026/09/14 13:45:00,6160.08,52.90,TRADE
NSW1,2026/09/14 13:50:00,6221.74,52.90,TRADE
NSW1,2026/09/14 13:55:00,6199.4,52.90,TRADE
NSW1,2026/09/14 14:00:00,6119.49,25.11,TRADE
NSW1,2026/09/14 14:05:00,6157.37,23.51,TRADE
NSW1,2026/09/14 14:10:00,6106.91,42.80,TRADE
NSW1,2026/09/14 14:15:00,6052.8,42.80,TRADE
NSW1,2026/09/14 14:20:00,5987.73,23.51,TRADE
NSW1,2026/09/14 14:25:00,5896.22,28.95,TRADE
NSW1,2026/09/14 14:30:00,5844.33,23.51,TRADE
NSW1,2026/09/14 14:35:00,5853.21,23.51,TRADE
NSW1,2026/09/14 14:40:00,5919.6,23.51,TRADE
NSW1,2026/09/14 14:45:00,5843.03,23.51,TRADE
NSW1,2026/09/14 14:50:00,5773.2,10.27,TRADE
NSW1,2026/09/14 14:55:00,5880.12,9.90,TRADE
NSW1,2026/09/14 15:00:00,5988.01,8.67,TRADE
NSW1,2026/09/14 15:05:00,5977.57,0,TRADE
NSW1,2026/09/14 15:10:00,6015.05,-8.66,TRADE
NSW1,2026/09/14 15:15:00,6148.33,0,TRADE
NSW1,2026/09/14 15:20:00,6247.15,0.01,TRADE
NSW1,2026/09/14 15:25:00,6202.68,-6.16,TRADE
NSW1,2026/09/14 15:30:00,6404.86,-6.51,TRADE
NSW1,2026/09/14 15:35:00,6507.76,-6.22,TRADE
NSW1,2026/09/14 15:40:00,6617.06,-7,TRADE
NSW1,2026/09/14 15:45:00,6696.81,-7,TRADE
NSW1,2026/09/14 15:50:00,6793.05,-6.51,TRADE
NSW1,2026/09/14 15:55:00,6879.25,-6.61,TRADE
NSW1,2026/09/14 16:00:00,6969.01,-4.86,TRADE
NSW1,2026/09/14 16:05:00,7100.91,-4.95,TRADE
NSW1,2026/09/14 16:10:00,7209.29,-3,TRADE
NSW1,2026/09/14 16:15:00,7280.2,-0.63,TRADE
NSW1,2026/09/14 16:20:00,7423.22,0,TRADE
NSW1,2026/09/14 16:25:00,7515.39,38.64,TRADE
NSW1,2026/09/14 16:30:00,7571.07,64.05,TRADE
NSW1,2026/09/14 16:35:00,7658.56,75.90,TRADE
NSW1,2026/09/14 16:40:00,7716.27,80.80,TRADE
NSW1,2026/09/14 16:45:00,7714.5,68.78,TRADE
NSW1,2026/09/14 16:50:00,7807.18,71.38,TRADE
NSW1,2026/09/14 16:55:00,7924.74,71.38,TRADE
NSW1,2026/09/14 17:00:00,8022.96,72.73,TRADE
NSW1,2026/09/14 17:05:00,8047.19,66.82,TRADE
NSW1,2026/09/14 17:10:00,8083.76,66.58,TRADE
NSW1,2026/09/14 17:15:00,8090.04,64.89,TRADE
NSW1,2026/09/14 17:20:00,8254.08,70.22,TRADE
NSW1,2026/09/14 17:25:00,8313.9,73.47,TRADE
NSW1,2026/09/14 17:30:00,8382.42,78.65,TRADE
NSW1,2026/09/14 17:35:00,8444.02,70.31,TRADE
NSW1,2026/09/14 17:40:00,8502.34,73.83,TRADE
NSW1,2026/09/14 17:45:00,8533.28,71.38,TRADE
NSW1,2026/09/14 17:50:00,8610.59,71.38,TRADE
NSW1,2026/09/14 17:55:00,8664.84,71.62,TRADE
NSW1,2026/09/14 18:00:00,8737.67,75.14,TRADE
NSW1,2026/09/14 18:05:00,8800.75,74.45,TRADE
NSW1,2026/09/14 18:10:00,8619.16,70.05,TRADE
NSW1,2026/09/14 18:15:00,8686.93,75.83,TRADE
NSW1,2026/09/14 18:20:00,8685.78,73.33,TRADE
NSW1,2026/09/14 18:25:00,8720.39,74.88,TRADE
NSW1,2026/09/14 18:30:00,8726.93,78.58,TRADE
NSW1,2026/09/14 18:35:00,8667.86,73.33,TRADE
NSW1,2026/09/14 18:40:00,8704.77,71.38,TRADE
NSW1,2026/09/14 18:45:00,8676.62,71.38,TRADE
NSW1,2026/09/14 18:50:00,8722.4,72.30,TRADE
NSW1,2026/09/14 18:55:00,8688.71,71.38,TRADE
NSW1,2026/09/14 19:00:00,8623.77,71.38,TRADE
NSW1,2026/09/14 19:05:00,8659.03,71.38,TRADE
NSW1,2026/09/14 19:10:00,8558.96,71.38,TRADE
NSW1,2026/09/14 19:15:00,8580.58,71.38,TRADE
NSW1,2026/09/14 19:20:00,8576.18,70.25,TRADE
NSW1,2026/09/14 19:25:00,8470.37,70.36,TRADE
NSW1,2026/09/14 19:30:00,8477.11,64.83,TRADE
NSW1,2026/09/14 19:35:00,8495.04,65.50,TRADE
NSW1,2026/09/14 19:40:00,8468.02,65.50,TRADE
NSW1,2026/09/14 19:45:00,8340.72,64.05,TRADE
NSW1,2026/09/14 19:50:00,8300.51,64.70,TRADE
NSW1,2026/09/14 19:55:00,8380.47,64.83,TRADE
NSW1,2026/09/14 20:00:00,8347.2,64.83,TRADE
NSW1,2026/09/14 20:05:00,8225.26,64.05,TRADE
NSW1,2026/09/14 20:10:00,8294.26,64.05,TRADE
NSW1,2026/09/14 20:15:00,8245.65,64.05,TRADE
NSW1,2026/09/14 20:20:00,8227.41,64.05,TRADE
NSW1,2026/09/14 20:25:00,8176.58,64.05,TRADE
NSW1,2026/09/14 20:30:00,8209.74,64.05,TRADE
NSW1,2026/09/14 20:35:00,8189.69,64.83,TRADE
NSW1,2026/09/14 20:40:00,8146.22,64.89,TRADE
NSW1,2026/09/14 20:45:00,8083.97,71.38,TRADE
NSW1,2026/09/14 20:50:00,8117.91,71.40,TRADE
NSW1,2026/09/14 20:55:00,8060.95,70.06,TRADE
NSW1,2026/09/14 21:00:00,7923.18,64.05,TRADE
NSW1,2026/09/14 21:05:00,7974.55,71.32,TRADE
NSW1,2026/09/14 21:10:00,7956.27,71.40,TRADE
NSW1,2026/09/14 21:15:00,7859.8,64.95,TRADE
NSW1,2026/09/14 21:20:00,7877.58,66.52,TRADE
NSW1,2026/09/14 21:25:00,7875.08,71.04,TRADE
NSW1,2026/09/14 21:30:00,7747.47,71.40,TRADE
NSW1,2026/09/14 21:35:00,7718.17,64.05,TRADE
NSW1,2026/09/14 21:40:00,7777.18,69.73,TRADE
NSW1,2026/09/14 21:45:00,7782.32,71.40,TRADE
NSW1,2026/09/14 21:50:00,7643.8,71.38,TRADE
NSW1,2026/09/14 21:55:00,7636.85,64.95,TRADE
NSW1,2026/09/14 22:00:00,7579.29,64.05,TRADE
NSW1,2026/09/14 22:05:00,7595.21,71.40,TRADE
NSW1,2026/09/14 22:10:00,7701.86,71.40,TRADE
NSW1,2026/09/14 22:15:00,7662.46,71.38,TRADE
NSW1,2026/09/14 22:20:00,7579.07,64.05,TRADE
NSW1,2026/09/14 22:25:00,7651.17,71.38,TRADE
NSW1,2026/09/14 22:30:00,7593.07,64.26,TRADE
NSW1,2026/09/14 22:35:00,7600.79,71.40,TRADE
NSW1,2026/09/14 22:40:00,7577.55,71.40,TRADE
NSW1,2026/09/14 22:45:00,7557.2,71.40,TRADE
NSW1,2026/09/14 22:50:00,7485.54,71.38,TRADE
NSW1,2026/09/14 22:55:00,7484.29,66.52,TRADE
NSW1,2026/09/14 23:00:00,7467.12,71.40,TRADE
NSW1,2026/09/14 23:05:00,7438.54,59.51,TRADE
NSW1,2026/09/14 23:10:00,7371.3,71.40,TRADE
NSW1,2026/09/14 23:15:00,7380.34,71.40,TRADE
NSW1,2026/09/14 23:20:00,7321.45,60.76,TRADE
NSW1,2026/09/14 23:25:00,7307.37,67.43,TRADE
NSW1,2026/09/14 23:30:00,7298.59,64.95,TRADE
NSW1,2026/09/14 23:35:00,7329.87,71.38,TRADE
NSW1,2026/09/14 23:40:00,7265.71,67.89,TRADE
NSW1,2026/09/14 23:45:00,7243.3,67.03,TRADE
NSW1,2026/09/14 23:50:00,7159.79,64.89,TRADE
NSW1,2026/09/14 23:55:00,7098.41,57.39,TRADE
NSW1,2026/09/15 00:00:00,7214.32,68.02,TRADE
NSW1,2026/09/15 00:05:00,7189.7,71.40,TRADE
NSW1,2026/09/15 00:10:00,7398.67,71.38,TRADE
NSW1,2026/09/15 00:15:00,7493.24,71.40,TRADE
NSW1,2026/09/15 00:20:00,7501,71.40,TRADE
NSW1,2026/09/15 00:25:00,7461.94,71.40,TRADE
NSW1,2026/09/15 00:30:00,7459.11,71.40,TRADE
NSW1,2026/09/15 00:35:00,7421.07,84.50,TRADE
NSW1,2026/09/15 00:40:00,7175.72,56.38,TRADE
NSW1,2026/09/15 00:45:00,7242.65,71.38,TRADE
NSW1,2026/09/15 00:50:00,7208.34,68.66,TRADE
NSW1,2026/09/15 00:55:00,7189.98,68.22,TRADE
NSW1,2026/09/15 01:00:00,7122.92,67.40,TRADE
NSW1,2026/09/15 01:05:00,7055.5,66.54,TRADE
NSW1,2026/09/15 01:10:00,7075.59,76.16,TRADE
NSW1,2026/09/15 01:15:00,6879.4,65.26,TRADE
NSW1,2026/09/15 01:20:00,6870.46,64.05,TRADE
NSW1,2026/09/15 01:25:00,6875.51,57.28,TRADE
NSW1,2026/09/15 01:30:00,6753.63,64.06,TRADE
NSW1,2026/09/15 01:35:00,6668.72,65.51,TRADE
NSW1,2026/09/15 01:40:00,6701.95,71.38,TRADE
NSW1,2026/09/15 01:45:00,6673.12,66.98,TRADE
NSW1,2026/09/15 01:50:00,6704.32,68.29,TRADE
NSW1,2026/09/15 01:55:00,6628.61,64.89,TRADE
NSW1,2026/09/15 02:00:00,6559.71,65.51,TRADE
NSW1,2026/09/15 02:05:00,6649.79,73.12,TRADE
NSW1,2026/09/15 02:10:00,6564.57,67.44,TRADE
NSW1,2026/09/15 02:15:00,6615.06,71.38,TRADE
NSW1,2026/09/15 02:20:00,6548.15,67.91,TRADE
NSW1,2026/09/15 02:25:00,6475.36,65.51,TRADE
NSW1,2026/09/15 02:30:00,6447.11,64.89,TRADE
NSW1,2026/09/15 02:35:00,6491.52,66.62,TRADE
NSW1,2026/09/15 02:40:00,6466.33,66.17,TRADE
NSW1,2026/09/15 02:45:00,6428.63,64.95,TRADE
NSW1,2026/09/15 02:50:00,6394.15,64.89,TRADE
NSW1,2026/09/15 02:55:00,6372.39,65.51,TRADE
NSW1,2026/09/15 03:00:00,6430.67,64.95,TRADE
NSW1,2026/09/15 03:05:00,6343.83,64.95,TRADE
NSW1,2026/09/15 03:10:00,6374.03,65.51,TRADE
NSW1,2026/09/15 03:15:00,6389.88,71.38,TRADE
NSW1,2026/09/15 03:20:00,6292.83,64.95,TRADE
NSW1,2026/09/15 03:25:00,6266.57,64.95,TRADE
NSW1,2026/09/15 03:30:00,6236.03,64.95,TRADE
NSW1,2026/09/15 03:35:00,6304.35,65.51,TRADE
NSW1,2026/09/15 03:40:00,6337.19,74.33,TRADE
NSW1,2026/09/15 03:45:00,6202.41,64.95,TRADE
NSW1,2026/09/15 03:50:00,6306.36,74.28,TRADE
NSW1,2026/09/15 03:55:00,6263.62,71.40,TRADE
NSW1,2026/09/15 04:00:00,6331.9,81.01,TRADE
NSW1,2026/09/15 04:05:00,6258.49,74.79,TRADE
NSW1,2026/09/15 04:10:00,6232.64,64.51,TRADE
NSW1,2026/09/15 04:15:00,6284.1,69.90,TRADE
NSW1,2026/09/15 04:20:00,6358.6,82.90,TRADE
NSW1,2026/09/15 04:25:00,6320.61,80.91,TRADE
NSW1,2026/09/15 04:30:00,6328.79,69.90,TRADE
NSW1,2026/09/15 04:35:00,6389.82,69.90,TRADE
NSW1,2026/09/15 04:40:00,6428.72,82.90,TRADE
NSW1,2026/09/15 04:45:00,6326.62,79.25,TRADE
NSW1,2026/09/15 04:50:00,6297.72,69.90,TRADE
NSW1,2026/09/15 04:55:00,6463.93,69.90,TRADE
NSW1,2026/09/15 05:00:00,6534.76,77.72,TRADE
NSW1,2026/09/15 05:05:00,6501.01,69.90,TRADE
NSW1,2026/09/15 05:10:00,6585.34,69.90,TRADE
NSW1,2026/09/15 05:15:00,6719.79,69.91,TRADE
NSW1,2026/09/15 05:20:00,6704.99,71.38,TRADE
NSW1,2026/09/15 05:25:00,6797.18,69.91,TRADE
NSW1,2026/09/15 05:30:00,6756.52,89,TRADE
NSW1,2026/09/15 05:35:00,6763.58,69.91,TRADE
NSW1,2026/09/15 05:40:00,6843.69,83.99,TRADE
NSW1,2026/09/15 05:45:00,6934.12,71.38,TRADE
NSW1,2026/09/15 05:50:00,6985.6,83.99,TRADE
NSW1,2026/09/15 05:55:00,6945.03,75.96,TRADE
NSW1,2026/09/15 06:00:00,6947.24,72.30,TRADE
NSW1,2026/09/15 06:05:00,7113.35,80.58,TRADE
NSW1,2026/09/15 06:10:00,7160.26,80.48,TRADE
NSW1,2026/09/15 06:15:00,7314.44,90,TRADE
NSW1,2026/09/15 06:20:00,7265.77,83.99,TRADE
NSW1,2026/09/15 06:25:00,7325.3,83.99,TRADE
NSW1,2026/09/15 06:30:00,7395.94,82.84,TRADE
NSW1,2026/09/15 06:35:00,7355.07,66.52,TRADE
NSW1,2026/09/15 06:40:00,7426.21,66.35,TRADE
NSW1,2026/09/15 06:45:00,7384.14,62.53,TRADE
NSW1,2026/09/15 06:50:00,7296.78,57,TRADE
NSW1,2026/09/15 06:55:00,7267.34,50.12,TRADE
NSW1,2026/09/15 07:00:00,7225.72,15.61,TRADE
NSW1,2026/09/15 07:05:00,7197.16,13.98,TRADE
NSW1,2026/09/15 07:10:00,7169.15,11.50,TRADE
NSW1,2026/09/15 07:15:00,7168.71,11.50,TRADE
NSW1,2026/09/15 07:20:00,7130.5,11.50,TRADE
NSW1,2026/09/15 07:25:00,7057.02,11.50,TRADE
NSW1,2026/09/15 07:30:00,7033.92,8.60,TRADE
NSW1,2026/09/15 07:35:00,6987.77,24.48,TRADE
NSW1,2026/09/15 07:40:00,6920.11,26.15,TRADE
NSW1,2026/09/15 07:45:00,6828.74,13.69,TRADE
NSW1,2026/09/15 07:50:00,6805.08,8.23,TRADE
NSW1,2026/09/15 07:55:00,6696.19,11.16,TRADE
NSW1,2026/09/15 08:00:00,6703.49,9.39,TRADE
NSW1,2026/09/15 08:05:00,6595.36,11.50,TRADE
NSW1,2026/09/15 08:10:00,6609.36,11.50,TRADE
NSW1,2026/09/15 08:15:00,6489.34,11.50,TRADE
NSW1,2026/09/15 08:20:00,6378.64,5.55,TRADE
NSW1,2026/09/15 08:25:00,6358.59,9.23,TRADE
NSW1,2026/09/15 08:30:00,6199.04,2.12,TRADE
NSW1,2026/09/15 08:35:00,6148.82,0.06,TRADE
NSW1,2026/09/15 08:40:00,6070.48,0.01,TRADE
NSW1,2026/09/15 08:45:00,5988.72,0.01,TRADE
NSW1,2026/09/15 08:50:00,5939.77,-1.21,TRADE
NSW1,2026/09/15 08:55:00,5821.97,-4.26,TRADE
NSW1,2026/09/15 09:00:00,5751.26,-5.17,TRADE
NSW1,2026/09/15 09:05:00,5666.76,-5.04,TRADE
NSW1,2026/09/15 09:10:00,5669.12,-5.04,TRADE
NSW1,2026/09/15 09:15:00,5566.12,-1.25,TRADE
NSW1,2026/09/15 09:20:00,5499.41,-7.17,TRADE
NSW1,2026/09/15 09:25:00,5538.2,-8.32,TRADE
NSW1,2026/09/15 09:30:00,5446.36,-8.64,TRADE
NSW1,2026/09/15 09:35:00,5404.03,-5.01,TRADE
NSW1,2026/09/15 09:40:00,5382.26,-8.57,TRADE
NSW1,2026/09/15 09:45:00,5356.44,-6.33,TRADE
NSW1,2026/09/15 09:50:00,5301.85,-6.33,TRADE
NSW1,2026/09/15 09:55:00,5229.24,-6.33,TRADE
NSW1,2026/09/15 10:00:00,5228.41,-8.73,TRADE
NSW1,2026/09/15 10:05:00,5091.84,-7.49,TRADE
NSW1,2026/09/15 10:10:00,5093.72,-7.32,TRADE
NSW1,2026/09/15 10:15:00,5095.36,-7.23,TRADE
NSW1,2026/09/15 10:20:00,5057.91,-7.24,TRADE
NSW1,2026/09/15 10:25:00,5011.09,-7.19,TRADE
NSW1,2026/09/15 10:30:00,4936.5,-8.70,TRADE
NSW1,2026/09/15 10:35:00,4936.21,-9.09,TRADE
NSW1,2026/09/15 10:40:00,4820.24,-9.25,TRADE
NSW1,2026/09/15 10:45:00,4844.2,-8.92,TRADE
NSW1,2026/09/15 10:50:00,4725.5,-9.50,TRADE
NSW1,2026/09/15 10:55:00,4725.96,-9.32,TRADE
NSW1,2026/09/15 11:00:00,4629.11,-8.97,TRADE
NSW1,2026/09/15 11:05:00,4532.4,-8.90,TRADE
NSW1,2026/09/15 11:10:00,4625.27,-8.71,TRADE
NSW1,2026/09/15 11:15:00,4532.03,-8.63,TRADE
NSW1,2026/09/15 11:20:00,4507.71,-8.50,TRADE
NSW1,2026/09/15 11:25:00,4523.23,-8.13,TRADE
NSW1,2026/09/15 11:30:00,4441.33,-9.07,TRADE
NSW1,2026/09/15 11:35:00,4394.44,-8.63,TRADE
NSW1,2026/09/15 11:40:00,4448.53,-7.75,TRADE
NSW1,2026/09/15 11:45:00,4392.19,-7.84,TRADE
NSW1,2026/09/15 11:50:00,4326.32,-7.10,TRADE
NSW1,2026/09/15 11:55:00,4303.27,-7.49,TRADE
NSW1,2026/09/15 12:00:00,4312.56,-7.50,TRADE
NSW1,2026/09/15 12:05:00,4328.85,-7.49,TRADE
NSW1,2026/09/15 12:10:00,4382.78,-10,TRADE
NSW1,2026/09/15 12:15:00,4359.56,-8.49,TRADE
NSW1,2026/09/15 12:20:00,4277.42,-9.27,TRADE
NSW1,2026/09/15 12:25:00,4320.36,-9.75,TRADE
NSW1,2026/09/15 12:30:00,4317.24,-8.97,TRADE
NSW1,2026/09/15 12:35:00,4306.14,-10.10,TRADE
NSW1,2026/09/15 12:40:00,4274.69,-10.10,TRADE
NSW1,2026/09/15 12:45:00,4234.78,-10.10,TRADE
NSW1,2026/09/15 12:50:00,4258.71,-9.50,TRADE
NSW1,2026/09/15 12:55:00,4294.76,-8.82,TRADE
NSW1,2026/09/15 13:00:00,4309.79,-8.84,TRADE
NSW1,2026/09/15 13:05:00,4396.38,-8.63,TRADE
NSW1,2026/09/15 13:10:00,4321.09,-8.66,TRADE
NSW1,2026/09/15 13:15:00,4405.77,-8.63,TRADE
NSW1,2026/09/15 13:20:00,4418.55,-8.83,TRADE
NSW1,2026/09/15 13:25:00,4436.65,-8.73,TRADE
NSW1,2026/09/15 13:30:00,4395.77,-8.40,TRADE
NSW1,2026/09/15 13:35:00,4520.9,-8.38,TRADE
NSW1,2026/09/15 13:40:00,4602.05,-8.63,TRADE
NSW1,2026/09/15 13:45:00,4593.97,-8.55,TRADE
NSW1,2026/09/15 13:50:00,4605.91,-8.12,TRADE
NSW1,2026/09/15 13:55:00,4640.19,-8.05,TRADE
NSW1,2026/09/15 14:00:00,4652.36,-8,TRADE
NSW1,2026/09/15 14:05:00,4829.62,-7.98,TRADE
NSW1,2026/09/15 14:10:00,4875.88,-9.63,TRADE
NSW1,2026/09/15 14:15:00,4881.38,-8.10,TRADE
NSW1,2026/09/15 14:20:00,5000.96,-8.05,TRADE
NSW1,2026/09/15 14:25:00,5047.06,-7.24,TRADE
NSW1,2026/09/15 14:30:00,5051.47,-7.28,TRADE
NSW1,2026/09/15 14:35:00,5139.97,-6.51,TRADE
NSW1,2026/09/15 14:40:00,5230.81,-6.33,TRADE
NSW1,2026/09/15 14:45:00,5350.49,-5.73,TRADE
NSW1,2026/09/15 14:50:00,5382.34,-7.37,TRADE
NSW1,2026/09/15 14:55:00,5507.78,-7,TRADE
NSW1,2026/09/15 15:00:00,5593.14,-7,TRADE
NSW1,2026/09/15 15:05:00,5750.45,-6.79,TRADE
NSW1,2026/09/15 15:10:00,5828.53,-6.11,TRADE
NSW1,2026/09/15 15:15:00,5898.29,-5.69,TRADE
NSW1,2026/09/15 15:20:00,6003.3,-3.91,TRADE
NSW1,2026/09/15 15:25:00,6094.3,-3.88,TRADE
NSW1,2026/09/15 15:30:00,6210.64,-3.13,TRADE
NSW1,2026/09/15 15:35:00,6375.59,2.12,TRADE
NSW1,2026/09/15 15:40:00,6434.64,2.12,TRADE
NSW1,2026/09/15 15:45:00,6565.46,7.17,TRADE
NSW1,2026/09/15 15:50:00,6687.63,7.09,TRADE
NSW1,2026/09/15 15:55:00,6750.74,12.89,TRADE
NSW1,2026/09/15 16:00:00,6859.6,64.89,TRADE
NSW1,2026/09/15 16:05:00,6959.71,42.40,TRADE
NSW1,2026/09/15 16:10:00,7081.82,41,TRADE
NSW1,2026/09/15 16:15:00,7141.31,24.99,TRADE
NSW1,2026/09/15 16:20:00,7222.25,42.18,TRADE
NSW1,2026/09/15 16:25:00,7344.06,63.62,TRADE
NSW1,2026/09/15 16:30:00,7394.89,57,TRADE
NSW1,2026/09/15 16:35:00,7576.71,64.05,TRADE
NSW1,2026/09/15 16:40:00,7668.46,64.05,TRADE
NSW1,2026/09/15 16:45:00,7796.21,74.92,TRADE
NSW1,2026/09/15 16:50:00,7861.47,69.51,TRADE
NSW1,2026/09/15 16:55:00,8019,65.71,TRADE
NSW1,2026/09/15 17:00:00,8093.66,57.81,TRADE
NSW1,2026/09/15 17:05:00,8144.26,55.39,TRADE
NSW1,2026/09/15 17:10:00,8230.84,76.66,TRADE
NSW1,2026/09/15 17:15:00,8207.14,71.38,TRADE
NSW1,2026/09/15 17:20:00,8199.95,64.76,TRADE
NSW1,2026/09/15 17:25:00,8440.03,69.57,TRADE
NSW1,2026/09/15 17:30:00,8507.25,75.34,TRADE
NSW1,2026/09/15 17:35:00,8478.14,74.65,TRADE
NSW1,2026/09/15 17:40:00,8484.16,63.52,TRADE
NSW1,2026/09/15 17:45:00,8660.38,78.86,TRADE
NSW1,2026/09/15 17:50:00,8632.99,79.68,TRADE
NSW1,2026/09/15 17:55:00,8597.14,60.91,TRADE
NSW1,2026/09/15 18:00:00,8747.91,73.62,TRADE
NSW1,2026/09/15 18:05:00,8837.56,78.47,TRADE
NSW1,2026/09/15 18:10:00,8700.38,71.38,TRADE
NSW1,2026/09/15 18:15:00,8727.26,66.52,TRADE
NSW1,2026/09/15 18:20:00,8867.42,75.70,TRADE
NSW1,2026/09/15 18:25:00,8799.02,71.38,TRADE
NSW1,2026/09/15 18:30:00,8857.21,74.57,TRADE
NSW1,2026/09/15 18:35:00,8801.38,71.38,TRADE
NSW1,2026/09/15 18:40:00,8742.79,71.38,TRADE
NSW1,2026/09/15 18:45:00,8841.4,71.38,TRADE
NSW1,2026/09/15 18:50:00,8761.37,71.38,TRADE
NSW1,2026/09/15 18:55:00,8770.15,70.45,TRADE
NSW1,2026/09/15 19:00:00,8719.93,70.96,TRADE
NSW1,2026/09/15 19:05:00,8797.82,71.97,TRADE
NSW1,2026/09/15 19:10:00,8671.87,71.38,TRADE
NSW1,2026/09/15 19:15:00,8674.35,69.75,TRADE
NSW1,2026/09/15 19:20:00,8658.85,69.71,TRADE
NSW1,2026/09/15 19:25:00,8666.28,70.24,TRADE
NSW1,2026/09/15 19:30:00,8645.79,71.17,TRADE
NSW1,2026/09/15 19:35:00,8626.91,72.50,TRADE
NSW1,2026/09/15 19:40:00,8585.7,72.03,TRADE
NSW1,2026/09/15 19:45:00,8608.2,73.50,TRADE
NSW1,2026/09/15 19:50:00,8525.81,74.14,TRADE
NSW1,2026/09/15 19:55:00,8448.21,76.59,TRADE
NSW1,2026/09/15 20:00:00,8463.24,76.08,TRADE
NSW1,2026/09/15 20:05:00,8356.7,71.38,TRADE
NSW1,2026/09/15 20:10:00,8435.74,74.98,TRADE
NSW1,2026/09/15 20:15:00,8406.97,74.55,TRADE
NSW1,2026/09/15 20:20:00,8414.18,72.36,TRADE
NSW1,2026/09/15 20:25:00,8398.89,72.16,TRADE
NSW1,2026/09/15 20:30:00,8355.01,71.90,TRADE
NSW1,2026/09/15 20:35:00,8389.17,71.93,TRADE
NSW1,2026/09/15 20:40:00,8324.12,74.70,TRADE
NSW1,2026/09/15 20:45:00,8302.98,73.17,TRADE
NSW1,2026/09/15 20:50:00,8298.42,73.26,TRADE
NSW1,2026/09/15 20:55:00,8291.98,75.96,TRADE
NSW1,2026/09/15 21:00:00,8262.23,75.26,TRADE
NSW1,2026/09/15 21:05:00,8206.7,75.96,TRADE
NSW1,2026/09/15 21:10:00,8276.76,78.93,TRADE
NSW1,2026/09/15 21:15:00,8123.99,75.96,TRADE
NSW1,2026/09/15 21:20:00,8135.29,75.96,TRADE
NSW1,2026/09/15 21:25:00,8090.5,71.91,TRADE
NSW1,2026/09/15 21:30:00,8041.12,71.38,TRADE
NSW1,2026/09/15 21:35:00,8036.77,74.38,TRADE
NSW1,2026/09/15 21:40:00,7952.48,73.88,TRADE
NSW1,2026/09/15 21:45:00,7929.96,73.96,TRADE
NSW1,2026/09/15 21:50:00,7891.55,78.44,TRADE
NSW1,2026/09/15 21:55:00,7769.79,74.05,TRADE
NSW1,2026/09/15 22:00:00,7819.5,76.58,TRADE
NSW1,2026/09/15 22:05:00,7688.82,69.85,TRADE
NSW1,2026/09/15 22:10:00,7966.38,77.11,TRADE
NSW1,2026/09/15 22:15:00,7834.36,69.31,TRADE
NSW1,2026/09/15 22:20:00,7936.35,67.69,TRADE
NSW1,2026/09/15 22:25:00,7904.06,77.58,TRADE
NSW1,2026/09/15 22:30:00,7812.35,71.38,TRADE
NSW1,2026/09/15 22:35:00,7856.58,77.13,TRADE
NSW1,2026/09/15 22:40:00,7749,71.38,TRADE
NSW1,2026/09/15 22:45:00,7802.38,69.90,TRADE
NSW1,2026/09/15 22:50:00,7798.15,71.80,TRADE
NSW1,2026/09/15 22:55:00,7763.07,71.38,TRADE
NSW1,2026/09/15 23:00:00,7722.23,69.91,TRADE
NSW1,2026/09/15 23:05:00,7678.85,66.52,TRADE
NSW1,2026/09/15 23:10:00,7665,69.18,TRADE
NSW1,2026/09/15 23:15:00,7600.49,65.50,TRADE
NSW1,2026/09/15 23:20:00,7562.77,65.50,TRADE
NSW1,2026/09/15 23:25:00,7528.29,65.52,TRADE
NSW1,2026/09/15 23:30:00,7547.76,71.25,TRADE
NSW1,2026/09/15 23:35:00,7486.97,77.91,TRADE
NSW1,2026/09/15 23:40:00,7402.62,71.44,TRADE
NSW1,2026/09/15 23:45:00,7425.94,72.44,TRADE
NSW1,2026/09/15 23:50:00,7384.46,65.50,TRADE
NSW1,2026/09/15 23:55:00,7342.58,69.86,TRADE
NSW1,2026/09/16 00:00:00,7356.5,65.50,TRADE
NSW1,2026/09/16 00:05:00,7306.05,65.70,TRADE
NSW1,2026/09/16 00:10:00,7379.77,88.88,TRADE
NSW1,2026/09/16 00:15:00,7353.53,78.08,TRADE
NSW1,2026/09/16 00:20:00,7306.11,69.90,TRADE
NSW1,2026/09/16 00:25:00,7393.19,78.14,TRADE
NSW1,2026/09/16 00:30:00,7348.14,72.68,TRADE
NSW1,2026/09/16 00:35:00,7329.03,69.90,TRADE
NSW1,2026/09/16 00:40:00,7304.49,69.91,TRADE
NSW1,2026/09/16 00:45:00,7300.38,69.91,TRADE
NSW1,2026/09/16 00:50:00,7279.65,69.90,TRADE
NSW1,2026/09/16 00:55:00,7165.17,69.91,TRADE
NSW1,2026/09/16 01:00:00,7194.14,69.90,TRADE
NSW1,2026/09/16 01:05:00,7130.45,69.90,TRADE
NSW1,2026/09/16 01:10:00,7154.87,69.91,TRADE
NSW1,2026/09/16 01:15:00,7032.29,79.38,TRADE
NSW1,2026/09/16 01:20:00,6920.52,69.90,TRADE
NSW1,2026/09/16 01:25:00,6962.03,72.35,TRADE
NSW1,2026/09/16 01:30:00,6888.63,69.90,TRADE
NSW1,2026/09/16 01:35:00,6861.02,69.90,TRADE
NSW1,2026/09/16 01:40:00,6870.54,72.34,TRADE
NSW1,2026/09/16 01:45:00,6818.04,80.48,TRADE
NSW1,2026/09/16 01:50:00,6681.23,71.63,TRADE
NSW1,2026/09/16 01:55:00,6715.83,69.91,TRADE
NSW1,2026/09/16 02:00:00,6709.26,69.91,TRADE
NSW1,2026/09/16 02:05:00,6778.6,81.01,TRADE
NSW1,2026/09/16 02:10:00,6690.09,80.44,TRADE
NSW1,2026/09/16 02:15:00,6713.45,69.91,TRADE
NSW1,2026/09/16 02:20:00,6749.76,72.90,TRADE
NSW1,2026/09/16 02:25:00,6739.59,81.02,TRADE
NSW1,2026/09/16 02:30:00,6723.82,73.87,TRADE
NSW1,2026/09/16 02:35:00,6684.3,81.57,TRADE
NSW1,2026/09/16 02:40:00,6588.27,80.44,TRADE
NSW1,2026/09/16 02:45:00,6573.54,73.83,TRADE
NSW1,2026/09/16 02:50:00,6578.21,80.48,TRADE
NSW1,2026/09/16 02:55:00,6576.02,79.45,TRADE
NSW1,2026/09/16 03:00:00,6559.65,73.13,TRADE
NSW1,2026/09/16 03:05:00,6565.86,78.93,TRADE
NSW1,2026/09/16 03:10:00,6514.45,78.92,TRADE
NSW1,2026/09/16 03:15:00,6531.78,83.99,TRADE
NSW1,2026/09/16 03:20:00,6514.28,78.46,TRADE
NSW1,2026/09/16 03:25:00,6542.23,79.01,TRADE
NSW1,2026/09/16 03:30:00,6526.6,79.01,TRADE
NSW1,2026/09/16 03:35:00,6523.58,78.46,TRADE
NSW1,2026/09/16 03:40:00,6553.32,71.38,TRADE
NSW1,2026/09/16 03:45:00,6600.72,83.99,TRADE
NSW1,2026/09/16 03:50:00,6565.04,82.90,TRADE
NSW1,2026/09/16 03:55:00,6520.61,77.38,TRADE
NSW1,2026/09/16 04:00:00,6613.88,83.34,TRADE
NSW1,2026/09/16 04:05:00,6581.16,82.90,TRADE
NSW1,2026/09/16 04:10:00,6547.06,83.99,TRADE
NSW1,2026/09/16 04:15:00,6496.69,69.91,TRADE
NSW1,2026/09/16 04:20:00,6527.29,82.72,TRADE
NSW1,2026/09/16 04:25:00,6521.99,77.50,TRADE
NSW1,2026/09/16 04:30:00,6553.2,82.49,TRADE
NSW1,2026/09/16 04:35:00,6578.07,69.56,TRADE
NSW1,2026/09/16 04:40:00,6591.45,70.03,TRADE
NSW1,2026/09/16 04:45:00,6641.68,82.90,TRADE
NSW1,2026/09/16 04:50:00,6593.94,76.93,TRADE
NSW1,2026/09/16 04:55:00,6662.53,83.99,TRADE
NSW1,2026/09/16 05:00:00,6726.94,87.06,TRADE
NSW1,2026/09/16 05:05:00,6711.15,69.19,TRADE
NSW1,2026/09/16 05:10:00,6866.31,77.64,TRADE
NSW1,2026/09/16 05:15:00,6978.51,84.95,TRADE
NSW1,2026/09/16 05:20:00,7014.75,84.79,TRADE
NSW1,2026/09/16 05:25:00,7037.09,82.90,TRADE
NSW1,2026/09/16 05:30:00,7038.67,87.69,TRADE
NSW1,2026/09/16 05:35:00,7131.84,82.90,TRADE
NSW1,2026/09/16 05:40:00,7169.14,90,TRADE
NSW1,2026/09/16 05:45:00,7277.82,90,TRADE
NSW1,2026/09/16 05:50:00,7345.91,95.50,TRADE
NSW1,2026/09/16 05:55:00,7417.21,86.36,TRADE
NSW1,2026/09/16 06:00:00,7427.9,108.05,TRADE
NSW1,2026/09/16 06:05:00,7528.24,94.81,TRADE
NSW1,2026/09/16 06:10:00,7623.76,104.14,TRADE
NSW1,2026/09/16 06:15:00,7722.38,105.67,TRADE
NSW1,2026/09/16 06:20:00,7768.71,114.54,TRADE
NSW1,2026/09/16 06:25:00,7812.5,93.61,TRADE
NSW1,2026/09/16 06:30:00,7766.91,103.91,TRADE
NSW1,2026/09/16 06:35:00,7798.54,90.49,TRADE
NSW1,2026/09/16 06:40:00,7820.58,90,TRADE
NSW1,2026/09/16 06:45:00,7796.77,84.79,TRADE
NSW1,2026/09/16 06:50:00,7790.63,69.91,TRADE
NSW1,2026/09/16 06:55:00,7810.9,65.51,TRADE
NSW1,2026/09/16 07:00:00,7660.98,57.27,TRADE
NSW1,2026/09/16 07:05:00,7667.34,43.70,TRADE
NSW1,2026/09/16 07:10:00,7578.95,43.28,TRADE
NSW1,2026/09/16 07:15:00,7618.08,0,TRADE
NSW1,2026/09/16 07:20:00,7622.4,-1.38,TRADE
NSW1,2026/09/16 07:25:00,7602.09,0,TRADE
NSW1,2026/09/16 07:30:00,7500.6,-1.36,TRADE
NSW1,2026/09/16 07:35:00,7464.38,0.90,TRADE
NSW1,2026/09/16 07:40:00,7389.83,0,TRADE
NSW1,2026/09/16 07:45:00,7343.13,-4.12,TRADE
NSW1,2026/09/16 07:50:00,7287.01,-6.19,TRADE
NSW1,2026/09/16 07:55:00,7255.31,0,TRADE
NSW1,2026/09/16 08:00:00,7104.34,0.90,TRADE
NSW1,2026/09/16 08:05:00,6973.95,-5.46,TRADE
NSW1,2026/09/16 08:10:00,7025.47,-2.95,TRADE
NSW1,2026/09/16 08:15:00,6932.45,0.90,TRADE
NSW1,2026/09/16 08:20:00,6767.39,0.90,TRADE
NSW1,2026/09/16 08:25:00,6597.91,0.01,TRADE
NSW1,2026/09/16 08:30:00,6556.08,0.90,TRADE
NSW1,2026/09/16 08:35:00,6430.46,-5.81,TRADE
NSW1,2026/09/16 08:40:00,6361.64,-6.28,TRADE
NSW1,2026/09/16 08:45:00,6286.46,-3.70,TRADE
NSW1,2026/09/16 08:50:00,6159.39,-5.04,TRADE
NSW1,2026/09/16 08:55:00,6013.69,-5.69,TRADE
NSW1,2026/09/16 09:00:00,5940.67,-6.20,TRADE
NSW1,2026/09/16 09:05:00,5863.36,-6.14,TRADE
NSW1,2026/09/16 09:10:00,5934.64,-6.30,TRADE
NSW1,2026/09/16 09:15:00,5888.58,-5.17,TRADE
NSW1,2026/09/16 09:20:00,5724.79,-5.02,TRADE
NSW1,2026/09/16 09:25:00,5584.65,-6.33,TRADE
NSW1,2026/09/16 09:30:00,5574.67,-5.97,TRADE
NSW1,2026/09/16 09:35:00,5417.19,-3.79,TRADE
NSW1,2026/09/16 09:40:00,5375.69,-3.26,TRADE
NSW1,2026/09/16 09:45:00,5377.77,-6.33,TRADE
NSW1,2026/09/16 09:50:00,5273.78,-4.05,TRADE
NSW1,2026/09/16 09:55:00,5277.11,-5.17,TRADE
NSW1,2026/09/16 10:00:00,5168.1,-6.05,TRADE
NSW1,2026/09/16 10:05:00,5107.2,2.12,TRADE
NSW1,2026/09/16 10:10:00,5102.68,-4.21,TRADE
NSW1,2026/09/16 10:15:00,5040.05,-6.33,TRADE
NSW1,2026/09/16 10:20:00,4944.59,-6.33,TRADE
NSW1,2026/09/16 10:25:00,4873.94,-6.33,TRADE
NSW1,2026/09/16 10:30:00,4773,-5.17,TRADE
NSW1,2026/09/16 10:35:00,4678.85,-3.37,TRADE
NSW1,2026/09/16 10:40:00,4742.38,-3.41,TRADE
NSW1,2026/09/16 10:45:00,4698.68,-3.28,TRADE
NSW1,2026/09/16 10:50:00,4622.82,-5.17,TRADE
NSW1,2026/09/16 10:55:00,4564.3,-3.62,TRADE
NSW1,2026/09/16 11:00:00,4522.88,-3.15,TRADE
NSW1,2026/09/16 11:05:00,4441.55,0,TRADE
NSW1,2026/09/16 11:10:00,4482.73,-5.01,TRADE
NSW1,2026/09/16 11:15:00,4504.73,-5.04,TRADE
NSW1,2026/09/16 11:20:00,4566.87,-3.30,TRADE
NSW1,2026/09/16 11:25:00,4492.9,-3.25,TRADE
NSW1,2026/09/16 11:30:00,4369.36,-4.33,TRADE
NSW1,2026/09/16 11:35:00,4292.65,-5.04,TRADE
NSW1,2026/09/16 11:40:00,4303.04,-5.17,TRADE
NSW1,2026/09/16 11:45:00,4292.52,-3.12,TRADE
NSW1,2026/09/16 11:50:00,4246.47,-5.17,TRADE
NSW1,2026/09/16 11:55:00,4268.12,-3.13,TRADE
NSW1,2026/09/16 12:00:00,4186.07,-1.43,TRADE
NSW1,2026/09/16 12:05:00,4230.76,-1.44,TRADE
NSW1,2026/09/16 12:10:00,4267.97,-3.24,TRADE
NSW1,2026/09/16 12:15:00,4266.41,-3.10,TRADE
NSW1,2026/09/16 12:20:00,4213.28,-3.08,TRADE
NSW1,2026/09/16 12:25:00,4220.79,-3.09,TRADE
NSW1,2026/09/16 12:30:00,4230.58,-3.07,TRADE
NSW1,2026/09/16 12:35:00,4269.98,0,TRADE
NSW1,2026/09/16 12:40:00,4159.12,-3.20,TRADE
NSW1,2026/09/16 12:45:00,4206.07,-3.20,TRADE
NSW1,2026/09/16 12:50:00,4206.02,-3.16,TRADE
NSW1,2026/09/16 12:55:00,4161.63,-3.14,TRADE
NSW1,2026/09/16 13:00:00,4185.25,-3.18,TRADE
NSW1,2026/09/16 13:05:00,4156.34,-3.06,TRADE
NSW1,2026/09/16 13:10:00,4205.09,-4.31,TRADE
NSW1,2026/09/16 13:15:00,4232.2,-3.14,TRADE
NSW1,2026/09/16 13:20:00,4237.24,-3.16,TRADE
NSW1,2026/09/16 13:25:00,4231.58,-5.10,TRADE
NSW1,2026/09/16 13:30:00,4240.99,-5.17,TRADE
NSW1,2026/09/16 13:35:00,4201.09,-5.01,TRADE
NSW1,2026/09/16 13:40:00,4312.19,-5.46,TRADE
NSW1,2026/09/16 13:45:00,4364.42,-5.54,TRADE
NSW1,2026/09/16 13:50:00,4356.96,-5.53,TRADE
NSW1,2026/09/16 13:55:00,4445.89,-6.58,TRADE
NSW1,2026/09/16 14:00:00,4487.07,-6.54,TRADE
NSW1,2026/09/16 14:05:00,4521.48,-6.58,TRADE
NSW1,2026/09/16 14:10:00,4541.43,-6.51,TRADE
NSW1,2026/09/16 14:15:00,4585.99,-5.48,TRADE
NSW1,2026/09/16 14:20:00,4609.59,-6.66,TRADE
NSW1,2026/09/16 14:25:00,4664.3,-6.70,TRADE
NSW1,2026/09/16 14:30:00,4668.57,-6.52,TRADE
NSW1,2026/09/16 14:35:00,4750.71,-5.57,TRADE
NSW1,2026/09/16 14:40:00,4854.46,-5.17,TRADE
NSW1,2026/09/16 14:45:00,4902.44,-5.17,TRADE
NSW1,2026/09/16 14:50:00,5008.15,-5.17,TRADE
NSW1,2026/09/16 14:55:00,5120.82,-5.17,TRADE
NSW1,2026/09/16 15:00:00,5182.84,-5.43,TRADE
NSW1,2026/09/16 15:05:00,5266.33,-5.17,TRADE
NSW1,2026/09/16 15:10:00,5314.47,-5.17,TRADE
NSW1,2026/09/16 15:15:00,5497.43,-5.17,TRADE
NSW1,2026/09/16 15:20:00,5494.21,-6.55,TRADE
NSW1,2026/09/16 15:25:00,5656.88,-5.67,TRADE
NSW1,2026/09/16 15:30:00,5794.47,-5.17,TRADE
NSW1,2026/09/16 15:35:00,5918.99,0,TRADE
NSW1,2026/09/16 15:40:00,6033.8,0,TRADE
NSW1,2026/09/16 15:45:00,6186.25,2.12,TRADE
NSW1,2026/09/16 15:50:00,6286.71,0,TRADE
NSW1,2026/09/16 15:55:00,6425.72,0,TRADE
NSW1,2026/09/16 16:00:00,6488.59,2.12,TRADE
NSW1,2026/09/16 16:05:00,6645.61,0,TRADE
NSW1,2026/09/16 16:10:00,6767.73,0,TRADE
NSW1,2026/09/16 16:15:00,6931.15,42.80,TRADE
NSW1,2026/09/16 16:20:00,7060.12,0,TRADE
NSW1,2026/09/16 16:25:00,7253.7,42.80,TRADE
NSW1,2026/09/16 16:30:00,7405.6,88.64,TRADE
NSW1,2026/09/16 16:35:00,7473.74,95.20,TRADE
NSW1,2026/09/16 16:40:00,7632.64,95.20,TRADE
NSW1,2026/09/16 16:45:00,7775.32,95.20,TRADE
NSW1,2026/09/16 16:50:00,7978.51,105.04,TRADE
NSW1,2026/09/16 16:55:00,8087.65,102.90,TRADE
NSW1,2026/09/16 17:00:00,8137.64,95.20,TRADE
NSW1,2026/09/16 17:05:00,8274.84,96.35,TRADE
NSW1,2026/09/16 17:10:00,8407.25,97.94,TRADE
NSW1,2026/09/16 17:15:00,8450.62,101.42,TRADE
NSW1,2026/09/16 17:20:00,8565.2,108.59,TRADE
NSW1,2026/09/16 17:25:00,8685.33,111.98,TRADE
NSW1,2026/09/16 17:30:00,8713.38,116.53,TRADE
NSW1,2026/09/16 17:35:00,8762.67,104.41,TRADE
NSW1,2026/09/16 17:40:00,8991.7,111.98,TRADE
NSW1,2026/09/16 17:45:00,8964.53,111.98,TRADE
NSW1,2026/09/16 17:50:00,9116.53,113.30,TRADE
NSW1,2026/09/16 17:55:00,9165.72,117.84,TRADE
NSW1,2026/09/16 18:00:00,9249.64,127.29,TRADE
NSW1,2026/09/16 18:05:00,9201.24,117.20,TRADE
NSW1,2026/09/16 18:10:00,9270.32,113.94,TRADE
NSW1,2026/09/16 18:15:00,9319.81,129.65,TRADE
NSW1,2026/09/16 18:20:00,9283.54,115.43,TRADE
NSW1,2026/09/16 18:25:00,9410.29,118.67,TRADE
NSW1,2026/09/16 18:30:00,9414.23,118.47,TRADE
NSW1,2026/09/16 18:35:00,9423.33,114.94,TRADE
NSW1,2026/09/16 18:40:00,9387.27,120.08,TRADE
NSW1,2026/09/16 18:45:00,9315.68,107.56,TRADE
NSW1,2026/09/16 18:50:00,9474.94,113.21,TRADE
NSW1,2026/09/16 18:55:00,9414.25,118.50,TRADE
NSW1,2026/09/16 19:00:00,9332.25,114.61,TRADE
NSW1,2026/09/16 19:05:00,9392.12,113.54,TRADE
NSW1,2026/09/16 19:10:00,9329.46,112.90,TRADE
NSW1,2026/09/16 19:15:00,9303.26,111.98,TRADE
NSW1,2026/09/16 19:20:00,9303.08,111.98,TRADE
NSW1,2026/09/16 19:25:00,9362.53,112.17,TRADE
NSW1,2026/09/16 19:30:00,9314.32,106.68,TRADE
NSW1,2026/09/16 19:35:00,9381.55,114.59,TRADE
NSW1,2026/09/16 19:40:00,9299.15,116.79,TRADE
NSW1,2026/09/16 19:45:00,9212.28,111.98,TRADE
NSW1,2026/09/16 19:50:00,9237.2,114.97,TRADE
NSW1,2026/09/16 19:55:00,9173.99,101.10,TRADE
NSW1,2026/09/16 20:00:00,9205.57,110.88,TRADE
NSW1,2026/09/16 20:05:00,9097.62,101.10,TRADE
NSW1,2026/09/16 20:10:00,9235.94,105.65,TRADE
NSW1,2026/09/16 20:15:00,9217.33,101.10,TRADE
NSW1,2026/09/16 20:20:00,9231.48,101.10,TRADE
NSW1,2026/09/16 20:25:00,9109.6,101.10,TRADE
NSW1,2026/09/16 20:30:00,9173.58,101.10,TRADE
NSW1,2026/09/16 20:35:00,9158.68,117.68,TRADE
NSW1,2026/09/16 20:40:00,9012.71,121.01,TRADE
NSW1,2026/09/16 20:45:00,8904.11,107.52,TRADE
NSW1,2026/09/16 20:50:00,9042.11,112.88,TRADE
NSW1,2026/09/16 20:55:00,8980.7,101.10,TRADE
NSW1,2026/09/16 21:00:00,8878.13,106.33,TRADE
NSW1,2026/09/16 21:05:00,8803.74,113.50,TRADE
NSW1,2026/09/16 21:10:00,8790.05,101.10,TRADE
NSW1,2026/09/16 21:15:00,8846.34,113.50,TRADE
NSW1,2026/09/16 21:20:00,8701.82,113.50,TRADE
NSW1,2026/09/16 21:25:00,8639.45,113.30,TRADE
NSW1,2026/09/16 21:30:00,8580.51,103.93,TRADE
NSW1,2026/09/16 21:35:00,8606.08,111.31,TRADE
NSW1,2026/09/16 21:40:00,8567.08,103.39,TRADE
NSW1,2026/09/16 21:45:00,8538.2,114.24,TRADE
NSW1,2026/09/16 21:50:00,8383.09,98.31,TRADE
NSW1,2026/09/16 21:55:00,8339.73,111.87,TRADE
NSW1,2026/09/16 22:00:00,8363.45,98.51,TRADE
NSW1,2026/09/16 22:05:00,8339.57,113.72,TRADE
NSW1,2026/09/16 22:10:00,8345.96,113.50,TRADE
NSW1,2026/09/16 22:15:00,8371.06,102.42,TRADE
NSW1,2026/09/16 22:20:00,8420.81,114.15,TRADE
NSW1,2026/09/16 22:25:00,8306.87,101.83,TRADE
NSW1,2026/09/16 22:30:00,8254.94,112.28,TRADE
NSW1,2026/09/16 22:35:00,8261.57,101.10,TRADE
NSW1,2026/09/16 22:40:00,8227.19,102.06,TRADE
NSW1,2026/09/16 22:45:00,8261.84,121.58,TRADE
NSW1,2026/09/16 22:50:00,8159.96,99.33,TRADE
NSW1,2026/09/16 22:55:00,8076.69,92.08,TRADE
NSW1,2026/09/16 23:00:00,8120.14,99.81,TRADE
NSW1,2026/09/16 23:05:00,8095.88,103.96,TRADE
NSW1,2026/09/16 23:10:00,8000.89,103.13,TRADE
NSW1,2026/09/16 23:15:00,7934.49,101.26,TRADE
NSW1,2026/09/16 23:20:00,7914.24,99.62,TRADE
NSW1,2026/09/16 23:25:00,7901.76,98.40,TRADE
NSW1,2026/09/16 23:30:00,7941.91,99.16,TRADE
NSW1,2026/09/16 23:35:00,7840.01,108.19,TRADE
NSW1,2026/09/16 23:40:00,7889.28,118.67,TRADE
NSW1,2026/09/16 23:45:00,7847.65,101.19,TRADE
NSW1,2026/09/16 23:50:00,7795.61,100.65,TRADE
NSW1,2026/09/16 23:55:00,7793.07,101.36,TRADE
NSW1,2026/09/17 00:00:00,7727.37,100.31,TRADE
NSW1,2026/09/17 00:05:00,7691.35,101.10,TRADE
NSW1,2026/09/17 00:10:00,7783.25,120.95,TRADE
NSW1,2026/09/17 00:15:00,7797.97,114.54,TRADE
NSW1,2026/09/17 00:20:00,7764.22,118.67,TRADE
NSW1,2026/09/17 00:25:00,7789.43,103.22,TRADE
NSW1,2026/09/17 00:30:00,7699.52,97.82,TRADE
NSW1,2026/09/17 00:35:00,7708.8,101.10,TRADE
NSW1,2026/09/17 00:40:00,7731.37,114.78,TRADE
NSW1,2026/09/17 00:45:00,7698.99,98.78,TRADE
NSW1,2026/09/17 00:50:00,7685.75,97.71,TRADE
NSW1,2026/09/17 00:55:00,7634.23,96.25,TRADE
NSW1,2026/09/17 01:00:00,7562.04,92.82,TRADE
NSW1,2026/09/17 01:05:00,7558.72,96.93,TRADE
NSW1,2026/09/17 01:10:00,7564.9,96.38,TRADE
NSW1,2026/09/17 01:15:00,7530.28,96.36,TRADE
NSW1,2026/09/17 01:20:00,7482.91,95.62,TRADE
NSW1,2026/09/17 01:25:00,7396.73,90.14,TRADE
NSW1,2026/09/17 01:30:00,7345.31,89.53,TRADE
NSW1,2026/09/17 01:35:00,7353.95,90.20,TRADE
NSW1,2026/09/17 01:40:00,7336.29,90.78,TRADE
NSW1,2026/09/17 01:45:00,7281.8,90.18,TRADE
NSW1,2026/09/17 01:50:00,7255.74,88.88,TRADE
NSW1,2026/09/17 01:55:00,7275.85,88.48,TRADE
NSW1,2026/09/17 02:00:00,7305.11,90.47,TRADE
NSW1,2026/09/17 02:05:00,7231.2,83.27,TRADE
NSW1,2026/09/17 02:10:00,7388.75,95.83,TRADE
NSW1,2026/09/17 02:15:00,7384.8,90.80,TRADE
NSW1,2026/09/17 02:20:00,7309.11,89.03,TRADE
NSW1,2026/09/17 02:25:00,7269.22,88.88,TRADE
NSW1,2026/09/17 02:30:00,7317.89,88.88,TRADE
NSW1,2026/09/17 02:35:00,7335.34,89.69,TRADE
NSW1,2026/09/17 02:40:00,7195.75,87.93,TRADE
NSW1,2026/09/17 02:45:00,7205.2,89.65,TRADE
NSW1,2026/09/17 02:50:00,7178.89,87.13,TRADE
NSW1,2026/09/17 02:55:00,7024.32,88.54,TRADE
NSW1,2026/09/17 03:00:00,7054.95,90.29,TRADE
NSW1,2026/09/17 03:05:00,7034.08,87.99,TRADE
NSW1,2026/09/17 03:10:00,7032.93,87.82,TRADE
NSW1,2026/09/17 03:15:00,6975.84,86.85,TRADE
NSW1,2026/09/17 03:20:00,6970.74,87.42,TRADE
NSW1,2026/09/17 03:25:00,6927.44,82.80,TRADE
NSW1,2026/09/17 03:30:00,6950.64,78.70,TRADE
NSW1,2026/09/17 03:35:00,6891.36,77.48,TRADE
NSW1,2026/09/17 03:40:00,6929.97,85.23,TRADE
NSW1,2026/09/17 03:45:00,6937.29,77.70,TRADE
NSW1,2026/09/17 03:50:00,6893.81,74.48,TRADE
NSW1,2026/09/17 03:55:00,6924.74,83.11,TRADE
NSW1,2026/09/17 04:00:00,6923.87,77.03,TRADE
NSW1,2026/09/17 04:05:00,6906.28,78.21,TRADE
NSW1,2026/09/17 04:10:00,6961.76,78.28,TRADE
NSW1,2026/09/17 04:15:00,7003.89,92.44,TRADE
NSW1,2026/09/17 04:20:00,6992.92,77.64,TRADE
NSW1,2026/09/17 04:25:00,6987.35,75.74,TRADE
NSW1,2026/09/17 04:30:00,6998.38,74.34,TRADE
NSW1,2026/09/17 04:35:00,6992.39,76.12,TRADE
NSW1,2026/09/17 04:40:00,7000.62,75.95,TRADE
NSW1,2026/09/17 04:45:00,7048.8,75.95,TRADE
NSW1,2026/09/17 04:50:00,7133.65,82.05,TRADE
NSW1,2026/09/17 04:55:00,7165.83,88,TRADE
NSW1,2026/09/17 05:00:00,7115.63,87.63,TRADE
NSW1,2026/09/17 05:05:00,7176.81,75.74,TRADE
NSW1,2026/09/17 05:10:00,7288.63,83.99,TRADE
NSW1,2026/09/17 05:15:00,7416.12,90.21,TRADE
NSW1,2026/09/17 05:20:00,7459.64,90.21,TRADE
NSW1,2026/09/17 05:25:00,7559.89,90.21,TRADE
NSW1,2026/09/17 05:30:00,7555.62,90.21,TRADE
NSW1,2026/09/17 05:35:00,7667.53,90.21,TRADE
NSW1,2026/09/17 05:40:00,7699.52,95.75,TRADE
NSW1,2026/09/17 05:45:00,7813.48,103.74,TRADE
NSW1,2026/09/17 05:50:00,7832.7,102.31,TRADE
NSW1,2026/09/17 05:55:00,7858.41,103.38,TRADE
NSW1,2026/09/17 06:00:00,7920.69,114.54,TRADE
NSW1,2026/09/17 06:05:00,8010.31,97.43,TRADE
NSW1,2026/09/17 06:10:00,8141.58,95.64,TRADE
NSW1,2026/09/17 06:15:00,8252.74,99.31,TRADE
NSW1,2026/09/17 06:20:00,8254.81,101.57,TRADE
NSW1,2026/09/17 06:25:00,8354.98,111.98,TRADE
NSW1,2026/09/17 06:30:00,8367.62,96.99,TRADE
NSW1,2026/09/17 06:35:00,8392.77,96.99,TRADE
NSW1,2026/09/17 06:40:00,8400.79,90.21,TRADE
NSW1,2026/09/17 06:45:00,8427,90.65,TRADE
NSW1,2026/09/17 06:50:00,8376.4,79.21,TRADE
NSW1,2026/09/17 06:55:00,8372.44,69.90,TRADE
NSW1,2026/09/17 07:00:00,8360.91,65.20,TRADE
NSW1,2026/09/17 07:05:00,8288.23,54.66,TRADE
NSW1,2026/09/17 07:10:00,8305.3,18.74,TRADE
NSW1,2026/09/17 07:15:00,8287.67,35.96,TRADE
NSW1,2026/09/17 07:20:00,8252.84,2.12,TRADE
NSW1,2026/09/17 07:25:00,8282.39,2.12,TRADE
NSW1,2026/09/17 07:30:00,8222.73,2.12,TRADE
NSW1,2026/09/17 07:35:00,8183.7,49.89,TRADE
NSW1,2026/09/17 07:40:00,8122.13,42.94,TRADE
NSW1,2026/09/17 07:45:00,8106.03,42.94,TRADE
NSW1,2026/09/17 07:50:00,7984.21,42.94,TRADE
NSW1,2026/09/17 07:55:00,7938.9,42.94,TRADE
NSW1,2026/09/17 08:00:00,7845.28,42.94,TRADE
NSW1,2026/09/17 08:05:00,7736.62,42.94,TRADE
NSW1,2026/09/17 08:10:00,7702.51,42.94,TRADE
NSW1,2026/09/17 08:15:00,7591.68,42.94,TRADE
NSW1,2026/09/17 08:20:00,7518.74,42.94,TRADE
NSW1,2026/09/17 08:25:00,7401.91,42.94,TRADE
NSW1,2026/09/17 08:30:00,7345.98,42.94,TRADE
NSW1,2026/09/17 08:35:00,7268.66,56.68,TRADE
NSW1,2026/09/17 08:40:00,7163.04,42.94,TRADE
NSW1,2026/09/17 08:45:00,7055.15,42.94,TRADE
NSW1,2026/09/17 08:50:00,6990.92,42.94,TRADE
NSW1,2026/09/17 08:55:00,6879.49,42.94,TRADE
NSW1,2026/09/17 09:00:00,6770.96,42.54,TRADE
NSW1,2026/09/17 09:05:00,6629.96,42.94,TRADE
NSW1,2026/09/17 09:10:00,6631.57,42.94,TRADE
NSW1,2026/09/17 09:15:00,6533.7,2.12,TRADE
NSW1,2026/09/17 09:20:00,6496.5,11.40,TRADE
NSW1,2026/09/17 09:25:00,6303.37,33.82,TRADE
NSW1,2026/09/17 09:30:00,6135.06,23.95,TRADE
NSW1,2026/09/17 09:35:00,6035.91,2.12,TRADE
NSW1,2026/09/17 09:40:00,6127.08,23.95,TRADE
NSW1,2026/09/17 09:45:00,5996.91,23.95,TRADE
NSW1,2026/09/17 09:50:00,6013.34,15.52,TRADE
NSW1,2026/09/17 09:55:00,6019.07,26.98,TRADE
NSW1,2026/09/17 10:00:00,5838.71,11.50,TRADE
NSW1,2026/09/17 10:05:00,5772.31,42.94,TRADE
NSW1,2026/09/17 10:10:00,5798.26,64.95,TRADE
NSW1,2026/09/17 10:15:00,5548.17,42.94,TRADE
NSW1,2026/09/17 10:20:00,5569.45,36.99,TRADE
NSW1,2026/09/17 10:25:00,5503.45,29,TRADE
NSW1,2026/09/17 10:30:00,5421.53,27.78,TRADE
NSW1,2026/09/17 10:35:00,5265.51,24.99,TRADE
NSW1,2026/09/17 10:40:00,5288.09,29,TRADE
NSW1,2026/09/17 10:45:00,5182.55,24.99,TRADE
NSW1,2026/09/17 10:50:00,5172.32,24.99,TRADE
NSW1,2026/09/17 10:55:00,5036.91,11.50,TRADE
NSW1,2026/09/17 11:00:00,5007.21,-5.23,TRADE
NSW1,2026/09/17 11:05:00,5088.01,24.99,TRADE
NSW1,2026/09/17 11:10:00,5166.71,11.50,TRADE
NSW1,2026/09/17 11:15:00,5103.28,24.99,TRADE
NSW1,2026/09/17 11:20:00,5100.83,29,TRADE
NSW1,2026/09/17 11:25:00,5084.71,11.50,TRADE
NSW1,2026/09/17 11:30:00,5023.85,-5.23,TRADE
NSW1,2026/09/17 11:35:00,5086.63,29,TRADE
NSW1,2026/09/17 11:40:00,4917.54,25.10,TRADE
NSW1,2026/09/17 11:45:00,4915.89,11.50,TRADE
NSW1,2026/09/17 11:50:00,4931.62,-7.16,TRADE
NSW1,2026/09/17 11:55:00,5013.82,11.50,TRADE
NSW1,2026/09/17 12:00:00,4795.73,22.71,TRADE
NSW1,2026/09/17 12:05:00,4752.35,28.42,TRADE
NSW1,2026/09/17 12:10:00,4819.92,24.99,TRADE
NSW1,2026/09/17 12:15:00,4794.24,22.90,TRADE
NSW1,2026/09/17 12:20:00,4667.71,11.40,TRADE
NSW1,2026/09/17 12:25:00,4778.32,23.44,TRADE
NSW1,2026/09/17 12:30:00,4693.57,24.99,TRADE
NSW1,2026/09/17 12:35:00,4639.4,23.69,TRADE
NSW1,2026/09/17 12:40:00,4630.81,24.99,TRADE
NSW1,2026/09/17 12:45:00,4611.9,12.11,TRADE
NSW1,2026/09/17 12:50:00,4692.26,1.35,TRADE
NSW1,2026/09/17 12:55:00,4689.37,15.81,TRADE
NSW1,2026/09/17 13:00:00,4589.44,15.45,TRADE
NSW1,2026/09/17 13:05:00,4540.72,1.20,TRADE
NSW1,2026/09/17 13:10:00,4682.35,1.39,TRADE
NSW1,2026/09/17 13:15:00,4707.2,-6.76,TRADE
NSW1,2026/09/17 13:20:00,4790.93,-6.76,TRADE
NSW1,2026/09/17 13:25:00,4831.53,10.25,TRADE
NSW1,2026/09/17 13:30:00,4655.62,0.90,TRADE
NSW1,2026/09/17 13:35:00,4641.75,-7.36,TRADE
NSW1,2026/09/17 13:40:00,4853.18,0.90,TRADE
NSW1,2026/09/17 13:45:00,4872.83,0.90,TRADE
NSW1,2026/09/17 13:50:00,4777.1,-5.17,TRADE
NSW1,2026/09/17 13:55:00,4882.68,0.90,TRADE
NSW1,2026/09/17 14:00:00,4837.24,0.90,TRADE
NSW1,2026/09/17 14:05:00,4930.21,0.90,TRADE
NSW1,2026/09/17 14:10:00,4912.59,0.90,TRADE
NSW1,2026/09/17 14:15:00,4942.5,0.90,TRADE
NSW1,2026/09/17 14:20:00,4989.83,1.20,TRADE
NSW1,2026/09/17 14:25:00,4957.92,0,TRADE
NSW1,2026/09/17 14:30:00,5078.55,0,TRADE
NSW1,2026/09/17 14:35:00,5129.03,-1.21,TRADE
NSW1,2026/09/17 14:40:00,5300.68,0.90,TRADE
NSW1,2026/09/17 14:45:00,5284.58,-6.80,TRADE
NSW1,2026/09/17 14:50:00,5393.56,-7.07,TRADE
NSW1,2026/09/17 14:55:00,5472.83,-5.02,TRADE
NSW1,2026/09/17 15:00:00,5489.12,-6.89,TRADE
NSW1,2026/09/17 15:05:00,5647.53,-6.98,TRADE
NSW1,2026/09/17 15:10:00,5731.97,-7.36,TRADE
NSW1,2026/09/17 15:15:00,5728.59,-7.10,TRADE
NSW1,2026/09/17 15:20:00,5854.58,-7.16,TRADE
NSW1,2026/09/17 15:25:00,5959.74,-8.01,TRADE
NSW1,2026/09/17 15:30:00,6065.74,-8.06,TRADE
NSW1,2026/09/17 15:35:00,6201.4,-7.14,TRADE
NSW1,2026/09/17 15:40:00,6209.26,-6.58,TRADE
NSW1,2026/09/17 15:45:00,6322.24,-4.59,TRADE
NSW1,2026/09/17 15:50:00,6488.14,-1.09,TRADE
NSW1,2026/09/17 15:55:00,6610.09,0,TRADE
NSW1,2026/09/17 16:00:00,6595.39,2.33,TRADE
NSW1,2026/09/17 16:05:00,6770.23,15.17,TRADE
NSW1,2026/09/17 16:10:00,6910.07,43.19,TRADE
NSW1,2026/09/17 16:15:00,6944.68,41.67,TRADE
NSW1,2026/09/17 16:20:00,7088.75,61.02,TRADE
NSW1,2026/09/17 16:25:00,7253.74,67.54,TRADE
NSW1,2026/09/17 16:30:00,7398.12,65.83,TRADE
NSW1,2026/09/17 16:35:00,7474.8,85.16,TRADE
NSW1,2026/09/17 16:40:00,7657.11,87.69,TRADE
NSW1,2026/09/17 16:45:00,7811.14,91.46,TRADE
NSW1,2026/09/17 16:50:00,7961.39,110.03,TRADE
NSW1,2026/09/17 16:55:00,8001.13,95.20,TRADE
NSW1,2026/09/17 17:00:00,8017.97,106.99,TRADE
NSW1,2026/09/17 17:05:00,8202.41,97.19,TRADE
NSW1,2026/09/17 17:10:00,8264.85,99.41,TRADE
NSW1,2026/09/17 17:15:00,8290.48,95.20,TRADE
NSW1,2026/09/17 17:20:00,8443.27,111.58,TRADE
NSW1,2026/09/17 17:25:00,8618.76,113.50,TRADE
NSW1,2026/09/17 17:30:00,8651.91,116.41,TRADE
NSW1,2026/09/17 17:35:00,8705.7,105.99,TRADE
NSW1,2026/09/17 17:40:00,8851.25,116.69,TRADE
NSW1,2026/09/17 17:45:00,8812.05,135.19,TRADE
NSW1,2026/09/17 17:50:00,8759.52,131.55,TRADE
NSW1,2026/09/17 17:55:00,8863.1,132.31,TRADE
NSW1,2026/09/17 18:00:00,8931.92,114.95,TRADE
NSW1,2026/09/17 18:05:00,9162.35,105.57,TRADE
NSW1,2026/09/17 18:10:00,9171.26,105.67,TRADE
NSW1,2026/09/17 18:15:00,9191.07,115.54,TRADE
NSW1,2026/09/17 18:20:00,9206.77,113.50,TRADE
NSW1,2026/09/17 18:25:00,9264.79,109.83,TRADE
NSW1,2026/09/17 18:30:00,9262.74,96.14,TRADE
NSW1,2026/09/17 18:35:00,9348.73,110.68,TRADE
NSW1,2026/09/17 18:40:00,9255.15,115.58,TRADE
NSW1,2026/09/17 18:45:00,9237.47,104.64,TRADE
NSW1,2026/09/17 18:50:00,9330.18,103.96,TRADE
NSW1,2026/09/17 18:55:00,9329.59,113.93,TRADE
NSW1,2026/09/17 19:00:00,9158.95,110.42,TRADE
NSW1,2026/09/17 19:05:00,9271.39,111.98,TRADE
NSW1,2026/09/17 19:10:00,9165.81,111.98,TRADE
NSW1,2026/09/17 19:15:00,9224.99,95.20,TRADE
NSW1,2026/09/17 19:20:00,9249.36,95.20,TRADE
NSW1,2026/09/17 19:25:00,9209.32,116.77,TRADE
NSW1,2026/09/17 19:30:00,9052.57,106.69,TRADE
NSW1,2026/09/17 19:35:00,9161.05,103.07,TRADE
NSW1,2026/09/17 19:40:00,9173.72,99.69,TRADE
NSW1,2026/09/17 19:45:00,9163.56,111.98,TRADE
NSW1,2026/09/17 19:50:00,8930.92,95.20,TRADE
NSW1,2026/09/17 19:55:00,9131.51,96.42,TRADE
NSW1,2026/09/17 20:00:00,9112.76,111.98,TRADE
NSW1,2026/09/17 20:05:00,8938.42,110.68,TRADE
NSW1,2026/09/17 20:10:00,8970.55,106.85,TRADE
NSW1,2026/09/17 20:15:00,8947.4,95.20,TRADE
NSW1,2026/09/17 20:20:00,9110.1,99.08,TRADE
NSW1,2026/09/17 20:25:00,9045.71,111.98,TRADE
NSW1,2026/09/17 20:30:00,8913.99,106.71,TRADE
NSW1,2026/09/17 20:35:00,8899.9,111.98,TRADE
NSW1,2026/09/17 20:40:00,8853.01,102.71,TRADE
NSW1,2026/09/17 20:45:00,9016.05,103.52,TRADE
NSW1,2026/09/17 20:50:00,8961.2,96.37,TRADE
NSW1,2026/09/17 20:55:00,8911.71,111.98,TRADE
NSW1,2026/09/17 21:00:00,8724.92,109.75,TRADE
NSW1,2026/09/17 21:05:00,8759.82,111.98,TRADE
NSW1,2026/09/17 21:10:00,8725.85,90.21,TRADE
NSW1,2026/09/17 21:15:00,8672.58,98.08,TRADE
NSW1,2026/09/17 21:20:00,8712.49,111.98,TRADE
NSW1,2026/09/17 21:25:00,8648.86,109.56,TRADE
NSW1,2026/09/17 21:30:00,8592.49,98.36,TRADE
NSW1,2026/09/17 21:35:00,8574.46,111.98,TRADE
NSW1,2026/09/17 21:40:00,8396.34,105.44,TRADE
NSW1,2026/09/17 21:45:00,8477.22,104.36,TRADE
NSW1,2026/09/17 21:50:00,8472.01,108.08,TRADE
NSW1,2026/09/17 21:55:00,8325.19,100.85,TRADE
NSW1,2026/09/17 22:00:00,8336.66,100.44,TRADE
NSW1,2026/09/17 22:05:00,8366.82,104.38,TRADE
NSW1,2026/09/17 22:10:00,8339.42,107.43,TRADE
NSW1,2026/09/17 22:15:00,8416.64,90.21,TRADE
NSW1,2026/09/17 22:20:00,8438.46,98.09,TRADE
NSW1,2026/09/17 22:25:00,8359.39,103.31,TRADE
NSW1,2026/09/17 22:30:00,8314.66,107.11,TRADE
NSW1,2026/09/17 22:35:00,8209.5,113.50,TRADE
NSW1,2026/09/17 22:40:00,8258.52,80.12,TRADE
NSW1,2026/09/17 22:45:00,8300.66,99,TRADE
NSW1,2026/09/17 22:50:00,8253.02,81.46,TRADE
NSW1,2026/09/17 22:55:00,8190.96,94.13,TRADE
NSW1,2026/09/17 23:00:00,8132.64,90.21,TRADE
NSW1,2026/09/17 23:05:00,8141.48,104.55,TRADE
NSW1,2026/09/17 23:10:00,7986.28,86.70,TRADE
NSW1,2026/09/17 23:15:00,8099.39,93.44,TRADE
NSW1,2026/09/17 23:20:00,8012.69,91.23,TRADE
NSW1,2026/09/17 23:25:00,7927.15,87.89,TRADE
NSW1,2026/09/17 23:30:00,7988.37,89.04,TRADE
NSW1,2026/09/17 23:35:00,7910.14,87.90,TRADE
NSW1,2026/09/17 23:40:00,7977.11,88.27,TRADE
NSW1,2026/09/17 23:45:00,7917.16,88.51,TRADE
NSW1,2026/09/17 23:50:00,7799.94,86.56,TRADE
NSW1,2026/09/17 23:55:00,7792.13,80.96,TRADE
NSW1,2026/09/18 00:00:00,7805.63,82.84,TRADE
NSW1,2026/09/18 00:05:00,7820.92,98.17,TRADE
NSW1,2026/09/18 00:10:00,7924.02,119.62,TRADE
NSW1,2026/09/18 00:15:00,7766.74,97.47,TRADE
NSW1,2026/09/18 00:20:00,7929.68,101.86,TRADE
NSW1,2026/09/18 00:25:00,7920.29,99.81,TRADE
NSW1,2026/09/18 00:30:00,7854.15,92.72,TRADE
NSW1,2026/09/18 00:35:00,7860.31,100.72,TRADE
NSW1,2026/09/18 00:40:00,7732.35,91.46,TRADE
NSW1,2026/09/18 00:45:00,7749.93,96.63,TRADE
NSW1,2026/09/18 00:50:00,7640.6,91.17,TRADE
NSW1,2026/09/18 00:55:00,7686.79,91.95,TRADE
NSW1,2026/09/18 01:00:00,7681.66,92.02,TRADE
NSW1,2026/09/18 01:05:00,7565.11,86.89,TRADE
NSW1,2026/09/18 01:10:00,7572.47,90,TRADE
NSW1,2026/09/18 01:15:00,7519.24,90,TRADE
NSW1,2026/09/18 01:20:00,7447.35,84.79,TRADE
NSW1,2026/09/18 01:25:00,7434.34,83.99,TRADE
NSW1,2026/09/18 01:30:00,7441.97,83.99,TRADE
NSW1,2026/09/18 01:35:00,7332.66,84.79,TRADE
NSW1,2026/09/18 01:40:00,7345.35,83.99,TRADE
NSW1,2026/09/18 01:45:00,7290.24,83.99,TRADE
NSW1,2026/09/18 01:50:00,7324.31,84.79,TRADE
NSW1,2026/09/18 01:55:00,7311.37,80.77,TRADE
NSW1,2026/09/18 02:00:00,7242.29,83.99,TRADE
NSW1,2026/09/18 02:05:00,7219.26,90,TRADE
NSW1,2026/09/18 02:10:00,7242.29,90,TRADE
NSW1,2026/09/18 02:15:00,7223.66,88.67,TRADE
NSW1,2026/09/18 02:20:00,7132.24,85.64,TRADE
NSW1,2026/09/18 02:25:00,7097.76,80.67,TRADE
NSW1,2026/09/18 02:30:00,7133.27,83.99,TRADE
NSW1,2026/09/18 02:35:00,7075.22,88.90,TRADE
NSW1,2026/09/18 02:40:00,7085.81,90,TRADE
NSW1,2026/09/18 02:45:00,7027.51,88.90,TRADE
NSW1,2026/09/18 02:50:00,7062.3,88.15,TRADE
NSW1,2026/09/18 02:55:00,7127.4,88.88,TRADE
NSW1,2026/09/18 03:00:00,7052.82,83.99,TRADE
NSW1,2026/09/18 03:05:00,7037.83,88.88,TRADE
NSW1,2026/09/18 03:10:00,7122.96,90.99,TRADE
NSW1,2026/09/18 03:15:00,7126.18,90,TRADE
NSW1,2026/09/18 03:20:00,7038.9,83.99,TRADE
NSW1,2026/09/18 03:25:00,6999.62,83.99,TRADE
NSW1,2026/09/18 03:30:00,7012.05,84.63,TRADE
NSW1,2026/09/18 03:35:00,6921.47,81.16,TRADE
NSW1,2026/09/18 03:40:00,6921.34,86.09,TRADE
NSW1,2026/09/18 03:45:00,6902.99,83.99,TRADE
NSW1,2026/09/18 03:50:00,6905.52,90,TRADE
NSW1,2026/09/18 03:55:00,6929.49,90,TRADE
NSW1,2026/09/18 04:00:00,6964.82,88.88,TRADE
NSW1,2026/09/18 04:05:00,6947.84,83.34,TRADE
NSW1,2026/09/18 04:10:00,6973.74,90,TRADE
NSW1,2026/09/18 04:15:00,7006.89,90.42,TRADE
NSW1,2026/09/18 04:20:00,7033.41,90,TRADE
NSW1,2026/09/18 04:25:00,6979.52,90,TRADE
NSW1,2026/09/18 04:30:00,7060.95,90.72,TRADE
NSW1,2026/09/18 04:35:00,7045.03,90,TRADE
NSW1,2026/09/18 04:40:00,7104.77,92.28,TRADE
NSW1,2026/09/18 04:45:00,7086.95,91.65,TRADE
NSW1,2026/09/18 04:50:00,7133.27,92.05,TRADE
NSW1,2026/09/18 04:55:00,7080.12,90,TRADE
NSW1,2026/09/18 05:00:00,7219.33,96.99,TRADE
NSW1,2026/09/18 05:05:00,7214.96,84.56,TRADE
NSW1,2026/09/18 05:10:00,7317.35,91.03,TRADE
NSW1,2026/09/18 05:15:00,7353.25,90,TRADE
NSW1,2026/09/18 05:20:00,7320.06,90,TRADE
NSW1,2026/09/18 05:25:00,7351.13,91.55,TRADE
NSW1,2026/09/18 05:30:00,7450.99,95.20,TRADE
NSW1,2026/09/18 05:35:00,7518.75,101.15,TRADE
NSW1,2026/09/18 05:40:00,7633.26,107.78,TRADE
NSW1,2026/09/18 05:45:00,7583.33,111.98,TRADE
NSW1,2026/09/18 05:50:00,7660.24,119.01,TRADE
NSW1,2026/09/18 05:55:00,7736.2,113.94,TRADE
NSW1,2026/09/18 06:00:00,7813.78,119.01,TRADE
NSW1,2026/09/18 06:05:00,7906.07,124.38,TRADE
NSW1,2026/09/18 06:10:00,7957.15,162.52,TRADE
NSW1,2026/09/18 06:15:00,7952.43,189.08,TRADE
NSW1,2026/09/18 06:20:00,8046.24,130.01,TRADE
NSW1,2026/09/18 06:25:00,8195.54,129.65,TRADE
NSW1,2026/09/18 06:30:00,8212.84,113.94,TRADE
NSW1,2026/09/18 06:35:00,8231.02,102.95,TRADE
NSW1,2026/09/18 06:40:00,8272.41,87.57,TRADE
NSW1,2026/09/18 06:45:00,8269.66,85.69,TRADE
NSW1,2026/09/18 06:50:00,8137.38,65.52,TRADE
NSW1,2026/09/18 06:55:00,8166.27,65.50,TRADE
NSW1,2026/09/18 07:00:00,8086.68,40,TRADE
NSW1,2026/09/18 07:05:00,8009.11,24.95,TRADE
NSW1,2026/09/18 07:10:00,7990.33,0,TRADE
NSW1,2026/09/18 07:15:00,8001.64,0.01,TRADE
NSW1,2026/09/18 07:20:00,8070.55,0.01,TRADE
NSW1,2026/09/18 07:25:00,8021.08,10.36,TRADE
NSW1,2026/09/18 07:30:00,7810.15,-1.52,TRADE
NSW1,2026/09/18 07:35:00,7844.78,0.01,TRADE
NSW1,2026/09/18 07:40:00,7778.46,25.10,TRADE
NSW1,2026/09/18 07:45:00,7587.13,0.01,TRADE
NSW1,2026/09/18 07:50:00,7614.13,0.01,TRADE
NSW1,2026/09/18 07:55:00,7532.95,0,TRADE
NSW1,2026/09/18 08:00:00,7402.49,0,TRADE
NSW1,2026/09/18 08:05:00,7341.67,-0.54,TRADE
NSW1,2026/09/18 08:10:00,7357.8,25.10,TRADE
NSW1,2026/09/18 08:15:00,7191.53,42.45,TRADE
NSW1,2026/09/18 08:20:00,7061.44,42.45,TRADE
NSW1,2026/09/18 08:25:00,6896.86,42.80,TRADE
NSW1,2026/09/18 08:30:00,6843.33,-0.56,TRADE
NSW1,2026/09/18 08:35:00,6747.83,-0.54,TRADE
NSW1,2026/09/18 08:40:00,6674.13,42.80,TRADE
NSW1,2026/09/18 08:45:00,6457.7,-0.56,TRADE
NSW1,2026/09/18 08:50:00,6314.95,-0.56,TRADE
NSW1,2026/09/18 08:55:00,6183.93,-5.04,TRADE
NSW1,2026/09/18 09:00:00,6169.25,-6.25,TRADE
NSW1,2026/09/18 09:05:00,5991.96,-5.02,TRADE
NSW1,2026/09/18 09:10:00,6048.94,-4.75,TRADE
NSW1,2026/09/18 09:15:00,6006.25,-2.21,TRADE
NSW1,2026/09/18 09:20:00,5837.1,-4.28,TRADE
NSW1,2026/09/18 09:25:00,5840.75,57.39,TRADE
NSW1,2026/09/18 09:30:00,5657.59,-5.05,TRADE
NSW1,2026/09/18 09:35:00,5680.3,-2.21,TRADE
NSW1,2026/09/18 09:40:00,5709.42,-2.21,TRADE
NSW1,2026/09/18 09:45:00,5639.68,-2.21,TRADE
NSW1,2026/09/18 09:50:00,5550.86,60.02,TRADE
NSW1,2026/09/18 09:55:00,5394.61,42.94,TRADE
NSW1,2026/09/18 10:00:00,5266.9,-2.21,TRADE
NSW1,2026/09/18 10:05:00,5249.83,-2.21,TRADE
NSW1,2026/09/18 10:10:00,5206.53,-2.21,TRADE
NSW1,2026/09/18 10:15:00,5266.65,-2.21,TRADE
NSW1,2026/09/18 10:20:00,5052.41,20.85,TRADE
NSW1,2026/09/18 10:25:00,4926.71,2.12,TRADE
NSW1,2026/09/18 10:30:00,4840.93,-5.17,TRADE
NSW1,2026/09/18 10:35:00,4813.94,-5.25,TRADE
NSW1,2026/09/18 10:40:00,4863.5,1.20,TRADE
NSW1,2026/09/18 10:45:00,4720.56,-5.17,TRADE
NSW1,2026/09/18 10:50:00,4638.92,-5.01,TRADE
NSW1,2026/09/18 10:55:00,4647.03,-6.72,TRADE
NSW1,2026/09/18 11:00:00,4611.95,42.08,TRADE
NSW1,2026/09/18 11:05:00,4501.97,3,TRADE
NSW1,2026/09/18 11:10:00,4567.65,11.50,TRADE
NSW1,2026/09/18 11:15:00,4525.62,-2.21,TRADE
NSW1,2026/09/18 11:20:00,4575.95,-2.21,TRADE
NSW1,2026/09/18 11:25:00,4436.14,42.08,TRADE
NSW1,2026/09/18 11:30:00,4356.9,1.20,TRADE
NSW1,2026/09/18 11:35:00,4367.89,-5.17,TRADE
NSW1,2026/09/18 11:40:00,4399.73,-2.21,TRADE
NSW1,2026/09/18 11:45:00,4405.96,-2.21,TRADE
NSW1,2026/09/18 11:50:00,4394.84,2.12,TRADE
NSW1,2026/09/18 11:55:00,4327.57,-2.21,TRADE
NSW1,2026/09/18 12:00:00,4236.72,-5.17,TRADE
NSW1,2026/09/18 12:05:00,4227.97,-2.21,TRADE
NSW1,2026/09/18 12:10:00,4214.84,-5.02,TRADE
NSW1,2026/09/18 12:15:00,4193.78,-5.04,TRADE
NSW1,2026/09/18 12:20:00,4215.75,-6.75,TRADE
NSW1,2026/09/18 12:25:00,4273.7,-2.21,TRADE
NSW1,2026/09/18 12:30:00,4174.94,-5.17,TRADE
NSW1,2026/09/18 12:35:00,4157.61,-5.17,TRADE
NSW1,2026/09/18 12:40:00,4089.25,-6.71,TRADE
NSW1,2026/09/18 12:45:00,4108.52,-5.17,TRADE
NSW1,2026/09/18 12:50:00,4143.39,0.90,TRADE
NSW1,2026/09/18 12:55:00,4169.66,-5.01,TRADE
NSW1,2026/09/18 13:00:00,4182.49,-6.81,TRADE
NSW1,2026/09/18 13:05:00,4195.09,-5.17,TRADE
NSW1,2026/09/18 13:10:00,4210.45,0.90,TRADE
NSW1,2026/09/18 13:15:00,4244.93,0.90,TRADE
NSW1,2026/09/18 13:20:00,4168.72,0.90,TRADE
NSW1,2026/09/18 13:25:00,4199.48,0.90,TRADE
NSW1,2026/09/18 13:30:00,4177.81,0.90,TRADE
NSW1,2026/09/18 13:35:00,4144.66,-5.01,TRADE
NSW1,2026/09/18 13:40:00,4258.61,0.90,TRADE
NSW1,2026/09/18 13:45:00,4260.23,2.12,TRADE
NSW1,2026/09/18 13:50:00,4301.91,-5.17,TRADE
NSW1,2026/09/18 13:55:00,4430.8,2.12,TRADE
NSW1,2026/09/18 14:00:00,4419.43,2.12,TRADE
NSW1,2026/09/18 14:05:00,4473.02,-5.17,TRADE
NSW1,2026/09/18 14:10:00,4590.42,2.12,TRADE
NSW1,2026/09/18 14:15:00,4495.24,-5.17,TRADE
NSW1,2026/09/18 14:20:00,4592.74,2.12,TRADE
NSW1,2026/09/18 14:25:00,4665.64,2.12,TRADE
NSW1,2026/09/18 14:30:00,4768.09,2.12,TRADE
NSW1,2026/09/18 14:35:00,4782.01,2.12,TRADE
NSW1,2026/09/18 14:40:00,4815.29,2.12,TRADE
NSW1,2026/09/18 14:45:00,4919.89,11.50,TRADE
NSW1,2026/09/18 14:50:00,5035.29,42.94,TRADE
NSW1,2026/09/18 14:55:00,5135.67,11.50,TRADE
NSW1,2026/09/18 15:00:00,5099.55,2.12,TRADE
NSW1,2026/09/18 15:05:00,5303.72,11.50,TRADE
NSW1,2026/09/18 15:10:00,5349.03,2.12,TRADE
NSW1,2026/09/18 15:15:00,5509.83,24.99,TRADE
NSW1,2026/09/18 15:20:00,5560.81,11.50,TRADE
NSW1,2026/09/18 15:25:00,5656.14,83.99,TRADE
NSW1,2026/09/18 15:30:00,5626.2,57.19,TRADE
NSW1,2026/09/18 15:35:00,5866.41,42.80,TRADE
NSW1,2026/09/18 15:40:00,5995.72,29,TRADE
NSW1,2026/09/18 15:45:00,6173.58,29,TRADE
NSW1,2026/09/18 15:50:00,6221.36,29,TRADE
NSW1,2026/09/18 15:55:00,6349.64,29,TRADE
NSW1,2026/09/18 16:00:00,6501.13,44.65,TRADE
NSW1,2026/09/18 16:05:00,6660.8,46.45,TRADE
NSW1,2026/09/18 16:10:00,6847.05,46.45,TRADE
NSW1,2026/09/18 16:15:00,6955.35,52.21,TRADE
NSW1,2026/09/18 16:20:00,7020.64,71.71,TRADE
NSW1,2026/09/18 16:25:00,7141.89,81.25,TRADE
NSW1,2026/09/18 16:30:00,7426.86,88.89,TRADE
NSW1,2026/09/18 16:35:00,7479.3,93.29,TRADE
NSW1,2026/09/18 16:40:00,7625.16,99.03,TRADE
NSW1,2026/09/18 16:45:00,7580.75,88.89,TRADE
NSW1,2026/09/18 16:50:00,7699.97,88.89,TRADE
NSW1,2026/09/18 16:55:00,7778.78,88.89,TRADE
NSW1,2026/09/18 17:00:00,7850.63,88.89,TRADE
NSW1,2026/09/18 17:05:00,7982.7,92.92,TRADE
NSW1,2026/09/18 17:10:00,7907.07,88.89,TRADE
NSW1,2026/09/18 17:15:00,8051.57,79.51,TRADE
NSW1,2026/09/18 17:20:00,8180.04,88.10,TRADE
NSW1,2026/09/18 17:25:00,8184.74,96.57,TRADE
NSW1,2026/09/18 17:30:00,8142.14,100.58,TRADE
NSW1,2026/09/18 17:35:00,8217.12,90,TRADE
NSW1,2026/09/18 17:40:00,8329.02,89.40,TRADE
NSW1,2026/09/18 17:45:00,8305.3,89,TRADE
NSW1,2026/09/18 17:50:00,8376.65,96.11,TRADE
NSW1,2026/09/18 17:55:00,8406.61,95.20,TRADE
NSW1,2026/09/18 18:00:00,8352.32,95.20,TRADE
NSW1,2026/09/18 18:05:00,8407.32,90.02,TRADE
NSW1,2026/09/18 18:10:00,8404.22,82.90,TRADE
NSW1,2026/09/18 18:15:00,8511.2,82.90,TRADE
NSW1,2026/09/18 18:20:00,8523.04,82.90,TRADE
NSW1,2026/09/18 18:25:00,8511.73,82.90,TRADE
NSW1,2026/09/18 18:30:00,8610.04,82.90,TRADE
NSW1,2026/09/18 18:35:00,8655.14,82.90,TRADE
NSW1,2026/09/18 18:40:00,8588.3,82.90,TRADE
NSW1,2026/09/18 18:45:00,8543.23,82.90,TRADE
NSW1,2026/09/18 18:50:00,8465.73,67.96,TRADE
NSW1,2026/09/18 18:55:00,8584.09,76.12,TRADE
NSW1,2026/09/18 19:00:00,8588.89,79.42,TRADE
NSW1,2026/09/18 19:05:00,8573.85,78.36,TRADE
NSW1,2026/09/18 19:10:00,8490.9,79.41,TRADE
NSW1,2026/09/18 19:15:00,8477.97,75.96,TRADE
NSW1,2026/09/18 19:20:00,8371.23,75.94,TRADE
NSW1,2026/09/18 19:25:00,8411.88,83.99,TRADE
NSW1,2026/09/18 19:30:00,8386.25,75.94,TRADE
NSW1,2026/09/18 19:35:00,8385.17,75.94,TRADE
NSW1,2026/09/18 19:40:00,8340.7,80.08,TRADE
NSW1,2026/09/18 19:45:00,8333.96,75.96,TRADE
NSW1,2026/09/18 19:50:00,8312.79,75.94,TRADE
NSW1,2026/09/18 19:55:00,8300.96,75.94,TRADE
NSW1,2026/09/18 20:00:00,8282.98,75.94,TRADE
NSW1,2026/09/18 20:05:00,8257.27,81.47,TRADE
NSW1,2026/09/18 20:10:00,8151.39,79.71,TRADE
NSW1,2026/09/18 20:15:00,8243.17,80.98,TRADE
NSW1,2026/09/18 20:20:00,8209.55,77.39,TRADE
NSW1,2026/09/18 20:25:00,8241.3,80.98,TRADE
NSW1,2026/09/18 20:30:00,8152.77,75.96,TRADE
NSW1,2026/09/18 20:35:00,8151.19,75.96,TRADE
NSW1,2026/09/18 20:40:00,8124.41,75.96,TRADE
NSW1,2026/09/18 20:45:00,8074.7,75.95,TRADE
NSW1,2026/09/18 20:50:00,8133.31,75.94,TRADE
NSW1,2026/09/18 20:55:00,8092.95,83.34,TRADE
NSW1,2026/09/18 21:00:00,8085.52,89,TRADE
NSW1,2026/09/18 21:05:00,7997.85,90,TRADE
NSW1,2026/09/18 21:10:00,7871.8,88.86,TRADE
NSW1,2026/09/18 21:15:00,7840.31,85.40,TRADE
NSW1,2026/09/18 21:20:00,7885.85,82.29,TRADE
NSW1,2026/09/18 21:25:00,7978.96,83.20,TRADE
NSW1,2026/09/18 21:30:00,7891.04,82.37,TRADE
NSW1,2026/09/18 21:35:00,7874.36,83.30,TRADE
NSW1,2026/09/18 21:40:00,7877.76,83.37,TRADE
NSW1,2026/09/18 21:45:00,7814.26,83.27,TRADE
NSW1,2026/09/18 21:50:00,7870.92,89,TRADE
NSW1,2026/09/18 21:55:00,7759.17,84.96,TRADE
NSW1,2026/09/18 22:00:00,7685.01,83.99,TRADE
NSW1,2026/09/18 22:05:00,7580.63,83.99,TRADE
NSW1,2026/09/18 22:10:00,7814.56,86.45,TRADE
NSW1,2026/09/18 22:15:00,7804.69,85.17,TRADE
NSW1,2026/09/18 22:20:00,7857.21,85.17,TRADE
NSW1,2026/09/18 22:25:00,7786.68,83.99,TRADE
NSW1,2026/09/18 22:30:00,7797.62,83.99,TRADE
NSW1,2026/09/18 22:35:00,7798.86,83.99,TRADE
NSW1,2026/09/18 22:40:00,7702.26,82.27,TRADE
NSW1,2026/09/18 22:45:00,7779.41,83.99,TRADE
NSW1,2026/09/18 22:50:00,7721.18,83.93,TRADE
NSW1,2026/09/18 22:55:00,7625.94,80.47,TRADE
NSW1,2026/09/18 23:00:00,7617.65,81.04,TRADE
NSW1,2026/09/18 23:05:00,7657.87,84.61,TRADE
NSW1,2026/09/18 23:10:00,7554.88,83.99,TRADE
NSW1,2026/09/18 23:15:00,7573.92,83.99,TRADE
NSW1,2026/09/18 23:20:00,7523.89,86.96,TRADE
NSW1,2026/09/18 23:25:00,7536.63,84.54,TRADE
NSW1,2026/09/18 23:30:00,7554.5,83.99,TRADE
NSW1,2026/09/18 23:35:00,7519.59,83.99,TRADE
NSW1,2026/09/18 23:40:00,7472.18,84.49,TRADE
NSW1,2026/09/18 23:45:00,7413.9,83.01,TRADE
NSW1,2026/09/18 23:50:00,7412.22,83.61,TRADE
NSW1,2026/09/18 23:55:00,7408.28,83.99,TRADE
NSW1,2026/09/19 00:00:00,7349.37,78.72,TRADE
NSW1,2026/09/19 00:05:00,7415.08,80.10,TRADE
NSW1,2026/09/19 00:10:00,7498.46,80.10,TRADE
NSW1,2026/09/19 00:15:00,7544.94,80.10,TRADE
NSW1,2026/09/19 00:20:00,7512.7,80.10,TRADE
NSW1,2026/09/19 00:25:00,7630.41,111.98,TRADE
NSW1,2026/09/19 00:30:00,7544.41,83.99,TRADE
NSW1,2026/09/19 00:35:00,7453.67,107.92,TRADE
NSW1,2026/09/19 00:40:00,7476.65,77.23,TRADE
NSW1,2026/09/19 00:45:00,7423.25,86.02,TRADE
NSW1,2026/09/19 00:50:00,7266.57,83.99,TRADE
NSW1,2026/09/19 00:55:00,7230.73,83.99,TRADE
NSW1,2026/09/19 01:00:00,7294.11,85.48,TRADE
NSW1,2026/09/19 01:05:00,7193.49,83.99,TRADE
NSW1,2026/09/19 01:10:00,7167.22,83.99,TRADE
NSW1,2026/09/19 01:15:00,7101.26,69.90,TRADE
NSW1,2026/09/19 01:20:00,7097.85,77.80,TRADE
NSW1,2026/09/19 01:25:00,6990.86,75.95,TRADE
NSW1,2026/09/19 01:30:00,6933.44,75.95,TRADE
NSW1,2026/09/19 01:35:00,6927.57,82.68,TRADE
NSW1,2026/09/19 01:40:00,6943.7,82.70,TRADE
NSW1,2026/09/19 01:45:00,6909.12,77.54,TRADE
NSW1,2026/09/19 01:50:00,6887.02,77.48,TRADE
NSW1,2026/09/19 01:55:00,6950.39,78.61,TRADE
NSW1,2026/09/19 02:00:00,6881.08,82.20,TRADE
NSW1,2026/09/19 02:05:00,6896.08,83.99,TRADE
NSW1,2026/09/19 02:10:00,6861.73,75.44,TRADE
NSW1,2026/09/19 02:15:00,6909.13,89,TRADE
NSW1,2026/09/19 02:20:00,6805.53,83.99,TRADE
NSW1,2026/09/19 02:25:00,6712.51,77.51,TRADE
NSW1,2026/09/19 02:30:00,6802.47,84.79,TRADE
NSW1,2026/09/19 02:35:00,6763.11,89,TRADE
NSW1,2026/09/19 02:40:00,6645.83,83.99,TRADE
NSW1,2026/09/19 02:45:00,6610.15,83.89,TRADE
NSW1,2026/09/19 02:50:00,6635.73,69.93,TRADE
NSW1,2026/09/19 02:55:00,6595.96,83.99,TRADE
NSW1,2026/09/19 03:00:00,6537.24,83.65,TRADE
NSW1,2026/09/19 03:05:00,6601.58,84.79,TRADE
NSW1,2026/09/19 03:10:00,6591.9,84.17,TRADE
NSW1,2026/09/19 03:15:00,6534.06,75.42,TRADE
NSW1,2026/09/19 03:20:00,6539.25,83.99,TRADE
NSW1,2026/09/19 03:25:00,6601.52,83.99,TRADE
NSW1,2026/09/19 03:30:00,6586.56,83.99,TRADE
NSW1,2026/09/19 03:35:00,6450.43,80.10,TRADE
NSW1,2026/09/19 03:40:00,6409.67,82.05,TRADE
NSW1,2026/09/19 03:45:00,6472.94,69.90,TRADE
NSW1,2026/09/19 03:50:00,6490.7,83,TRADE
NSW1,2026/09/19 03:55:00,6372.68,80.65,TRADE
NSW1,2026/09/19 04:00:00,6454.1,82.45,TRADE
NSW1,2026/09/19 04:05:00,6480.65,83.55,TRADE
NSW1,2026/09/19 04:10:00,6490.43,83.99,TRADE
NSW1,2026/09/19 04:15:00,6390.19,83.51,TRADE
NSW1,2026/09/19 04:20:00,6333.58,80.10,TRADE
NSW1,2026/09/19 04:25:00,6465.98,80.10,TRADE
NSW1,2026/09/19 04:30:00,6464.84,97.65,TRADE
NSW1,2026/09/19 04:35:00,6406.69,81.91,TRADE
NSW1,2026/09/19 04:40:00,6395.22,83.99,TRADE
NSW1,2026/09/19 04:45:00,6433.02,83.99,TRADE
NSW1,2026/09/19 04:50:00,6467.4,83.99,TRADE
NSW1,2026/09/19 04:55:00,6438.55,83.99,TRADE
NSW1,2026/09/19 05:00:00,6518.85,97.65,TRADE
NSW1,2026/09/19 05:05:00,6556.69,83.99,TRADE
NSW1,2026/09/19 05:10:00,6520.92,83.93,TRADE
NSW1,2026/09/19 05:15:00,6575.34,83.95,TRADE
NSW1,2026/09/19 05:20:00,6613.15,83.99,TRADE
NSW1,2026/09/19 05:25:00,6575.59,83.99,TRADE
NSW1,2026/09/19 05:30:00,6614.92,83.99,TRADE
NSW1,2026/09/19 05:35:00,6655.35,82.44,TRADE
NSW1,2026/09/19 05:40:00,6688.32,83.99,TRADE
NSW1,2026/09/19 05:45:00,6750.39,83.99,TRADE
NSW1,2026/09/19 05:50:00,6720.39,83.99,TRADE
NSW1,2026/09/19 05:55:00,6763.45,85.87,TRADE
NSW1,2026/09/19 06:00:00,6785.23,87.47,TRADE
NSW1,2026/09/19 06:05:00,6764.47,83.76,TRADE
NSW1,2026/09/19 06:10:00,6833.41,83.99,TRADE
NSW1,2026/09/19 06:15:00,6787.75,76.81,TRADE
NSW1,2026/09/19 06:20:00,6781.82,70.92,TRADE
NSW1,2026/09/19 06:25:00,6785.09,63.84,TRADE
NSW1,2026/09/19 06:30:00,6797.02,64.31,TRADE
NSW1,2026/09/19 06:35:00,6746.53,63.93,TRADE
NSW1,2026/09/19 06:40:00,6797.51,54.39,TRADE
NSW1,2026/09/19 06:45:00,6755.66,42.54,TRADE
NSW1,2026/09/19 06:50:00,6606.28,22.72,TRADE
NSW1,2026/09/19 06:55:00,6601.16,-3.02,TRADE
NSW1,2026/09/19 07:00:00,6564.47,-3.04,TRADE
NSW1,2026/09/19 07:05:00,6504.85,-0.56,TRADE
NSW1,2026/09/19 07:10:00,6311.66,-4.25,TRADE
NSW1,2026/09/19 07:15:00,6424.45,-6.24,TRADE
NSW1,2026/09/19 07:20:00,6306.92,-6.95,TRADE
NSW1,2026/09/19 07:25:00,6259.12,-6.71,TRADE
NSW1,2026/09/19 07:30:00,6207.63,-7.83,TRADE
NSW1,2026/09/19 07:35:00,6145.76,-7.91,TRADE
NSW1,2026/09/19 07:40:00,6126.42,-7.23,TRADE
NSW1,2026/09/19 07:45:00,6041.4,-7.86,TRADE
NSW1,2026/09/19 07:50:00,5899.96,-7.81,TRADE
NSW1,2026/09/19 07:55:00,5812.71,-6.37,TRADE
NSW1,2026/09/19 08:00:00,5811.17,-7.76,TRADE
NSW1,2026/09/19 08:05:00,5805.51,-7.72,TRADE
NSW1,2026/09/19 08:10:00,5791.59,-6.51,TRADE
NSW1,2026/09/19 08:15:00,5640.43,-6.09,TRADE
NSW1,2026/09/19 08:20:00,5518.83,-7.15,TRADE
NSW1,2026/09/19 08:25:00,5563.71,-7.82,TRADE
NSW1,2026/09/19 08:30:00,5519.19,-7.35,TRADE
NSW1,2026/09/19 08:35:00,5391.98,-7.90,TRADE
NSW1,2026/09/19 08:40:00,5351.12,-6.58,TRADE
NSW1,2026/09/19 08:45:00,5166.4,-8.23,TRADE
NSW1,2026/09/19 08:50:00,5165.47,-7.98,TRADE
NSW1,2026/09/19 08:55:00,5105.5,-7.86,TRADE
NSW1,2026/09/19 09:00:00,5054.37,-8.47,TRADE
NSW1,2026/09/19 09:05:00,4932.11,-6.51,TRADE
NSW1,2026/09/19 09:10:00,4875.4,-6.50,TRADE
NSW1,2026/09/19 09:15:00,4867.94,-6.91,TRADE
NSW1,2026/09/19 09:20:00,4792.89,-2.21,TRADE
NSW1,2026/09/19 09:25:00,4700.59,-8.69,TRADE
NSW1,2026/09/19 09:30:00,4719.62,-8.37,TRADE
NSW1,2026/09/19 09:35:00,4607.12,-6.51,TRADE
NSW1,2026/09/19 09:40:00,4558.26,-6.51,TRADE
NSW1,2026/09/19 09:45:00,4495.02,-6.43,TRADE
NSW1,2026/09/19 09:50:00,4405.92,-6.43,TRADE
NSW1,2026/09/19 09:55:00,4346.55,-8.20,TRADE
NSW1,2026/09/19 10:00:00,4345.96,-8.21,TRADE
NSW1,2026/09/19 10:05:00,4267.32,-6.62,TRADE
NSW1,2026/09/19 10:10:00,4276.24,-7.86,TRADE
NSW1,2026/09/19 10:15:00,4215.33,-7.52,TRADE
NSW1,2026/09/19 10:20:00,4143.25,-8.40,TRADE
NSW1,2026/09/19 10:25:00,4061.31,-10.10,TRADE
NSW1,2026/09/19 10:30:00,4003.21,-10.10,TRADE
NSW1,2026/09/19 10:35:00,3859.94,-10.10,TRADE
NSW1,2026/09/19 10:40:00,3948.11,-8.63,TRADE
NSW1,2026/09/19 10:45:00,3860.87,-10.10,TRADE
NSW1,2026/09/19 10:50:00,3792.17,-10.10,TRADE
NSW1,2026/09/19 10:55:00,3758.66,-10.10,TRADE
NSW1,2026/09/19 11:00:00,3667.14,-10.50,TRADE
NSW1,2026/09/19 11:05:00,3660.49,-10.50,TRADE
NSW1,2026/09/19 11:10:00,3792.02,-10,TRADE
NSW1,2026/09/19 11:15:00,3786.87,-8.38,TRADE
NSW1,2026/09/19 11:20:00,3749.03,-8.63,TRADE
NSW1,2026/09/19 11:25:00,3608.5,-8.63,TRADE
NSW1,2026/09/19 11:30:00,3645.77,-8.63,TRADE
NSW1,2026/09/19 11:35:00,3632.11,-8.63,TRADE
NSW1,2026/09/19 11:40:00,3584.43,-8.63,TRADE
NSW1,2026/09/19 11:45:00,3482.91,-9.05,TRADE
NSW1,2026/09/19 11:50:00,3455.88,-9.05,TRADE
NSW1,2026/09/19 11:55:00,3531.49,-8.82,TRADE
NSW1,2026/09/19 12:00:00,3459.77,-8.94,TRADE
NSW1,2026/09/19 12:05:00,3490.85,-9.11,TRADE
NSW1,2026/09/19 12:10:00,3545.83,-8.98,TRADE
NSW1,2026/09/19 12:15:00,3469.08,-9.05,TRADE
NSW1,2026/09/19 12:20:00,3483.75,-8.63,TRADE
NSW1,2026/09/19 12:25:00,3520.1,-8.30,TRADE
NSW1,2026/09/19 12:30:00,3477.84,-8.15,TRADE
NSW1,2026/09/19 12:35:00,3562.75,-8.70,TRADE
NSW1,2026/09/19 12:40:00,3505.77,-8.63,TRADE
NSW1,2026/09/19 12:45:00,3491.6,-8.36,TRADE
NSW1,2026/09/19 12:50:00,3494.29,-8.91,TRADE
NSW1,2026/09/19 12:55:00,3586.22,-8.53,TRADE
NSW1,2026/09/19 13:00:00,3608.29,-7.68,TRADE
NSW1,2026/09/19 13:05:00,3579.43,-7.78,TRADE
NSW1,2026/09/19 13:10:00,3603,-8.50,TRADE
NSW1,2026/09/19 13:15:00,3758.72,-8.53,TRADE
NSW1,2026/09/19 13:20:00,3688.64,-8.63,TRADE
NSW1,2026/09/19 13:25:00,3769.15,-8.63,TRADE
NSW1,2026/09/19 13:30:00,3785.48,-8.80,TRADE
NSW1,2026/09/19 13:35:00,3877.12,-8.31,TRADE
NSW1,2026/09/19 13:40:00,3950.81,-8.83,TRADE
NSW1,2026/09/19 13:45:00,3895.45,-8.18,TRADE
NSW1,2026/09/19 13:50:00,3876.54,-10.10,TRADE
NSW1,2026/09/19 13:55:00,3997.88,-10.10,TRADE
NSW1,2026/09/19 14:00:00,4028,-10.50,TRADE
NSW1,2026/09/19 14:05:00,4058.99,-10,TRADE
NSW1,2026/09/19 14:10:00,4087.2,-10.50,TRADE
NSW1,2026/09/19 14:15:00,4189.26,-10,TRADE
NSW1,2026/09/19 14:20:00,4281.63,-10,TRADE
NSW1,2026/09/19 14:25:00,4314.32,-10.10,TRADE
NSW1,2026/09/19 14:30:00,4390.86,-8.63,TRADE
NSW1,2026/09/19 14:35:00,4512.63,-8.33,TRADE
NSW1,2026/09/19 14:40:00,4583.96,-8.29,TRADE
NSW1,2026/09/19 14:45:00,4682.27,-8.01,TRADE
NSW1,2026/09/19 14:50:00,4768.81,-8.06,TRADE
NSW1,2026/09/19 14:55:00,4893.43,-8.30,TRADE
NSW1,2026/09/19 15:00:00,5050.38,-7.89,TRADE
NSW1,2026/09/19 15:05:00,5076.66,-6.49,TRADE
NSW1,2026/09/19 15:10:00,5246.49,-8.58,TRADE
NSW1,2026/09/19 15:15:00,5236.81,-7.82,TRADE
NSW1,2026/09/19 15:20:00,5303.99,-6.28,TRADE
NSW1,2026/09/19 15:25:00,5464.43,-6.20,TRADE
NSW1,2026/09/19 15:30:00,5544.97,-7.72,TRADE
NSW1,2026/09/19 15:35:00,5798.78,-7.18,TRADE
NSW1,2026/09/19 15:40:00,5796.9,-6.69,TRADE
NSW1,2026/09/19 15:45:00,5919.42,-6.06,TRADE
NSW1,2026/09/19 15:50:00,6075.17,-5.16,TRADE
NSW1,2026/09/19 15:55:00,6148.74,-5.01,TRADE
NSW1,2026/09/19 16:00:00,6328.85,0,TRADE
NSW1,2026/09/19 16:05:00,6368.95,0,TRADE
NSW1,2026/09/19 16:10:00,6433.71,0,TRADE
NSW1,2026/09/19 16:15:00,6539.15,0,TRADE
NSW1,2026/09/19 16:20:00,6661.77,49.62,TRADE
NSW1,2026/09/19 16:25:00,6844.25,64.89,TRADE
NSW1,2026/09/19 16:30:00,6928.52,79.48,TRADE
NSW1,2026/09/19 16:35:00,7028.98,70.19,TRADE
NSW1,2026/09/19 16:40:00,7110.89,72.73,TRADE
NSW1,2026/09/19 16:45:00,7176.47,70.85,TRADE
NSW1,2026/09/19 16:50:00,7298.42,69.18,TRADE
NSW1,2026/09/19 16:55:00,7362.81,71.10,TRADE
NSW1,2026/09/19 17:00:00,7503.41,73.46,TRADE
NSW1,2026/09/19 17:05:00,7624.47,75.94,TRADE
NSW1,2026/09/19 17:10:00,7594.76,74.66,TRADE
NSW1,2026/09/19 17:15:00,7654.85,75.94,TRADE
NSW1,2026/09/19 17:20:00,7593.13,75.94,TRADE
NSW1,2026/09/19 17:25:00,7678.9,73.14,TRADE
NSW1,2026/09/19 17:30:00,7864.19,67.35,TRADE
NSW1,2026/09/19 17:35:00,7991.89,69.28,TRADE
NSW1,2026/09/19 17:40:00,8040.03,69.28,TRADE
NSW1,2026/09/19 17:45:00,7965.05,68.68,TRADE
NSW1,2026/09/19 17:50:00,7911.7,68.66,TRADE
NSW1,2026/09/19 17:55:00,8047.75,75.94,TRADE
NSW1,2026/09/19 18:00:00,8075.69,75.94,TRADE
NSW1,2026/09/19 18:05:00,8076.85,73.17,TRADE
NSW1,2026/09/19 18:10:00,8030.95,68.70,TRADE
NSW1,2026/09/19 18:15:00,7976.12,67.46,TRADE
NSW1,2026/09/19 18:20:00,8008.37,72.73,TRADE
NSW1,2026/09/19 18:25:00,8039.39,75.54,TRADE
NSW1,2026/09/19 18:30:00,8085.51,75.94,TRADE
NSW1,2026/09/19 18:35:00,8104.13,74.20,TRADE
NSW1,2026/09/19 18:40:00,8007.94,80.19,TRADE
NSW1,2026/09/19 18:45:00,8034.49,78.04,TRADE
NSW1,2026/09/19 18:50:00,7965.43,78.51,TRADE
NSW1,2026/09/19 18:55:00,7994.75,76.77,TRADE
NSW1,2026/09/19 19:00:00,7930.5,76.18,TRADE
NSW1,2026/09/19 19:05:00,7842.07,78.82,TRADE
NSW1,2026/09/19 19:10:00,7837.68,75.96,TRADE
NSW1,2026/09/19 19:15:00,7814.99,79.20,TRADE
NSW1,2026/09/19 19:20:00,7755.33,77.69,TRADE
NSW1,2026/09/19 19:25:00,7766.85,82.12,TRADE
NSW1,2026/09/19 19:30:00,7807.99,83.79,TRADE
NSW1,2026/09/19 19:35:00,7670.05,81.60,TRADE
NSW1,2026/09/19 19:40:00,7754.02,75.96,TRADE
NSW1,2026/09/19 19:45:00,7759.69,79.02,TRADE
NSW1,2026/09/19 19:50:00,7738.57,84.85,TRADE
NSW1,2026/09/19 19:55:00,7684.02,80.10,TRADE
NSW1,2026/09/19 20:00:00,7756.67,79.65,TRADE
NSW1,2026/09/19 20:05:00,7667.85,82.95,TRADE
NSW1,2026/09/19 20:10:00,7582.06,84.41,TRADE
NSW1,2026/09/19 20:15:00,7536.48,81.84,TRADE
NSW1,2026/09/19 20:20:00,7584.32,87.01,TRADE
NSW1,2026/09/19 20:25:00,7518.5,84.67,TRADE
NSW1,2026/09/19 20:30:00,7686.11,85.89,TRADE
NSW1,2026/09/19 20:35:00,7498.88,82.95,TRADE
NSW1,2026/09/19 20:40:00,7514.83,85.27,TRADE
NSW1,2026/09/19 20:45:00,7521.33,82.90,TRADE
NSW1,2026/09/19 20:50:00,7525.52,84.67,TRADE
NSW1,2026/09/19 20:55:00,7489.29,82.92,TRADE
NSW1,2026/09/19 21:00:00,7468.59,82.90,TRADE
NSW1,2026/09/19 21:05:00,7428.73,82.90,TRADE
NSW1,2026/09/19 21:10:00,7379.54,82.90,TRADE
NSW1,2026/09/19 21:15:00,7380.25,82.90,TRADE
NSW1,2026/09/19 21:20:00,7402.96,90,TRADE
NSW1,2026/09/19 21:25:00,7438.75,88.86,TRADE
NSW1,2026/09/19 21:30:00,7361.81,86.89,TRADE
NSW1,2026/09/19 21:35:00,7354.74,91.54,TRADE
NSW1,2026/09/19 21:40:00,7442.02,102.25,TRADE
NSW1,2026/09/19 21:45:00,7411.98,104.10,TRADE
NSW1,2026/09/19 21:50:00,7366.57,94.87,TRADE
NSW1,2026/09/19 21:55:00,7233.73,102.82,TRADE
NSW1,2026/09/19 22:00:00,7282.37,103.57,TRADE
NSW1,2026/09/19 22:05:00,7226.94,119.01,TRADE
NSW1,2026/09/19 22:10:00,7362.07,119.01,TRADE
NSW1,2026/09/19 22:15:00,7276.43,88.86,TRADE
NSW1,2026/09/19 22:20:00,7289.43,90.21,TRADE
NSW1,2026/09/19 22:25:00,7291.21,95.60,TRADE
NSW1,2026/09/19 22:30:00,7296.41,90.21,TRADE
NSW1,2026/09/19 22:35:00,7336.21,98.62,TRADE
NSW1,2026/09/19 22:40:00,7302.23,102.66,TRADE
NSW1,2026/09/19 22:45:00,7224.12,96.99,TRADE
NSW1,2026/09/19 22:50:00,7266.11,96.99,TRADE
NSW1,2026/09/19 22:55:00,7240.31,90.21,TRADE
NSW1,2026/09/19 23:00:00,7277.14,127.23,TRADE
NSW1,2026/09/19 23:05:00,7240.41,90.21,TRADE
NSW1,2026/09/19 23:10:00,7282.81,102.77,TRADE
NSW1,2026/09/19 23:15:00,7167.79,90.21,TRADE
NSW1,2026/09/19 23:20:00,7093.44,119.01,TRADE
NSW1,2026/09/19 23:25:00,7137.8,106.12,TRADE
NSW1,2026/09/19 23:30:00,7098.23,106.81,TRADE
NSW1,2026/09/19 23:35:00,7010.15,100.66,TRADE
NSW1,2026/09/19 23:40:00,7083.51,96.99,TRADE
NSW1,2026/09/19 23:45:00,7011.1,96.99,TRADE
NSW1,2026/09/19 23:50:00,7027.8,90,TRADE
NSW1,2026/09/19 23:55:00,6883.55,75.96,TRADE
NSW1,2026/09/20 00:00:00,6940.46,83.34,TRADE
NSW1,2026/09/20 00:05:00,6878.96,86.24,TRADE
NSW1,2026/09/20 00:10:00,6995.29,90,TRADE
NSW1,2026/09/20 00:15:00,6987.34,89.06,TRADE
NSW1,2026/09/20 00:20:00,6987.72,89.34,TRADE
NSW1,2026/09/20 00:25:00,7004.7,89.37,TRADE
NSW1,2026/09/20 00:30:00,6964.49,88.39,TRADE
NSW1,2026/09/20 00:35:00,6943.32,86.98,TRADE
NSW1,2026/09/20 00:40:00,6941.45,88.86,TRADE
NSW1,2026/09/20 00:45:00,6932.89,88.11,TRADE
NSW1,2026/09/20 00:50:00,6907.81,84.79,TRADE
NSW1,2026/09/20 00:55:00,6877.38,87.76,TRADE
NSW1,2026/09/20 01:00:00,6810.85,80.10,TRADE
NSW1,2026/09/20 01:05:00,6853.83,74.71,TRADE
NSW1,2026/09/20 01:10:00,6812,89.08,TRADE
NSW1,2026/09/20 01:15:00,6792.04,89.31,TRADE
NSW1,2026/09/20 01:20:00,6710.42,75.66,TRADE
NSW1,2026/09/20 01:25:00,6716.93,84.79,TRADE
NSW1,2026/09/20 01:30:00,6717.58,83.34,TRADE
NSW1,2026/09/20 01:35:00,6681.84,89.36,TRADE
NSW1,2026/09/20 01:40:00,6697.58,90,TRADE
NSW1,2026/09/20 01:45:00,6595.85,89.39,TRADE
NSW1,2026/09/20 01:50:00,6524.6,84.79,TRADE
NSW1,2026/09/20 01:55:00,6558.41,90,TRADE
NSW1,2026/09/20 02:00:00,6531.16,90,TRADE
NSW1,2026/09/20 02:05:00,6446.51,90,TRADE
NSW1,2026/09/20 02:10:00,6470.58,90.36,TRADE
NSW1,2026/09/20 02:15:00,6467.51,90,TRADE
NSW1,2026/09/20 02:20:00,6408.7,90.40,TRADE
NSW1,2026/09/20 02:25:00,6425.94,90.41,TRADE
NSW1,2026/09/20 02:30:00,6409.21,90,TRADE
NSW1,2026/09/20 02:35:00,6345.67,90,TRADE
NSW1,2026/09/20 02:40:00,6296.65,89.46,TRADE
NSW1,2026/09/20 02:45:00,6290.64,89.99,TRADE
NSW1,2026/09/20 02:50:00,6295.05,90,TRADE
NSW1,2026/09/20 02:55:00,6303.17,89.57,TRADE
NSW1,2026/09/20 03:00:00,6250.55,89.22,TRADE
NSW1,2026/09/20 03:05:00,6260.15,90,TRADE
NSW1,2026/09/20 03:10:00,6259.84,88.69,TRADE
NSW1,2026/09/20 03:15:00,6281.02,90,TRADE
NSW1,2026/09/20 03:20:00,6274.34,89.25,TRADE
NSW1,2026/09/20 03:25:00,6180.27,88.49,TRADE
NSW1,2026/09/20 03:30:00,6239.67,89.67,TRADE
NSW1,2026/09/20 03:35:00,6239.78,90,TRADE
NSW1,2026/09/20 03:40:00,6258.45,90,TRADE
NSW1,2026/09/20 03:45:00,6160.76,88.69,TRADE
NSW1,2026/09/20 03:50:00,6221.62,89.67,TRADE
NSW1,2026/09/20 03:55:00,6185.63,88.09,TRADE
NSW1,2026/09/20 04:00:00,6248.1,89.69,TRADE
NSW1,2026/09/20 04:05:00,6147.1,89.14,TRADE
NSW1,2026/09/20 04:10:00,6093.07,88.55,TRADE
NSW1,2026/09/20 04:15:00,6164.94,90,TRADE
NSW1,2026/09/20 04:20:00,6129.68,88.56,TRADE
NSW1,2026/09/20 04:25:00,6139.97,90,TRADE
NSW1,2026/09/20 04:30:00,6171.08,90,TRADE
NSW1,2026/09/20 04:35:00,6134.98,90,TRADE
NSW1,2026/09/20 04:40:00,6148.95,90,TRADE
NSW1,2026/09/20 04:45:00,6085.96,87.41,TRADE
NSW1,2026/09/20 04:50:00,6117.92,87.41,TRADE
NSW1,2026/09/20 04:55:00,6099.85,86.82,TRADE
NSW1,2026/09/20 05:00:00,6198.45,88.55,TRADE
NSW1,2026/09/20 05:05:00,6151.39,86.82,TRADE
NSW1,2026/09/20 05:10:00,6222.72,90,TRADE
NSW1,2026/09/20 05:15:00,6279.76,89.93,TRADE
NSW1,2026/09/20 05:20:00,6264.22,96.99,TRADE
NSW1,2026/09/20 05:25:00,6267.6,88.77,TRADE
NSW1,2026/09/20 05:30:00,6282.09,90,TRADE
NSW1,2026/09/20 05:35:00,6286.14,88.79,TRADE
NSW1,2026/09/20 05:40:00,6350.35,90,TRADE
NSW1,2026/09/20 05:45:00,6290.21,96.99,TRADE
NSW1,2026/09/20 05:50:00,6324.25,90,TRADE
NSW1,2026/09/20 05:55:00,6296.75,90,TRADE
NSW1,2026/09/20 06:00:00,6259.6,90,TRADE
NSW1,2026/09/20 06:05:00,6283.66,84.79,TRADE
NSW1,2026/09/20 06:10:00,6280.61,84.79,TRADE
NSW1,2026/09/20 06:15:00,6279.63,83.99,TRADE
NSW1,2026/09/20 06:20:00,6272.72,83.99,TRADE
NSW1,2026/09/20 06:25:00,6289.81,72.09,TRADE
NSW1,2026/09/20 06:30:00,6277.29,66.60,TRADE
NSW1,2026/09/20 06:35:00,6100.3,22.88,TRADE
NSW1,2026/09/20 06:40:00,6177.58,5.38,TRADE
NSW1,2026/09/20 06:45:00,6143.66,51.23,TRADE
NSW1,2026/09/20 06:50:00,6056.23,0.90,TRADE
NSW1,2026/09/20 06:55:00,5994.55,0.90,TRADE
NSW1,2026/09/20 07:00:00,5882.59,-3.13,TRADE
NSW1,2026/09/20 07:05:00,5796.7,-3.03,TRADE
NSW1,2026/09/20 07:10:00,5803.53,-3.03,TRADE
NSW1,2026/09/20 07:15:00,5748.01,-5.06,TRADE
NSW1,2026/09/20 07:20:00,5698.38,-5.03,TRADE
NSW1,2026/09/20 07:25:00,5656.34,-6.08,TRADE
NSW1,2026/09/20 07:30:00,5680.35,-5.17,TRADE
NSW1,2026/09/20 07:35:00,5638.19,-3.12,TRADE
NSW1,2026/09/20 07:40:00,5600.86,-5.21,TRADE
NSW1,2026/09/20 07:45:00,5556.55,-5.18,TRADE
NSW1,2026/09/20 07:50:00,5423.63,-6.14,TRADE
NSW1,2026/09/20 07:55:00,5490.24,-6.31,TRADE
NSW1,2026/09/20 08:00:00,5389.49,-6.19,TRADE
NSW1,2026/09/20 08:05:00,5332.87,-7.24,TRADE
NSW1,2026/09/20 08:10:00,5269.2,-6.28,TRADE
NSW1,2026/09/20 08:15:00,5179.59,-6.36,TRADE
NSW1,2026/09/20 08:20:00,5195.34,-2.21,TRADE
NSW1,2026/09/20 08:25:00,5087.66,-2.21,TRADE
NSW1,2026/09/20 08:30:00,4896.5,-2.21,TRADE
NSW1,2026/09/20 08:35:00,4977.9,-8.06,TRADE
NSW1,2026/09/20 08:40:00,4909.08,-8.44,TRADE
NSW1,2026/09/20 08:45:00,4832.16,-8.13,TRADE
NSW1,2026/09/20 08:50:00,4719.05,-8.36,TRADE
NSW1,2026/09/20 08:55:00,4600.71,-2.21,TRADE
NSW1,2026/09/20 09:00:00,4428.09,-8.82,TRADE
NSW1,2026/09/20 09:05:00,4396.48,-9.76,TRADE
NSW1,2026/09/20 09:10:00,4506.79,-8.27,TRADE
NSW1,2026/09/20 09:15:00,4434.18,-8.67,TRADE
NSW1,2026/09/20 09:20:00,4379.11,-8.22,TRADE
NSW1,2026/09/20 09:25:00,4307.36,-8.62,TRADE
NSW1,2026/09/20 09:30:00,4216.23,-10.01,TRADE
NSW1,2026/09/20 09:35:00,4188.95,-10.01,TRADE
NSW1,2026/09/20 09:40:00,4221.32,-8.81,TRADE
NSW1,2026/09/20 09:45:00,4172.11,-8.63,TRADE
NSW1,2026/09/20 09:50:00,3975.03,-10.01,TRADE
NSW1,2026/09/20 09:55:00,4045.23,-10.01,TRADE
NSW1,2026/09/20 10:00:00,3876.67,-9.32,TRADE
NSW1,2026/09/20 10:05:00,3877.34,-8.95,TRADE
NSW1,2026/09/20 10:10:00,3954.65,-9.32,TRADE
NSW1,2026/09/20 10:15:00,3940.63,-8.42,TRADE
NSW1,2026/09/20 10:20:00,3846.63,-8.75,TRADE
NSW1,2026/09/20 10:25:00,3804.54,-8.54,TRADE
NSW1,2026/09/20 10:30:00,3700.3,-8.63,TRADE
NSW1,2026/09/20 10:35:00,3674.57,-8.49,TRADE
NSW1,2026/09/20 10:40:00,3691.1,-10.10,TRADE
NSW1,2026/09/20 10:45:00,3535.29,-8.96,TRADE
NSW1,2026/09/20 10:50:00,3501.35,-8.63,TRADE
NSW1,2026/09/20 10:55:00,3503.06,-8.79,TRADE
NSW1,2026/09/20 11:00:00,3524.46,-8.63,TRADE
NSW1,2026/09/20 11:05:00,3426.79,-10.34,TRADE
NSW1,2026/09/20 11:10:00,3575.64,-8.63,TRADE
NSW1,2026/09/20 11:15:00,3539.07,-8.63,TRADE
NSW1,2026/09/20 11:20:00,3508.23,-10.34,TRADE
NSW1,2026/09/20 11:25:00,3495.45,-12.42,TRADE
NSW1,2026/09/20 11:30:00,3462.5,-10.50,TRADE
NSW1,2026/09/20 11:35:00,3395.86,-10.50,TRADE
NSW1,2026/09/20 11:40:00,3374.24,-8.63,TRADE
NSW1,2026/09/20 11:45:00,3425.25,-8.82,TRADE
NSW1,2026/09/20 11:50:00,3360.36,-10.50,TRADE
NSW1,2026/09/20 11:55:00,3377.96,-10.50,TRADE
NSW1,2026/09/20 12:00:00,3338.91,-10.34,TRADE
NSW1,2026/09/20 12:05:00,3308.81,-10.50,TRADE
NSW1,2026/09/20 12:10:00,3401.68,-10.50,TRADE
NSW1,2026/09/20 12:15:00,3381.17,-8.75,TRADE
NSW1,2026/09/20 12:20:00,3366.64,-10.01,TRADE
NSW1,2026/09/20 12:25:00,3422.05,-10.50,TRADE
NSW1,2026/09/20 12:30:00,3448.4,-10.50,TRADE
NSW1,2026/09/20 12:35:00,3449.8,-8.63,TRADE
NSW1,2026/09/20 12:40:00,3338.8,-10.50,TRADE
NSW1,2026/09/20 12:45:00,3477.53,-10,TRADE
NSW1,2026/09/20 12:50:00,3433.61,-8.63,TRADE
NSW1,2026/09/20 12:55:00,3485.28,-8.63,TRADE
NSW1,2026/09/20 13:00:00,3548.85,-8.36,TRADE
NSW1,2026/09/20 13:05:00,3477.86,-8.20,TRADE
NSW1,2026/09/20 13:10:00,3631.41,-7.91,TRADE
NSW1,2026/09/20 13:15:00,3681.17,-8.83,TRADE
NSW1,2026/09/20 13:20:00,3736.73,-7.73,TRADE
NSW1,2026/09/20 13:25:00,3663.11,-7.51,TRADE
NSW1,2026/09/20 13:30:00,3764.39,-7.56,TRADE
NSW1,2026/09/20 13:35:00,3797.78,-8,TRADE
NSW1,2026/09/20 13:40:00,3867.31,-10.34,TRADE
NSW1,2026/09/20 13:45:00,3906.65,-7.97,TRADE
NSW1,2026/09/20 13:50:00,3915.9,-7.49,TRADE
NSW1,2026/09/20 13:55:00,3911.98,-8.44,TRADE
NSW1,2026/09/20 14:00:00,4031.78,-8.06,TRADE
NSW1,2026/09/20 14:05:00,4118.34,-8.14,TRADE
NSW1,2026/09/20 14:10:00,4206.52,-10.01,TRADE
NSW1,2026/09/20 14:15:00,4243.94,-8.28,TRADE
NSW1,2026/09/20 14:20:00,4315.9,-8.06,TRADE
NSW1,2026/09/20 14:25:00,4444.42,-8.48,TRADE
NSW1,2026/09/20 14:30:00,4504.96,-8.25,TRADE
NSW1,2026/09/20 14:35:00,4569.77,-7.93,TRADE
NSW1,2026/09/20 14:40:00,4670.42,-7.66,TRADE
NSW1,2026/09/20 14:45:00,4745.43,-7.76,TRADE
NSW1,2026/09/20 14:50:00,4940.46,-7.45,TRADE
NSW1,2026/09/20 14:55:00,4983.14,-6.16,TRADE
NSW1,2026/09/20 15:00:00,5079.7,-6.54,TRADE
NSW1,2026/09/20 15:05:00,5173.67,-6.20,TRADE
NSW1,2026/09/20 15:10:00,5360.02,-7.32,TRADE
NSW1,2026/09/20 15:15:00,5441.75,-7.36,TRADE
NSW1,2026/09/20 15:20:00,5583.7,-6.20,TRADE
NSW1,2026/09/20 15:25:00,5698.83,-5.17,TRADE
NSW1,2026/09/20 15:30:00,5699.04,-5.17,TRADE
NSW1,2026/09/20 15:35:00,5919.3,-5.17,TRADE
NSW1,2026/09/20 15:40:00,6045.78,-3.10,TRADE
NSW1,2026/09/20 15:45:00,6217.07,11.80,TRADE
NSW1,2026/09/20 15:50:00,6155.19,-1.33,TRADE
NSW1,2026/09/20 15:55:00,6320.09,25.26,TRADE
NSW1,2026/09/20 16:00:00,6557.55,71.15,TRADE
NSW1,2026/09/20 16:05:00,6622.18,50.10,TRADE
NSW1,2026/09/20 16:10:00,6769.65,54.97,TRADE
NSW1,2026/09/20 16:15:00,6858.82,55.09,TRADE
NSW1,2026/09/20 16:20:00,6872.38,43.77,TRADE
NSW1,2026/09/20 16:25:00,7057.93,77.50,TRADE
NSW1,2026/09/20 16:30:00,7142.04,84.21,TRADE
NSW1,2026/09/20 16:35:00,7336.99,75.94,TRADE
NSW1,2026/09/20 16:40:00,7488.56,75.94,TRADE
NSW1,2026/09/20 16:45:00,7481.71,68.42,TRADE
NSW1,2026/09/20 16:50:00,7669.79,83.02,TRADE
NSW1,2026/09/20 16:55:00,7764.25,82.95,TRADE
NSW1,2026/09/20 17:00:00,7882.7,83.99,TRADE
NSW1,2026/09/20 17:05:00,8013.47,97.33,TRADE
NSW1,2026/09/20 17:10:00,7885.78,96.79,TRADE
NSW1,2026/09/20 17:15:00,7915.75,88.53,TRADE
NSW1,2026/09/20 17:20:00,8024.74,97.76,TRADE
NSW1,2026/09/20 17:25:00,8108.17,111.98,TRADE
NSW1,2026/09/20 17:30:00,8033.01,111.98,TRADE
NSW1,2026/09/20 17:35:00,8112.68,90.21,TRADE
NSW1,2026/09/20 17:40:00,8242.24,94.49,TRADE
NSW1,2026/09/20 17:45:00,8244.82,116.86,TRADE
NSW1,2026/09/20 17:50:00,8130.73,111.98,TRADE
NSW1,2026/09/20 17:55:00,8209.63,96.29,TRADE
NSW1,2026/09/20 18:00:00,8316.47,111.98,TRADE
NSW1,2026/09/20 18:05:00,8233.83,115.60,TRADE
NSW1,2026/09/20 18:10:00,8130.21,111.98,TRADE
NSW1,2026/09/20 18:15:00,8171.18,90.21,TRADE
NSW1,2026/09/20 18:20:00,8324.76,96.99,TRADE
NSW1,2026/09/20 18:25:00,8335.03,99.25,TRADE
NSW1,2026/09/20 18:30:00,8343.47,91.82,TRADE
NSW1,2026/09/20 18:35:00,8383.98,99.11,TRADE
NSW1,2026/09/20 18:40:00,8318.69,96.99,TRADE
NSW1,2026/09/20 18:45:00,8302.92,82.61,TRADE
NSW1,2026/09/20 18:50:00,8379.36,83.99,TRADE
NSW1,2026/09/20 18:55:00,8433.54,89.07,TRADE
NSW1,2026/09/20 19:00:00,8297.9,86.82,TRADE
NSW1,2026/09/20 19:05:00,8337.58,95.20,TRADE
NSW1,2026/09/20 19:10:00,8233.6,95.20,TRADE
NSW1,2026/09/20 19:15:00,8136.32,83.25,TRADE
NSW1,2026/09/20 19:20:00,8212.42,86.95,TRADE
NSW1,2026/09/20 19:25:00,8151.87,99.51,TRADE
NSW1,2026/09/20 19:30:00,8088.67,98.94,TRADE
NSW1,2026/09/20 19:35:00,8010.84,87.58,TRADE
NSW1,2026/09/20 19:40:00,8040.28,87.52,TRADE
NSW1,2026/09/20 19:45:00,8102.71,89.36,TRADE
NSW1,2026/09/20 19:50:00,8073.45,94.87,TRADE
NSW1,2026/09/20 19:55:00,8002.54,96.45,TRADE
NSW1,2026/09/20 20:00:00,7876.6,95.20,TRADE
NSW1,2026/09/20 20:05:00,7951.06,95.47,TRADE
NSW1,2026/09/20 20:10:00,7948.87,100.68,TRADE
NSW1,2026/09/20 20:15:00,7824.28,98.66,TRADE
NSW1,2026/09/20 20:20:00,7852.44,98.66,TRADE
NSW1,2026/09/20 20:25:00,7888.58,95.20,TRADE
NSW1,2026/09/20 20:30:00,7828.79,102.66,TRADE
NSW1,2026/09/20 20:35:00,7801.5,90.21,TRADE
NSW1,2026/09/20 20:40:00,7817.63,113.58,TRADE
NSW1,2026/09/20 20:45:00,7708.82,99.03,TRADE
NSW1,2026/09/20 20:50:00,7789.89,120.08,TRADE
NSW1,2026/09/20 20:55:00,7621.81,113.50,TRADE
NSW1,2026/09/20 21:00:00,7616.79,113.50,TRADE
NSW1,2026/09/20 21:05:00,7642.72,113.50,TRADE
NSW1,2026/09/20 21:10:00,7708.2,118.56,TRADE
NSW1,2026/09/20 21:15:00,7689.39,146.11,TRADE
NSW1,2026/09/20 21:20:00,7460.68,97.62,TRADE
NSW1,2026/09/20 21:25:00,7516.94,142.90,TRADE
NSW1,2026/09/20 21:30:00,7588.89,142.90,TRADE
NSW1,2026/09/20 21:35:00,7482.65,121.10,TRADE
NSW1,2026/09/20 21:40:00,7480.77,142.90,TRADE
NSW1,2026/09/20 21:45:00,7490.02,384.09,TRADE
NSW1,2026/09/20 21:50:00,7268.94,121.10,TRADE
NSW1,2026/09/20 21:55:00,7373.18,130.01,TRADE
NSW1,2026/09/20 22:00:00,7441.16,142.90,TRADE
NSW1,2026/09/20 22:05:00,7242.6,142.90,TRADE
NSW1,2026/09/20 22:10:00,7366.95,142.90,TRADE
NSW1,2026/09/20 22:15:00,7368.07,142.90,TRADE
NSW1,2026/09/20 22:20:00,7369.81,142.90,TRADE
NSW1,2026/09/20 22:25:00,7339.88,146.11,TRADE
NSW1,2026/09/20 22:30:00,7355.59,119,TRADE
NSW1,2026/09/20 22:35:00,7344.42,146.11,TRADE
NSW1,2026/09/20 22:40:00,7327.95,119,TRADE
NSW1,2026/09/20 22:45:00,7264.42,119,TRADE
NSW1,2026/09/20 22:50:00,7220.75,119,TRADE
NSW1,2026/09/20 22:55:00,7261.2,119,TRADE
NSW1,2026/09/20 23:00:00,7253.02,111.07,TRADE
NSW1,2026/09/20 23:05:00,7236.53,113.37,TRADE
NSW1,2026/09/20 23:10:00,7143.66,97.65,TRADE
NSW1,2026/09/20 23:15:00,7121.6,108.85,TRADE
NSW1,2026/09/20 23:20:00,7108.56,109.54,TRADE
NSW1,2026/09/20 23:25:00,7108.66,109.58,TRADE
NSW1,2026/09/20 23:30:00,7059.04,108.91,TRADE
NSW1,2026/09/20 23:35:00,7057.98,108.93,TRADE
NSW1,2026/09/20 23:40:00,7082.57,96.41,TRADE
NSW1,2026/09/20 23:45:00,7059.96,108.90,TRADE
NSW1,2026/09/20 23:50:00,6975.2,107.54,TRADE
NSW1,2026/09/20 23:55:00,6864.05,75.95,TRADE
NSW1,2026/09/21 00:00:00,6893.94,79.55,TRADE
NSW1,2026/09/21 00:05:00,6914.78,105.97,TRADE
NSW1,2026/09/21 00:10:00,6972.82,106.72,TRADE
NSW1,2026/09/21 00:15:00,7063.25,108.06,TRADE
NSW1,2026/09/21 00:20:00,7025.02,97.63,TRADE
NSW1,2026/09/21 00:25:00,7037.82,84.79,TRADE
NSW1,2026/09/21 00:30:00,7000.82,83.99,TRADE
NSW1,2026/09/21 00:35:00,6979.19,108.92,TRADE
NSW1,2026/09/21 00:40:00,6952.77,82.36,TRADE
NSW1,2026/09/21 00:45:00,6937.88,84.79,TRADE
NSW1,2026/09/21 00:50:00,6843.4,81.82,TRADE
NSW1,2026/09/21 00:55:00,6790.6,107.95,TRADE
NSW1,2026/09/21 01:00:00,6785.31,80.82,TRADE
NSW1,2026/09/21 01:05:00,6790.74,89.55,TRADE
NSW1,2026/09/21 01:10:00,6731.32,83.99,TRADE
NSW1,2026/09/21 01:15:00,6731.71,81.34,TRADE
NSW1,2026/09/21 01:20:00,6706.52,82.01,TRADE
NSW1,2026/09/21 01:25:00,6634.74,80.88,TRADE
NSW1,2026/09/21 01:30:00,6575.92,79.64,TRADE
NSW1,2026/09/21 01:35:00,6507.81,80.39,TRADE
NSW1,2026/09/21 01:40:00,6530.51,81.43,TRADE
NSW1,2026/09/21 01:45:00,6520.04,80.91,TRADE
NSW1,2026/09/21 01:50:00,6523.47,84.79,TRADE
NSW1,2026/09/21 01:55:00,6482.99,91.30,TRADE
NSW1,2026/09/21 02:00:00,6486.4,76.72,TRADE
NSW1,2026/09/21 02:05:00,6435.12,79.74,TRADE
NSW1,2026/09/21 02:10:00,6419.11,79.92,TRADE
NSW1,2026/09/21 02:15:00,6477.95,84.79,TRADE
NSW1,2026/09/21 02:20:00,6458.89,96.99,TRADE
NSW1,2026/09/21 02:25:00,6370.05,84.79,TRADE
NSW1,2026/09/21 02:30:00,6318.72,79.84,TRADE
NSW1,2026/09/21 02:35:00,6309.07,80.41,TRADE
NSW1,2026/09/21 02:40:00,6389.02,96.99,TRADE
NSW1,2026/09/21 02:45:00,6388.15,96.99,TRADE
NSW1,2026/09/21 02:50:00,6394.16,99.01,TRADE
NSW1,2026/09/21 02:55:00,6386.39,96.99,TRADE
NSW1,2026/09/21 03:00:00,6349.85,84.79,TRADE
NSW1,2026/09/21 03:05:00,6408.11,96.99,TRADE
NSW1,2026/09/21 03:10:00,6458.47,97.63,TRADE
NSW1,2026/09/21 03:15:00,6356.37,96.99,TRADE
NSW1,2026/09/21 03:20:00,6386.81,97.63,TRADE
NSW1,2026/09/21 03:25:00,6476.45,96.99,TRADE
NSW1,2026/09/21 03:30:00,6407.63,96.99,TRADE
NSW1,2026/09/21 03:35:00,6446.79,96.99,TRADE
NSW1,2026/09/21 03:40:00,6336.47,84.79,TRADE
NSW1,2026/09/21 03:45:00,6384.53,80.94,TRADE
NSW1,2026/09/21 03:50:00,6347.82,99.01,TRADE
NSW1,2026/09/21 03:55:00,6309.44,78.67,TRADE
NSW1,2026/09/21 04:00:00,6292.9,99.01,TRADE
NSW1,2026/09/21 04:05:00,6285.32,78.64,TRADE
NSW1,2026/09/21 04:10:00,6362.9,81.43,TRADE
NSW1,2026/09/21 04:15:00,6312.51,83.99,TRADE
NSW1,2026/09/21 04:20:00,6327.02,83.99,TRADE
NSW1,2026/09/21 04:25:00,6332.82,83.99,TRADE
NSW1,2026/09/21 04:30:00,6358.41,99.01,TRADE
NSW1,2026/09/21 04:35:00,6407.8,99.01,TRADE
NSW1,2026/09/21 04:40:00,6411.83,99.01,TRADE
NSW1,2026/09/21 04:45:00,6394.86,97.63,TRADE
NSW1,2026/09/21 04:50:00,6393.92,74.09,TRADE
NSW1,2026/09/21 04:55:00,6459.92,96.99,TRADE
NSW1,2026/09/21 05:00:00,6527.57,96.99,TRADE
NSW1,2026/09/21 05:05:00,6553.94,96.89,TRADE
NSW1,2026/09/21 05:10:00,6560.58,96.89,TRADE
NSW1,2026/09/21 05:15:00,6626.9,96.99,TRADE
NSW1,2026/09/21 05:20:00,6685.92,96.99,TRADE
NSW1,2026/09/21 05:25:00,6695.74,96.99,TRADE
NSW1,2026/09/21 05:30:00,6713.17,93.86,TRADE
NSW1,2026/09/21 05:35:00,6677.78,92.30,TRADE
NSW1,2026/09/21 05:40:00,6706.58,84.33,TRADE
NSW1,2026/09/21 05:45:00,6762.65,105.38,TRADE
NSW1,2026/09/21 05:50:00,6889.03,96.99,TRADE
NSW1,2026/09/21 05:55:00,6957.44,109.75,TRADE
NSW1,2026/09/21 06:00:00,6980.61,108.28,TRADE
NSW1,2026/09/21 06:05:00,6972.09,85.73,TRADE
NSW1,2026/09/21 06:10:00,7071.59,103.33,TRADE
NSW1,2026/09/21 06:15:00,7077.15,103.97,TRADE
NSW1,2026/09/21 06:20:00,7177.74,119,TRADE
NSW1,2026/09/21 06:25:00,7203.08,119,TRADE
NSW1,2026/09/21 06:30:00,7134.06,86.27,TRADE
NSW1,2026/09/21 06:35:00,7066.74,52.90,TRADE
NSW1,2026/09/21 06:40:00,7136.49,67.17,TRADE
NSW1,2026/09/21 06:45:00,7099.65,67.68,TRADE
NSW1,2026/09/21 06:50:00,7080.66,52.90,TRADE
NSW1,2026/09/21 06:55:00,6983.14,52.90,TRADE
NSW1,2026/09/21 07:00:00,6958.87,52.90,TRADE
NSW1,2026/09/21 07:05:00,6894.89,76.10,TRADE
NSW1,2026/09/21 07:10:00,6861.26,57.39,TRADE
NSW1,2026/09/21 07:15:00,6878.09,52.90,TRADE
NSW1,2026/09/21 07:20:00,6842.02,52.90,TRADE
NSW1,2026/09/21 07:25:00,6793.9,52.90,TRADE
NSW1,2026/09/21 07:30:00,6676.93,52.90,TRADE
NSW1,2026/09/21 07:35:00,6711.82,52.21,TRADE
NSW1,2026/09/21 07:40:00,6665.68,46.45,TRADE
NSW1,2026/09/21 07:45:00,6592.71,52.90,TRADE
NSW1,2026/09/21 07:50:00,6522.11,42.94,TRADE
NSW1,2026/09/21 07:55:00,6548.14,46.45,TRADE
NSW1,2026/09/21 08:00:00,6508.57,46.45,TRADE
NSW1,2026/09/21 08:05:00,6462.69,42.94,TRADE
NSW1,2026/09/21 08:10:00,6402.75,42.94,TRADE
NSW1,2026/09/21 08:15:00,6297.28,57.39,TRADE
NSW1,2026/09/21 08:20:00,6196.98,42.94,TRADE
NSW1,2026/09/21 08:25:00,6231.52,69.90,TRADE
NSW1,2026/09/21 08:30:00,6119.67,42.94,TRADE
NSW1,2026/09/21 08:35:00,6033.41,42.45,TRADE
NSW1,2026/09/21 08:40:00,5970.28,42.94,TRADE
NSW1,2026/09/21 08:45:00,5903.19,42.94,TRADE
NSW1,2026/09/21 08:50:00,5729.99,42.80,TRADE
NSW1,2026/09/21 08:55:00,5775.52,42.94,TRADE
NSW1,2026/09/21 09:00:00,5632.02,42.08,TRADE
NSW1,2026/09/21 09:05:00,5611.82,42.94,TRADE
NSW1,2026/09/21 09:10:00,5567.87,57.39,TRADE
NSW1,2026/09/21 09:15:00,5451.69,52.90,TRADE
NSW1,2026/09/21 09:20:00,5448.87,57.39,TRADE
NSW1,2026/09/21 09:25:00,5479.93,57.39,TRADE
NSW1,2026/09/21 09:30:00,5396.65,52.90,TRADE
NSW1,2026/09/21 09:35:00,5303.16,52.90,TRADE
NSW1,2026/09/21 09:40:00,5397.25,52.90,TRADE
NSW1,2026/09/21 09:45:00,5396.27,52.90,TRADE
NSW1,2026/09/21 09:50:00,5416.74,52.90,TRADE
NSW1,2026/09/21 09:55:00,5304.92,52.90,TRADE
NSW1,2026/09/21 10:00:00,5225.24,52.90,TRADE
NSW1,2026/09/21 10:05:00,5169.92,52.90,TRADE
NSW1,2026/09/21 10:10:00,5310.2,52.90,TRADE
NSW1,2026/09/21 10:15:00,5220.79,52.90,TRADE
NSW1,2026/09/21 10:20:00,5148.49,46.45,TRADE
NSW1,2026/09/21 10:25:00,5099.41,46.45,TRADE
NSW1,2026/09/21 10:30:00,5102.48,46.45,TRADE
NSW1,2026/09/21 10:35:00,5052.29,42.94,TRADE
NSW1,2026/09/21 10:40:00,5075.14,42.94,TRADE
NSW1,2026/09/21 10:45:00,5086.05,42.94,TRADE
NSW1,2026/09/21 10:50:00,4989.42,42.80,TRADE
NSW1,2026/09/21 10:55:00,5061.87,42.94,TRADE
NSW1,2026/09/21 11:00:00,4979.1,42.80,TRADE
NSW1,2026/09/21 11:05:00,4991.49,42.80,TRADE
NSW1,2026/09/21 11:10:00,5005.72,42.80,TRADE
NSW1,2026/09/21 11:15:00,5080.35,52.90,TRADE
NSW1,2026/09/21 11:20:00,5038.8,46.45,TRADE
NSW1,2026/09/21 11:25:00,5147.7,52.90,TRADE
NSW1,2026/09/21 11:30:00,5079.53,52.90,TRADE
NSW1,2026/09/21 11:35:00,5144.41,52.90,TRADE
NSW1,2026/09/21 11:40:00,5138.81,52.90,TRADE
NSW1,2026/09/21 11:45:00,5234.31,52.90,TRADE
NSW1,2026/09/21 11:50:00,5279.5,52.90,TRADE
NSW1,2026/09/21 11:55:00,5382.94,57.39,TRADE
NSW1,2026/09/21 12:00:00,5193.3,52.90,TRADE
NSW1,2026/09/21 12:05:00,5267.02,76.10,TRADE
NSW1,2026/09/21 12:10:00,5172.09,76.10,TRADE
NSW1,2026/09/21 12:15:00,5161.97,42.94,TRADE
NSW1,2026/09/21 12:20:00,5281.48,52.90,TRADE
NSW1,2026/09/21 12:25:00,5155.65,52.90,TRADE
NSW1,2026/09/21 12:30:00,5165.9,52.90,TRADE
NSW1,2026/09/21 12:35:00,5178.47,76.15,TRADE
NSW1,2026/09/21 12:40:00,5042.16,51.61,TRADE
NSW1,2026/09/21 12:45:00,5139.46,57.39,TRADE
NSW1,2026/09/21 12:50:00,5150.36,73.29,TRADE
NSW1,2026/09/21 12:55:00,5094.61,57.39,TRADE
NSW1,2026/09/21 13:00:00,5251.98,76.15,TRADE
NSW1,2026/09/21 13:05:00,5261.52,76.15,TRADE
NSW1,2026/09/21 13:10:00,5232.09,76.15,TRADE
NSW1,2026/09/21 13:15:00,5339.94,76.15,TRADE
NSW1,2026/09/21 13:20:00,5272.59,76.15,TRADE
NSW1,2026/09/21 13:25:00,5316.14,77.85,TRADE
NSW1,2026/09/21 13:30:00,5336.99,79.01,TRADE
NSW1,2026/09/21 13:35:00,5475.59,92.51,TRADE
NSW1,2026/09/21 13:40:00,5444.7,88.89,TRADE
NSW1,2026/09/21 13:45:00,5489.66,89.49,TRADE
NSW1,2026/09/21 13:50:00,5561.66,88.89,TRADE
NSW1,2026/09/21 13:55:00,5739.35,99.01,TRADE
NSW1,2026/09/21 14:00:00,5782.2,99.01,TRADE
NSW1,2026/09/21 14:05:00,5937.55,99.20,TRADE
NSW1,2026/09/21 14:10:00,5829.85,99.20,TRADE
NSW1,2026/09/21 14:15:00,5927.58,99.20,TRADE
NSW1,2026/09/21 14:20:00,6050.42,99.20,TRADE
NSW1,2026/09/21 14:25:00,6233.91,119,TRADE
NSW1,2026/09/21 14:30:00,6296.25,116.61,TRADE
NSW1,2026/09/21 14:35:00,6452.49,124.29,TRADE
NSW1,2026/09/21 14:40:00,6482.5,148.02,TRADE
NSW1,2026/09/21 14:45:00,6591.22,124.29,TRADE
NSW1,2026/09/21 14:50:00,6818.76,130.23,TRADE
NSW1,2026/09/21 14:55:00,6879.35,119,TRADE
NSW1,2026/09/21 15:00:00,6981.72,130.23,TRADE
NSW1,2026/09/21 15:05:00,6878.4,102.39,TRADE
NSW1,2026/09/21 15:10:00,6994.87,119.01,TRADE
NSW1,2026/09/21 15:15:00,7160.07,130.23,TRADE
NSW1,2026/09/21 15:20:00,7219.24,124.29,TRADE
NSW1,2026/09/21 15:25:00,7311.13,130.23,TRADE
NSW1,2026/09/21 15:30:00,7421.02,130.23,TRADE
NSW1,2026/09/21 15:35:00,7546.01,130.23,TRADE
NSW1,2026/09/21 15:40:00,7553.53,130.23,TRADE
NSW1,2026/09/21 15:45:00,7648.92,142.90,TRADE
NSW1,2026/09/21 15:50:00,7653.77,130.23,TRADE
NSW1,2026/09/21 15:55:00,7687.05,142.90,TRADE
NSW1,2026/09/21 16:00:00,7765.11,142.90,TRADE
NSW1,2026/09/21 16:05:00,7863.84,119.01,TRADE
NSW1,2026/09/21 16:10:00,7956.31,131.96,TRADE
NSW1,2026/09/21 16:15:00,7960.5,142.90,TRADE
NSW1,2026/09/21 16:20:00,7904.55,143,TRADE
NSW1,2026/09/21 16:25:00,8020.73,173.84,TRADE
NSW1,2026/09/21 16:30:00,7959.98,173.85,TRADE
NSW1,2026/09/21 16:35:00,7941.29,142.90,TRADE
NSW1,2026/09/21 16:40:00,8088.79,142.90,TRADE
NSW1,2026/09/21 16:45:00,8191.45,179.71,TRADE
NSW1,2026/09/21 16:50:00,8161.82,178.57,TRADE
NSW1,2026/09/21 16:55:00,8195.57,171.68,TRADE
NSW1,2026/09/21 17:00:00,8186.58,173.69,TRADE
NSW1,2026/09/21 17:05:00,8255.32,166.01,TRADE
NSW1,2026/09/21 17:10:00,8352.94,169.48,TRADE
NSW1,2026/09/21 17:15:00,8303.67,146.11,TRADE
NSW1,2026/09/21 17:20:00,8438.23,183.29,TRADE
NSW1,2026/09/21 17:25:00,8450.39,184.53,TRADE
NSW1,2026/09/21 17:30:00,8560.41,210,TRADE
NSW1,2026/09/21 17:35:00,8551.51,152.87,TRADE
NSW1,2026/09/21 17:40:00,8688.85,143,TRADE
NSW1,2026/09/21 17:45:00,8771.71,163.63,TRADE
NSW1,2026/09/21 17:50:00,8768.75,146.11,TRADE
NSW1,2026/09/21 17:55:00,8791.06,167.44,TRADE
NSW1,2026/09/21 18:00:00,8815.46,180.99,TRADE
NSW1,2026/09/21 18:05:00,8915.19,177.01,TRADE
NSW1,2026/09/21 18:10:00,8771.03,163.63,TRADE
NSW1,2026/09/21 18:15:00,8661.57,143,TRADE
NSW1,2026/09/21 18:20:00,8808.82,230.59,TRADE
NSW1,2026/09/21 18:25:00,8763.72,181.18,TRADE
NSW1,2026/09/21 18:30:00,8790.37,168.42,TRADE
NSW1,2026/09/21 18:35:00,8698.52,168.47,TRADE
NSW1,2026/09/21 18:40:00,8723.72,229.69,TRADE
NSW1,2026/09/21 18:45:00,8598.17,146.11,TRADE
NSW1,2026/09/21 18:50:00,8737.54,142.90,TRADE
NSW1,2026/09/21 18:55:00,8684.41,179.15,TRADE
NSW1,2026/09/21 19:00:00,8465.46,143,TRADE
NSW1,2026/09/21 19:05:00,8449.74,167.74,TRADE
NSW1,2026/09/21 19:10:00,8422.02,142.90,TRADE
NSW1,2026/09/21 19:15:00,8461.71,142.90,TRADE
NSW1,2026/09/21 19:20:00,8456.39,142.90,TRADE
NSW1,2026/09/21 19:25:00,8427.1,143,TRADE
NSW1,2026/09/21 19:30:00,8360.56,142.90,TRADE
NSW1,2026/09/21 19:35:00,8426.13,129.88,TRADE
NSW1,2026/09/21 19:40:00,8400.18,129.65,TRADE
NSW1,2026/09/21 19:45:00,8381.86,129.38,TRADE
NSW1,2026/09/21 19:50:00,8336,129.36,TRADE
NSW1,2026/09/21 19:55:00,8325.69,131.07,TRADE
NSW1,2026/09/21 20:00:00,8289.6,142.90,TRADE
NSW1,2026/09/21 20:05:00,8133.06,142.90,TRADE
NSW1,2026/09/21 20:10:00,8059.86,121.10,TRADE
NSW1,2026/09/21 20:15:00,8242.63,121.10,TRADE
NSW1,2026/09/21 20:20:00,8232.1,126.24,TRADE
NSW1,2026/09/21 20:25:00,8161.38,119.89,TRADE
NSW1,2026/09/21 20:30:00,8134.19,119.04,TRADE
NSW1,2026/09/21 20:35:00,8153.6,120.67,TRADE
NSW1,2026/09/21 20:40:00,8122.15,118.08,TRADE
NSW1,2026/09/21 20:45:00,8038.81,111.98,TRADE
NSW1,2026/09/21 20:50:00,8008.26,94.36,TRADE
NSW1,2026/09/21 20:55:00,7958.36,114.20,TRADE
NSW1,2026/09/21 21:00:00,7897.65,110.96,TRADE
NSW1,2026/09/21 21:05:00,7910.51,106.77,TRADE
NSW1,2026/09/21 21:10:00,7928.21,97.63,TRADE
NSW1,2026/09/21 21:15:00,7830.96,106.20,TRADE
NSW1,2026/09/21 21:20:00,7809.36,95.20,TRADE
NSW1,2026/09/21 21:25:00,7820.2,96.26,TRADE
NSW1,2026/09/21 21:30:00,7644.38,95.20,TRADE
NSW1,2026/09/21 21:35:00,7597.48,95.32,TRADE
NSW1,2026/09/21 21:40:00,7672.43,97.40,TRADE
NSW1,2026/09/21 21:45:00,7588.15,95.09,TRADE
NSW1,2026/09/21 21:50:00,7567.4,95.20,TRADE
NSW1,2026/09/21 21:55:00,7659.84,96.65,TRADE
NSW1,2026/09/21 22:00:00,7613.2,90.52,TRADE
NSW1,2026/09/21 22:05:00,7513.64,94.91,TRADE
NSW1,2026/09/21 22:10:00,7690.8,113.50,TRADE
NSW1,2026/09/21 22:15:00,7606.03,102.58,TRADE
NSW1,2026/09/21 22:20:00,7603.6,90.21,TRADE
NSW1,2026/09/21 22:25:00,7620.45,90.21,TRADE
NSW1,2026/09/21 22:30:00,7603.08,112.46,TRADE
NSW1,2026/09/21 22:35:00,7489.43,113.50,TRADE
NSW1,2026/09/21 22:40:00,7467.74,95.30,TRADE
NSW1,2026/09/21 22:45:00,7505.72,106.72,TRADE
NSW1,2026/09/21 22:50:00,7455.88,97.63,TRADE
NSW1,2026/09/21 22:55:00,7430.78,97.63,TRADE
NSW1,2026/09/21 23:00:00,7393.26,96.99,TRADE
NSW1,2026/09/21 23:05:00,7380.78,98.13,TRADE
NSW1,2026/09/21 23:10:00,7376.37,113.50,TRADE
NSW1,2026/09/21 23:15:00,7323.04,90.21,TRADE
NSW1,2026/09/21 23:20:00,7212.51,90,TRADE
NSW1,2026/09/21 23:25:00,7194.54,95.73,TRADE
NSW1,2026/09/21 23:30:00,7247.36,96.99,TRADE
NSW1,2026/09/21 23:35:00,7232.25,97.35,TRADE
NSW1,2026/09/21 23:40:00,7209.24,96.99,TRADE
NSW1,2026/09/21 23:45:00,7200.98,89.48,TRADE
NSW1,2026/09/21 23:50:00,7188.65,80.10,TRADE
NSW1,2026/09/21 23:55:00,7144.23,83.48,TRADE
NSW1,2026/09/22 00:00:00,7161.71,95.60,TRADE
NSW1,2026/09/22 00:05:00,7109.32,99.17,TRADE
NSW1,2026/09/22 00:10:00,7238.54,99.20,TRADE
NSW1,2026/09/22 00:15:00,7202.83,96.99,TRADE
NSW1,2026/09/22 00:20:00,7219.65,96.99,TRADE
NSW1,2026/09/22 00:25:00,7238.06,95.79,TRADE
NSW1,2026/09/22 00:30:00,7193.17,95.36,TRADE
NSW1,2026/09/22 00:35:00,7145.72,95.05,TRADE
NSW1,2026/09/22 00:40:00,7155.71,94.64,TRADE
NSW1,2026/09/22 00:45:00,7130.63,91.01,TRADE
NSW1,2026/09/22 00:50:00,7094.18,91.07,TRADE
NSW1,2026/09/22 00:55:00,7019.22,90.98,TRADE
NSW1,2026/09/22 01:00:00,6952.07,90,TRADE
NSW1,2026/09/22 01:05:00,6928.05,92.44,TRADE
NSW1,2026/09/22 01:10:00,6978.65,95.80,TRADE
NSW1,2026/09/22 01:15:00,6952.35,99.20,TRADE
NSW1,2026/09/22 01:20:00,6886.57,90,TRADE
NSW1,2026/09/22 01:25:00,6831.3,87.80,TRADE
NSW1,2026/09/22 01:30:00,6793.81,99.01,TRADE
NSW1,2026/09/22 01:35:00,6803.5,99.01,TRADE
NSW1,2026/09/22 01:40:00,6819.51,78.24,TRADE
NSW1,2026/09/22 01:45:00,6742.23,73.29,TRADE
NSW1,2026/09/22 01:50:00,6766.72,113.50,TRADE
NSW1,2026/09/22 01:55:00,6711.4,129.14,TRADE
NSW1,2026/09/22 02:00:00,6682.68,100.61,TRADE
NSW1,2026/09/22 02:05:00,6619.63,93.53,TRADE
NSW1,2026/09/22 02:10:00,6683.86,93.57,TRADE
NSW1,2026/09/22 02:15:00,6643.16,92.37,TRADE
NSW1,2026/09/22 02:20:00,6636.25,92.38,TRADE
NSW1,2026/09/22 02:25:00,6572.17,90,TRADE
NSW1,2026/09/22 02:30:00,6556.67,91.38,TRADE
NSW1,2026/09/22 02:35:00,6516.4,90.79,TRADE
NSW1,2026/09/22 02:40:00,6498.5,90.07,TRADE
NSW1,2026/09/22 02:45:00,6562.83,91.85,TRADE
NSW1,2026/09/22 02:50:00,6481.15,90.06,TRADE
NSW1,2026/09/22 02:55:00,6514.02,90.06,TRADE
NSW1,2026/09/22 03:00:00,6494.74,89.49,TRADE
NSW1,2026/09/22 03:05:00,6429.95,90,TRADE
NSW1,2026/09/22 03:10:00,6483.01,90.06,TRADE
NSW1,2026/09/22 03:15:00,6495.08,90.05,TRADE
NSW1,2026/09/22 03:20:00,6448.74,90,TRADE
NSW1,2026/09/22 03:25:00,6536.6,91.25,TRADE
NSW1,2026/09/22 03:30:00,6505.01,90,TRADE
NSW1,2026/09/22 03:35:00,6446.46,90,TRADE
NSW1,2026/09/22 03:40:00,6406.86,90,TRADE
NSW1,2026/09/22 03:45:00,6441.05,90,TRADE
NSW1,2026/09/22 03:50:00,6483.38,90,TRADE
NSW1,2026/09/22 03:55:00,6443.5,91.51,TRADE
NSW1,2026/09/22 04:00:00,6491.9,56.40,TRADE
NSW1,2026/09/22 04:05:00,6520.24,83.99,TRADE
NSW1,2026/09/22 04:10:00,6448.62,84.79,TRADE
NSW1,2026/09/22 04:15:00,6477.89,86.58,TRADE
NSW1,2026/09/22 04:20:00,6458.73,87.36,TRADE
NSW1,2026/09/22 04:25:00,6469.9,86.62,TRADE
NSW1,2026/09/22 04:30:00,6527.91,99.01,TRADE
NSW1,2026/09/22 04:35:00,6530.28,96.99,TRADE
NSW1,2026/09/22 04:40:00,6568.45,88.12,TRADE
NSW1,2026/09/22 04:45:00,6516.86,90,TRADE
NSW1,2026/09/22 04:50:00,6592.17,90.48,TRADE
NSW1,2026/09/22 04:55:00,6652.65,85.26,TRADE
NSW1,2026/09/22 05:00:00,6650.86,83.99,TRADE
NSW1,2026/09/22 05:05:00,6720,91.10,TRADE
NSW1,2026/09/22 05:10:00,6724.43,78.73,TRADE
NSW1,2026/09/22 05:15:00,6760.31,89.74,TRADE
NSW1,2026/09/22 05:20:00,6753.02,81.21,TRADE
NSW1,2026/09/22 05:25:00,6932.35,90.81,TRADE
NSW1,2026/09/22 05:30:00,6879.34,46.53,TRADE
NSW1,2026/09/22 05:35:00,6909.36,74.02,TRADE
NSW1,2026/09/22 05:40:00,7010.05,79.73,TRADE
NSW1,2026/09/22 05:45:00,7017.62,83.76,TRADE
NSW1,2026/09/22 05:50:00,7011.87,83.16,TRADE
NSW1,2026/09/22 05:55:00,7108.58,77.69,TRADE
NSW1,2026/09/22 06:00:00,7149.86,83.99,TRADE
NSW1,2026/09/22 06:05:00,7200.29,79.97,TRADE
NSW1,2026/09/22 06:10:00,7172.76,81.47,TRADE
NSW1,2026/09/22 06:15:00,7240.01,78.15,TRADE
NSW1,2026/09/22 06:20:00,7396.81,80.10,TRADE
NSW1,2026/09/22 06:25:00,7463.29,83.57,TRADE
NSW1,2026/09/22 06:30:00,7405.62,61.67,TRADE
NSW1,2026/09/22 06:35:00,7558.93,50.83,TRADE
NSW1,2026/09/22 06:40:00,7566.18,104.97,TRADE
NSW1,2026/09/22 06:45:00,7560.67,89.08,TRADE
NSW1,2026/09/22 06:50:00,7612.55,69.90,TRADE
NSW1,2026/09/22 06:55:00,7570.11,65.20,TRADE
NSW1,2026/09/22 07:00:00,7565.5,69.90,TRADE
NSW1,2026/09/22 07:05:00,7694.35,75.95,TRADE
NSW1,2026/09/22 07:10:00,7636.42,75.69,TRADE
NSW1,2026/09/22 07:15:00,7665.76,46.45,TRADE
NSW1,2026/09/22 07:20:00,7579.46,40.09,TRADE
NSW1,2026/09/22 07:25:00,7773.44,64.95,TRADE
NSW1,2026/09/22 07:30:00,7710.5,59.95,TRADE
NSW1,2026/09/22 07:35:00,7677.71,46.45,TRADE
NSW1,2026/09/22 07:40:00,7764.14,4.69,TRADE
NSW1,2026/09/22 07:45:00,7832.02,42.45,TRADE
NSW1,2026/09/22 07:50:00,7653.16,46.45,TRADE
NSW1,2026/09/22 07:55:00,7644.52,46.45,TRADE
NSW1,2026/09/22 08:00:00,7635.27,46.45,TRADE
NSW1,2026/09/22 08:05:00,7545.22,52.70,TRADE
NSW1,2026/09/22 08:10:00,7631.32,23.48,TRADE
NSW1,2026/09/22 08:15:00,7807.44,52.90,TRADE
NSW1,2026/09/22 08:20:00,7626.36,52.90,TRADE
NSW1,2026/09/22 08:25:00,7674.71,52.90,TRADE
NSW1,2026/09/22 08:30:00,7635.68,52.90,TRADE
NSW1,2026/09/22 08:35:00,7572.52,52.90,TRADE
NSW1,2026/09/22 08:40:00,7585.5,42.54,TRADE
NSW1,2026/09/22 08:45:00,7556.74,52.90,TRADE
NSW1,2026/09/22 08:50:00,7499.91,52.90,TRADE
NSW1,2026/09/22 08:55:00,7434.27,52.90,TRADE
NSW1,2026/09/22 09:00:00,7376.04,52.90,TRADE
NSW1,2026/09/22 09:05:00,7256.22,76.15,TRADE
NSW1,2026/09/22 09:10:00,7340.59,65.99,TRADE
NSW1,2026/09/22 09:15:00,7314.13,42.94,TRADE
NSW1,2026/09/22 09:20:00,7376.89,52.90,TRADE
NSW1,2026/09/22 09:25:00,7374.47,69.90,TRADE
NSW1,2026/09/22 09:30:00,7270.59,76.15,TRADE
NSW1,2026/09/22 09:35:00,7257.27,76.15,TRADE
NSW1,2026/09/22 09:40:00,7181.69,65.99,TRADE
NSW1,2026/09/22 09:45:00,7281.49,68.60,TRADE
NSW1,2026/09/22 09:50:00,7282.09,88.89,TRADE
NSW1,2026/09/22 09:55:00,7241.02,88.89,TRADE
NSW1,2026/09/22 10:00:00,7173.57,65.99,TRADE
NSW1,2026/09/22 10:05:00,7207.95,65.99,TRADE
NSW1,2026/09/22 10:10:00,7278.91,88.89,TRADE
NSW1,2026/09/22 10:15:00,7238,65.99,TRADE
NSW1,2026/09/22 10:20:00,7131.17,52.90,TRADE
NSW1,2026/09/22 10:25:00,7218.27,76.15,TRADE
NSW1,2026/09/22 10:30:00,7154.94,76.15,TRADE
NSW1,2026/09/22 10:35:00,7154.99,73.30,TRADE
NSW1,2026/09/22 10:40:00,7200.96,73.29,TRADE
NSW1,2026/09/22 10:45:00,7127.98,65.99,TRADE
NSW1,2026/09/22 10:50:00,7127.41,65.99,TRADE
NSW1,2026/09/22 10:55:00,7139.26,99.01,TRADE
NSW1,2026/09/22 11:00:00,7093.16,124.29,TRADE
NSW1,2026/09/22 11:05:00,7125.74,124.29,TRADE
NSW1,2026/09/22 11:10:00,7306.06,124.29,TRADE
NSW1,2026/09/22 11:15:00,7266.3,124.29,TRADE
NSW1,2026/09/22 11:20:00,7338.38,132.55,TRADE
NSW1,2026/09/22 11:25:00,7334.8,132.55,TRADE
NSW1,2026/09/22 11:30:00,7269.29,124.29,TRADE
NSW1,2026/09/22 11:35:00,7299.33,119,TRADE
NSW1,2026/09/22 11:40:00,7421.83,88.89,TRADE
NSW1,2026/09/22 11:45:00,7323.77,124.29,TRADE
NSW1,2026/09/22 11:50:00,7283.99,103.20,TRADE
NSW1,2026/09/22 11:55:00,7260,112.98,TRADE
NSW1,2026/09/22 12:00:00,7187.27,103.20,TRADE
NSW1,2026/09/22 12:05:00,7210.05,88.89,TRADE
NSW1,2026/09/22 12:10:00,7231.63,88.89,TRADE
NSW1,2026/09/22 12:15:00,7220.37,88.89,TRADE
NSW1,2026/09/22 12:20:00,7159.67,88.89,TRADE
NSW1,2026/09/22 12:25:00,7133.7,42.94,TRADE
NSW1,2026/09/22 12:30:00,7312.85,65.99,TRADE
NSW1,2026/09/22 12:35:00,7138.05,65.99,TRADE
NSW1,2026/09/22 12:40:00,7262.87,65.99,TRADE
NSW1,2026/09/22 12:45:00,7277.66,73.30,TRADE
NSW1,2026/09/22 12:50:00,7253.65,76.15,TRADE
NSW1,2026/09/22 12:55:00,7284.9,73.30,TRADE
NSW1,2026/09/22 13:00:00,7345.32,76.15,TRADE
NSW1,2026/09/22 13:05:00,7382.43,88.89,TRADE
NSW1,2026/09/22 13:10:00,7408.5,88.89,TRADE
NSW1,2026/09/22 13:15:00,7322.57,76.15,TRADE
NSW1,2026/09/22 13:20:00,7369.48,76.15,TRADE
NSW1,2026/09/22 13:25:00,7341.86,76.15,TRADE
NSW1,2026/09/22 13:30:00,7340.36,88.89,TRADE
NSW1,2026/09/22 13:35:00,7264.31,76.15,TRADE
NSW1,2026/09/22 13:40:00,7326.01,76.15,TRADE
NSW1,2026/09/22 13:45:00,7271.63,76.15,TRADE
NSW1,2026/09/22 13:50:00,7331.14,76.15,TRADE
NSW1,2026/09/22 13:55:00,7317.71,76.15,TRADE
NSW1,2026/09/22 14:00:00,7315.33,76.15,TRADE
NSW1,2026/09/22 14:05:00,7324.67,76.15,TRADE
NSW1,2026/09/22 14:10:00,7267.13,65.99,TRADE
NSW1,2026/09/22 14:15:00,7311.22,57.39,TRADE
NSW1,2026/09/22 14:20:00,7373.67,65.99,TRADE
NSW1,2026/09/22 14:25:00,7339.56,73.30,TRADE
NSW1,2026/09/22 14:30:00,7337.15,76.10,TRADE
NSW1,2026/09/22 14:35:00,7348.96,76.15,TRADE
NSW1,2026/09/22 14:40:00,7381.91,76.15,TRADE
NSW1,2026/09/22 14:45:00,7446.13,76.15,TRADE
NSW1,2026/09/22 14:50:00,7550.66,78.45,TRADE
NSW1,2026/09/22 14:55:00,7503.14,90.55,TRADE
NSW1,2026/09/22 15:00:00,7509.93,77.60,TRADE
NSW1,2026/09/22 15:05:00,7452.1,76.15,TRADE
NSW1,2026/09/22 15:10:00,7494.66,76.15,TRADE
NSW1,2026/09/22 15:15:00,7576.21,83.99,TRADE
NSW1,2026/09/22 15:20:00,7613.03,83.99,TRADE
NSW1,2026/09/22 15:25:00,7613.31,88.57,TRADE
NSW1,2026/09/22 15:30:00,7629.11,84.79,TRADE
NSW1,2026/09/22 15:35:00,7782.07,76.15,TRADE
NSW1,2026/09/22 15:40:00,7923.22,90.55,TRADE
NSW1,2026/09/22 15:45:00,7933.97,76.15,TRADE
NSW1,2026/09/22 15:50:00,7856.67,83.99,TRADE
NSW1,2026/09/22 15:55:00,7989.05,90.55,TRADE
NSW1,2026/09/22 16:00:00,8032.19,90.55,TRADE
NSW1,2026/09/22 16:05:00,8115.29,95.36,TRADE
NSW1,2026/09/22 16:10:00,8103.35,102.34,TRADE
NSW1,2026/09/22 16:15:00,8188.69,104.05,TRADE
NSW1,2026/09/22 16:20:00,8182.26,103.52,TRADE
NSW1,2026/09/22 16:25:00,8272.31,108.78,TRADE
NSW1,2026/09/22 16:30:00,8295.86,109.33,TRADE
NSW1,2026/09/22 16:35:00,8366.2,104.46,TRADE
NSW1,2026/09/22 16:40:00,8497.61,112.98,TRADE
NSW1,2026/09/22 16:45:00,8523.97,112.98,TRADE
NSW1,2026/09/22 16:50:00,8511.85,112.66,TRADE
NSW1,2026/09/22 16:55:00,8687.01,112.98,TRADE
NSW1,2026/09/22 17:00:00,8736.83,113.15,TRADE
NSW1,2026/09/22 17:05:00,8815.64,113.50,TRADE
NSW1,2026/09/22 17:10:00,8732.09,105.32,TRADE
NSW1,2026/09/22 17:15:00,8831.92,113.50,TRADE
NSW1,2026/09/22 17:20:00,8843.15,112.98,TRADE
NSW1,2026/09/22 17:25:00,8957.99,112.98,TRADE
NSW1,2026/09/22 17:30:00,8958.7,104.93,TRADE
NSW1,2026/09/22 17:35:00,9129.21,106.29,TRADE
NSW1,2026/09/22 17:40:00,9228.07,112.98,TRADE
NSW1,2026/09/22 17:45:00,9223.7,104.33,TRADE
NSW1,2026/09/22 17:50:00,9333.3,112.98,TRADE
NSW1,2026/09/22 17:55:00,9385.99,110.98,TRADE
NSW1,2026/09/22 18:00:00,9379.42,112.98,TRADE
NSW1,2026/09/22 18:05:00,9291.16,104.83,TRADE
NSW1,2026/09/22 18:10:00,9276.94,109.74,TRADE
NSW1,2026/09/22 18:15:00,9353.49,106.22,TRADE
NSW1,2026/09/22 18:20:00,9356.34,104.73,TRADE
NSW1,2026/09/22 18:25:00,9482.14,109.14,TRADE
NSW1,2026/09/22 18:30:00,9361.6,111.83,TRADE
NSW1,2026/09/22 18:35:00,9311.88,105.49,TRADE
NSW1,2026/09/22 18:40:00,9418.53,96.72,TRADE
NSW1,2026/09/22 18:45:00,9443.34,108.92,TRADE
NSW1,2026/09/22 18:50:00,9288.11,113.04,TRADE
NSW1,2026/09/22 18:55:00,9230.95,95.70,TRADE
NSW1,2026/09/22 19:00:00,9260.23,94.94,TRADE
NSW1,2026/09/22 19:05:00,9285.8,113.19,TRADE
NSW1,2026/09/22 19:10:00,9066.98,95.41,TRADE
NSW1,2026/09/22 19:15:00,9174.28,105.68,TRADE
NSW1,2026/09/22 19:20:00,9085.14,97.71,TRADE
NSW1,2026/09/22 19:25:00,9122.81,96.15,TRADE
NSW1,2026/09/22 19:30:00,9096.22,92.07,TRADE
NSW1,2026/09/22 19:35:00,9068.11,99.17,TRADE
NSW1,2026/09/22 19:40:00,9030.79,98.41,TRADE
NSW1,2026/09/22 19:45:00,9016.09,91.90,TRADE
NSW1,2026/09/22 19:50:00,8989.26,94.72,TRADE
NSW1,2026/09/22 19:55:00,8911.29,92.96,TRADE
NSW1,2026/09/22 20:00:00,8920.15,91.90,TRADE
NSW1,2026/09/22 20:05:00,8918.54,91.90,TRADE
NSW1,2026/09/22 20:10:00,8910.52,91.33,TRADE
NSW1,2026/09/22 20:15:00,8790.64,88.86,TRADE
NSW1,2026/09/22 20:20:00,8773.22,89.97,TRADE
NSW1,2026/09/22 20:25:00,8707.86,88.86,TRADE
NSW1,2026/09/22 20:30:00,8794.05,90,TRADE
NSW1,2026/09/22 20:35:00,8771.49,94.96,TRADE
NSW1,2026/09/22 20:40:00,8692.98,102.01,TRADE
NSW1,2026/09/22 20:45:00,8679.1,95.54,TRADE
NSW1,2026/09/22 20:50:00,8586.91,89.74,TRADE
NSW1,2026/09/22 20:55:00,8523.82,90,TRADE
NSW1,2026/09/22 21:00:00,8538.17,91.90,TRADE
NSW1,2026/09/22 21:05:00,8522.43,100.36,TRADE
NSW1,2026/09/22 21:10:00,8473.23,99.97,TRADE
NSW1,2026/09/22 21:15:00,8376.8,91.90,TRADE
NSW1,2026/09/22 21:20:00,8379.68,102.74,TRADE
NSW1,2026/09/22 21:25:00,8334.53,102.65,TRADE
NSW1,2026/09/22 21:30:00,8263.06,95.96,TRADE
NSW1,2026/09/22 21:35:00,8269.03,90.21,TRADE
NSW1,2026/09/22 21:40:00,8171.32,104.10,TRADE
NSW1,2026/09/22 21:45:00,8091.49,98.35,TRADE
NSW1,2026/09/22 21:50:00,8176.13,100.37,TRADE
NSW1,2026/09/22 21:55:00,8097.9,104.42,TRADE
NSW1,2026/09/22 22:00:00,7989.93,91,TRADE
NSW1,2026/09/22 22:05:00,7934.2,88.86,TRADE
NSW1,2026/09/22 22:10:00,8184.89,113.50,TRADE
NSW1,2026/09/22 22:15:00,8032.44,103.71,TRADE
NSW1,2026/09/22 22:20:00,8132.19,106.88,TRADE
NSW1,2026/09/22 22:25:00,8028.38,88.83,TRADE
NSW1,2026/09/22 22:30:00,8010.63,90.21,TRADE
NSW1,2026/09/22 22:35:00,7962.6,105.13,TRADE
NSW1,2026/09/22 22:40:00,7992.58,112.77,TRADE
NSW1,2026/09/22 22:45:00,7917.57,96.83,TRADE
NSW1,2026/09/22 22:50:00,7957.19,106.65,TRADE
NSW1,2026/09/22 22:55:00,7812.26,94.23,TRADE
NSW1,2026/09/22 23:00:00,7804.03,87.06,TRADE
NSW1,2026/09/22 23:05:00,7773.9,92.81,TRADE
NSW1,2026/09/22 23:10:00,7828.52,106.46,TRADE
NSW1,2026/09/22 23:15:00,7752.91,92.14,TRADE
NSW1,2026/09/22 23:20:00,7766.07,94.69,TRADE
NSW1,2026/09/22 23:25:00,7694.34,94.47,TRADE
NSW1,2026/09/22 23:30:00,7697.04,93.68,TRADE
NSW1,2026/09/22 23:35:00,7674.89,94.59,TRADE
NSW1,2026/09/22 23:40:00,7686.96,94.85,TRADE
NSW1,2026/09/22 23:45:00,7598.64,93.73,TRADE
NSW1,2026/09/22 23:50:00,7587.5,92.86,TRADE
NSW1,2026/09/22 23:55:00,7452.95,91.74,TRADE
NSW1,2026/09/23 00:00:00,7447.89,91.78,TRADE
NSW1,2026/09/23 00:05:00,7507.28,96.81,TRADE
NSW1,2026/09/23 00:10:00,7581.82,113.50,TRADE
NSW1,2026/09/23 00:15:00,7643.7,130.01,TRADE
NSW1,2026/09/23 00:20:00,7564.91,96.45,TRADE
NSW1,2026/09/23 00:25:00,7545.98,99.28,TRADE
NSW1,2026/09/23 00:30:00,7548.42,129.27,TRADE
NSW1,2026/09/23 00:35:00,7330.01,93.68,TRADE
NSW1,2026/09/23 00:40:00,7490.48,108.52,TRADE
NSW1,2026/09/23 00:45:00,7430.21,95.78,TRADE
NSW1,2026/09/23 00:50:00,7400.98,105.28,TRADE
NSW1,2026/09/23 00:55:00,7315.01,97.90,TRADE
NSW1,2026/09/23 01:00:00,7348.56,98.98,TRADE
NSW1,2026/09/23 01:05:00,7337.26,99.87,TRADE
NSW1,2026/09/23 01:10:00,7311.01,108.72,TRADE
NSW1,2026/09/23 01:15:00,7224.34,99,TRADE
NSW1,2026/09/23 01:20:00,7141.83,96.53,TRADE
NSW1,2026/09/23 01:25:00,7134.52,96.94,TRADE
NSW1,2026/09/23 01:30:00,7105.19,97.24,TRADE
NSW1,2026/09/23 01:35:00,7066.78,96.59,TRADE
NSW1,2026/09/23 01:40:00,6990.86,96.17,TRADE
NSW1,2026/09/23 01:45:00,7028.42,96.91,TRADE
NSW1,2026/09/23 01:50:00,7010.65,96.64,TRADE
NSW1,2026/09/23 01:55:00,7024.35,96.49,TRADE
NSW1,2026/09/23 02:00:00,6993.98,95.96,TRADE
NSW1,2026/09/23 02:05:00,6903.67,96.41,TRADE
NSW1,2026/09/23 02:10:00,6925.48,96.23,TRADE
NSW1,2026/09/23 02:15:00,6948.42,119,TRADE
NSW1,2026/09/23 02:20:00,6857.42,95.77,TRADE
NSW1,2026/09/23 02:25:00,6783.61,90.21,TRADE
NSW1,2026/09/23 02:30:00,6811.1,96.14,TRADE
NSW1,2026/09/23 02:35:00,6800.81,96.99,TRADE
NSW1,2026/09/23 02:40:00,6805.46,95.63,TRADE
NSW1,2026/09/23 02:45:00,6784.78,96.73,TRADE
NSW1,2026/09/23 02:50:00,6794.84,105.60,TRADE
NSW1,2026/09/23 02:55:00,6757.6,96.45,TRADE
NSW1,2026/09/23 03:00:00,6713.15,95.88,TRADE
NSW1,2026/09/23 03:05:00,6676.55,95.91,TRADE
NSW1,2026/09/23 03:10:00,6768.19,98.63,TRADE
NSW1,2026/09/23 03:15:00,6789.98,103.32,TRADE
NSW1,2026/09/23 03:20:00,6770.26,107.55,TRADE
NSW1,2026/09/23 03:25:00,6665.61,95.60,TRADE
NSW1,2026/09/23 03:30:00,6754.12,96.99,TRADE
NSW1,2026/09/23 03:35:00,6738.51,105.62,TRADE
NSW1,2026/09/23 03:40:00,6733.69,97.27,TRADE
NSW1,2026/09/23 03:45:00,6803.88,98.57,TRADE
NSW1,2026/09/23 03:50:00,6766.23,96.90,TRADE
NSW1,2026/09/23 03:55:00,6674.48,95.99,TRADE
NSW1,2026/09/23 04:00:00,6734.09,96.32,TRADE
NSW1,2026/09/23 04:05:00,6733.21,96.99,TRADE
NSW1,2026/09/23 04:10:00,6774.33,109.80,TRADE
NSW1,2026/09/23 04:15:00,6717.25,97.81,TRADE
NSW1,2026/09/23 04:20:00,6785.08,95.92,TRADE
NSW1,2026/09/23 04:25:00,6798.81,90.47,TRADE
NSW1,2026/09/23 04:30:00,6821.1,113.40,TRADE
NSW1,2026/09/23 04:35:00,6745.2,113.94,TRADE
NSW1,2026/09/23 04:40:00,6749.99,90.21,TRADE
NSW1,2026/09/23 04:45:00,6810.51,96.48,TRADE
NSW1,2026/09/23 04:50:00,6803.32,120.16,TRADE
NSW1,2026/09/23 04:55:00,6819.44,120.30,TRADE
NSW1,2026/09/23 05:00:00,6871.71,120.97,TRADE
NSW1,2026/09/23 05:05:00,6888.38,115.02,TRADE
NSW1,2026/09/23 05:10:00,6944.2,116.52,TRADE
NSW1,2026/09/23 05:15:00,7000.28,122.15,TRADE
NSW1,2026/09/23 05:20:00,7038.36,124.84,TRADE
NSW1,2026/09/23 05:25:00,7073.18,132.55,TRADE
NSW1,2026/09/23 05:30:00,7104.59,132.55,TRADE
NSW1,2026/09/23 05:35:00,7122.57,134.47,TRADE
NSW1,2026/09/23 05:40:00,7219.69,130.01,TRADE
NSW1,2026/09/23 05:45:00,7199.5,197.99,TRADE
NSW1,2026/09/23 05:50:00,7173.84,146.11,TRADE
NSW1,2026/09/23 05:55:00,7318.94,230.59,TRADE
NSW1,2026/09/23 06:00:00,7240.93,209.79,TRADE
NSW1,2026/09/23 06:05:00,7318.65,178.63,TRADE
NSW1,2026/09/23 06:10:00,7418.33,167.29,TRADE
NSW1,2026/09/23 06:15:00,7499.27,167.35,TRADE
NSW1,2026/09/23 06:20:00,7531.94,230.59,TRADE
NSW1,2026/09/23 06:25:00,7501.46,230.59,TRADE
NSW1,2026/09/23 06:30:00,7571.85,159.84,TRADE
NSW1,2026/09/23 06:35:00,7624.16,154.66,TRADE
NSW1,2026/09/23 06:40:00,7631.36,131.42,TRADE
NSW1,2026/09/23 06:45:00,7658.44,114.08,TRADE
NSW1,2026/09/23 06:50:00,7621.28,93.85,TRADE
NSW1,2026/09/23 06:55:00,7666.01,90.21,TRADE
NSW1,2026/09/23 07:00:00,7586.51,71.18,TRADE
NSW1,2026/09/23 07:05:00,7612.62,80.37,TRADE
NSW1,2026/09/23 07:10:00,7607.63,64.95,TRADE
NSW1,2026/09/23 07:15:00,7667.82,72.04,TRADE
NSW1,2026/09/23 07:20:00,7667.53,82.68,TRADE
NSW1,2026/09/23 07:25:00,7748.24,83.99,TRADE
NSW1,2026/09/23 07:30:00,7658.18,90.95,TRADE
NSW1,2026/09/23 07:35:00,7650.48,116.36,TRADE
NSW1,2026/09/23 07:40:00,7696.75,103.20,TRADE
NSW1,2026/09/23 07:45:00,7636.73,89.29,TRADE
NSW1,2026/09/23 07:50:00,7586.15,88.12,TRADE
NSW1,2026/09/23 07:55:00,7649.48,96.99,TRADE
NSW1,2026/09/23 08:00:00,7580.18,87.35,TRADE
NSW1,2026/09/23 08:05:00,7518.42,96.99,TRADE
NSW1,2026/09/23 08:10:00,7518.86,96.99,TRADE
NSW1,2026/09/23 08:15:00,7494.57,96.99,TRADE
NSW1,2026/09/23 08:20:00,7422.7,87.82,TRADE
NSW1,2026/09/23 08:25:00,7391.85,96.99,TRADE
NSW1,2026/09/23 08:30:00,7322.59,96.99,TRADE
NSW1,2026/09/23 08:35:00,7263.88,88.99,TRADE
NSW1,2026/09/23 08:40:00,7230.07,69.68,TRADE
NSW1,2026/09/23 08:45:00,7178.6,96.99,TRADE
NSW1,2026/09/23 08:50:00,7170.87,90.21,TRADE
NSW1,2026/09/23 08:55:00,7113.6,52.90,TRADE
NSW1,2026/09/23 09:00:00,7173.66,64.89,TRADE
NSW1,2026/09/23 09:05:00,7111.01,48.80,TRADE
NSW1,2026/09/23 09:10:00,7200.72,57.39,TRADE
NSW1,2026/09/23 09:15:00,7195.2,88.89,TRADE
NSW1,2026/09/23 09:20:00,7070.62,76.10,TRADE
NSW1,2026/09/23 09:25:00,7126.47,65.99,TRADE
NSW1,2026/09/23 09:30:00,7133.8,44.44,TRADE
NSW1,2026/09/23 09:35:00,7172.83,51.13,TRADE
NSW1,2026/09/23 09:40:00,7267.97,76.10,TRADE
NSW1,2026/09/23 09:45:00,7184.93,99.01,TRADE
NSW1,2026/09/23 09:50:00,7202.67,76.10,TRADE
NSW1,2026/09/23 09:55:00,7176.27,97.63,TRADE
NSW1,2026/09/23 10:00:00,7184.76,88.89,TRADE
NSW1,2026/09/23 10:05:00,7169.34,90.55,TRADE
NSW1,2026/09/23 10:10:00,7304.25,96.99,TRADE
NSW1,2026/09/23 10:15:00,7319.03,102.99,TRADE
NSW1,2026/09/23 10:20:00,7270.89,97.63,TRADE
NSW1,2026/09/23 10:25:00,7304.87,102.99,TRADE
NSW1,2026/09/23 10:30:00,7248.43,96.99,TRADE
NSW1,2026/09/23 10:35:00,7293.82,102.95,TRADE
NSW1,2026/09/23 10:40:00,7309.04,102.99,TRADE
NSW1,2026/09/23 10:45:00,7293.52,99.77,TRADE
NSW1,2026/09/23 10:50:00,7251.86,102.56,TRADE
NSW1,2026/09/23 10:55:00,7179.38,102.99,TRADE
NSW1,2026/09/23 11:00:00,7163.14,102.99,TRADE
NSW1,2026/09/23 11:05:00,7091.43,102.99,TRADE
NSW1,2026/09/23 11:10:00,7277.58,102.99,TRADE
NSW1,2026/09/23 11:15:00,7299.01,112.34,TRADE
NSW1,2026/09/23 11:20:00,7281.23,102.99,TRADE
NSW1,2026/09/23 11:25:00,7252.07,131.05,TRADE
NSW1,2026/09/23 11:30:00,7192.38,102.99,TRADE
NSW1,2026/09/23 11:35:00,7168.89,131.05,TRADE
NSW1,2026/09/23 11:40:00,7165.28,102.99,TRADE
NSW1,2026/09/23 11:45:00,7179.37,104.23,TRADE
NSW1,2026/09/23 11:50:00,7215.41,109.86,TRADE
NSW1,2026/09/23 11:55:00,7181.67,119,TRADE
NSW1,2026/09/23 12:00:00,7166.06,124.29,TRADE
NSW1,2026/09/23 12:05:00,7134.18,111.59,TRADE
NSW1,2026/09/23 12:10:00,7203.37,124.29,TRADE
NSW1,2026/09/23 12:15:00,7149.38,124.29,TRADE
NSW1,2026/09/23 12:20:00,7126.59,119,TRADE
NSW1,2026/09/23 12:25:00,7106.15,102.99,TRADE
NSW1,2026/09/23 12:30:00,7070.48,124.29,TRADE
NSW1,2026/09/23 12:35:00,7021.15,115.02,TRADE
NSW1,2026/09/23 12:40:00,6963.02,117.71,TRADE
NSW1,2026/09/23 12:45:00,6884.97,102.99,TRADE
NSW1,2026/09/23 12:50:00,6846.15,102.99,TRADE
NSW1,2026/09/23 12:55:00,6872.39,102.99,TRADE
NSW1,2026/09/23 13:00:00,6834,102.99,TRADE
NSW1,2026/09/23 13:05:00,6825.43,102.99,TRADE
NSW1,2026/09/23 13:10:00,6871.57,113.52,TRADE
NSW1,2026/09/23 13:15:00,6833.97,102.99,TRADE
NSW1,2026/09/23 13:20:00,6834.11,102.99,TRADE
NSW1,2026/09/23 13:25:00,6824.36,102.99,TRADE
NSW1,2026/09/23 13:30:00,6787.05,102.99,TRADE
NSW1,2026/09/23 13:35:00,6836.22,102.99,TRADE
NSW1,2026/09/23 13:40:00,6815.09,102.99,TRADE
NSW1,2026/09/23 13:45:00,6801.33,102.99,TRADE
NSW1,2026/09/23 13:50:00,6806.97,102.99,TRADE
NSW1,2026/09/23 13:55:00,6788.22,102.99,TRADE
NSW1,2026/09/23 14:00:00,6756.7,102.99,TRADE
NSW1,2026/09/23 14:05:00,6793,102.99,TRADE
NSW1,2026/09/23 14:10:00,6683,102.99,TRADE
NSW1,2026/09/23 14:15:00,6730.59,99.01,TRADE
NSW1,2026/09/23 14:20:00,6726.62,102.99,TRADE
NSW1,2026/09/23 14:25:00,6768.95,99.01,TRADE
NSW1,2026/09/23 14:30:00,6756.55,102.99,TRADE
NSW1,2026/09/23 14:35:00,6824.71,102.99,TRADE
NSW1,2026/09/23 14:40:00,6799.9,102.39,TRADE
NSW1,2026/09/23 14:45:00,6769.08,99.01,TRADE
NSW1,2026/09/23 14:50:00,6840.45,102.99,TRADE
NSW1,2026/09/23 14:55:00,6845.51,102.99,TRADE
NSW1,2026/09/23 15:00:00,6832.79,102.99,TRADE
NSW1,2026/09/23 15:05:00,6839.87,112.96,TRADE
NSW1,2026/09/23 15:10:00,6772.88,119,TRADE
NSW1,2026/09/23 15:15:00,6791.11,117.88,TRADE
NSW1,2026/09/23 15:20:00,6801.33,102.99,TRADE
NSW1,2026/09/23 15:25:00,6881.18,102.99,TRADE
NSW1,2026/09/23 15:30:00,6900.46,96.99,TRADE
NSW1,2026/09/23 15:35:00,6993.65,99.01,TRADE
NSW1,2026/09/23 15:40:00,7070.59,76.10,TRADE
NSW1,2026/09/23 15:45:00,7241.34,93.07,TRADE
NSW1,2026/09/23 15:50:00,7271.27,99.01,TRADE
NSW1,2026/09/23 15:55:00,7331.11,102.99,TRADE
NSW1,2026/09/23 16:00:00,7278.92,102.99,TRADE
NSW1,2026/09/23 16:05:00,7386.63,96.99,TRADE
NSW1,2026/09/23 16:10:00,7481.48,96.99,TRADE
NSW1,2026/09/23 16:15:00,7527.6,102.99,TRADE
NSW1,2026/09/23 16:20:00,7582.57,111.45,TRADE
NSW1,2026/09/23 16:25:00,7680.18,116.45,TRADE
NSW1,2026/09/23 16:30:00,7781.97,117.32,TRADE
NSW1,2026/09/23 16:35:00,7805.19,111.17,TRADE
NSW1,2026/09/23 16:40:00,7974.12,124.98,TRADE
NSW1,2026/09/23 16:45:00,8023.91,130.01,TRADE
NSW1,2026/09/23 16:50:00,8063.4,130.01,TRADE
NSW1,2026/09/23 16:55:00,8181.25,130.01,TRADE
NSW1,2026/09/23 17:00:00,8216.45,131.06,TRADE
NSW1,2026/09/23 17:05:00,8324.84,130.01,TRADE
NSW1,2026/09/23 17:10:00,8258.27,125.01,TRADE
NSW1,2026/09/23 17:15:00,8332.46,127.23,TRADE
NSW1,2026/09/23 17:20:00,8361.19,125.14,TRADE
NSW1,2026/09/23 17:25:00,8472.22,130.01,TRADE
NSW1,2026/09/23 17:30:00,8555.2,132.55,TRADE
NSW1,2026/09/23 17:35:00,8617.52,126.63,TRADE
NSW1,2026/09/23 17:40:00,8690.53,128.93,TRADE
NSW1,2026/09/23 17:45:00,8769.09,123.23,TRADE
NSW1,2026/09/23 17:50:00,8791.77,122.15,TRADE
NSW1,2026/09/23 17:55:00,8874.39,122.15,TRADE
NSW1,2026/09/23 18:00:00,8894.45,130.01,TRADE
NSW1,2026/09/23 18:05:00,8860.9,121.10,TRADE
NSW1,2026/09/23 18:10:00,8868.4,121.10,TRADE
NSW1,2026/09/23 18:15:00,8806.2,121.10,TRADE
NSW1,2026/09/23 18:20:00,8852.79,121.10,TRADE
NSW1,2026/09/23 18:25:00,8941.06,121.10,TRADE
NSW1,2026/09/23 18:30:00,9009.33,121.10,TRADE
NSW1,2026/09/23 18:35:00,8980.24,121.10,TRADE
NSW1,2026/09/23 18:40:00,8945.96,121.10,TRADE
NSW1,2026/09/23 18:45:00,8920.82,119.21,TRADE
NSW1,2026/09/23 18:50:00,8864.76,113.50,TRADE
NSW1,2026/09/23 18:55:00,8979.46,117.92,TRADE
NSW1,2026/09/23 19:00:00,8928.79,122.15,TRADE
NSW1,2026/09/23 19:05:00,8845.61,114.95,TRADE
NSW1,2026/09/23 19:10:00,8811.43,117.96,TRADE
NSW1,2026/09/23 19:15:00,8787.42,119.51,TRADE
NSW1,2026/09/23 19:20:00,8705.85,113.37,TRADE
NSW1,2026/09/23 19:25:00,8753.61,113.50,TRADE
NSW1,2026/09/23 19:30:00,8684.02,114.54,TRADE
NSW1,2026/09/23 19:35:00,8657.43,120.81,TRADE
NSW1,2026/09/23 19:40:00,8632.63,117.51,TRADE
NSW1,2026/09/23 19:45:00,8601.91,113.95,TRADE
NSW1,2026/09/23 19:50:00,8654.92,113.50,TRADE
NSW1,2026/09/23 19:55:00,8696.07,114.95,TRADE
NSW1,2026/09/23 20:00:00,8711.16,114.06,TRADE
NSW1,2026/09/23 20:05:00,8622.28,121.10,TRADE
NSW1,2026/09/23 20:10:00,8583.11,121.10,TRADE
NSW1,2026/09/23 20:15:00,8551.83,114.73,TRADE
NSW1,2026/09/23 20:20:00,8545.98,114.54,TRADE
NSW1,2026/09/23 20:25:00,8489.84,121.10,TRADE
NSW1,2026/09/23 20:30:00,8489.59,121.10,TRADE
NSW1,2026/09/23 20:35:00,8425.35,120.01,TRADE
NSW1,2026/09/23 20:40:00,8427.84,121.10,TRADE
NSW1,2026/09/23 20:45:00,8319.34,121.10,TRADE
NSW1,2026/09/23 20:50:00,8323.75,121.10,TRADE
NSW1,2026/09/23 20:55:00,8310.2,116.14,TRADE
NSW1,2026/09/23 21:00:00,8321.91,120.44,TRADE
NSW1,2026/09/23 21:05:00,8330.07,112.98,TRADE
NSW1,2026/09/23 21:10:00,8303.37,123.52,TRADE
NSW1,2026/09/23 21:15:00,8204.19,112.98,TRADE
NSW1,2026/09/23 21:20:00,8155.12,112.98,TRADE
NSW1,2026/09/23 21:25:00,8126.08,113.37,TRADE
NSW1,2026/09/23 21:30:00,8057.95,112.98,TRADE
NSW1,2026/09/23 21:35:00,8105.87,114.96,TRADE
NSW1,2026/09/23 21:40:00,8080.64,114.90,TRADE
NSW1,2026/09/23 21:45:00,7990.21,112.98,TRADE
NSW1,2026/09/23 21:50:00,7958.27,112.98,TRADE
NSW1,2026/09/23 21:55:00,7919.95,112.98,TRADE
NSW1,2026/09/23 22:00:00,7913.25,112.98,TRADE
NSW1,2026/09/23 22:05:00,7817.64,108.78,TRADE
NSW1,2026/09/23 22:10:00,7989.58,104.14,TRADE
NSW1,2026/09/23 22:15:00,8019.5,112.98,TRADE
NSW1,2026/09/23 22:20:00,8040.38,118.90,TRADE
NSW1,2026/09/23 22:25:00,7947.21,112.98,TRADE
NSW1,2026/09/23 22:30:00,7882.92,110.89,TRADE
NSW1,2026/09/23 22:35:00,7875.12,121.10,TRADE
NSW1,2026/09/23 22:40:00,7858.47,119.01,TRADE
NSW1,2026/09/23 22:45:00,7870.43,119.01,TRADE
NSW1,2026/09/23 22:50:00,7883.49,118.90,TRADE
NSW1,2026/09/23 22:55:00,7763.42,114.18,TRADE
NSW1,2026/09/23 23:00:00,7833.91,118.42,TRADE
NSW1,2026/09/23 23:05:00,7804.37,121.10,TRADE
NSW1,2026/09/23 23:10:00,7739.44,122.15,TRADE
NSW1,2026/09/23 23:15:00,7766.19,165,TRADE
NSW1,2026/09/23 23:20:00,7684.51,134.75,TRADE
NSW1,2026/09/23 23:25:00,7623.42,123.78,TRADE
NSW1,2026/09/23 23:30:00,7631.14,137.67,TRADE
NSW1,2026/09/23 23:35:00,7627.09,137.67,TRADE
NSW1,2026/09/23 23:40:00,7622.22,131.73,TRADE
NSW1,2026/09/23 23:45:00,7632.98,134.71,TRADE
NSW1,2026/09/23 23:50:00,7541.67,116.26,TRADE
NSW1,2026/09/23 23:55:00,7555.9,119.01,TRADE
NSW1,2026/09/24 00:00:00,7555.18,119.01,TRADE
NSW1,2026/09/24 00:05:00,7573.72,137.84,TRADE
NSW1,2026/09/24 00:10:00,7678.45,222.25,TRADE
NSW1,2026/09/24 00:15:00,7537.97,230.59,TRADE
NSW1,2026/09/24 00:20:00,7486.38,146.11,TRADE
NSW1,2026/09/24 00:25:00,7622.24,230.59,TRADE
NSW1,2026/09/24 00:30:00,7571.11,251.47,TRADE
NSW1,2026/09/24 00:35:00,7468.53,299.99,TRADE
NSW1,2026/09/24 00:40:00,7366.9,299.99,TRADE
NSW1,2026/09/24 00:45:00,7396.85,258.21,TRADE
NSW1,2026/09/24 00:50:00,7364.29,238.01,TRADE
NSW1,2026/09/24 00:55:00,7323.41,122,TRADE
NSW1,2026/09/24 01:00:00,7374.38,146.11,TRADE
NSW1,2026/09/24 01:05:00,7244.56,146.57,TRADE
NSW1,2026/09/24 01:10:00,7227.32,152.60,TRADE
NSW1,2026/09/24 01:15:00,7223.16,154.42,TRADE
NSW1,2026/09/24 01:20:00,7211.87,163.75,TRADE
NSW1,2026/09/24 01:25:00,7083.71,192.27,TRADE
NSW1,2026/09/24 01:30:00,7042.31,150.41,TRADE
NSW1,2026/09/24 01:35:00,7117.1,154.80,TRADE
NSW1,2026/09/24 01:40:00,7064.01,132.04,TRADE
NSW1,2026/09/24 01:45:00,7069.69,144.62,TRADE
NSW1,2026/09/24 01:50:00,6969.73,128.96,TRADE
NSW1,2026/09/24 01:55:00,7001.53,97.63,TRADE
NSW1,2026/09/24 02:00:00,7001.11,106.57,TRADE
NSW1,2026/09/24 02:05:00,6971.48,135.06,TRADE
NSW1,2026/09/24 02:10:00,6923.73,124.29,TRADE
NSW1,2026/09/24 02:15:00,6883.63,99.01,TRADE
NSW1,2026/09/24 02:20:00,6898.1,102.51,TRADE
NSW1,2026/09/24 02:25:00,6812.72,100.42,TRADE
NSW1,2026/09/24 02:30:00,6891.9,124.29,TRADE
NSW1,2026/09/24 02:35:00,6826.5,124.29,TRADE
NSW1,2026/09/24 02:40:00,6785.65,124.29,TRADE
NSW1,2026/09/24 02:45:00,6808.85,107.38,TRADE
NSW1,2026/09/24 02:50:00,6742.45,130.29,TRADE
NSW1,2026/09/24 02:55:00,6777.58,119.01,TRADE
NSW1,2026/09/24 03:00:00,6830.8,123.56,TRADE
NSW1,2026/09/24 03:05:00,6798.39,129.39,TRADE
NSW1,2026/09/24 03:10:00,6731.5,125.85,TRADE
NSW1,2026/09/24 03:15:00,6805.98,126.04,TRADE
NSW1,2026/09/24 03:20:00,6781.6,130.49,TRADE
NSW1,2026/09/24 03:25:00,6780.02,126,TRADE
NSW1,2026/09/24 03:30:00,6834.9,143.19,TRADE
NSW1,2026/09/24 03:35:00,6713.5,145.05,TRADE
NSW1,2026/09/24 03:40:00,6761.69,194.65,TRADE
NSW1,2026/09/24 03:45:00,6692.8,248.28,TRADE
NSW1,2026/09/24 03:50:00,6743.58,155.14,TRADE
NSW1,2026/09/24 03:55:00,6687.91,152.42,TRADE
NSW1,2026/09/24 04:00:00,6763.03,131.05,TRADE
NSW1,2026/09/24 04:05:00,6748.6,230.59,TRADE
NSW1,2026/09/24 04:10:00,6682.92,130.44,TRADE
NSW1,2026/09/24 04:15:00,6839.77,248.28,TRADE
NSW1,2026/09/24 04:20:00,6785.18,134.75,TRADE
NSW1,2026/09/24 04:25:00,6785.61,134.44,TRADE
NSW1,2026/09/24 04:30:00,6893.93,137.74,TRADE
NSW1,2026/09/24 04:35:00,6857.43,248.28,TRADE
NSW1,2026/09/24 04:40:00,6814.33,181.29,TRADE
NSW1,2026/09/24 04:45:00,6882.15,153.47,TRADE
NSW1,2026/09/24 04:50:00,6857.19,129.27,TRADE
NSW1,2026/09/24 04:55:00,6920.77,129.71,TRADE
NSW1,2026/09/24 05:00:00,6995.66,238.01,TRADE
NSW1,2026/09/24 05:05:00,6957.59,131.86,TRADE
NSW1,2026/09/24 05:10:00,7031.28,152.92,TRADE
NSW1,2026/09/24 05:15:00,7081.85,158.76,TRADE
NSW1,2026/09/24 05:20:00,7135.54,190.71,TRADE
NSW1,2026/09/24 05:25:00,7206.44,196.31,TRADE
NSW1,2026/09/24 05:30:00,7184.86,207.11,TRADE
NSW1,2026/09/24 05:35:00,7229.04,230.59,TRADE
NSW1,2026/09/24 05:40:00,7310.53,230.59,TRADE
NSW1,2026/09/24 05:45:00,7255.4,299.98,TRADE
NSW1,2026/09/24 05:50:00,7183.17,292.75,TRADE
NSW1,2026/09/24 05:55:00,7309.48,254.73,TRADE
NSW1,2026/09/24 06:00:00,7291.23,299.98,TRADE
NSW1,2026/09/24 06:05:00,7281.72,178.88,TRADE
NSW1,2026/09/24 06:10:00,7447.21,261.28,TRADE
NSW1,2026/09/24 06:15:00,7511.35,173.23,TRADE
NSW1,2026/09/24 06:20:00,7463.82,169.50,TRADE
NSW1,2026/09/24 06:25:00,7529.06,168.10,TRADE
NSW1,2026/09/24 06:30:00,7514.97,168.12,TRADE
NSW1,2026/09/24 06:35:00,7476.59,98.24,TRADE
NSW1,2026/09/24 06:40:00,7471.16,90.50,TRADE
NSW1,2026/09/24 06:45:00,7593.53,61.02,TRADE
NSW1,2026/09/24 06:50:00,7547.76,61.02,TRADE
NSW1,2026/09/24 06:55:00,7555.7,90,TRADE
NSW1,2026/09/24 07:00:00,7553.68,82.55,TRADE
NSW1,2026/09/24 07:05:00,7441.47,46.45,TRADE
NSW1,2026/09/24 07:10:00,7502.04,52.98,TRADE
NSW1,2026/09/24 07:15:00,7542.55,60.91,TRADE
NSW1,2026/09/24 07:20:00,7540.53,51.35,TRADE
NSW1,2026/09/24 07:25:00,7522.05,65.51,TRADE
NSW1,2026/09/24 07:30:00,7445.86,61.02,TRADE
NSW1,2026/09/24 07:35:00,7398.61,26.26,TRADE
NSW1,2026/09/24 07:40:00,7446.06,26.05,TRADE
NSW1,2026/09/24 07:45:00,7323.04,52.75,TRADE
NSW1,2026/09/24 07:50:00,7188.28,52.21,TRADE
NSW1,2026/09/24 07:55:00,7198.25,52.21,TRADE
NSW1,2026/09/24 08:00:00,7121.61,52.21,TRADE
NSW1,2026/09/24 08:05:00,7024.74,46.45,TRADE
NSW1,2026/09/24 08:10:00,6980.17,32.19,TRADE
NSW1,2026/09/24 08:15:00,6957.5,46.45,TRADE
NSW1,2026/09/24 08:20:00,6943.79,46.45,TRADE
NSW1,2026/09/24 08:25:00,6945.19,46.45,TRADE
NSW1,2026/09/24 08:30:00,6822.08,26.05,TRADE
NSW1,2026/09/24 08:35:00,6837.26,46.45,TRADE
NSW1,2026/09/24 08:40:00,6760.23,46.27,TRADE
NSW1,2026/09/24 08:45:00,6629.36,42.80,TRADE
NSW1,2026/09/24 08:50:00,6569.58,46.45,TRADE
NSW1,2026/09/24 08:55:00,6576.36,45.33,TRADE
NSW1,2026/09/24 09:00:00,6365.21,35.98,TRADE
NSW1,2026/09/24 09:05:00,6410.12,46.45,TRADE
NSW1,2026/09/24 09:10:00,6425.69,46.45,TRADE
NSW1,2026/09/24 09:15:00,6361.65,46.45,TRADE
NSW1,2026/09/24 09:20:00,6358.94,42.94,TRADE
NSW1,2026/09/24 09:25:00,6323.88,48.90,TRADE
NSW1,2026/09/24 09:30:00,6150,43.75,TRADE
NSW1,2026/09/24 09:35:00,6164.49,53.15,TRADE
NSW1,2026/09/24 09:40:00,6176.14,53.15,TRADE
NSW1,2026/09/24 09:45:00,6203.59,53.15,TRADE
NSW1,2026/09/24 09:50:00,6118.13,53.15,TRADE
NSW1,2026/09/24 09:55:00,6044.53,53.15,TRADE
NSW1,2026/09/24 10:00:00,6084.18,53.15,TRADE
NSW1,2026/09/24 10:05:00,5979.94,51,TRADE
NSW1,2026/09/24 10:10:00,6009.35,53.15,TRADE
NSW1,2026/09/24 10:15:00,5891.36,51.54,TRADE
NSW1,2026/09/24 10:20:00,5821.56,51.66,TRADE
NSW1,2026/09/24 10:25:00,5681.17,50.78,TRADE
NSW1,2026/09/24 10:30:00,5611.23,49.37,TRADE
NSW1,2026/09/24 10:35:00,5616.63,53.15,TRADE
NSW1,2026/09/24 10:40:00,5585.52,49.40,TRADE
NSW1,2026/09/24 10:45:00,5484.38,46.45,TRADE
NSW1,2026/09/24 10:50:00,5604.53,53.15,TRADE
NSW1,2026/09/24 10:55:00,5546.94,53.15,TRADE
NSW1,2026/09/24 11:00:00,5521.11,50.48,TRADE
NSW1,2026/09/24 11:05:00,5470.44,42.94,TRADE
NSW1,2026/09/24 11:10:00,5627.69,53.15,TRADE
NSW1,2026/09/24 11:15:00,5524.4,53.15,TRADE
NSW1,2026/09/24 11:20:00,5501.59,51.56,TRADE
NSW1,2026/09/24 11:25:00,5526.95,51.54,TRADE
NSW1,2026/09/24 11:30:00,5467.65,50.77,TRADE
NSW1,2026/09/24 11:35:00,5497.57,53.15,TRADE
NSW1,2026/09/24 11:40:00,5485.87,51.10,TRADE
NSW1,2026/09/24 11:45:00,5454.33,42.08,TRADE
NSW1,2026/09/24 11:50:00,5547.36,65.99,TRADE
NSW1,2026/09/24 11:55:00,5419.67,53.15,TRADE
NSW1,2026/09/24 12:00:00,5343.91,53.15,TRADE
NSW1,2026/09/24 12:05:00,5331.46,50.27,TRADE
NSW1,2026/09/24 12:10:00,5354.58,48.51,TRADE
NSW1,2026/09/24 12:15:00,5366.96,53.99,TRADE
NSW1,2026/09/24 12:20:00,5368.03,53.15,TRADE
NSW1,2026/09/24 12:25:00,5351.47,46.83,TRADE
NSW1,2026/09/24 12:30:00,5155.94,42.94,TRADE
NSW1,2026/09/24 12:35:00,5286.47,65.99,TRADE
NSW1,2026/09/24 12:40:00,5188.56,42.94,TRADE
NSW1,2026/09/24 12:45:00,5244.93,65.99,TRADE
NSW1,2026/09/24 12:50:00,5122.58,49.82,TRADE
NSW1,2026/09/24 12:55:00,5127.68,49.50,TRADE
NSW1,2026/09/24 13:00:00,5160.85,46.87,TRADE
NSW1,2026/09/24 13:05:00,5246.72,52.21,TRADE
NSW1,2026/09/24 13:10:00,5179.57,45,TRADE
NSW1,2026/09/24 13:15:00,5207.29,52.21,TRADE
NSW1,2026/09/24 13:20:00,5144.95,42.94,TRADE
NSW1,2026/09/24 13:25:00,5258.79,42.80,TRADE
NSW1,2026/09/24 13:30:00,5367.3,29.25,TRADE
NSW1,2026/09/24 13:35:00,5424.1,76.10,TRADE
NSW1,2026/09/24 13:40:00,5329.15,42.80,TRADE
NSW1,2026/09/24 13:45:00,5363.05,42.54,TRADE
NSW1,2026/09/24 13:50:00,5398.94,42.80,TRADE
NSW1,2026/09/24 13:55:00,5452.52,42.54,TRADE
NSW1,2026/09/24 14:00:00,5477.2,42.54,TRADE
NSW1,2026/09/24 14:05:00,5490.09,46.48,TRADE
NSW1,2026/09/24 14:10:00,5432.42,28.36,TRADE
NSW1,2026/09/24 14:15:00,5519.04,29.64,TRADE
NSW1,2026/09/24 14:20:00,5685.83,42.80,TRADE
NSW1,2026/09/24 14:25:00,5768.98,42.94,TRADE
NSW1,2026/09/24 14:30:00,5794.73,42.94,TRADE
NSW1,2026/09/24 14:35:00,5936.55,42.54,TRADE
NSW1,2026/09/24 14:40:00,5980.76,46.94,TRADE
NSW1,2026/09/24 14:45:00,6065.12,46.03,TRADE
NSW1,2026/09/24 14:50:00,6086.52,82.34,TRADE
NSW1,2026/09/24 14:55:00,6063.52,45.30,TRADE
NSW1,2026/09/24 15:00:00,6246.14,24.99,TRADE
NSW1,2026/09/24 15:05:00,6366.03,24.99,TRADE
NSW1,2026/09/24 15:10:00,6390.74,21.56,TRADE
NSW1,2026/09/24 15:15:00,6486.38,12.92,TRADE
NSW1,2026/09/24 15:20:00,6536.15,60.36,TRADE
NSW1,2026/09/24 15:25:00,6609.13,55.61,TRADE
NSW1,2026/09/24 15:30:00,6695,84.89,TRADE
NSW1,2026/09/24 15:35:00,6801.7,61.34,TRADE
NSW1,2026/09/24 15:40:00,6890.63,87.11,TRADE
NSW1,2026/09/24 15:45:00,6952.53,96.16,TRADE
NSW1,2026/09/24 15:50:00,6938.14,81.82,TRADE
NSW1,2026/09/24 15:55:00,7065.29,84.79,TRADE
NSW1,2026/09/24 16:00:00,7174.22,84.79,TRADE
NSW1,2026/09/24 16:05:00,7290.12,74.77,TRADE
NSW1,2026/09/24 16:10:00,7403.09,76.04,TRADE
NSW1,2026/09/24 16:15:00,7490.64,75.93,TRADE
NSW1,2026/09/24 16:20:00,7550.42,88.88,TRADE
NSW1,2026/09/24 16:25:00,7669.59,97.48,TRADE
NSW1,2026/09/24 16:30:00,7851.46,114.02,TRADE
NSW1,2026/09/24 16:35:00,7888.86,108.84,TRADE
NSW1,2026/09/24 16:40:00,8010.9,110.98,TRADE
NSW1,2026/09/24 16:45:00,8102.43,110.07,TRADE
NSW1,2026/09/24 16:50:00,8261.99,110.98,TRADE
NSW1,2026/09/24 16:55:00,8356.97,110.98,TRADE
NSW1,2026/09/24 17:00:00,8432.88,125.19,TRADE
NSW1,2026/09/24 17:05:00,8431.64,110.98,TRADE
NSW1,2026/09/24 17:10:00,8486.1,114.65,TRADE
NSW1,2026/09/24 17:15:00,8413.37,115.87,TRADE
NSW1,2026/09/24 17:20:00,8501.48,121.01,TRADE
NSW1,2026/09/24 17:25:00,8592.43,121.01,TRADE
NSW1,2026/09/24 17:30:00,8613.95,135.48,TRADE
NSW1,2026/09/24 17:35:00,8559.99,122.27,TRADE
NSW1,2026/09/24 17:40:00,8583.52,121.01,TRADE
NSW1,2026/09/24 17:45:00,8725.82,134.56,TRADE
NSW1,2026/09/24 17:50:00,8706.93,129.45,TRADE
NSW1,2026/09/24 17:55:00,8735.1,121.01,TRADE
NSW1,2026/09/24 18:00:00,8924.42,136.32,TRADE
NSW1,2026/09/24 18:05:00,8900.25,130.01,TRADE
NSW1,2026/09/24 18:10:00,8773.24,111.72,TRADE
NSW1,2026/09/24 18:15:00,8933.92,112.43,TRADE
NSW1,2026/09/24 18:20:00,8939.5,130.01,TRADE
NSW1,2026/09/24 18:25:00,8776.39,121.01,TRADE
NSW1,2026/09/24 18:30:00,8771.78,110.43,TRADE
NSW1,2026/09/24 18:35:00,8981.61,127.67,TRADE
NSW1,2026/09/24 18:40:00,8805.11,121.01,TRADE
NSW1,2026/09/24 18:45:00,8694.76,105.15,TRADE
NSW1,2026/09/24 18:50:00,8779.86,110.98,TRADE
NSW1,2026/09/24 18:55:00,8806.53,110.98,TRADE
NSW1,2026/09/24 19:00:00,8738.48,98,TRADE
NSW1,2026/09/24 19:05:00,8822.81,110.98,TRADE
NSW1,2026/09/24 19:10:00,8603.57,99.18,TRADE
NSW1,2026/09/24 19:15:00,8610.03,91.85,TRADE
NSW1,2026/09/24 19:20:00,8660.76,98.73,TRADE
NSW1,2026/09/24 19:25:00,8616.75,97.89,TRADE
NSW1,2026/09/24 19:30:00,8536.76,96.99,TRADE
NSW1,2026/09/24 19:35:00,8586.53,101.69,TRADE
NSW1,2026/09/24 19:40:00,8444.29,98.87,TRADE
NSW1,2026/09/24 19:45:00,8405.47,90,TRADE
NSW1,2026/09/24 19:50:00,8406.04,91.35,TRADE
NSW1,2026/09/24 19:55:00,8445.39,105.73,TRADE
NSW1,2026/09/24 20:00:00,8308.85,93.95,TRADE
NSW1,2026/09/24 20:05:00,8394.75,90.21,TRADE
NSW1,2026/09/24 20:10:00,8432.19,90.30,TRADE
NSW1,2026/09/24 20:15:00,8487.22,103.91,TRADE
NSW1,2026/09/24 20:20:00,8360.08,98.33,TRADE
NSW1,2026/09/24 20:25:00,8372.99,93.89,TRADE
NSW1,2026/09/24 20:30:00,8450.32,95.66,TRADE
NSW1,2026/09/24 20:35:00,8290.1,90.49,TRADE
NSW1,2026/09/24 20:40:00,8333.53,95.03,TRADE
NSW1,2026/09/24 20:45:00,8322.22,110.98,TRADE
NSW1,2026/09/24 20:50:00,8176.36,95.39,TRADE
NSW1,2026/09/24 20:55:00,8201.75,96.40,TRADE
NSW1,2026/09/24 21:00:00,8202.93,97.77,TRADE
NSW1,2026/09/24 21:05:00,8203.68,110.98,TRADE
NSW1,2026/09/24 21:10:00,8102.04,100.96,TRADE
NSW1,2026/09/24 21:15:00,8158.27,106.71,TRADE
NSW1,2026/09/24 21:20:00,8114.46,103.10,TRADE
NSW1,2026/09/24 21:25:00,8138.78,102.31,TRADE
NSW1,2026/09/24 21:30:00,8062.04,101.68,TRADE
NSW1,2026/09/24 21:35:00,7983.71,104.27,TRADE
NSW1,2026/09/24 21:40:00,8000.95,110.98,TRADE
NSW1,2026/09/24 21:45:00,7918.32,103.15,TRADE
NSW1,2026/09/24 21:50:00,7984.77,101.17,TRADE
NSW1,2026/09/24 21:55:00,7937.12,101.86,TRADE
NSW1,2026/09/24 22:00:00,7834.43,99.12,TRADE
NSW1,2026/09/24 22:05:00,7790.57,100.39,TRADE
NSW1,2026/09/24 22:10:00,7906.2,109.16,TRADE
NSW1,2026/09/24 22:15:00,7852.72,104.61,TRADE
NSW1,2026/09/24 22:20:00,7813.35,110.98,TRADE
NSW1,2026/09/24 22:25:00,7774.54,102.36,TRADE
NSW1,2026/09/24 22:30:00,7838.86,110.51,TRADE
NSW1,2026/09/24 22:35:00,7855,110.98,TRADE
NSW1,2026/09/24 22:40:00,7723.58,110.98,TRADE
NSW1,2026/09/24 22:45:00,7699.51,110.98,TRADE
NSW1,2026/09/24 22:50:00,7723.61,110.98,TRADE
NSW1,2026/09/24 22:55:00,7720.68,110.98,TRADE
NSW1,2026/09/24 23:00:00,7724.39,119,TRADE
NSW1,2026/09/24 23:05:00,7691.37,121.01,TRADE
NSW1,2026/09/24 23:10:00,7686.91,119.48,TRADE
NSW1,2026/09/24 23:15:00,7569.94,113.50,TRADE
NSW1,2026/09/24 23:20:00,7574.68,113.50,TRADE
NSW1,2026/09/24 23:25:00,7582.48,106.74,TRADE
NSW1,2026/09/24 23:30:00,7553.55,119,TRADE
NSW1,2026/09/24 23:35:00,7468.58,116.19,TRADE
NSW1,2026/09/24 23:40:00,7506.6,126.75,TRADE
NSW1,2026/09/24 23:45:00,7457.99,126.06,TRADE
NSW1,2026/09/24 23:50:00,7421.63,105.77,TRADE
NSW1,2026/09/24 23:55:00,7431.24,98.56,TRADE
NSW1,2026/09/25 00:00:00,7419.83,104.05,TRADE
NSW1,2026/09/25 00:05:00,7399.83,102.90,TRADE
NSW1,2026/09/25 00:10:00,7476.96,102.98,TRADE
NSW1,2026/09/25 00:15:00,7490.73,103.29,TRADE
NSW1,2026/09/25 00:20:00,7458.64,98.09,TRADE
NSW1,2026/09/25 00:25:00,7412.01,96.99,TRADE
NSW1,2026/09/25 00:30:00,7470.98,97.14,TRADE
NSW1,2026/09/25 00:35:00,7388.98,96.99,TRADE
NSW1,2026/09/25 00:40:00,7311.95,96.53,TRADE
NSW1,2026/09/25 00:45:00,7319.43,96.99,TRADE
NSW1,2026/09/25 00:50:00,7295.68,96.99,TRADE
NSW1,2026/09/25 00:55:00,7284.46,91.73,TRADE
NSW1,2026/09/25 01:00:00,7230.59,91.55,TRADE
NSW1,2026/09/25 01:05:00,7129.01,90,TRADE
NSW1,2026/09/25 01:10:00,7104.75,84.90,TRADE
NSW1,2026/09/25 01:15:00,7104.52,88.88,TRADE
NSW1,2026/09/25 01:20:00,7082.91,90,TRADE
NSW1,2026/09/25 01:25:00,6996.74,90,TRADE
NSW1,2026/09/25 01:30:00,7038.24,91.41,TRADE
NSW1,2026/09/25 01:35:00,6989.02,96.99,TRADE
NSW1,2026/09/25 01:40:00,7109.04,99.08,TRADE
NSW1,2026/09/25 01:45:00,7103.14,96.99,TRADE
NSW1,2026/09/25 01:50:00,7079.69,97.63,TRADE
NSW1,2026/09/25 01:55:00,6997.86,84.81,TRADE
NSW1,2026/09/25 02:00:00,7016.5,85.91,TRADE
NSW1,2026/09/25 02:05:00,6894.75,88.88,TRADE
NSW1,2026/09/25 02:10:00,6914.76,99.01,TRADE
NSW1,2026/09/25 02:15:00,6887.5,88.88,TRADE
NSW1,2026/09/25 02:20:00,6870.4,90,TRADE
NSW1,2026/09/25 02:25:00,6829.47,90,TRADE
NSW1,2026/09/25 02:30:00,6821.96,90,TRADE
NSW1,2026/09/25 02:35:00,6798.67,94.80,TRADE
NSW1,2026/09/25 02:40:00,6695.88,90,TRADE
NSW1,2026/09/25 02:45:00,6686.29,90,TRADE
NSW1,2026/09/25 02:50:00,6681.24,90,TRADE
NSW1,2026/09/25 02:55:00,6716.48,97.63,TRADE
NSW1,2026/09/25 03:00:00,6635.01,97.63,TRADE
NSW1,2026/09/25 03:05:00,6615.98,98.74,TRADE
NSW1,2026/09/25 03:10:00,6574.3,96.99,TRADE
NSW1,2026/09/25 03:15:00,6615.54,99.01,TRADE
NSW1,2026/09/25 03:20:00,6589.59,99.01,TRADE
NSW1,2026/09/25 03:25:00,6601.93,96.87,TRADE
NSW1,2026/09/25 03:30:00,6581.08,85.37,TRADE
NSW1,2026/09/25 03:35:00,6508.12,93.59,TRADE
NSW1,2026/09/25 03:40:00,6469.64,90.47,TRADE
NSW1,2026/09/25 03:45:00,6510.24,92.61,TRADE
NSW1,2026/09/25 03:50:00,6527.87,92.06,TRADE
NSW1,2026/09/25 03:55:00,6494.86,90,TRADE
NSW1,2026/09/25 04:00:00,6512.2,96.47,TRADE
NSW1,2026/09/25 04:05:00,6477.31,93.62,TRADE
NSW1,2026/09/25 04:10:00,6459.76,98.91,TRADE
NSW1,2026/09/25 04:15:00,6498.42,100.81,TRADE
NSW1,2026/09/25 04:20:00,6530.01,98.46,TRADE
NSW1,2026/09/25 04:25:00,6483.22,99.88,TRADE
NSW1,2026/09/25 04:30:00,6494.77,98.04,TRADE
NSW1,2026/09/25 04:35:00,6541.78,97.69,TRADE
NSW1,2026/09/25 04:40:00,6594.67,100.09,TRADE
NSW1,2026/09/25 04:45:00,6592.04,101.24,TRADE
NSW1,2026/09/25 04:50:00,6531.36,98.60,TRADE
NSW1,2026/09/25 04:55:00,6657,101.66,TRADE
NSW1,2026/09/25 05:00:00,6635.17,100.46,TRADE
NSW1,2026/09/25 05:05:00,6610.42,98.49,TRADE
NSW1,2026/09/25 05:10:00,6722.99,101.73,TRADE
NSW1,2026/09/25 05:15:00,6784.17,118.44,TRADE
NSW1,2026/09/25 05:20:00,6763.75,106.52,TRADE
NSW1,2026/09/25 05:25:00,6814.3,121.78,TRADE
NSW1,2026/09/25 05:30:00,6874.73,129.71,TRADE
NSW1,2026/09/25 05:35:00,6815.21,119.91,TRADE
NSW1,2026/09/25 05:40:00,6965.28,130.01,TRADE
NSW1,2026/09/25 05:45:00,6954.9,126.03,TRADE
NSW1,2026/09/25 05:50:00,6934.94,134.23,TRADE
NSW1,2026/09/25 05:55:00,7065.65,129.14,TRADE
NSW1,2026/09/25 06:00:00,7099.1,126.03,TRADE
NSW1,2026/09/25 06:05:00,7118.46,125.91,TRADE
NSW1,2026/09/25 06:10:00,7102.98,115.47,TRADE
NSW1,2026/09/25 06:15:00,7069.14,117.22,TRADE
NSW1,2026/09/25 06:20:00,7138.39,106.52,TRADE
NSW1,2026/09/25 06:25:00,7235.66,100.70,TRADE
NSW1,2026/09/25 06:30:00,7235.77,92.22,TRADE
NSW1,2026/09/25 06:35:00,7267.84,88.84,TRADE
NSW1,2026/09/25 06:40:00,7201.31,83.99,TRADE
NSW1,2026/09/25 06:45:00,7263.78,88.84,TRADE
NSW1,2026/09/25 06:50:00,7186.7,71.33,TRADE
NSW1,2026/09/25 06:55:00,7211.6,40,TRADE
NSW1,2026/09/25 07:00:00,7077.37,42.54,TRADE
NSW1,2026/09/25 07:05:00,7110.46,57.39,TRADE
NSW1,2026/09/25 07:10:00,7049.91,65.51,TRADE
NSW1,2026/09/25 07:15:00,7035.3,24.83,TRADE
NSW1,2026/09/25 07:20:00,7156.25,57.39,TRADE
NSW1,2026/09/25 07:25:00,7192.6,67.99,TRADE
NSW1,2026/09/25 07:30:00,7044.09,42.54,TRADE
NSW1,2026/09/25 07:35:00,7040.15,42.94,TRADE
NSW1,2026/09/25 07:40:00,7035.14,42.94,TRADE
NSW1,2026/09/25 07:45:00,6974.88,69.90,TRADE
NSW1,2026/09/25 07:50:00,6920.79,76.10,TRADE
NSW1,2026/09/25 07:55:00,6960.94,87.47,TRADE
NSW1,2026/09/25 08:00:00,6865.9,52.21,TRADE
NSW1,2026/09/25 08:05:00,6777.07,43.04,TRADE
NSW1,2026/09/25 08:10:00,6840.4,59.15,TRADE
NSW1,2026/09/25 08:15:00,6702.32,63.87,TRADE
NSW1,2026/09/25 08:20:00,6639.39,42.94,TRADE
NSW1,2026/09/25 08:25:00,6717.46,41.88,TRADE
NSW1,2026/09/25 08:30:00,6509.01,36.64,TRADE
NSW1,2026/09/25 08:35:00,6469.24,52.21,TRADE
NSW1,2026/09/25 08:40:00,6380.49,52.21,TRADE
NSW1,2026/09/25 08:45:00,6307.85,25.41,TRADE
NSW1,2026/09/25 08:50:00,6299.78,26.36,TRADE
NSW1,2026/09/25 08:55:00,6164.3,42.94,TRADE
NSW1,2026/09/25 09:00:00,5964.15,31.41,TRADE
NSW1,2026/09/25 09:05:00,5966.44,22.20,TRADE
NSW1,2026/09/25 09:10:00,5931.53,42.94,TRADE
NSW1,2026/09/25 09:15:00,5802.56,24.36,TRADE
NSW1,2026/09/25 09:20:00,5735.96,28.95,TRADE
NSW1,2026/09/25 09:25:00,5734.57,32.70,TRADE
NSW1,2026/09/25 09:30:00,5660.16,30.12,TRADE
NSW1,2026/09/25 09:35:00,5646.15,33.58,TRADE
NSW1,2026/09/25 09:40:00,5508.58,33.84,TRADE
NSW1,2026/09/25 09:45:00,5539.03,42.94,TRADE
NSW1,2026/09/25 09:50:00,5425.27,28.69,TRADE
NSW1,2026/09/25 09:55:00,5429.32,32.83,TRADE
NSW1,2026/09/25 10:00:00,5265.29,43.05,TRADE
NSW1,2026/09/25 10:05:00,4881.47,45.93,TRADE
NSW1,2026/09/25 10:10:00,4964.4,29.65,TRADE
NSW1,2026/09/25 10:15:00,4974.62,25.07,TRADE
NSW1,2026/09/25 10:20:00,5016.16,33.27,TRADE
NSW1,2026/09/25 10:25:00,4937.5,24.20,TRADE
NSW1,2026/09/25 10:30:00,4847.27,34.63,TRADE
NSW1,2026/09/25 10:35:00,4867.54,41.67,TRADE
NSW1,2026/09/25 10:40:00,4823.97,32.92,TRADE
NSW1,2026/09/25 10:45:00,5041.54,49.58,TRADE
NSW1,2026/09/25 10:50:00,4951.45,46.95,TRADE
NSW1,2026/09/25 10:55:00,4920.9,25.23,TRADE
NSW1,2026/09/25 11:00:00,4979.03,24.74,TRADE
NSW1,2026/09/25 11:05:00,5060.6,34.49,TRADE
NSW1,2026/09/25 11:10:00,5029.79,46.59,TRADE
NSW1,2026/09/25 11:15:00,5029.62,42.94,TRADE
NSW1,2026/09/25 11:20:00,4985.93,31.34,TRADE
NSW1,2026/09/25 11:25:00,5097.58,34.88,TRADE
NSW1,2026/09/25 11:30:00,4985.35,41,TRADE
NSW1,2026/09/25 11:35:00,4968.58,42.90,TRADE
NSW1,2026/09/25 11:40:00,4910.12,42.94,TRADE
NSW1,2026/09/25 11:45:00,4777.04,30.18,TRADE
NSW1,2026/09/25 11:50:00,4811.55,41.27,TRADE
NSW1,2026/09/25 11:55:00,4745.25,46.45,TRADE
NSW1,2026/09/25 12:00:00,4839.22,46.45,TRADE
NSW1,2026/09/25 12:05:00,4813.89,43.57,TRADE
NSW1,2026/09/25 12:10:00,4949.37,30.43,TRADE
NSW1,2026/09/25 12:15:00,4894.75,30.82,TRADE
NSW1,2026/09/25 12:20:00,4939.95,41.72,TRADE
NSW1,2026/09/25 12:25:00,4880.6,41.79,TRADE
NSW1,2026/09/25 12:30:00,4884.27,33.72,TRADE
NSW1,2026/09/25 12:35:00,4952.51,30.85,TRADE
NSW1,2026/09/25 12:40:00,5033.69,42.17,TRADE
NSW1,2026/09/25 12:45:00,4937.62,41.48,TRADE
NSW1,2026/09/25 12:50:00,4959.38,30.27,TRADE
NSW1,2026/09/25 12:55:00,5113.36,39.81,TRADE
NSW1,2026/09/25 13:00:00,5102.39,46.45,TRADE
NSW1,2026/09/25 13:05:00,5109.39,49.34,TRADE
NSW1,2026/09/25 13:10:00,5185.16,40.30,TRADE
NSW1,2026/09/25 13:15:00,5150.09,51.15,TRADE
NSW1,2026/09/25 13:20:00,5198.14,52.21,TRADE
NSW1,2026/09/25 13:25:00,5231.82,51.49,TRADE
NSW1,2026/09/25 13:30:00,5319.82,52.21,TRADE
NSW1,2026/09/25 13:35:00,5262.58,49.35,TRADE
NSW1,2026/09/25 13:40:00,5348.15,53.15,TRADE
NSW1,2026/09/25 13:45:00,5398.59,55.88,TRADE
NSW1,2026/09/25 13:50:00,5447.65,60.38,TRADE
NSW1,2026/09/25 13:55:00,5558.46,63.72,TRADE
NSW1,2026/09/25 14:00:00,5595.2,58.42,TRADE
NSW1,2026/09/25 14:05:00,5738.37,65.99,TRADE
NSW1,2026/09/25 14:10:00,5826.22,65.99,TRADE
NSW1,2026/09/25 14:15:00,5886.13,63.72,TRADE
NSW1,2026/09/25 14:20:00,6005.99,60.53,TRADE
NSW1,2026/09/25 14:25:00,6157.07,65.99,TRADE
NSW1,2026/09/25 14:30:00,6176.46,65.99,TRADE
NSW1,2026/09/25 14:35:00,6267.09,73.30,TRADE
NSW1,2026/09/25 14:40:00,6497.17,60.19,TRADE
NSW1,2026/09/25 14:45:00,6648.9,74.58,TRADE
NSW1,2026/09/25 14:50:00,6804.06,84.18,TRADE
NSW1,2026/09/25 14:55:00,6953.32,80.64,TRADE
NSW1,2026/09/25 15:00:00,7143.04,89.49,TRADE
NSW1,2026/09/25 15:05:00,7291.9,110.58,TRADE
NSW1,2026/09/25 15:10:00,7395.16,89.49,TRADE
NSW1,2026/09/25 15:15:00,7514.6,99.99,TRADE
NSW1,2026/09/25 15:20:00,7594.82,89.31,TRADE
NSW1,2026/09/25 15:25:00,7731.61,92.85,TRADE
NSW1,2026/09/25 15:30:00,7781.94,99.98,TRADE
NSW1,2026/09/25 15:35:00,7853.24,93.59,TRADE
NSW1,2026/09/25 15:40:00,7845.28,83.99,TRADE
NSW1,2026/09/25 15:45:00,7963.49,74.79,TRADE
NSW1,2026/09/25 15:50:00,8089.44,83.99,TRADE
NSW1,2026/09/25 15:55:00,8171.3,98.16,TRADE
NSW1,2026/09/25 16:00:00,8247.51,109.49,TRADE
NSW1,2026/09/25 16:05:00,8265.92,83.25,TRADE
NSW1,2026/09/25 16:10:00,8364.41,84.39,TRADE
NSW1,2026/09/25 16:15:00,8281.31,84.51,TRADE
NSW1,2026/09/25 16:20:00,8362.11,88.90,TRADE
NSW1,2026/09/25 16:25:00,8478,96.58,TRADE
NSW1,2026/09/25 16:30:00,8404.8,85.04,TRADE
NSW1,2026/09/25 16:35:00,8484.94,83.99,TRADE
NSW1,2026/09/25 16:40:00,8539.74,90.31,TRADE
NSW1,2026/09/25 16:45:00,8503.94,90,TRADE
NSW1,2026/09/25 16:50:00,8651.93,95.44,TRADE
NSW1,2026/09/25 16:55:00,8698.08,107.48,TRADE
NSW1,2026/09/25 17:00:00,8611.22,97.76,TRADE
NSW1,2026/09/25 17:05:00,8667.6,93.93,TRADE
NSW1,2026/09/25 17:10:00,8653.83,94.72,TRADE
NSW1,2026/09/25 17:15:00,8543.78,90.21,TRADE
NSW1,2026/09/25 17:20:00,8717.07,93.40,TRADE
NSW1,2026/09/25 17:25:00,8668.25,99.42,TRADE
NSW1,2026/09/25 17:30:00,8671.92,97.61,TRADE
NSW1,2026/09/25 17:35:00,8665.58,93.01,TRADE
NSW1,2026/09/25 17:40:00,8693.07,93.38,TRADE
NSW1,2026/09/25 17:45:00,8701.52,94.35,TRADE
NSW1,2026/09/25 17:50:00,8762.02,99.03,TRADE
NSW1,2026/09/25 17:55:00,8786.01,97.11,TRADE
NSW1,2026/09/25 18:00:00,8783.45,95.43,TRADE
NSW1,2026/09/25 18:05:00,8724.52,96.71,TRADE
NSW1,2026/09/25 18:10:00,8621.31,96.99,TRADE
NSW1,2026/09/25 18:15:00,8654.5,95.55,TRADE
NSW1,2026/09/25 18:20:00,8740.31,91.47,TRADE
NSW1,2026/09/25 18:25:00,8776.78,94.93,TRADE
NSW1,2026/09/25 18:30:00,8649.11,94.31,TRADE
NSW1,2026/09/25 18:35:00,8698.8,94.75,TRADE
NSW1,2026/09/25 18:40:00,8698.54,96.41,TRADE
NSW1,2026/09/25 18:45:00,8639.68,90.21,TRADE
NSW1,2026/09/25 18:50:00,8604.84,90.21,TRADE
NSW1,2026/09/25 18:55:00,8592.13,90.21,TRADE
NSW1,2026/09/25 19:00:00,8634.86,90.21,TRADE
NSW1,2026/09/25 19:05:00,8548.36,90.21,TRADE
NSW1,2026/09/25 19:10:00,8475.51,90.21,TRADE
NSW1,2026/09/25 19:15:00,8471.27,95.25,TRADE
NSW1,2026/09/25 19:20:00,8401.23,95.04,TRADE
NSW1,2026/09/25 19:25:00,8431.66,90.21,TRADE
NSW1,2026/09/25 19:30:00,8368.17,90.01,TRADE
NSW1,2026/09/25 19:35:00,8319.65,90.01,TRADE
NSW1,2026/09/25 19:40:00,8426.87,90.21,TRADE
NSW1,2026/09/25 19:45:00,8376.31,94.69,TRADE
NSW1,2026/09/25 19:50:00,8247.29,90.01,TRADE
NSW1,2026/09/25 19:55:00,8268.32,90.92,TRADE
NSW1,2026/09/25 20:00:00,8231.59,90.01,TRADE
NSW1,2026/09/25 20:05:00,8284.95,90.01,TRADE
NSW1,2026/09/25 20:10:00,8248.69,90.01,TRADE
NSW1,2026/09/25 20:15:00,8203.43,90.65,TRADE
NSW1,2026/09/25 20:20:00,8149.51,90.01,TRADE
NSW1,2026/09/25 20:25:00,8182.11,90.01,TRADE
NSW1,2026/09/25 20:30:00,8182.54,90.01,TRADE
NSW1,2026/09/25 20:35:00,8219.17,91.52,TRADE
NSW1,2026/09/25 20:40:00,8121.68,97.97,TRADE
NSW1,2026/09/25 20:45:00,7941.04,89.56,TRADE
NSW1,2026/09/25 20:50:00,7955.19,84.83,TRADE
NSW1,2026/09/25 20:55:00,8019.28,88.84,TRADE
NSW1,2026/09/25 21:00:00,7993.29,91.73,TRADE
NSW1,2026/09/25 21:05:00,7943.51,91.50,TRADE
NSW1,2026/09/25 21:10:00,7893.79,90.01,TRADE
NSW1,2026/09/25 21:15:00,7866.7,90.01,TRADE
NSW1,2026/09/25 21:20:00,7907.7,90.21,TRADE
NSW1,2026/09/25 21:25:00,7851.47,90.01,TRADE
NSW1,2026/09/25 21:30:00,7779.61,89.35,TRADE
NSW1,2026/09/25 21:35:00,7797.41,90.80,TRADE
NSW1,2026/09/25 21:40:00,7898.85,90.88,TRADE
NSW1,2026/09/25 21:45:00,7780.88,89.85,TRADE
NSW1,2026/09/25 21:50:00,7655.1,88.84,TRADE
NSW1,2026/09/25 21:55:00,7598.17,88.84,TRADE
NSW1,2026/09/25 22:00:00,7654.39,88.84,TRADE
NSW1,2026/09/25 22:05:00,7656.96,90.21,TRADE
NSW1,2026/09/25 22:10:00,7743.4,93.56,TRADE
NSW1,2026/09/25 22:15:00,7747.94,88.86,TRADE
NSW1,2026/09/25 22:20:00,7772.11,89.02,TRADE
NSW1,2026/09/25 22:25:00,7604.97,90.21,TRADE
NSW1,2026/09/25 22:30:00,7719.45,90.21,TRADE
NSW1,2026/09/25 22:35:00,7673.16,90.21,TRADE
NSW1,2026/09/25 22:40:00,7616.64,90.21,TRADE
NSW1,2026/09/25 22:45:00,7522.67,82.69,TRADE
NSW1,2026/09/25 22:50:00,7543.79,86.05,TRADE
NSW1,2026/09/25 22:55:00,7588.12,92.34,TRADE
NSW1,2026/09/25 23:00:00,7573.6,90.01,TRADE
NSW1,2026/09/25 23:05:00,7584.63,113.50,TRADE
NSW1,2026/09/25 23:10:00,7551.95,113.50,TRADE
NSW1,2026/09/25 23:15:00,7477.72,113.50,TRADE
NSW1,2026/09/25 23:20:00,7473.44,113.50,TRADE
NSW1,2026/09/25 23:25:00,7476.26,90.21,TRADE
NSW1,2026/09/25 23:30:00,7496.15,90.21,TRADE
NSW1,2026/09/25 23:35:00,7414.99,90.21,TRADE
NSW1,2026/09/25 23:40:00,7480.36,113.50,TRADE
NSW1,2026/09/25 23:45:00,7401.28,113.50,TRADE
NSW1,2026/09/25 23:50:00,7315.78,102.36,TRADE
NSW1,2026/09/25 23:55:00,7431.71,113.50,TRADE
NSW1,2026/09/26 00:00:00,7400.45,113.50,TRADE
NSW1,2026/09/26 00:05:00,7373.16,92.51,TRADE
NSW1,2026/09/26 00:10:00,7416.87,91.28,TRADE
NSW1,2026/09/26 00:15:00,7377.87,92.05,TRADE
NSW1,2026/09/26 00:20:00,7325.22,90.21,TRADE
NSW1,2026/09/26 00:25:00,7300.9,92.20,TRADE
NSW1,2026/09/26 00:30:00,7324.2,104.72,TRADE
NSW1,2026/09/26 00:35:00,7245.23,96.99,TRADE
NSW1,2026/09/26 00:40:00,7271.59,96.99,TRADE
NSW1,2026/09/26 00:45:00,7180.03,98.46,TRADE
NSW1,2026/09/26 00:50:00,7221.05,109.36,TRADE
NSW1,2026/09/26 00:55:00,7193.97,96.41,TRADE
NSW1,2026/09/26 01:00:00,7193.32,94.37,TRADE
NSW1,2026/09/26 01:05:00,7141.45,95.81,TRADE
NSW1,2026/09/26 01:10:00,7021.46,94.59,TRADE
NSW1,2026/09/26 01:15:00,6980.66,92.62,TRADE
NSW1,2026/09/26 01:20:00,6961.96,90.39,TRADE
NSW1,2026/09/26 01:25:00,6929.43,92.55,TRADE
NSW1,2026/09/26 01:30:00,6888.06,93.45,TRADE
NSW1,2026/09/26 01:35:00,6931.6,95.15,TRADE
NSW1,2026/09/26 01:40:00,6834.1,94.70,TRADE
NSW1,2026/09/26 01:45:00,6825.25,93.96,TRADE
NSW1,2026/09/26 01:50:00,6762.88,93.55,TRADE
NSW1,2026/09/26 01:55:00,6642.59,91.55,TRADE
NSW1,2026/09/26 02:00:00,6691.54,91.76,TRADE
NSW1,2026/09/26 02:05:00,6712.29,98.88,TRADE
NSW1,2026/09/26 02:10:00,6623.48,93.57,TRADE
NSW1,2026/09/26 02:15:00,6636.54,93.56,TRADE
NSW1,2026/09/26 02:20:00,6523.18,90.07,TRADE
NSW1,2026/09/26 02:25:00,6553.61,90.21,TRADE
NSW1,2026/09/26 02:30:00,6493.72,90,TRADE
NSW1,2026/09/26 02:35:00,6501.6,91.37,TRADE
NSW1,2026/09/26 02:40:00,6540.07,91.32,TRADE
NSW1,2026/09/26 02:45:00,6529.2,92.79,TRADE
NSW1,2026/09/26 02:50:00,6501.05,90.88,TRADE
NSW1,2026/09/26 02:55:00,6491.39,92.19,TRADE
NSW1,2026/09/26 03:00:00,6450.29,92.76,TRADE
NSW1,2026/09/26 03:05:00,6465.15,93.44,TRADE
NSW1,2026/09/26 03:10:00,6463,94.24,TRADE
NSW1,2026/09/26 03:15:00,6375.3,91.63,TRADE
NSW1,2026/09/26 03:20:00,6359.97,90.56,TRADE
NSW1,2026/09/26 03:25:00,6420.93,94.22,TRADE
NSW1,2026/09/26 03:30:00,6423.73,92.23,TRADE
NSW1,2026/09/26 03:35:00,6398.07,94.88,TRADE
NSW1,2026/09/26 03:40:00,6405.77,94.22,TRADE
NSW1,2026/09/26 03:45:00,6442.79,94.81,TRADE
NSW1,2026/09/26 03:50:00,6416.52,93.67,TRADE
NSW1,2026/09/26 03:55:00,6387.47,92.20,TRADE
NSW1,2026/09/26 04:00:00,6316.1,91.26,TRADE
NSW1,2026/09/26 04:05:00,6328.44,96.99,TRADE
NSW1,2026/09/26 04:10:00,6347.68,96.62,TRADE
NSW1,2026/09/26 04:15:00,6380.23,99.01,TRADE
NSW1,2026/09/26 04:20:00,6300.75,97.18,TRADE
NSW1,2026/09/26 04:25:00,6386.03,96.12,TRADE
NSW1,2026/09/26 04:30:00,6397.24,96.99,TRADE
NSW1,2026/09/26 04:35:00,6291.07,93.29,TRADE
NSW1,2026/09/26 04:40:00,6415.79,97.42,TRADE
NSW1,2026/09/26 04:45:00,6450.61,97.16,TRADE
NSW1,2026/09/26 04:50:00,6420.66,96.99,TRADE
NSW1,2026/09/26 04:55:00,6456.72,96.99,TRADE
NSW1,2026/09/26 05:00:00,6360.83,94.83,TRADE
NSW1,2026/09/26 05:05:00,6397.25,101.85,TRADE
NSW1,2026/09/26 05:10:00,6413.94,96.99,TRADE
NSW1,2026/09/26 05:15:00,6453.99,96.99,TRADE
NSW1,2026/09/26 05:20:00,6435.23,96.99,TRADE
NSW1,2026/09/26 05:25:00,6476.58,100.54,TRADE
NSW1,2026/09/26 05:30:00,6480.28,97.63,TRADE
NSW1,2026/09/26 05:35:00,6492.34,95.02,TRADE
NSW1,2026/09/26 05:40:00,6496.1,94.36,TRADE
NSW1,2026/09/26 05:45:00,6405.99,90,TRADE
NSW1,2026/09/26 05:50:00,6389.38,94.62,TRADE
NSW1,2026/09/26 05:55:00,6330.53,92.20,TRADE
NSW1,2026/09/26 06:00:00,6353.74,91.95,TRADE
NSW1,2026/09/26 06:05:00,6412.32,88.88,TRADE
NSW1,2026/09/26 06:10:00,6400.18,90,TRADE
NSW1,2026/09/26 06:15:00,6439.49,88.93,TRADE
NSW1,2026/09/26 06:20:00,6425.75,75.95,TRADE
NSW1,2026/09/26 06:25:00,6414.38,82.62,TRADE
NSW1,2026/09/26 06:30:00,6341.53,64.95,TRADE
NSW1,2026/09/26 06:35:00,6362.69,64.95,TRADE
NSW1,2026/09/26 06:40:00,6303.83,62.88,TRADE
NSW1,2026/09/26 06:45:00,6276.63,62.93,TRADE
NSW1,2026/09/26 06:50:00,6128.25,0.91,TRADE
NSW1,2026/09/26 06:55:00,6095.57,8.74,TRADE
NSW1,2026/09/26 07:00:00,6120.02,2.33,TRADE
NSW1,2026/09/26 07:05:00,6104.6,26.37,TRADE
NSW1,2026/09/26 07:10:00,5897.09,28.01,TRADE
NSW1,2026/09/26 07:15:00,5972.29,25.57,TRADE
NSW1,2026/09/26 07:20:00,5929.57,1.28,TRADE
NSW1,2026/09/26 07:25:00,5866.15,25.41,TRADE
NSW1,2026/09/26 07:30:00,5760.76,25.10,TRADE
NSW1,2026/09/26 07:35:00,5646.64,24.80,TRADE
NSW1,2026/09/26 07:40:00,5579.03,0.06,TRADE
NSW1,2026/09/26 07:45:00,5695.67,0.91,TRADE
NSW1,2026/09/26 07:50:00,5657.93,23.95,TRADE
NSW1,2026/09/26 07:55:00,5566.96,23.95,TRADE
NSW1,2026/09/26 08:00:00,5455.65,-1.26,TRADE
NSW1,2026/09/26 08:05:00,5640.36,2.14,TRADE
NSW1,2026/09/26 08:10:00,5626.92,11.81,TRADE
NSW1,2026/09/26 08:15:00,5506.81,2.02,TRADE
NSW1,2026/09/26 08:20:00,5499.15,2.03,TRADE
NSW1,2026/09/26 08:25:00,5403.03,2.02,TRADE
NSW1,2026/09/26 08:30:00,5372.39,6.61,TRADE
NSW1,2026/09/26 08:35:00,5196.71,2.01,TRADE
NSW1,2026/09/26 08:40:00,5177.58,2,TRADE
NSW1,2026/09/26 08:45:00,5198.17,6.94,TRADE
NSW1,2026/09/26 08:50:00,5055.54,2.10,TRADE
NSW1,2026/09/26 08:55:00,5005.24,5.19,TRADE
NSW1,2026/09/26 09:00:00,5012.54,2.19,TRADE
NSW1,2026/09/26 09:05:00,5010.74,2.29,TRADE
NSW1,2026/09/26 09:10:00,5119.32,11.40,TRADE
NSW1,2026/09/26 09:15:00,5069.73,11.40,TRADE
NSW1,2026/09/26 09:20:00,4947.69,2.26,TRADE
NSW1,2026/09/26 09:25:00,4894.69,2.27,TRADE
NSW1,2026/09/26 09:30:00,4885.03,7.36,TRADE
NSW1,2026/09/26 09:35:00,4790.67,2.26,TRADE
NSW1,2026/09/26 09:40:00,4859.71,11.40,TRADE
NSW1,2026/09/26 09:45:00,4760.57,2.22,TRADE
NSW1,2026/09/26 09:50:00,4702.48,2.08,TRADE
NSW1,2026/09/26 09:55:00,4689.67,5.33,TRADE
NSW1,2026/09/26 10:00:00,4650.77,7.19,TRADE
NSW1,2026/09/26 10:05:00,4419.89,7.29,TRADE
NSW1,2026/09/26 10:10:00,4647.39,24.92,TRADE
NSW1,2026/09/26 10:15:00,4590.73,25.10,TRADE
NSW1,2026/09/26 10:20:00,4495.08,2.08,TRADE
NSW1,2026/09/26 10:25:00,4576.74,8.30,TRADE
NSW1,2026/09/26 10:30:00,4494.2,8.52,TRADE
NSW1,2026/09/26 10:35:00,4498.29,2.21,TRADE
NSW1,2026/09/26 10:40:00,4510.07,6.92,TRADE
NSW1,2026/09/26 10:45:00,4424.92,2.14,TRADE
NSW1,2026/09/26 10:50:00,4335.84,2.18,TRADE
NSW1,2026/09/26 10:55:00,4312.74,0.91,TRADE
NSW1,2026/09/26 11:00:00,4265,4.45,TRADE
NSW1,2026/09/26 11:05:00,4205.43,0.91,TRADE
NSW1,2026/09/26 11:10:00,4423.49,2.14,TRADE
NSW1,2026/09/26 11:15:00,4392.7,2.12,TRADE
NSW1,2026/09/26 11:20:00,4417.74,2.14,TRADE
NSW1,2026/09/26 11:25:00,4302.77,0.91,TRADE
NSW1,2026/09/26 11:30:00,4335.6,2.11,TRADE
NSW1,2026/09/26 11:35:00,4342.53,0.91,TRADE
NSW1,2026/09/26 11:40:00,4279.13,1.20,TRADE
NSW1,2026/09/26 11:45:00,4375.17,2.18,TRADE
NSW1,2026/09/26 11:50:00,4403.82,0.91,TRADE
NSW1,2026/09/26 11:55:00,4454.03,2.18,TRADE
NSW1,2026/09/26 12:00:00,4424.63,0.91,TRADE
NSW1,2026/09/26 12:05:00,4247.3,1.20,TRADE
NSW1,2026/09/26 12:10:00,4359.38,6.98,TRADE
NSW1,2026/09/26 12:15:00,4306.3,0.91,TRADE
NSW1,2026/09/26 12:20:00,4367.71,7.14,TRADE
NSW1,2026/09/26 12:25:00,4318.36,5.28,TRADE
NSW1,2026/09/26 12:30:00,4415.45,5.42,TRADE
NSW1,2026/09/26 12:35:00,4411.19,5.56,TRADE
NSW1,2026/09/26 12:40:00,4474.71,5.49,TRADE
NSW1,2026/09/26 12:45:00,4429.58,5.49,TRADE
NSW1,2026/09/26 12:50:00,4480.05,9.65,TRADE
NSW1,2026/09/26 12:55:00,4555.2,9.56,TRADE
NSW1,2026/09/26 13:00:00,4583.41,7.28,TRADE
NSW1,2026/09/26 13:05:00,4590.61,2.24,TRADE
NSW1,2026/09/26 13:10:00,4671.06,7.53,TRADE
NSW1,2026/09/26 13:15:00,4760.53,5.52,TRADE
NSW1,2026/09/26 13:20:00,4815.82,9.38,TRADE
NSW1,2026/09/26 13:25:00,4925.43,9.78,TRADE
NSW1,2026/09/26 13:30:00,4931.19,5.56,TRADE
NSW1,2026/09/26 13:35:00,5101.43,9.41,TRADE
NSW1,2026/09/26 13:40:00,5166.24,12.26,TRADE
NSW1,2026/09/26 13:45:00,5176.05,0.90,TRADE
NSW1,2026/09/26 13:50:00,5329.31,0.91,TRADE
NSW1,2026/09/26 13:55:00,5506.35,8.37,TRADE
NSW1,2026/09/26 14:00:00,5511.11,8.42,TRADE
NSW1,2026/09/26 14:05:00,5404.25,9.32,TRADE
NSW1,2026/09/26 14:10:00,5517.64,25.10,TRADE
NSW1,2026/09/26 14:15:00,5593.38,5.62,TRADE
NSW1,2026/09/26 14:20:00,5774.78,10.42,TRADE
NSW1,2026/09/26 14:25:00,5840.4,11.40,TRADE
NSW1,2026/09/26 14:30:00,5810.17,-3.31,TRADE
NSW1,2026/09/26 14:35:00,5953.3,-2.96,TRADE
NSW1,2026/09/26 14:40:00,6072.83,-3.01,TRADE
NSW1,2026/09/26 14:45:00,6193.65,0.01,TRADE
NSW1,2026/09/26 14:50:00,6235.56,0,TRADE
NSW1,2026/09/26 14:55:00,6390.84,-1.54,TRADE
NSW1,2026/09/26 15:00:00,6473.63,-3.45,TRADE
NSW1,2026/09/26 15:05:00,6515.14,-1.34,TRADE
NSW1,2026/09/26 15:10:00,6705.87,0,TRADE
NSW1,2026/09/26 15:15:00,6798.53,5.76,TRADE
NSW1,2026/09/26 15:20:00,6756.21,0,TRADE
NSW1,2026/09/26 15:25:00,6931.55,-5.37,TRADE
NSW1,2026/09/26 15:30:00,7062.89,5.85,TRADE
NSW1,2026/09/26 15:35:00,7159.11,64.79,TRADE
NSW1,2026/09/26 15:40:00,7162.68,0,TRADE
NSW1,2026/09/26 15:45:00,7196.29,0,TRADE
NSW1,2026/09/26 15:50:00,7479.64,76.10,TRADE
NSW1,2026/09/26 15:55:00,7522.86,-3.93,TRADE
NSW1,2026/09/26 16:00:00,7700.76,64.69,TRADE
NSW1,2026/09/26 16:05:00,7734.99,58.93,TRADE
NSW1,2026/09/26 16:10:00,7791.05,69.84,TRADE
NSW1,2026/09/26 16:15:00,7847.65,70.39,TRADE
NSW1,2026/09/26 16:20:00,7840.4,64.89,TRADE
NSW1,2026/09/26 16:25:00,8029.21,88.84,TRADE
NSW1,2026/09/26 16:30:00,8053.68,88.84,TRADE
NSW1,2026/09/26 16:35:00,8040.8,83.99,TRADE
NSW1,2026/09/26 16:40:00,8115.72,83.80,TRADE
NSW1,2026/09/26 16:45:00,8248.79,88.75,TRADE
NSW1,2026/09/26 16:50:00,8323.34,76.24,TRADE
NSW1,2026/09/26 16:55:00,8534.6,83.99,TRADE
NSW1,2026/09/26 17:00:00,8499.2,88.84,TRADE
NSW1,2026/09/26 17:05:00,8481.55,88.28,TRADE
NSW1,2026/09/26 17:10:00,8469.74,80.06,TRADE
NSW1,2026/09/26 17:15:00,8628.34,88.84,TRADE
NSW1,2026/09/26 17:20:00,8630.44,77.41,TRADE
NSW1,2026/09/26 17:25:00,8662.83,88.84,TRADE
NSW1,2026/09/26 17:30:00,8638.48,88.84,TRADE
NSW1,2026/09/26 17:35:00,8708.74,75.94,TRADE
NSW1,2026/09/26 17:40:00,8883.53,85.49,TRADE
NSW1,2026/09/26 17:45:00,8808.39,86.53,TRADE
NSW1,2026/09/26 17:50:00,8678.34,75.94,TRADE
NSW1,2026/09/26 17:55:00,8865.6,85.99,TRADE
NSW1,2026/09/26 18:00:00,8868.02,85.43,TRADE
NSW1,2026/09/26 18:05:00,8833.46,76.73,TRADE
NSW1,2026/09/26 18:10:00,8839.01,75.94,TRADE
NSW1,2026/09/26 18:15:00,8874.85,82.71,TRADE
NSW1,2026/09/26 18:20:00,8717.96,80.26,TRADE
NSW1,2026/09/26 18:25:00,8865.36,75.94,TRADE
NSW1,2026/09/26 18:30:00,8874.72,79.52,TRADE
NSW1,2026/09/26 18:35:00,8799.74,87.27,TRADE
NSW1,2026/09/26 18:40:00,8731.53,80.76,TRADE
NSW1,2026/09/26 18:45:00,8724.16,75.94,TRADE
NSW1,2026/09/26 18:50:00,8681.19,85.33,TRADE
NSW1,2026/09/26 18:55:00,8638.29,90.21,TRADE
NSW1,2026/09/26 19:00:00,8479.92,76.41,TRADE
NSW1,2026/09/26 19:05:00,8573.75,86.02,TRADE
NSW1,2026/09/26 19:10:00,8402.48,87.08,TRADE
NSW1,2026/09/26 19:15:00,8304.39,88.84,TRADE
NSW1,2026/09/26 19:20:00,8232.03,85.08,TRADE
NSW1,2026/09/26 19:25:00,8227.98,75.94,TRADE
NSW1,2026/09/26 19:30:00,8255.81,79.24,TRADE
NSW1,2026/09/26 19:35:00,8190.54,88.84,TRADE
NSW1,2026/09/26 19:40:00,8057.78,84.41,TRADE
NSW1,2026/09/26 19:45:00,8066.2,87.90,TRADE
NSW1,2026/09/26 19:50:00,8060.43,78.73,TRADE
NSW1,2026/09/26 19:55:00,8092.03,82.95,TRADE
NSW1,2026/09/26 20:00:00,8028.35,81.54,TRADE
NSW1,2026/09/26 20:05:00,8028.84,72.77,TRADE
NSW1,2026/09/26 20:10:00,7956.45,80.10,TRADE
NSW1,2026/09/26 20:15:00,7993.5,80.10,TRADE
NSW1,2026/09/26 20:20:00,7973.54,80.10,TRADE
NSW1,2026/09/26 20:25:00,7881.52,75.94,TRADE
NSW1,2026/09/26 20:30:00,7910.93,76.47,TRADE
NSW1,2026/09/26 20:35:00,7872.46,82.32,TRADE
NSW1,2026/09/26 20:40:00,7853.69,86.12,TRADE
NSW1,2026/09/26 20:45:00,7854.49,80.10,TRADE
NSW1,2026/09/26 20:50:00,7878.91,74.53,TRADE
NSW1,2026/09/26 20:55:00,7795.7,69.90,TRADE
NSW1,2026/09/26 21:00:00,7802.16,88.11,TRADE
NSW1,2026/09/26 21:05:00,7620.54,88.45,TRADE
NSW1,2026/09/26 21:10:00,7610.23,75.94,TRADE
NSW1,2026/09/26 21:15:00,7610.09,75.94,TRADE
NSW1,2026/09/26 21:20:00,7608.76,88.15,TRADE
NSW1,2026/09/26 21:25:00,7463.54,86.19,TRADE
NSW1,2026/09/26 21:30:00,7522.85,75.94,TRADE
NSW1,2026/09/26 21:35:00,7527.61,75.94,TRADE
NSW1,2026/09/26 21:40:00,7506.54,80.10,TRADE
NSW1,2026/09/26 21:45:00,7483.97,75.94,TRADE
NSW1,2026/09/26 21:50:00,7406.51,75.94,TRADE
NSW1,2026/09/26 21:55:00,7392.22,79.04,TRADE
NSW1,2026/09/26 22:00:00,7343.3,75.94,TRADE
NSW1,2026/09/26 22:05:00,7281.42,75.94,TRADE
NSW1,2026/09/26 22:10:00,7472.2,75.94,TRADE
NSW1,2026/09/26 22:15:00,7485.36,79.64,TRADE
NSW1,2026/09/26 22:20:00,7551.28,81.43,TRADE
NSW1,2026/09/26 22:25:00,7475.54,80.21,TRADE
NSW1,2026/09/26 22:30:00,7470.22,75.94,TRADE
NSW1,2026/09/26 22:35:00,7478.2,86.88,TRADE
NSW1,2026/09/26 22:40:00,7465.71,86.88,TRADE
NSW1,2026/09/26 22:45:00,7436.28,86.88,TRADE
NSW1,2026/09/26 22:50:00,7311.52,75.94,TRADE
NSW1,2026/09/26 22:55:00,7311.52,75.94,TRADE
NSW1,2026/09/26 23:00:00,7374.7,75.94,TRADE
NSW1,2026/09/26 23:05:00,7328.21,88.84,TRADE
NSW1,2026/09/26 23:10:00,7337.97,88.84,TRADE
NSW1,2026/09/26 23:15:00,7251.33,88.84,TRADE
NSW1,2026/09/26 23:20:00,7240.22,88.84,TRADE
NSW1,2026/09/26 23:25:00,7228.05,74.12,TRADE
NSW1,2026/09/26 23:30:00,7290.89,88.84,TRADE
NSW1,2026/09/26 23:35:00,7191.49,88.84,TRADE
NSW1,2026/09/26 23:40:00,7106.37,88.84,TRADE
NSW1,2026/09/26 23:45:00,7146.28,88.84,TRADE
NSW1,2026/09/26 23:50:00,7108.94,88.84,TRADE
NSW1,2026/09/26 23:55:00,7112.14,88.84,TRADE
NSW1,2026/09/27 00:00:00,7014.32,72.72,TRADE
